보고서,발간일,파일,PDF쪽,텍스트길이,검수사유
통화신용정책보고서 2023년 12월,2023-12-14,통화신용정책보고서(2023년 12월).pdf,2,0,텍스트가 거의 없어 이미지형 페이지 여부 확인 필요
통화신용정책보고서 2023년 12월,2023-12-14,통화신용정책보고서(2023년 12월).pdf,3,18,텍스트가 거의 없어 이미지형 페이지 여부 확인 필요; 이미지 객체가 있으나 캡션 텍스트를 찾지 못함
통화신용정책보고서 2023년 12월,2023-12-14,통화신용정책보고서(2023년 12월).pdf,8,불명,PDF 표 캡션 감지: 표의 행·열·수치 구조는 원본 페이지와 대조 필요
통화신용정책보고서 2023년 12월,2023-12-14,통화신용정책보고서(2023년 12월).pdf,8,불명,PDF 표 캡션 감지: 표의 행·열·수치 구조는 원본 페이지와 대조 필요
통화신용정책보고서 2023년 12월,2023-12-14,통화신용정책보고서(2023년 12월).pdf,8,불명,PDF 표 캡션 감지: 표의 행·열·수치 구조는 원본 페이지와 대조 필요
통화신용정책보고서 2023년 12월,2023-12-14,통화신용정책보고서(2023년 12월).pdf,8,불명,PDF 표 캡션 감지: 표의 행·열·수치 구조는 원본 페이지와 대조 필요
통화신용정책보고서 2023년 12월,2023-12-14,통화신용정책보고서(2023년 12월).pdf,8,불명,PDF 표 캡션 감지: 표의 행·열·수치 구조는 원본 페이지와 대조 필요
통화신용정책보고서 2023년 12월,2023-12-14,통화신용정책보고서(2023년 12월).pdf,8,불명,PDF 표 캡션 감지: 표의 행·열·수치 구조는 원본 페이지와 대조 필요
통화신용정책보고서 2023년 12월,2023-12-14,통화신용정책보고서(2023년 12월).pdf,8,불명,PDF 표 캡션 감지: 표의 행·열·수치 구조는 원본 페이지와 대조 필요
통화신용정책보고서 2023년 12월,2023-12-14,통화신용정책보고서(2023년 12월).pdf,8,불명,PDF 표 캡션 감지: 표의 행·열·수치 구조는 원본 페이지와 대조 필요
통화신용정책보고서 2023년 12월,2023-12-14,통화신용정책보고서(2023년 12월).pdf,8,불명,PDF 표 캡션 감지: 표의 행·열·수치 구조는 원본 페이지와 대조 필요
통화신용정책보고서 2023년 12월,2023-12-14,통화신용정책보고서(2023년 12월).pdf,8,불명,PDF 표 캡션 감지: 표의 행·열·수치 구조는 원본 페이지와 대조 필요
통화신용정책보고서 2023년 12월,2023-12-14,통화신용정책보고서(2023년 12월).pdf,8,불명,PDF 표 캡션 감지: 표의 행·열·수치 구조는 원본 페이지와 대조 필요
통화신용정책보고서 2023년 12월,2023-12-14,통화신용정책보고서(2023년 12월).pdf,8,불명,PDF 표 캡션 감지: 표의 행·열·수치 구조는 원본 페이지와 대조 필요
통화신용정책보고서 2023년 12월,2023-12-14,통화신용정책보고서(2023년 12월).pdf,8,불명,PDF 표 캡션 감지: 표의 행·열·수치 구조는 원본 페이지와 대조 필요
통화신용정책보고서 2023년 12월,2023-12-14,통화신용정책보고서(2023년 12월).pdf,8,불명,PDF 표 캡션 감지: 표의 행·열·수치 구조는 원본 페이지와 대조 필요
통화신용정책보고서 2023년 12월,2023-12-14,통화신용정책보고서(2023년 12월).pdf,8,불명,PDF 표 캡션 감지: 표의 행·열·수치 구조는 원본 페이지와 대조 필요
통화신용정책보고서 2023년 12월,2023-12-14,통화신용정책보고서(2023년 12월).pdf,8,불명,PDF 표 캡션 감지: 표의 행·열·수치 구조는 원본 페이지와 대조 필요
통화신용정책보고서 2023년 12월,2023-12-14,통화신용정책보고서(2023년 12월).pdf,8,불명,PDF 표 캡션 감지: 표의 행·열·수치 구조는 원본 페이지와 대조 필요
통화신용정책보고서 2023년 12월,2023-12-14,통화신용정책보고서(2023년 12월).pdf,22,불명,PDF 표 캡션 감지: 표의 행·열·수치 구조는 원본 페이지와 대조 필요
통화신용정책보고서 2023년 12월,2023-12-14,통화신용정책보고서(2023년 12월).pdf,24,불명,PDF 표 캡션 감지: 표의 행·열·수치 구조는 원본 페이지와 대조 필요
통화신용정책보고서 2023년 12월,2023-12-14,통화신용정책보고서(2023년 12월).pdf,25,불명,PDF 표 캡션 감지: 표의 행·열·수치 구조는 원본 페이지와 대조 필요
통화신용정책보고서 2023년 12월,2023-12-14,통화신용정책보고서(2023년 12월).pdf,26,불명,PDF 표 캡션 감지: 표의 행·열·수치 구조는 원본 페이지와 대조 필요
통화신용정책보고서 2023년 12월,2023-12-14,통화신용정책보고서(2023년 12월).pdf,27,불명,PDF 표 캡션 감지: 표의 행·열·수치 구조는 원본 페이지와 대조 필요
통화신용정책보고서 2023년 12월,2023-12-14,통화신용정책보고서(2023년 12월).pdf,31,불명,PDF 표 캡션 감지: 표의 행·열·수치 구조는 원본 페이지와 대조 필요
통화신용정책보고서 2023년 12월,2023-12-14,통화신용정책보고서(2023년 12월).pdf,36,불명,PDF 표 캡션 감지: 표의 행·열·수치 구조는 원본 페이지와 대조 필요
통화신용정책보고서 2023년 12월,2023-12-14,통화신용정책보고서(2023년 12월).pdf,64,불명,PDF 표 캡션 감지: 표의 행·열·수치 구조는 원본 페이지와 대조 필요
통화신용정책보고서 2023년 12월,2023-12-14,통화신용정책보고서(2023년 12월).pdf,67,불명,PDF 표 캡션 감지: 표의 행·열·수치 구조는 원본 페이지와 대조 필요
통화신용정책보고서 2023년 12월,2023-12-14,통화신용정책보고서(2023년 12월).pdf,73,불명,PDF 표 캡션 감지: 표의 행·열·수치 구조는 원본 페이지와 대조 필요
통화신용정책보고서 2023년 12월,2023-12-14,통화신용정책보고서(2023년 12월).pdf,74,불명,PDF 표 캡션 감지: 표의 행·열·수치 구조는 원본 페이지와 대조 필요
통화신용정책보고서 2023년 12월,2023-12-14,통화신용정책보고서(2023년 12월).pdf,74,불명,PDF 표 캡션 감지: 표의 행·열·수치 구조는 원본 페이지와 대조 필요
통화신용정책보고서 2024년 3월,2024-03-14,통화신용정책보고서(2024년 3월).pdf,2,0,텍스트가 거의 없어 이미지형 페이지 여부 확인 필요
통화신용정책보고서 2024년 3월,2024-03-14,통화신용정책보고서(2024년 3월).pdf,3,17,텍스트가 거의 없어 이미지형 페이지 여부 확인 필요; 이미지 객체가 있으나 캡션 텍스트를 찾지 못함
통화신용정책보고서 2024년 3월,2024-03-14,통화신용정책보고서(2024년 3월).pdf,9,불명,PDF 표 캡션 감지: 표의 행·열·수치 구조는 원본 페이지와 대조 필요
통화신용정책보고서 2024년 3월,2024-03-14,통화신용정책보고서(2024년 3월).pdf,9,불명,PDF 표 캡션 감지: 표의 행·열·수치 구조는 원본 페이지와 대조 필요
통화신용정책보고서 2024년 3월,2024-03-14,통화신용정책보고서(2024년 3월).pdf,9,불명,PDF 표 캡션 감지: 표의 행·열·수치 구조는 원본 페이지와 대조 필요
통화신용정책보고서 2024년 3월,2024-03-14,통화신용정책보고서(2024년 3월).pdf,9,불명,PDF 표 캡션 감지: 표의 행·열·수치 구조는 원본 페이지와 대조 필요
통화신용정책보고서 2024년 3월,2024-03-14,통화신용정책보고서(2024년 3월).pdf,9,불명,PDF 표 캡션 감지: 표의 행·열·수치 구조는 원본 페이지와 대조 필요
통화신용정책보고서 2024년 3월,2024-03-14,통화신용정책보고서(2024년 3월).pdf,9,불명,PDF 표 캡션 감지: 표의 행·열·수치 구조는 원본 페이지와 대조 필요
통화신용정책보고서 2024년 3월,2024-03-14,통화신용정책보고서(2024년 3월).pdf,9,불명,PDF 표 캡션 감지: 표의 행·열·수치 구조는 원본 페이지와 대조 필요
통화신용정책보고서 2024년 3월,2024-03-14,통화신용정책보고서(2024년 3월).pdf,9,불명,PDF 표 캡션 감지: 표의 행·열·수치 구조는 원본 페이지와 대조 필요
통화신용정책보고서 2024년 3월,2024-03-14,통화신용정책보고서(2024년 3월).pdf,9,불명,PDF 표 캡션 감지: 표의 행·열·수치 구조는 원본 페이지와 대조 필요
통화신용정책보고서 2024년 3월,2024-03-14,통화신용정책보고서(2024년 3월).pdf,9,불명,PDF 표 캡션 감지: 표의 행·열·수치 구조는 원본 페이지와 대조 필요
통화신용정책보고서 2024년 3월,2024-03-14,통화신용정책보고서(2024년 3월).pdf,9,불명,PDF 표 캡션 감지: 표의 행·열·수치 구조는 원본 페이지와 대조 필요
통화신용정책보고서 2024년 3월,2024-03-14,통화신용정책보고서(2024년 3월).pdf,9,불명,PDF 표 캡션 감지: 표의 행·열·수치 구조는 원본 페이지와 대조 필요
통화신용정책보고서 2024년 3월,2024-03-14,통화신용정책보고서(2024년 3월).pdf,9,불명,PDF 표 캡션 감지: 표의 행·열·수치 구조는 원본 페이지와 대조 필요
통화신용정책보고서 2024년 3월,2024-03-14,통화신용정책보고서(2024년 3월).pdf,9,불명,PDF 표 캡션 감지: 표의 행·열·수치 구조는 원본 페이지와 대조 필요
통화신용정책보고서 2024년 3월,2024-03-14,통화신용정책보고서(2024년 3월).pdf,9,불명,PDF 표 캡션 감지: 표의 행·열·수치 구조는 원본 페이지와 대조 필요
통화신용정책보고서 2024년 3월,2024-03-14,통화신용정책보고서(2024년 3월).pdf,9,불명,PDF 표 캡션 감지: 표의 행·열·수치 구조는 원본 페이지와 대조 필요
통화신용정책보고서 2024년 3월,2024-03-14,통화신용정책보고서(2024년 3월).pdf,9,불명,PDF 표 캡션 감지: 표의 행·열·수치 구조는 원본 페이지와 대조 필요
통화신용정책보고서 2024년 3월,2024-03-14,통화신용정책보고서(2024년 3월).pdf,21,불명,PDF 표 캡션 감지: 표의 행·열·수치 구조는 원본 페이지와 대조 필요
통화신용정책보고서 2024년 3월,2024-03-14,통화신용정책보고서(2024년 3월).pdf,25,불명,PDF 표 캡션 감지: 표의 행·열·수치 구조는 원본 페이지와 대조 필요
통화신용정책보고서 2024년 3월,2024-03-14,통화신용정책보고서(2024년 3월).pdf,27,불명,PDF 표 캡션 감지: 표의 행·열·수치 구조는 원본 페이지와 대조 필요
통화신용정책보고서 2024년 3월,2024-03-14,통화신용정책보고서(2024년 3월).pdf,28,불명,PDF 표 캡션 감지: 표의 행·열·수치 구조는 원본 페이지와 대조 필요
통화신용정책보고서 2024년 3월,2024-03-14,통화신용정책보고서(2024년 3월).pdf,29,불명,PDF 표 캡션 감지: 표의 행·열·수치 구조는 원본 페이지와 대조 필요
통화신용정책보고서 2024년 3월,2024-03-14,통화신용정책보고서(2024년 3월).pdf,30,불명,PDF 표 캡션 감지: 표의 행·열·수치 구조는 원본 페이지와 대조 필요
통화신용정책보고서 2024년 3월,2024-03-14,통화신용정책보고서(2024년 3월).pdf,32,불명,PDF 표 캡션 감지: 표의 행·열·수치 구조는 원본 페이지와 대조 필요
통화신용정책보고서 2024년 3월,2024-03-14,통화신용정책보고서(2024년 3월).pdf,34,불명,PDF 표 캡션 감지: 표의 행·열·수치 구조는 원본 페이지와 대조 필요
통화신용정책보고서 2024년 3월,2024-03-14,통화신용정책보고서(2024년 3월).pdf,39,불명,PDF 표 캡션 감지: 표의 행·열·수치 구조는 원본 페이지와 대조 필요
통화신용정책보고서 2024년 3월,2024-03-14,통화신용정책보고서(2024년 3월).pdf,40,불명,PDF 표 캡션 감지: 표의 행·열·수치 구조는 원본 페이지와 대조 필요
통화신용정책보고서 2024년 3월,2024-03-14,통화신용정책보고서(2024년 3월).pdf,68,불명,PDF 표 캡션 감지: 표의 행·열·수치 구조는 원본 페이지와 대조 필요
통화신용정책보고서 2024년 3월,2024-03-14,통화신용정책보고서(2024년 3월).pdf,77,불명,PDF 표 캡션 감지: 표의 행·열·수치 구조는 원본 페이지와 대조 필요
통화신용정책보고서 2024년 3월,2024-03-14,통화신용정책보고서(2024년 3월).pdf,78,불명,PDF 표 캡션 감지: 표의 행·열·수치 구조는 원본 페이지와 대조 필요
통화신용정책보고서 2024년 3월,2024-03-14,통화신용정책보고서(2024년 3월).pdf,78,불명,PDF 표 캡션 감지: 표의 행·열·수치 구조는 원본 페이지와 대조 필요
통화신용정책보고서 2024년 9월,2024-09-12,통화신용정책보고서(2024년 9월).pdf,1,0,텍스트가 거의 없어 이미지형 페이지 여부 확인 필요
통화신용정책보고서 2024년 9월,2024-09-12,통화신용정책보고서(2024년 9월).pdf,2,0,텍스트가 거의 없어 이미지형 페이지 여부 확인 필요
통화신용정책보고서 2024년 9월,2024-09-12,통화신용정책보고서(2024년 9월).pdf,3,0,텍스트가 거의 없어 이미지형 페이지 여부 확인 필요; 이미지 객체가 있으나 캡션 텍스트를 찾지 못함
통화신용정책보고서 2024년 9월,2024-09-12,통화신용정책보고서(2024년 9월).pdf,120,0,텍스트가 거의 없어 이미지형 페이지 여부 확인 필요; 이미지 객체가 있으나 캡션 텍스트를 찾지 못함
통화신용정책보고서 2024년 9월,2024-09-12,통화신용정책보고서(2024년 9월).pdf,20,불명,PDF 표 캡션 감지: 표의 행·열·수치 구조는 원본 페이지와 대조 필요
통화신용정책보고서 2024년 9월,2024-09-12,통화신용정책보고서(2024년 9월).pdf,23,불명,PDF 표 캡션 감지: 표의 행·열·수치 구조는 원본 페이지와 대조 필요
통화신용정책보고서 2024년 9월,2024-09-12,통화신용정책보고서(2024년 9월).pdf,24,불명,PDF 표 캡션 감지: 표의 행·열·수치 구조는 원본 페이지와 대조 필요
통화신용정책보고서 2024년 9월,2024-09-12,통화신용정책보고서(2024년 9월).pdf,24,불명,PDF 표 캡션 감지: 표의 행·열·수치 구조는 원본 페이지와 대조 필요
통화신용정책보고서 2024년 9월,2024-09-12,통화신용정책보고서(2024년 9월).pdf,26,불명,PDF 표 캡션 감지: 표의 행·열·수치 구조는 원본 페이지와 대조 필요
통화신용정책보고서 2024년 9월,2024-09-12,통화신용정책보고서(2024년 9월).pdf,28,불명,PDF 표 캡션 감지: 표의 행·열·수치 구조는 원본 페이지와 대조 필요
통화신용정책보고서 2024년 9월,2024-09-12,통화신용정책보고서(2024년 9월).pdf,29,불명,PDF 표 캡션 감지: 표의 행·열·수치 구조는 원본 페이지와 대조 필요
통화신용정책보고서 2024년 9월,2024-09-12,통화신용정책보고서(2024년 9월).pdf,30,불명,PDF 표 캡션 감지: 표의 행·열·수치 구조는 원본 페이지와 대조 필요
통화신용정책보고서 2024년 9월,2024-09-12,통화신용정책보고서(2024년 9월).pdf,30,불명,PDF 표 캡션 감지: 표의 행·열·수치 구조는 원본 페이지와 대조 필요
통화신용정책보고서 2024년 9월,2024-09-12,통화신용정책보고서(2024년 9월).pdf,35,불명,PDF 표 캡션 감지: 표의 행·열·수치 구조는 원본 페이지와 대조 필요
통화신용정책보고서 2024년 9월,2024-09-12,통화신용정책보고서(2024년 9월).pdf,35,불명,PDF 표 캡션 감지: 표의 행·열·수치 구조는 원본 페이지와 대조 필요
통화신용정책보고서 2024년 9월,2024-09-12,통화신용정책보고서(2024년 9월).pdf,68,불명,PDF 표 캡션 감지: 표의 행·열·수치 구조는 원본 페이지와 대조 필요
통화신용정책보고서 2024년 9월,2024-09-12,통화신용정책보고서(2024년 9월).pdf,69,불명,PDF 표 캡션 감지: 표의 행·열·수치 구조는 원본 페이지와 대조 필요
통화신용정책보고서 2024년 9월,2024-09-12,통화신용정책보고서(2024년 9월).pdf,70,불명,PDF 표 캡션 감지: 표의 행·열·수치 구조는 원본 페이지와 대조 필요
통화신용정책보고서 2024년 9월,2024-09-12,통화신용정책보고서(2024년 9월).pdf,70,불명,PDF 표 캡션 감지: 표의 행·열·수치 구조는 원본 페이지와 대조 필요
통화신용정책보고서 2024년 9월,2024-09-12,통화신용정책보고서(2024년 9월).pdf,72,불명,PDF 표 캡션 감지: 표의 행·열·수치 구조는 원본 페이지와 대조 필요
통화신용정책보고서 2024년 9월,2024-09-12,통화신용정책보고서(2024년 9월).pdf,73,불명,PDF 표 캡션 감지: 표의 행·열·수치 구조는 원본 페이지와 대조 필요
통화신용정책보고서 2024년 9월,2024-09-12,통화신용정책보고서(2024년 9월).pdf,74,불명,PDF 표 캡션 감지: 표의 행·열·수치 구조는 원본 페이지와 대조 필요
통화신용정책보고서 2024년 9월,2024-09-12,통화신용정책보고서(2024년 9월).pdf,75,불명,PDF 표 캡션 감지: 표의 행·열·수치 구조는 원본 페이지와 대조 필요
통화신용정책보고서 2024년 9월,2024-09-12,통화신용정책보고서(2024년 9월).pdf,80,불명,PDF 표 캡션 감지: 표의 행·열·수치 구조는 원본 페이지와 대조 필요
통화신용정책보고서 2024년 9월,2024-09-12,통화신용정책보고서(2024년 9월).pdf,98,불명,PDF 표 캡션 감지: 표의 행·열·수치 구조는 원본 페이지와 대조 필요
통화신용정책보고서 2024년 9월,2024-09-12,통화신용정책보고서(2024년 9월).pdf,99,불명,PDF 표 캡션 감지: 표의 행·열·수치 구조는 원본 페이지와 대조 필요
통화신용정책보고서 2024년 9월,2024-09-12,통화신용정책보고서(2024년 9월).pdf,100,불명,PDF 표 캡션 감지: 표의 행·열·수치 구조는 원본 페이지와 대조 필요
통화신용정책보고서 2024년 9월,2024-09-12,통화신용정책보고서(2024년 9월).pdf,100,불명,PDF 표 캡션 감지: 표의 행·열·수치 구조는 원본 페이지와 대조 필요
통화신용정책보고서 2024년 9월,2024-09-12,통화신용정책보고서(2024년 9월).pdf,102,불명,PDF 표 캡션 감지: 표의 행·열·수치 구조는 원본 페이지와 대조 필요
통화신용정책보고서 2024년 9월,2024-09-12,통화신용정책보고서(2024년 9월).pdf,103,불명,PDF 표 캡션 감지: 표의 행·열·수치 구조는 원본 페이지와 대조 필요
통화신용정책보고서 2024년 9월,2024-09-12,통화신용정책보고서(2024년 9월).pdf,104,불명,PDF 표 캡션 감지: 표의 행·열·수치 구조는 원본 페이지와 대조 필요
통화신용정책보고서 2024년 9월,2024-09-12,통화신용정책보고서(2024년 9월).pdf,105,불명,PDF 표 캡션 감지: 표의 행·열·수치 구조는 원본 페이지와 대조 필요
통화신용정책보고서 2024년 9월,2024-09-12,통화신용정책보고서(2024년 9월).pdf,117,불명,PDF 표 캡션 감지: 표의 행·열·수치 구조는 원본 페이지와 대조 필요
통화신용정책보고서 2024년 9월,2024-09-12,통화신용정책보고서(2024년 9월).pdf,117,불명,PDF 표 캡션 감지: 표의 행·열·수치 구조는 원본 페이지와 대조 필요
통화신용정책보고서 2024년 9월,2024-09-12,통화신용정책보고서(2024년 9월).pdf,117,불명,PDF 표 캡션 감지: 표의 행·열·수치 구조는 원본 페이지와 대조 필요
통화신용정책보고서 2024년 9월,2024-09-12,통화신용정책보고서(2024년 9월).pdf,117,불명,PDF 표 캡션 감지: 표의 행·열·수치 구조는 원본 페이지와 대조 필요
통화신용정책보고서 2024년 9월,2024-09-12,통화신용정책보고서(2024년 9월).pdf,117,불명,PDF 표 캡션 감지: 표의 행·열·수치 구조는 원본 페이지와 대조 필요
통화신용정책보고서 2024년 9월,2024-09-12,통화신용정책보고서(2024년 9월).pdf,117,불명,PDF 표 캡션 감지: 표의 행·열·수치 구조는 원본 페이지와 대조 필요
통화신용정책보고서 2024년 9월,2024-09-12,통화신용정책보고서(2024년 9월).pdf,117,불명,PDF 표 캡션 감지: 표의 행·열·수치 구조는 원본 페이지와 대조 필요
통화신용정책보고서 2024년 9월,2024-09-12,통화신용정책보고서(2024년 9월).pdf,117,불명,PDF 표 캡션 감지: 표의 행·열·수치 구조는 원본 페이지와 대조 필요
통화신용정책보고서 2024년 9월,2024-09-12,통화신용정책보고서(2024년 9월).pdf,117,불명,PDF 표 캡션 감지: 표의 행·열·수치 구조는 원본 페이지와 대조 필요
통화신용정책보고서 2024년 9월,2024-09-12,통화신용정책보고서(2024년 9월).pdf,117,불명,PDF 표 캡션 감지: 표의 행·열·수치 구조는 원본 페이지와 대조 필요
통화신용정책보고서 2024년 9월,2024-09-12,통화신용정책보고서(2024년 9월).pdf,117,불명,PDF 표 캡션 감지: 표의 행·열·수치 구조는 원본 페이지와 대조 필요
통화신용정책보고서 2024년 9월,2024-09-12,통화신용정책보고서(2024년 9월).pdf,117,불명,PDF 표 캡션 감지: 표의 행·열·수치 구조는 원본 페이지와 대조 필요
통화신용정책보고서 2024년 9월,2024-09-12,통화신용정책보고서(2024년 9월).pdf,117,불명,PDF 표 캡션 감지: 표의 행·열·수치 구조는 원본 페이지와 대조 필요
통화신용정책보고서 2024년 9월,2024-09-12,통화신용정책보고서(2024년 9월).pdf,117,불명,PDF 표 캡션 감지: 표의 행·열·수치 구조는 원본 페이지와 대조 필요
통화신용정책보고서 2024년 9월,2024-09-12,통화신용정책보고서(2024년 9월).pdf,117,불명,PDF 표 캡션 감지: 표의 행·열·수치 구조는 원본 페이지와 대조 필요
통화신용정책보고서 2024년 9월,2024-09-12,통화신용정책보고서(2024년 9월).pdf,117,불명,PDF 표 캡션 감지: 표의 행·열·수치 구조는 원본 페이지와 대조 필요
통화신용정책보고서 2024년 9월,2024-09-12,통화신용정책보고서(2024년 9월).pdf,117,불명,PDF 표 캡션 감지: 표의 행·열·수치 구조는 원본 페이지와 대조 필요
통화신용정책보고서 2024년 9월,2024-09-12,통화신용정책보고서(2024년 9월).pdf,117,불명,PDF 표 캡션 감지: 표의 행·열·수치 구조는 원본 페이지와 대조 필요
통화신용정책보고서 2024년 9월,2024-09-12,통화신용정책보고서(2024년 9월).pdf,117,불명,PDF 표 캡션 감지: 표의 행·열·수치 구조는 원본 페이지와 대조 필요
통화신용정책보고서 2024년 9월,2024-09-12,통화신용정책보고서(2024년 9월).pdf,117,불명,PDF 표 캡션 감지: 표의 행·열·수치 구조는 원본 페이지와 대조 필요
통화신용정책보고서 2024년 9월,2024-09-12,통화신용정책보고서(2024년 9월).pdf,117,불명,PDF 표 캡션 감지: 표의 행·열·수치 구조는 원본 페이지와 대조 필요
통화신용정책보고서 2024년 9월,2024-09-12,통화신용정책보고서(2024년 9월).pdf,117,불명,PDF 표 캡션 감지: 표의 행·열·수치 구조는 원본 페이지와 대조 필요
통화신용정책보고서 2024년 9월,2024-09-12,통화신용정책보고서(2024년 9월).pdf,117,불명,PDF 표 캡션 감지: 표의 행·열·수치 구조는 원본 페이지와 대조 필요
통화신용정책보고서 2024년 9월,2024-09-12,통화신용정책보고서(2024년 9월).pdf,117,불명,PDF 표 캡션 감지: 표의 행·열·수치 구조는 원본 페이지와 대조 필요
통화신용정책보고서 2024년 9월,2024-09-12,통화신용정책보고서(2024년 9월).pdf,117,불명,PDF 표 캡션 감지: 표의 행·열·수치 구조는 원본 페이지와 대조 필요
통화신용정책보고서 2024년 9월,2024-09-12,통화신용정책보고서(2024년 9월).pdf,117,불명,PDF 표 캡션 감지: 표의 행·열·수치 구조는 원본 페이지와 대조 필요
통화신용정책보고서 2024년 9월,2024-09-12,통화신용정책보고서(2024년 9월).pdf,117,불명,PDF 표 캡션 감지: 표의 행·열·수치 구조는 원본 페이지와 대조 필요
통화신용정책보고서 2024년 9월,2024-09-12,통화신용정책보고서(2024년 9월).pdf,117,불명,PDF 표 캡션 감지: 표의 행·열·수치 구조는 원본 페이지와 대조 필요
통화신용정책보고서 2024년 9월,2024-09-12,통화신용정책보고서(2024년 9월).pdf,117,불명,PDF 표 캡션 감지: 표의 행·열·수치 구조는 원본 페이지와 대조 필요
통화신용정책보고서 2024년 9월,2024-09-12,통화신용정책보고서(2024년 9월).pdf,117,불명,PDF 표 캡션 감지: 표의 행·열·수치 구조는 원본 페이지와 대조 필요
통화신용정책보고서 2024년 9월,2024-09-12,통화신용정책보고서(2024년 9월).pdf,117,불명,PDF 표 캡션 감지: 표의 행·열·수치 구조는 원본 페이지와 대조 필요
통화신용정책보고서 2024년 9월,2024-09-12,통화신용정책보고서(2024년 9월).pdf,117,불명,PDF 표 캡션 감지: 표의 행·열·수치 구조는 원본 페이지와 대조 필요
통화신용정책보고서 2025년 3월,2025-03-13,통화신용정책보고서(2025년 3월).pdf,2,0,텍스트가 거의 없어 이미지형 페이지 여부 확인 필요
통화신용정책보고서 2025년 3월,2025-03-13,통화신용정책보고서(2025년 3월).pdf,3,17,텍스트가 거의 없어 이미지형 페이지 여부 확인 필요; 이미지 객체가 있으나 캡션 텍스트를 찾지 못함
통화신용정책보고서 2025년 3월,2025-03-13,통화신용정책보고서(2025년 3월).pdf,15,불명,PDF 표 캡션 감지: 표의 행·열·수치 구조는 원본 페이지와 대조 필요
통화신용정책보고서 2025년 3월,2025-03-13,통화신용정책보고서(2025년 3월).pdf,19,불명,PDF 표 캡션 감지: 표의 행·열·수치 구조는 원본 페이지와 대조 필요
통화신용정책보고서 2025년 3월,2025-03-13,통화신용정책보고서(2025년 3월).pdf,20,불명,PDF 표 캡션 감지: 표의 행·열·수치 구조는 원본 페이지와 대조 필요
통화신용정책보고서 2025년 3월,2025-03-13,통화신용정책보고서(2025년 3월).pdf,23,불명,PDF 표 캡션 감지: 표의 행·열·수치 구조는 원본 페이지와 대조 필요
통화신용정책보고서 2025년 3월,2025-03-13,통화신용정책보고서(2025년 3월).pdf,24,불명,PDF 표 캡션 감지: 표의 행·열·수치 구조는 원본 페이지와 대조 필요
통화신용정책보고서 2025년 3월,2025-03-13,통화신용정책보고서(2025년 3월).pdf,24,불명,PDF 표 캡션 감지: 표의 행·열·수치 구조는 원본 페이지와 대조 필요
통화신용정책보고서 2025년 3월,2025-03-13,통화신용정책보고서(2025년 3월).pdf,28,불명,PDF 표 캡션 감지: 표의 행·열·수치 구조는 원본 페이지와 대조 필요
통화신용정책보고서 2025년 3월,2025-03-13,통화신용정책보고서(2025년 3월).pdf,30,불명,PDF 표 캡션 감지: 표의 행·열·수치 구조는 원본 페이지와 대조 필요
통화신용정책보고서 2025년 3월,2025-03-13,통화신용정책보고서(2025년 3월).pdf,30,불명,PDF 표 캡션 감지: 표의 행·열·수치 구조는 원본 페이지와 대조 필요
통화신용정책보고서 2025년 3월,2025-03-13,통화신용정책보고서(2025년 3월).pdf,37,불명,PDF 표 캡션 감지: 표의 행·열·수치 구조는 원본 페이지와 대조 필요
통화신용정책보고서 2025년 3월,2025-03-13,통화신용정책보고서(2025년 3월).pdf,38,불명,PDF 표 캡션 감지: 표의 행·열·수치 구조는 원본 페이지와 대조 필요
통화신용정책보고서 2025년 3월,2025-03-13,통화신용정책보고서(2025년 3월).pdf,72,불명,PDF 표 캡션 감지: 표의 행·열·수치 구조는 원본 페이지와 대조 필요
통화신용정책보고서 2025년 3월,2025-03-13,통화신용정책보고서(2025년 3월).pdf,73,불명,PDF 표 캡션 감지: 표의 행·열·수치 구조는 원본 페이지와 대조 필요
통화신용정책보고서 2025년 3월,2025-03-13,통화신용정책보고서(2025년 3월).pdf,73,불명,PDF 표 캡션 감지: 표의 행·열·수치 구조는 원본 페이지와 대조 필요
통화신용정책보고서 2025년 3월,2025-03-13,통화신용정책보고서(2025년 3월).pdf,74,불명,PDF 표 캡션 감지: 표의 행·열·수치 구조는 원본 페이지와 대조 필요
통화신용정책보고서 2025년 3월,2025-03-13,통화신용정책보고서(2025년 3월).pdf,75,불명,PDF 표 캡션 감지: 표의 행·열·수치 구조는 원본 페이지와 대조 필요
통화신용정책보고서 2025년 3월,2025-03-13,통화신용정책보고서(2025년 3월).pdf,80,불명,PDF 표 캡션 감지: 표의 행·열·수치 구조는 원본 페이지와 대조 필요
통화신용정책보고서 2025년 3월,2025-03-13,통화신용정책보고서(2025년 3월).pdf,110,불명,PDF 표 캡션 감지: 표의 행·열·수치 구조는 원본 페이지와 대조 필요
통화신용정책보고서 2025년 3월,2025-03-13,통화신용정책보고서(2025년 3월).pdf,110,불명,PDF 표 캡션 감지: 표의 행·열·수치 구조는 원본 페이지와 대조 필요
통화신용정책보고서 2025년 3월,2025-03-13,통화신용정책보고서(2025년 3월).pdf,110,불명,PDF 표 캡션 감지: 표의 행·열·수치 구조는 원본 페이지와 대조 필요
통화신용정책보고서 2025년 3월,2025-03-13,통화신용정책보고서(2025년 3월).pdf,110,불명,PDF 표 캡션 감지: 표의 행·열·수치 구조는 원본 페이지와 대조 필요
통화신용정책보고서 2025년 3월,2025-03-13,통화신용정책보고서(2025년 3월).pdf,110,불명,PDF 표 캡션 감지: 표의 행·열·수치 구조는 원본 페이지와 대조 필요
통화신용정책보고서 2025년 3월,2025-03-13,통화신용정책보고서(2025년 3월).pdf,110,불명,PDF 표 캡션 감지: 표의 행·열·수치 구조는 원본 페이지와 대조 필요
통화신용정책보고서 2025년 3월,2025-03-13,통화신용정책보고서(2025년 3월).pdf,110,불명,PDF 표 캡션 감지: 표의 행·열·수치 구조는 원본 페이지와 대조 필요
통화신용정책보고서 2025년 3월,2025-03-13,통화신용정책보고서(2025년 3월).pdf,110,불명,PDF 표 캡션 감지: 표의 행·열·수치 구조는 원본 페이지와 대조 필요
통화신용정책보고서 2025년 3월,2025-03-13,통화신용정책보고서(2025년 3월).pdf,110,불명,PDF 표 캡션 감지: 표의 행·열·수치 구조는 원본 페이지와 대조 필요
통화신용정책보고서 2025년 3월,2025-03-13,통화신용정책보고서(2025년 3월).pdf,110,불명,PDF 표 캡션 감지: 표의 행·열·수치 구조는 원본 페이지와 대조 필요
통화신용정책보고서 2025년 3월,2025-03-13,통화신용정책보고서(2025년 3월).pdf,110,불명,PDF 표 캡션 감지: 표의 행·열·수치 구조는 원본 페이지와 대조 필요
통화신용정책보고서 2025년 3월,2025-03-13,통화신용정책보고서(2025년 3월).pdf,110,불명,PDF 표 캡션 감지: 표의 행·열·수치 구조는 원본 페이지와 대조 필요
통화신용정책보고서 2025년 3월,2025-03-13,통화신용정책보고서(2025년 3월).pdf,110,불명,PDF 표 캡션 감지: 표의 행·열·수치 구조는 원본 페이지와 대조 필요
통화신용정책보고서 2025년 3월,2025-03-13,통화신용정책보고서(2025년 3월).pdf,110,불명,PDF 표 캡션 감지: 표의 행·열·수치 구조는 원본 페이지와 대조 필요
통화신용정책보고서 2025년 3월,2025-03-13,통화신용정책보고서(2025년 3월).pdf,110,불명,PDF 표 캡션 감지: 표의 행·열·수치 구조는 원본 페이지와 대조 필요
통화신용정책보고서 2025년 3월,2025-03-13,통화신용정책보고서(2025년 3월).pdf,110,불명,PDF 표 캡션 감지: 표의 행·열·수치 구조는 원본 페이지와 대조 필요
통화신용정책보고서 2025년 3월,2025-03-13,통화신용정책보고서(2025년 3월).pdf,110,불명,PDF 표 캡션 감지: 표의 행·열·수치 구조는 원본 페이지와 대조 필요
통화신용정책보고서 2025년 3월,2025-03-13,통화신용정책보고서(2025년 3월).pdf,110,불명,PDF 표 캡션 감지: 표의 행·열·수치 구조는 원본 페이지와 대조 필요
통화신용정책보고서 2025년 3월,2025-03-13,통화신용정책보고서(2025년 3월).pdf,110,불명,PDF 표 캡션 감지: 표의 행·열·수치 구조는 원본 페이지와 대조 필요
통화신용정책보고서 2025년 3월,2025-03-13,통화신용정책보고서(2025년 3월).pdf,110,불명,PDF 표 캡션 감지: 표의 행·열·수치 구조는 원본 페이지와 대조 필요
통화신용정책보고서 2025년 3월,2025-03-13,통화신용정책보고서(2025년 3월).pdf,110,불명,PDF 표 캡션 감지: 표의 행·열·수치 구조는 원본 페이지와 대조 필요
통화신용정책보고서 2025년 3월,2025-03-13,통화신용정책보고서(2025년 3월).pdf,110,불명,PDF 표 캡션 감지: 표의 행·열·수치 구조는 원본 페이지와 대조 필요
통화신용정책보고서 2025년 3월,2025-03-13,통화신용정책보고서(2025년 3월).pdf,110,불명,PDF 표 캡션 감지: 표의 행·열·수치 구조는 원본 페이지와 대조 필요
통화신용정책보고서 2025년 3월,2025-03-13,통화신용정책보고서(2025년 3월).pdf,110,불명,PDF 표 캡션 감지: 표의 행·열·수치 구조는 원본 페이지와 대조 필요
통화신용정책보고서 2025년 9월,2025-09-11,통화신용정책보고서(2025년 9월.pdf,2,0,텍스트가 거의 없어 이미지형 페이지 여부 확인 필요
통화신용정책보고서 2025년 9월,2025-09-11,통화신용정책보고서(2025년 9월.pdf,3,17,텍스트가 거의 없어 이미지형 페이지 여부 확인 필요; 이미지 객체가 있으나 캡션 텍스트를 찾지 못함
통화신용정책보고서 2025년 9월,2025-09-11,통화신용정책보고서(2025년 9월.pdf,15,불명,PDF 표 캡션 감지: 표의 행·열·수치 구조는 원본 페이지와 대조 필요
통화신용정책보고서 2025년 9월,2025-09-11,통화신용정책보고서(2025년 9월.pdf,18,불명,PDF 표 캡션 감지: 표의 행·열·수치 구조는 원본 페이지와 대조 필요
통화신용정책보고서 2025년 9월,2025-09-11,통화신용정책보고서(2025년 9월.pdf,22,불명,PDF 표 캡션 감지: 표의 행·열·수치 구조는 원본 페이지와 대조 필요
통화신용정책보고서 2025년 9월,2025-09-11,통화신용정책보고서(2025년 9월.pdf,23,불명,PDF 표 캡션 감지: 표의 행·열·수치 구조는 원본 페이지와 대조 필요
통화신용정책보고서 2025년 9월,2025-09-11,통화신용정책보고서(2025년 9월.pdf,24,불명,PDF 표 캡션 감지: 표의 행·열·수치 구조는 원본 페이지와 대조 필요
통화신용정책보고서 2025년 9월,2025-09-11,통화신용정책보고서(2025년 9월.pdf,25,불명,PDF 표 캡션 감지: 표의 행·열·수치 구조는 원본 페이지와 대조 필요
통화신용정책보고서 2025년 9월,2025-09-11,통화신용정책보고서(2025년 9월.pdf,25,불명,PDF 표 캡션 감지: 표의 행·열·수치 구조는 원본 페이지와 대조 필요
통화신용정책보고서 2025년 9월,2025-09-11,통화신용정책보고서(2025년 9월.pdf,27,불명,PDF 표 캡션 감지: 표의 행·열·수치 구조는 원본 페이지와 대조 필요
통화신용정책보고서 2025년 9월,2025-09-11,통화신용정책보고서(2025년 9월.pdf,29,불명,PDF 표 캡션 감지: 표의 행·열·수치 구조는 원본 페이지와 대조 필요
통화신용정책보고서 2025년 9월,2025-09-11,통화신용정책보고서(2025년 9월.pdf,29,불명,PDF 표 캡션 감지: 표의 행·열·수치 구조는 원본 페이지와 대조 필요
통화신용정책보고서 2025년 9월,2025-09-11,통화신용정책보고서(2025년 9월.pdf,36,불명,PDF 표 캡션 감지: 표의 행·열·수치 구조는 원본 페이지와 대조 필요
통화신용정책보고서 2025년 9월,2025-09-11,통화신용정책보고서(2025년 9월.pdf,37,불명,PDF 표 캡션 감지: 표의 행·열·수치 구조는 원본 페이지와 대조 필요
통화신용정책보고서 2025년 9월,2025-09-11,통화신용정책보고서(2025년 9월.pdf,62,불명,PDF 표 캡션 감지: 표의 행·열·수치 구조는 원본 페이지와 대조 필요
통화신용정책보고서 2025년 9월,2025-09-11,통화신용정책보고서(2025년 9월.pdf,63,불명,PDF 표 캡션 감지: 표의 행·열·수치 구조는 원본 페이지와 대조 필요
통화신용정책보고서 2025년 9월,2025-09-11,통화신용정책보고서(2025년 9월.pdf,63,불명,PDF 표 캡션 감지: 표의 행·열·수치 구조는 원본 페이지와 대조 필요
통화신용정책보고서 2025년 9월,2025-09-11,통화신용정책보고서(2025년 9월.pdf,64,불명,PDF 표 캡션 감지: 표의 행·열·수치 구조는 원본 페이지와 대조 필요
통화신용정책보고서 2025년 9월,2025-09-11,통화신용정책보고서(2025년 9월.pdf,65,불명,PDF 표 캡션 감지: 표의 행·열·수치 구조는 원본 페이지와 대조 필요
통화신용정책보고서 2025년 9월,2025-09-11,통화신용정책보고서(2025년 9월.pdf,69,불명,PDF 표 캡션 감지: 표의 행·열·수치 구조는 원본 페이지와 대조 필요
통화신용정책보고서 2025년 9월,2025-09-11,통화신용정책보고서(2025년 9월.pdf,92,불명,PDF 표 캡션 감지: 표의 행·열·수치 구조는 원본 페이지와 대조 필요
통화신용정책보고서 2025년 9월,2025-09-11,통화신용정책보고서(2025년 9월.pdf,92,불명,PDF 표 캡션 감지: 표의 행·열·수치 구조는 원본 페이지와 대조 필요
통화신용정책보고서 2025년 9월,2025-09-11,통화신용정책보고서(2025년 9월.pdf,93,불명,PDF 표 캡션 감지: 표의 행·열·수치 구조는 원본 페이지와 대조 필요
통화신용정책보고서 2025년 9월,2025-09-11,통화신용정책보고서(2025년 9월.pdf,95,불명,PDF 표 캡션 감지: 표의 행·열·수치 구조는 원본 페이지와 대조 필요
통화신용정책보고서 2025년 9월,2025-09-11,통화신용정책보고서(2025년 9월.pdf,96,불명,PDF 표 캡션 감지: 표의 행·열·수치 구조는 원본 페이지와 대조 필요
통화신용정책보고서 2025년 9월,2025-09-11,통화신용정책보고서(2025년 9월.pdf,111,불명,PDF 표 캡션 감지: 표의 행·열·수치 구조는 원본 페이지와 대조 필요
통화신용정책보고서 2025년 9월,2025-09-11,통화신용정책보고서(2025년 9월.pdf,111,불명,PDF 표 캡션 감지: 표의 행·열·수치 구조는 원본 페이지와 대조 필요
통화신용정책보고서 2025년 9월,2025-09-11,통화신용정책보고서(2025년 9월.pdf,111,불명,PDF 표 캡션 감지: 표의 행·열·수치 구조는 원본 페이지와 대조 필요
통화신용정책보고서 2025년 9월,2025-09-11,통화신용정책보고서(2025년 9월.pdf,111,불명,PDF 표 캡션 감지: 표의 행·열·수치 구조는 원본 페이지와 대조 필요
통화신용정책보고서 2025년 9월,2025-09-11,통화신용정책보고서(2025년 9월.pdf,111,불명,PDF 표 캡션 감지: 표의 행·열·수치 구조는 원본 페이지와 대조 필요
통화신용정책보고서 2025년 9월,2025-09-11,통화신용정책보고서(2025년 9월.pdf,111,불명,PDF 표 캡션 감지: 표의 행·열·수치 구조는 원본 페이지와 대조 필요
통화신용정책보고서 2025년 9월,2025-09-11,통화신용정책보고서(2025년 9월.pdf,111,불명,PDF 표 캡션 감지: 표의 행·열·수치 구조는 원본 페이지와 대조 필요
통화신용정책보고서 2025년 9월,2025-09-11,통화신용정책보고서(2025년 9월.pdf,111,불명,PDF 표 캡션 감지: 표의 행·열·수치 구조는 원본 페이지와 대조 필요
통화신용정책보고서 2025년 9월,2025-09-11,통화신용정책보고서(2025년 9월.pdf,111,불명,PDF 표 캡션 감지: 표의 행·열·수치 구조는 원본 페이지와 대조 필요
통화신용정책보고서 2025년 9월,2025-09-11,통화신용정책보고서(2025년 9월.pdf,111,불명,PDF 표 캡션 감지: 표의 행·열·수치 구조는 원본 페이지와 대조 필요
통화신용정책보고서 2025년 9월,2025-09-11,통화신용정책보고서(2025년 9월.pdf,111,불명,PDF 표 캡션 감지: 표의 행·열·수치 구조는 원본 페이지와 대조 필요
통화신용정책보고서 2025년 9월,2025-09-11,통화신용정책보고서(2025년 9월.pdf,111,불명,PDF 표 캡션 감지: 표의 행·열·수치 구조는 원본 페이지와 대조 필요
통화신용정책보고서 2025년 9월,2025-09-11,통화신용정책보고서(2025년 9월.pdf,111,불명,PDF 표 캡션 감지: 표의 행·열·수치 구조는 원본 페이지와 대조 필요
통화신용정책보고서 2025년 9월,2025-09-11,통화신용정책보고서(2025년 9월.pdf,111,불명,PDF 표 캡션 감지: 표의 행·열·수치 구조는 원본 페이지와 대조 필요
통화신용정책보고서 2025년 9월,2025-09-11,통화신용정책보고서(2025년 9월.pdf,111,불명,PDF 표 캡션 감지: 표의 행·열·수치 구조는 원본 페이지와 대조 필요
통화신용정책보고서 2025년 9월,2025-09-11,통화신용정책보고서(2025년 9월.pdf,111,불명,PDF 표 캡션 감지: 표의 행·열·수치 구조는 원본 페이지와 대조 필요
통화신용정책보고서 2025년 9월,2025-09-11,통화신용정책보고서(2025년 9월.pdf,111,불명,PDF 표 캡션 감지: 표의 행·열·수치 구조는 원본 페이지와 대조 필요
통화신용정책보고서 2025년 9월,2025-09-11,통화신용정책보고서(2025년 9월.pdf,111,불명,PDF 표 캡션 감지: 표의 행·열·수치 구조는 원본 페이지와 대조 필요
통화신용정책보고서 2025년 9월,2025-09-11,통화신용정책보고서(2025년 9월.pdf,111,불명,PDF 표 캡션 감지: 표의 행·열·수치 구조는 원본 페이지와 대조 필요
통화신용정책보고서 2025년 9월,2025-09-11,통화신용정책보고서(2025년 9월.pdf,111,불명,PDF 표 캡션 감지: 표의 행·열·수치 구조는 원본 페이지와 대조 필요
통화신용정책보고서 2025년 9월,2025-09-11,통화신용정책보고서(2025년 9월.pdf,111,불명,PDF 표 캡션 감지: 표의 행·열·수치 구조는 원본 페이지와 대조 필요
통화신용정책보고서 2025년 9월,2025-09-11,통화신용정책보고서(2025년 9월.pdf,111,불명,PDF 표 캡션 감지: 표의 행·열·수치 구조는 원본 페이지와 대조 필요
통화신용정책보고서 2025년 9월,2025-09-11,통화신용정책보고서(2025년 9월.pdf,111,불명,PDF 표 캡션 감지: 표의 행·열·수치 구조는 원본 페이지와 대조 필요
통화신용정책보고서 2025년 9월,2025-09-11,통화신용정책보고서(2025년 9월.pdf,111,불명,PDF 표 캡션 감지: 표의 행·열·수치 구조는 원본 페이지와 대조 필요
통화신용정책보고서 2025년 9월,2025-09-11,통화신용정책보고서(2025년 9월.pdf,111,불명,PDF 표 캡션 감지: 표의 행·열·수치 구조는 원본 페이지와 대조 필요
통화신용정책보고서 2025년 9월,2025-09-11,통화신용정책보고서(2025년 9월.pdf,111,불명,PDF 표 캡션 감지: 표의 행·열·수치 구조는 원본 페이지와 대조 필요
통화신용정책보고서 2025년 9월,2025-09-11,통화신용정책보고서(2025년 9월.pdf,111,불명,PDF 표 캡션 감지: 표의 행·열·수치 구조는 원본 페이지와 대조 필요
통화신용정책보고서 2025년 9월,2025-09-11,통화신용정책보고서(2025년 9월.pdf,111,불명,PDF 표 캡션 감지: 표의 행·열·수치 구조는 원본 페이지와 대조 필요
통화신용정책보고서 2025년 9월,2025-09-11,통화신용정책보고서(2025년 9월.pdf,111,불명,PDF 표 캡션 감지: 표의 행·열·수치 구조는 원본 페이지와 대조 필요
통화신용정책보고서 2026년 3월,2026-03-12,통화신용정책보고서(2026년 3월).pdf,2,0,텍스트가 거의 없어 이미지형 페이지 여부 확인 필요
통화신용정책보고서 2026년 3월,2026-03-12,통화신용정책보고서(2026년 3월).pdf,3,17,텍스트가 거의 없어 이미지형 페이지 여부 확인 필요; 이미지 객체가 있으나 캡션 텍스트를 찾지 못함
통화신용정책보고서 2026년 3월,2026-03-12,통화신용정책보고서(2026년 3월).pdf,14,0,텍스트가 거의 없어 이미지형 페이지 여부 확인 필요; 이미지 객체가 있으나 캡션 텍스트를 찾지 못함
통화신용정책보고서 2026년 3월,2026-03-12,통화신용정책보고서(2026년 3월).pdf,68,0,텍스트가 거의 없어 이미지형 페이지 여부 확인 필요; 이미지 객체가 있으나 캡션 텍스트를 찾지 못함
통화신용정책보고서 2026년 3월,2026-03-12,통화신용정책보고서(2026년 3월).pdf,102,0,텍스트가 거의 없어 이미지형 페이지 여부 확인 필요; 이미지 객체가 있으나 캡션 텍스트를 찾지 못함
통화신용정책보고서 2026년 3월,2026-03-12,통화신용정책보고서(2026년 3월).pdf,112,0,텍스트가 거의 없어 이미지형 페이지 여부 확인 필요; 이미지 객체가 있으나 캡션 텍스트를 찾지 못함
통화신용정책보고서 2026년 3월,2026-03-12,통화신용정책보고서(2026년 3월).pdf,19,불명,PDF 표 캡션 감지: 표의 행·열·수치 구조는 원본 페이지와 대조 필요
통화신용정책보고서 2026년 3월,2026-03-12,통화신용정책보고서(2026년 3월).pdf,20,불명,PDF 표 캡션 감지: 표의 행·열·수치 구조는 원본 페이지와 대조 필요
통화신용정책보고서 2026년 3월,2026-03-12,통화신용정책보고서(2026년 3월).pdf,22,불명,PDF 표 캡션 감지: 표의 행·열·수치 구조는 원본 페이지와 대조 필요
통화신용정책보고서 2026년 3월,2026-03-12,통화신용정책보고서(2026년 3월).pdf,23,불명,PDF 표 캡션 감지: 표의 행·열·수치 구조는 원본 페이지와 대조 필요
통화신용정책보고서 2026년 3월,2026-03-12,통화신용정책보고서(2026년 3월).pdf,24,불명,PDF 표 캡션 감지: 표의 행·열·수치 구조는 원본 페이지와 대조 필요
통화신용정책보고서 2026년 3월,2026-03-12,통화신용정책보고서(2026년 3월).pdf,25,불명,PDF 표 캡션 감지: 표의 행·열·수치 구조는 원본 페이지와 대조 필요
통화신용정책보고서 2026년 3월,2026-03-12,통화신용정책보고서(2026년 3월).pdf,26,불명,PDF 표 캡션 감지: 표의 행·열·수치 구조는 원본 페이지와 대조 필요
통화신용정책보고서 2026년 3월,2026-03-12,통화신용정책보고서(2026년 3월).pdf,27,불명,PDF 표 캡션 감지: 표의 행·열·수치 구조는 원본 페이지와 대조 필요
통화신용정책보고서 2026년 3월,2026-03-12,통화신용정책보고서(2026년 3월).pdf,27,불명,PDF 표 캡션 감지: 표의 행·열·수치 구조는 원본 페이지와 대조 필요
통화신용정책보고서 2026년 3월,2026-03-12,통화신용정책보고서(2026년 3월).pdf,29,불명,PDF 표 캡션 감지: 표의 행·열·수치 구조는 원본 페이지와 대조 필요
통화신용정책보고서 2026년 3월,2026-03-12,통화신용정책보고서(2026년 3월).pdf,31,불명,PDF 표 캡션 감지: 표의 행·열·수치 구조는 원본 페이지와 대조 필요
통화신용정책보고서 2026년 3월,2026-03-12,통화신용정책보고서(2026년 3월).pdf,31,불명,PDF 표 캡션 감지: 표의 행·열·수치 구조는 원본 페이지와 대조 필요
통화신용정책보고서 2026년 3월,2026-03-12,통화신용정책보고서(2026년 3월).pdf,36,불명,PDF 표 캡션 감지: 표의 행·열·수치 구조는 원본 페이지와 대조 필요
통화신용정책보고서 2026년 3월,2026-03-12,통화신용정책보고서(2026년 3월).pdf,40,불명,PDF 표 캡션 감지: 표의 행·열·수치 구조는 원본 페이지와 대조 필요
통화신용정책보고서 2026년 3월,2026-03-12,통화신용정책보고서(2026년 3월).pdf,75,불명,PDF 표 캡션 감지: 표의 행·열·수치 구조는 원본 페이지와 대조 필요
통화신용정책보고서 2026년 3월,2026-03-12,통화신용정책보고서(2026년 3월).pdf,77,불명,PDF 표 캡션 감지: 표의 행·열·수치 구조는 원본 페이지와 대조 필요
통화신용정책보고서 2026년 3월,2026-03-12,통화신용정책보고서(2026년 3월).pdf,78,불명,PDF 표 캡션 감지: 표의 행·열·수치 구조는 원본 페이지와 대조 필요
통화신용정책보고서 2026년 3월,2026-03-12,통화신용정책보고서(2026년 3월).pdf,78,불명,PDF 표 캡션 감지: 표의 행·열·수치 구조는 원본 페이지와 대조 필요
통화신용정책보고서 2026년 3월,2026-03-12,통화신용정책보고서(2026년 3월).pdf,79,불명,PDF 표 캡션 감지: 표의 행·열·수치 구조는 원본 페이지와 대조 필요
통화신용정책보고서 2026년 3월,2026-03-12,통화신용정책보고서(2026년 3월).pdf,80,불명,PDF 표 캡션 감지: 표의 행·열·수치 구조는 원본 페이지와 대조 필요
통화신용정책보고서 2026년 3월,2026-03-12,통화신용정책보고서(2026년 3월).pdf,80,불명,PDF 표 캡션 감지: 표의 행·열·수치 구조는 원본 페이지와 대조 필요
통화신용정책보고서 2026년 3월,2026-03-12,통화신용정책보고서(2026년 3월).pdf,81,불명,PDF 표 캡션 감지: 표의 행·열·수치 구조는 원본 페이지와 대조 필요
통화신용정책보고서 2026년 3월,2026-03-12,통화신용정책보고서(2026년 3월).pdf,123,불명,PDF 표 캡션 감지: 표의 행·열·수치 구조는 원본 페이지와 대조 필요
통화신용정책보고서 2026년 3월,2026-03-12,통화신용정책보고서(2026년 3월).pdf,123,불명,PDF 표 캡션 감지: 표의 행·열·수치 구조는 원본 페이지와 대조 필요
통화신용정책보고서 2026년 3월,2026-03-12,통화신용정책보고서(2026년 3월).pdf,123,불명,PDF 표 캡션 감지: 표의 행·열·수치 구조는 원본 페이지와 대조 필요
통화신용정책보고서 2026년 3월,2026-03-12,통화신용정책보고서(2026년 3월).pdf,123,불명,PDF 표 캡션 감지: 표의 행·열·수치 구조는 원본 페이지와 대조 필요
통화신용정책보고서 2026년 3월,2026-03-12,통화신용정책보고서(2026년 3월).pdf,123,불명,PDF 표 캡션 감지: 표의 행·열·수치 구조는 원본 페이지와 대조 필요
통화신용정책보고서 2026년 3월,2026-03-12,통화신용정책보고서(2026년 3월).pdf,123,불명,PDF 표 캡션 감지: 표의 행·열·수치 구조는 원본 페이지와 대조 필요
통화신용정책보고서 2026년 3월,2026-03-12,통화신용정책보고서(2026년 3월).pdf,123,불명,PDF 표 캡션 감지: 표의 행·열·수치 구조는 원본 페이지와 대조 필요
통화신용정책보고서 2026년 3월,2026-03-12,통화신용정책보고서(2026년 3월).pdf,123,불명,PDF 표 캡션 감지: 표의 행·열·수치 구조는 원본 페이지와 대조 필요
통화신용정책보고서 2026년 3월,2026-03-12,통화신용정책보고서(2026년 3월).pdf,123,불명,PDF 표 캡션 감지: 표의 행·열·수치 구조는 원본 페이지와 대조 필요
통화신용정책보고서 2026년 3월,2026-03-12,통화신용정책보고서(2026년 3월).pdf,123,불명,PDF 표 캡션 감지: 표의 행·열·수치 구조는 원본 페이지와 대조 필요
통화신용정책보고서 2026년 3월,2026-03-12,통화신용정책보고서(2026년 3월).pdf,123,불명,PDF 표 캡션 감지: 표의 행·열·수치 구조는 원본 페이지와 대조 필요
통화신용정책보고서 2026년 3월,2026-03-12,통화신용정책보고서(2026년 3월).pdf,123,불명,PDF 표 캡션 감지: 표의 행·열·수치 구조는 원본 페이지와 대조 필요
통화신용정책보고서 2026년 3월,2026-03-12,통화신용정책보고서(2026년 3월).pdf,123,불명,PDF 표 캡션 감지: 표의 행·열·수치 구조는 원본 페이지와 대조 필요
통화신용정책보고서 2026년 3월,2026-03-12,통화신용정책보고서(2026년 3월).pdf,123,불명,PDF 표 캡션 감지: 표의 행·열·수치 구조는 원본 페이지와 대조 필요
통화신용정책보고서 2026년 3월,2026-03-12,통화신용정책보고서(2026년 3월).pdf,123,불명,PDF 표 캡션 감지: 표의 행·열·수치 구조는 원본 페이지와 대조 필요
통화신용정책보고서 2026년 3월,2026-03-12,통화신용정책보고서(2026년 3월).pdf,123,불명,PDF 표 캡션 감지: 표의 행·열·수치 구조는 원본 페이지와 대조 필요
통화신용정책보고서 2026년 3월,2026-03-12,통화신용정책보고서(2026년 3월).pdf,123,불명,PDF 표 캡션 감지: 표의 행·열·수치 구조는 원본 페이지와 대조 필요
통화신용정책보고서 2026년 3월,2026-03-12,통화신용정책보고서(2026년 3월).pdf,123,불명,PDF 표 캡션 감지: 표의 행·열·수치 구조는 원본 페이지와 대조 필요
통화신용정책보고서 2026년 3월,2026-03-12,통화신용정책보고서(2026년 3월).pdf,123,불명,PDF 표 캡션 감지: 표의 행·열·수치 구조는 원본 페이지와 대조 필요
통화신용정책보고서 2026년 3월,2026-03-12,통화신용정책보고서(2026년 3월).pdf,123,불명,PDF 표 캡션 감지: 표의 행·열·수치 구조는 원본 페이지와 대조 필요
통화신용정책보고서 2026년 3월,2026-03-12,통화신용정책보고서(2026년 3월).pdf,123,불명,PDF 표 캡션 감지: 표의 행·열·수치 구조는 원본 페이지와 대조 필요
통화신용정책보고서 2026년 3월,2026-03-12,통화신용정책보고서(2026년 3월).pdf,123,불명,PDF 표 캡션 감지: 표의 행·열·수치 구조는 원본 페이지와 대조 필요
통화신용정책보고서 2026년 3월,2026-03-12,통화신용정책보고서(2026년 3월).pdf,123,불명,PDF 표 캡션 감지: 표의 행·열·수치 구조는 원본 페이지와 대조 필요
통화신용정책보고서 2026년 3월,2026-03-12,통화신용정책보고서(2026년 3월).pdf,123,불명,PDF 표 캡션 감지: 표의 행·열·수치 구조는 원본 페이지와 대조 필요
통화신용정책보고서 2026년 3월,2026-03-12,통화신용정책보고서(2026년 3월).pdf,123,불명,PDF 표 캡션 감지: 표의 행·열·수치 구조는 원본 페이지와 대조 필요
통화신용정책보고서 2026년 3월,2026-03-12,통화신용정책보고서(2026년 3월).pdf,123,불명,PDF 표 캡션 감지: 표의 행·열·수치 구조는 원본 페이지와 대조 필요
통화신용정책보고서 2026년 9월,2026-09-10,통화신용정책보고서(2026년 9월).pdf,2,0,텍스트가 거의 없어 이미지형 페이지 여부 확인 필요
통화신용정책보고서 2026년 9월,2026-09-10,통화신용정책보고서(2026년 9월).pdf,3,18,텍스트가 거의 없어 이미지형 페이지 여부 확인 필요; 이미지 객체가 있으나 캡션 텍스트를 찾지 못함
통화신용정책보고서 2026년 9월,2026-09-10,통화신용정책보고서(2026년 9월).pdf,14,0,텍스트가 거의 없어 이미지형 페이지 여부 확인 필요; 이미지 객체가 있으나 캡션 텍스트를 찾지 못함
통화신용정책보고서 2026년 9월,2026-09-10,통화신용정책보고서(2026년 9월).pdf,62,0,텍스트가 거의 없어 이미지형 페이지 여부 확인 필요; 이미지 객체가 있으나 캡션 텍스트를 찾지 못함
통화신용정책보고서 2026년 9월,2026-09-10,통화신용정책보고서(2026년 9월).pdf,92,0,텍스트가 거의 없어 이미지형 페이지 여부 확인 필요; 이미지 객체가 있으나 캡션 텍스트를 찾지 못함
통화신용정책보고서 2026년 9월,2026-09-10,통화신용정책보고서(2026년 9월).pdf,94,0,텍스트가 거의 없어 이미지형 페이지 여부 확인 필요; 이미지 객체가 있으나 캡션 텍스트를 찾지 못함
통화신용정책보고서 2026년 9월,2026-09-10,통화신용정책보고서(2026년 9월).pdf,104,0,텍스트가 거의 없어 이미지형 페이지 여부 확인 필요; 이미지 객체가 있으나 캡션 텍스트를 찾지 못함
통화신용정책보고서 2026년 9월,2026-09-10,통화신용정책보고서(2026년 9월).pdf,15,불명,PDF 표 캡션 감지: 표의 행·열·수치 구조는 원본 페이지와 대조 필요
통화신용정책보고서 2026년 9월,2026-09-10,통화신용정책보고서(2026년 9월).pdf,19,불명,PDF 표 캡션 감지: 표의 행·열·수치 구조는 원본 페이지와 대조 필요
통화신용정책보고서 2026년 9월,2026-09-10,통화신용정책보고서(2026년 9월).pdf,20,불명,PDF 표 캡션 감지: 표의 행·열·수치 구조는 원본 페이지와 대조 필요
통화신용정책보고서 2026년 9월,2026-09-10,통화신용정책보고서(2026년 9월).pdf,24,불명,PDF 표 캡션 감지: 표의 행·열·수치 구조는 원본 페이지와 대조 필요
통화신용정책보고서 2026년 9월,2026-09-10,통화신용정책보고서(2026년 9월).pdf,25,불명,PDF 표 캡션 감지: 표의 행·열·수치 구조는 원본 페이지와 대조 필요
통화신용정책보고서 2026년 9월,2026-09-10,통화신용정책보고서(2026년 9월).pdf,26,불명,PDF 표 캡션 감지: 표의 행·열·수치 구조는 원본 페이지와 대조 필요
통화신용정책보고서 2026년 9월,2026-09-10,통화신용정책보고서(2026년 9월).pdf,27,불명,PDF 표 캡션 감지: 표의 행·열·수치 구조는 원본 페이지와 대조 필요
통화신용정책보고서 2026년 9월,2026-09-10,통화신용정책보고서(2026년 9월).pdf,27,불명,PDF 표 캡션 감지: 표의 행·열·수치 구조는 원본 페이지와 대조 필요
통화신용정책보고서 2026년 9월,2026-09-10,통화신용정책보고서(2026년 9월).pdf,27,불명,PDF 표 캡션 감지: 표의 행·열·수치 구조는 원본 페이지와 대조 필요
통화신용정책보고서 2026년 9월,2026-09-10,통화신용정책보고서(2026년 9월).pdf,29,불명,PDF 표 캡션 감지: 표의 행·열·수치 구조는 원본 페이지와 대조 필요
통화신용정책보고서 2026년 9월,2026-09-10,통화신용정책보고서(2026년 9월).pdf,31,불명,PDF 표 캡션 감지: 표의 행·열·수치 구조는 원본 페이지와 대조 필요
통화신용정책보고서 2026년 9월,2026-09-10,통화신용정책보고서(2026년 9월).pdf,31,불명,PDF 표 캡션 감지: 표의 행·열·수치 구조는 원본 페이지와 대조 필요
통화신용정책보고서 2026년 9월,2026-09-10,통화신용정책보고서(2026년 9월).pdf,36,불명,PDF 표 캡션 감지: 표의 행·열·수치 구조는 원본 페이지와 대조 필요
통화신용정책보고서 2026년 9월,2026-09-10,통화신용정책보고서(2026년 9월).pdf,40,불명,PDF 표 캡션 감지: 표의 행·열·수치 구조는 원본 페이지와 대조 필요
통화신용정책보고서 2026년 9월,2026-09-10,통화신용정책보고서(2026년 9월).pdf,68,불명,PDF 표 캡션 감지: 표의 행·열·수치 구조는 원본 페이지와 대조 필요
통화신용정책보고서 2026년 9월,2026-09-10,통화신용정책보고서(2026년 9월).pdf,70,불명,PDF 표 캡션 감지: 표의 행·열·수치 구조는 원본 페이지와 대조 필요
통화신용정책보고서 2026년 9월,2026-09-10,통화신용정책보고서(2026년 9월).pdf,71,불명,PDF 표 캡션 감지: 표의 행·열·수치 구조는 원본 페이지와 대조 필요
통화신용정책보고서 2026년 9월,2026-09-10,통화신용정책보고서(2026년 9월).pdf,75,불명,PDF 표 캡션 감지: 표의 행·열·수치 구조는 원본 페이지와 대조 필요
금융안정보고서 2023년 12월,2023-12-28,FSR_Executive Summary (December 2023).pdf,1,17,텍스트가 거의 없어 이미지형 페이지 여부 확인 필요
금융안정보고서 2023년 12월,2023-12-28,FSR_Executive Summary (December 2023).pdf,2,0,텍스트가 거의 없어 이미지형 페이지 여부 확인 필요
금융안정보고서 2023년 12월,2023-12-28,금융안정보고서(2023년 12월).pdf,2,0,텍스트가 거의 없어 이미지형 페이지 여부 확인 필요
금융안정보고서 2023년 12월,2023-12-28,금융안정보고서(2023년 12월).pdf,3,16,텍스트가 거의 없어 이미지형 페이지 여부 확인 필요; 이미지 객체가 있으나 캡션 텍스트를 찾지 못함
금융안정보고서 2023년 12월,2023-12-28,금융안정보고서(2023년 12월).pdf,62,불명,PDF 표 캡션 감지: 표의 행·열·수치 구조는 원본 페이지와 대조 필요
금융안정보고서 2023년 12월,2023-12-28,금융안정보고서(2023년 12월).pdf,62,불명,PDF 표 캡션 감지: 표의 행·열·수치 구조는 원본 페이지와 대조 필요
금융안정보고서 2023년 12월,2023-12-28,금융안정보고서(2023년 12월).pdf,118,불명,PDF 표 캡션 감지: 표의 행·열·수치 구조는 원본 페이지와 대조 필요
금융안정보고서 2023년 12월,2023-12-28,금융안정보고서(2023년 12월).pdf,142,불명,PDF 표 캡션 감지: 표의 행·열·수치 구조는 원본 페이지와 대조 필요
금융안정보고서 2023년 12월,2023-12-28,금융안정보고서(2023년 12월).pdf,142,불명,PDF 표 캡션 감지: 표의 행·열·수치 구조는 원본 페이지와 대조 필요
금융안정보고서 2023년 12월,2023-12-28,금융안정보고서(2023년 12월).pdf,142,불명,PDF 표 캡션 감지: 표의 행·열·수치 구조는 원본 페이지와 대조 필요
금융안정보고서 2023년 12월,2023-12-28,금융안정보고서(2023년 12월).pdf,142,불명,PDF 표 캡션 감지: 표의 행·열·수치 구조는 원본 페이지와 대조 필요
금융안정보고서 2023년 12월,2023-12-28,금융안정보고서(2023년 12월).pdf,142,불명,PDF 표 캡션 감지: 표의 행·열·수치 구조는 원본 페이지와 대조 필요
금융안정보고서 2023년 12월,2023-12-28,금융안정보고서(2023년 12월).pdf,142,불명,PDF 표 캡션 감지: 표의 행·열·수치 구조는 원본 페이지와 대조 필요
금융안정보고서 2023년 12월,2023-12-28,현안 1. 최근 기업신용 확대 관련 리스크 점검 및 정책적 시사점 (1).pdf,10,불명,PDF 표 캡션 감지: 표의 행·열·수치 구조는 원본 페이지와 대조 필요
금융안정보고서 2024년 6월,2024-06-26,FSR_Executive Summary (June 2024).pdf,1,17,텍스트가 거의 없어 이미지형 페이지 여부 확인 필요
금융안정보고서 2024년 6월,2024-06-26,금융안정보고서(2024년 6월).pdf,2,0,텍스트가 거의 없어 이미지형 페이지 여부 확인 필요
금융안정보고서 2024년 6월,2024-06-26,금융안정보고서(2024년 6월).pdf,3,15,텍스트가 거의 없어 이미지형 페이지 여부 확인 필요; 이미지 객체가 있으나 캡션 텍스트를 찾지 못함
금융안정보고서 2024년 6월,2024-06-26,금융안정보고서(2024년 6월).pdf,142,0,텍스트가 거의 없어 이미지형 페이지 여부 확인 필요; 이미지 객체가 있으나 캡션 텍스트를 찾지 못함
금융안정보고서 2024년 6월,2024-06-26,금융안정보고서(2024년 6월).pdf,63,불명,PDF 표 캡션 감지: 표의 행·열·수치 구조는 원본 페이지와 대조 필요
금융안정보고서 2024년 6월,2024-06-26,금융안정보고서(2024년 6월).pdf,123,불명,PDF 표 캡션 감지: 표의 행·열·수치 구조는 원본 페이지와 대조 필요
금융안정보고서 2024년 6월,2024-06-26,금융안정보고서(2024년 6월).pdf,138,불명,PDF 표 캡션 감지: 표의 행·열·수치 구조는 원본 페이지와 대조 필요
금융안정보고서 2024년 6월,2024-06-26,금융안정보고서(2024년 6월).pdf,138,불명,PDF 표 캡션 감지: 표의 행·열·수치 구조는 원본 페이지와 대조 필요
금융안정보고서 2024년 6월,2024-06-26,금융안정보고서(2024년 6월).pdf,138,불명,PDF 표 캡션 감지: 표의 행·열·수치 구조는 원본 페이지와 대조 필요
금융안정보고서 2024년 6월,2024-06-26,금융안정보고서(2024년 6월).pdf,138,불명,PDF 표 캡션 감지: 표의 행·열·수치 구조는 원본 페이지와 대조 필요
금융안정보고서 2024년 6월,2024-06-26,현안2. 마이크로데이터 기반 스트레스 테스트 모형 재구축 및 금융기관 복원력 점검.pdf,7,불명,PDF 표 캡션 감지: 표의 행·열·수치 구조는 원본 페이지와 대조 필요
금융안정보고서 2024년 6월,2024-06-26,현안2. 마이크로데이터 기반 스트레스 테스트 모형 재구축 및 금융기관 복원력 점검_2.pdf,7,불명,PDF 표 캡션 감지: 표의 행·열·수치 구조는 원본 페이지와 대조 필요
금융안정보고서 2024년 12월,2024-12-24,FSR_Executive Summary (December 2024).pdf,1,17,텍스트가 거의 없어 이미지형 페이지 여부 확인 필요
금융안정보고서 2024년 12월,2024-12-24,FSR_Executive Summary (December 2024).pdf,2,0,텍스트가 거의 없어 이미지형 페이지 여부 확인 필요
금융안정보고서 2024년 12월,2024-12-24,금융안정보고서(2024년 12월)_FFF.pdf,1,0,텍스트가 거의 없어 이미지형 페이지 여부 확인 필요
금융안정보고서 2024년 12월,2024-12-24,금융안정보고서(2024년 12월)_FFF.pdf,2,0,텍스트가 거의 없어 이미지형 페이지 여부 확인 필요
금융안정보고서 2024년 12월,2024-12-24,금융안정보고서(2024년 12월)_FFF.pdf,3,16,텍스트가 거의 없어 이미지형 페이지 여부 확인 필요; 이미지 객체가 있으나 캡션 텍스트를 찾지 못함
금융안정보고서 2024년 12월,2024-12-24,금융안정보고서(2024년 12월)_FFF.pdf,146,0,텍스트가 거의 없어 이미지형 페이지 여부 확인 필요
금융안정보고서 2024년 12월,2024-12-24,금융안정보고서(2024년 12월)_FFF.pdf,59,불명,PDF 표 캡션 감지: 표의 행·열·수치 구조는 원본 페이지와 대조 필요
금융안정보고서 2024년 12월,2024-12-24,금융안정보고서(2024년 12월)_FFF.pdf,59,불명,PDF 표 캡션 감지: 표의 행·열·수치 구조는 원본 페이지와 대조 필요
금융안정보고서 2024년 12월,2024-12-24,금융안정보고서(2024년 12월)_FFF.pdf,87,불명,PDF 표 캡션 감지: 표의 행·열·수치 구조는 원본 페이지와 대조 필요
금융안정보고서 2024년 12월,2024-12-24,금융안정보고서(2024년 12월)_FFF.pdf,142,불명,PDF 표 캡션 감지: 표의 행·열·수치 구조는 원본 페이지와 대조 필요
금융안정보고서 2024년 12월,2024-12-24,금융안정보고서(2024년 12월)_FFF.pdf,142,불명,PDF 표 캡션 감지: 표의 행·열·수치 구조는 원본 페이지와 대조 필요
금융안정보고서 2024년 12월,2024-12-24,금융안정보고서(2024년 12월)_FFF.pdf,142,불명,PDF 표 캡션 감지: 표의 행·열·수치 구조는 원본 페이지와 대조 필요
금융안정보고서 2024년 12월,2024-12-24,금융안정보고서(2024년 12월)_FFF.pdf,142,불명,PDF 표 캡션 감지: 표의 행·열·수치 구조는 원본 페이지와 대조 필요
금융안정보고서 2025년 6월,2025-06-25,금융안정보고서(2025년 6월).pdf,2,0,텍스트가 거의 없어 이미지형 페이지 여부 확인 필요
금융안정보고서 2025년 6월,2025-06-25,금융안정보고서(2025년 6월).pdf,3,15,텍스트가 거의 없어 이미지형 페이지 여부 확인 필요; 이미지 객체가 있으나 캡션 텍스트를 찾지 못함
금융안정보고서 2025년 6월,2025-06-25,금융안정보고서(2025년 6월).pdf,130,0,텍스트가 거의 없어 이미지형 페이지 여부 확인 필요
금융안정보고서 2025년 6월,2025-06-25,금융안정보고서(2025년 6월).pdf,22,불명,PDF 표 캡션 감지: 표의 행·열·수치 구조는 원본 페이지와 대조 필요
금융안정보고서 2025년 6월,2025-06-25,금융안정보고서(2025년 6월).pdf,54,불명,PDF 표 캡션 감지: 표의 행·열·수치 구조는 원본 페이지와 대조 필요
금융안정보고서 2025년 6월,2025-06-25,금융안정보고서(2025년 6월).pdf,55,불명,PDF 표 캡션 감지: 표의 행·열·수치 구조는 원본 페이지와 대조 필요
금융안정보고서 2025년 6월,2025-06-25,금융안정보고서(2025년 6월).pdf,92,불명,PDF 표 캡션 감지: 표의 행·열·수치 구조는 원본 페이지와 대조 필요
금융안정보고서 2025년 6월,2025-06-25,금융안정보고서(2025년 6월).pdf,93,불명,PDF 표 캡션 감지: 표의 행·열·수치 구조는 원본 페이지와 대조 필요
금융안정보고서 2025년 6월,2025-06-25,금융안정보고서(2025년 6월).pdf,94,불명,PDF 표 캡션 감지: 표의 행·열·수치 구조는 원본 페이지와 대조 필요
금융안정보고서 2025년 6월,2025-06-25,금융안정보고서(2025년 6월).pdf,94,불명,PDF 표 캡션 감지: 표의 행·열·수치 구조는 원본 페이지와 대조 필요
금융안정보고서 2025년 6월,2025-06-25,금융안정보고서(2025년 6월).pdf,95,불명,PDF 표 캡션 감지: 표의 행·열·수치 구조는 원본 페이지와 대조 필요
금융안정보고서 2025년 6월,2025-06-25,금융안정보고서(2025년 6월).pdf,110,불명,PDF 표 캡션 감지: 표의 행·열·수치 구조는 원본 페이지와 대조 필요
금융안정보고서 2025년 6월,2025-06-25,금융안정보고서(2025년 6월).pdf,110,불명,PDF 표 캡션 감지: 표의 행·열·수치 구조는 원본 페이지와 대조 필요
금융안정보고서 2025년 6월,2025-06-25,금융안정보고서(2025년 6월).pdf,125,불명,PDF 표 캡션 감지: 표의 행·열·수치 구조는 원본 페이지와 대조 필요
금융안정보고서 2025년 6월,2025-06-25,금융안정보고서(2025년 6월).pdf,127,불명,PDF 표 캡션 감지: 표의 행·열·수치 구조는 원본 페이지와 대조 필요
금융안정보고서 2025년 6월,2025-06-25,금융안정보고서(2025년 6월).pdf,128,불명,PDF 표 캡션 감지: 표의 행·열·수치 구조는 원본 페이지와 대조 필요
금융안정보고서 2025년 6월,2025-06-25,금융안정보고서(2025년 6월).pdf,147,불명,PDF 표 캡션 감지: 표의 행·열·수치 구조는 원본 페이지와 대조 필요
금융안정보고서 2025년 6월,2025-06-25,금융안정보고서(2025년 6월).pdf,148,불명,PDF 표 캡션 감지: 표의 행·열·수치 구조는 원본 페이지와 대조 필요
금융안정보고서 2025년 6월,2025-06-25,금융안정보고서(2025년 6월).pdf,161,불명,PDF 표 캡션 감지: 표의 행·열·수치 구조는 원본 페이지와 대조 필요
금융안정보고서 2025년 6월,2025-06-25,금융안정보고서(2025년 6월).pdf,161,불명,PDF 표 캡션 감지: 표의 행·열·수치 구조는 원본 페이지와 대조 필요
금융안정보고서 2025년 6월,2025-06-25,금융안정보고서(2025년 6월).pdf,161,불명,PDF 표 캡션 감지: 표의 행·열·수치 구조는 원본 페이지와 대조 필요
금융안정보고서 2025년 6월,2025-06-25,금융안정보고서(2025년 6월).pdf,161,불명,PDF 표 캡션 감지: 표의 행·열·수치 구조는 원본 페이지와 대조 필요
금융안정보고서 2025년 6월,2025-06-25,금융안정보고서(2025년 6월).pdf,161,불명,PDF 표 캡션 감지: 표의 행·열·수치 구조는 원본 페이지와 대조 필요
금융안정보고서 2025년 6월,2025-06-25,금융안정보고서(2025년 6월).pdf,161,불명,PDF 표 캡션 감지: 표의 행·열·수치 구조는 원본 페이지와 대조 필요
금융안정보고서 2025년 6월,2025-06-25,금융안정보고서(2025년 6월).pdf,161,불명,PDF 표 캡션 감지: 표의 행·열·수치 구조는 원본 페이지와 대조 필요
금융안정보고서 2025년 6월,2025-06-25,금융안정보고서(2025년 6월).pdf,161,불명,PDF 표 캡션 감지: 표의 행·열·수치 구조는 원본 페이지와 대조 필요
금융안정보고서 2025년 6월,2025-06-25,금융안정보고서(2025년 6월).pdf,161,불명,PDF 표 캡션 감지: 표의 행·열·수치 구조는 원본 페이지와 대조 필요
금융안정보고서 2025년 6월,2025-06-25,금융안정보고서(2025년 6월).pdf,161,불명,PDF 표 캡션 감지: 표의 행·열·수치 구조는 원본 페이지와 대조 필요
금융안정보고서 2025년 6월,2025-06-25,금융안정보고서(2025년 6월).pdf,161,불명,PDF 표 캡션 감지: 표의 행·열·수치 구조는 원본 페이지와 대조 필요
금융안정보고서 2025년 6월,2025-06-25,금융안정보고서(2025년 6월).pdf,161,불명,PDF 표 캡션 감지: 표의 행·열·수치 구조는 원본 페이지와 대조 필요
금융안정보고서 2025년 6월,2025-06-25,금융안정보고서(2025년 6월).pdf,161,불명,PDF 표 캡션 감지: 표의 행·열·수치 구조는 원본 페이지와 대조 필요
금융안정보고서 2025년 6월,2025-06-25,금융안정보고서(2025년 6월).pdf,161,불명,PDF 표 캡션 감지: 표의 행·열·수치 구조는 원본 페이지와 대조 필요
금융안정보고서 2025년 6월,2025-06-25,금융안정보고서(2025년 6월).pdf,161,불명,PDF 표 캡션 감지: 표의 행·열·수치 구조는 원본 페이지와 대조 필요
금융안정보고서 2025년 6월,2025-06-25,금융안정보고서(2025년 6월).pdf,161,불명,PDF 표 캡션 감지: 표의 행·열·수치 구조는 원본 페이지와 대조 필요
금융안정보고서 2025년 6월,2025-06-25,금융안정보고서(2025년 6월).pdf,161,불명,PDF 표 캡션 감지: 표의 행·열·수치 구조는 원본 페이지와 대조 필요
금융안정보고서 2025년 6월,2025-06-25,현안1. 대내외 불확실성 요인이 기업 신용리스크에 미치는 영향.pdf,8,불명,PDF 표 캡션 감지: 표의 행·열·수치 구조는 원본 페이지와 대조 필요
금융안정보고서 2025년 6월,2025-06-25,현안1. 대내외 불확실성 요인이 기업 신용리스크에 미치는 영향.pdf,8,불명,PDF 표 캡션 감지: 표의 행·열·수치 구조는 원본 페이지와 대조 필요
금융안정보고서 2025년 6월,2025-06-25,현안2. 비은행금융기관의 유형별 리스크 점검 및 시사점.pdf,9,불명,PDF 표 캡션 감지: 표의 행·열·수치 구조는 원본 페이지와 대조 필요
금융안정보고서 2025년 6월,2025-06-25,현안2. 비은행금융기관의 유형별 리스크 점검 및 시사점.pdf,11,불명,PDF 표 캡션 감지: 표의 행·열·수치 구조는 원본 페이지와 대조 필요
금융안정보고서 2025년 6월,2025-06-25,현안2. 비은행금융기관의 유형별 리스크 점검 및 시사점.pdf,12,불명,PDF 표 캡션 감지: 표의 행·열·수치 구조는 원본 페이지와 대조 필요
금융안정보고서 2025년 12월,2025-12-23,금융안정보고서(2025년 12월).pdf,2,0,텍스트가 거의 없어 이미지형 페이지 여부 확인 필요
금융안정보고서 2025년 12월,2025-12-23,금융안정보고서(2025년 12월).pdf,3,16,텍스트가 거의 없어 이미지형 페이지 여부 확인 필요; 이미지 객체가 있으나 캡션 텍스트를 찾지 못함
금융안정보고서 2025년 12월,2025-12-23,금융안정보고서(2025년 12월).pdf,28,불명,PDF 표 캡션 감지: 표의 행·열·수치 구조는 원본 페이지와 대조 필요
금융안정보고서 2025년 12월,2025-12-23,금융안정보고서(2025년 12월).pdf,61,불명,PDF 표 캡션 감지: 표의 행·열·수치 구조는 원본 페이지와 대조 필요
금융안정보고서 2025년 12월,2025-12-23,금융안정보고서(2025년 12월).pdf,95,불명,PDF 표 캡션 감지: 표의 행·열·수치 구조는 원본 페이지와 대조 필요
금융안정보고서 2025년 12월,2025-12-23,금융안정보고서(2025년 12월).pdf,95,불명,PDF 표 캡션 감지: 표의 행·열·수치 구조는 원본 페이지와 대조 필요
금융안정보고서 2025년 12월,2025-12-23,금융안정보고서(2025년 12월).pdf,96,불명,PDF 표 캡션 감지: 표의 행·열·수치 구조는 원본 페이지와 대조 필요
금융안정보고서 2025년 12월,2025-12-23,금융안정보고서(2025년 12월).pdf,98,불명,PDF 표 캡션 감지: 표의 행·열·수치 구조는 원본 페이지와 대조 필요
금융안정보고서 2025년 12월,2025-12-23,금융안정보고서(2025년 12월).pdf,115,불명,PDF 표 캡션 감지: 표의 행·열·수치 구조는 원본 페이지와 대조 필요
금융안정보고서 2025년 12월,2025-12-23,금융안정보고서(2025년 12월).pdf,125,불명,PDF 표 캡션 감지: 표의 행·열·수치 구조는 원본 페이지와 대조 필요
금융안정보고서 2025년 12월,2025-12-23,금융안정보고서(2025년 12월).pdf,129,불명,PDF 표 캡션 감지: 표의 행·열·수치 구조는 원본 페이지와 대조 필요
금융안정보고서 2025년 12월,2025-12-23,금융안정보고서(2025년 12월).pdf,153,불명,PDF 표 캡션 감지: 표의 행·열·수치 구조는 원본 페이지와 대조 필요
금융안정보고서 2025년 12월,2025-12-23,금융안정보고서(2025년 12월).pdf,153,불명,PDF 표 캡션 감지: 표의 행·열·수치 구조는 원본 페이지와 대조 필요
금융안정보고서 2025년 12월,2025-12-23,금융안정보고서(2025년 12월).pdf,153,불명,PDF 표 캡션 감지: 표의 행·열·수치 구조는 원본 페이지와 대조 필요
금융안정보고서 2025년 12월,2025-12-23,금융안정보고서(2025년 12월).pdf,153,불명,PDF 표 캡션 감지: 표의 행·열·수치 구조는 원본 페이지와 대조 필요
금융안정보고서 2025년 12월,2025-12-23,금융안정보고서(2025년 12월).pdf,153,불명,PDF 표 캡션 감지: 표의 행·열·수치 구조는 원본 페이지와 대조 필요
금융안정보고서 2025년 12월,2025-12-23,금융안정보고서(2025년 12월).pdf,153,불명,PDF 표 캡션 감지: 표의 행·열·수치 구조는 원본 페이지와 대조 필요
금융안정보고서 2025년 12월,2025-12-23,금융안정보고서(2025년 12월).pdf,153,불명,PDF 표 캡션 감지: 표의 행·열·수치 구조는 원본 페이지와 대조 필요
금융안정보고서 2025년 12월,2025-12-23,금융안정보고서(2025년 12월).pdf,153,불명,PDF 표 캡션 감지: 표의 행·열·수치 구조는 원본 페이지와 대조 필요
금융안정보고서 2025년 12월,2025-12-23,금융안정보고서(2025년 12월).pdf,153,불명,PDF 표 캡션 감지: 표의 행·열·수치 구조는 원본 페이지와 대조 필요
금융안정보고서 2025년 12월,2025-12-23,금융안정보고서(2025년 12월).pdf,153,불명,PDF 표 캡션 감지: 표의 행·열·수치 구조는 원본 페이지와 대조 필요
금융안정보고서 2025년 12월,2025-12-23,금융안정보고서(2025년 12월).pdf,153,불명,PDF 표 캡션 감지: 표의 행·열·수치 구조는 원본 페이지와 대조 필요
금융안정보고서 2025년 12월,2025-12-23,금융안정보고서(2025년 12월).pdf,153,불명,PDF 표 캡션 감지: 표의 행·열·수치 구조는 원본 페이지와 대조 필요
금융안정보고서 2025년 12월,2025-12-23,현안2. 금융부문의 수익추구 동향 및 평가.pdf,5,불명,PDF 표 캡션 감지: 표의 행·열·수치 구조는 원본 페이지와 대조 필요
금융안정보고서 2026년 6월,2026-06-24,금융안정보고서(2026년 6월).pdf,2,0,텍스트가 거의 없어 이미지형 페이지 여부 확인 필요
금융안정보고서 2026년 6월,2026-06-24,금융안정보고서(2026년 6월).pdf,3,15,텍스트가 거의 없어 이미지형 페이지 여부 확인 필요; 이미지 객체가 있으나 캡션 텍스트를 찾지 못함
금융안정보고서 2026년 6월,2026-06-24,금융안정보고서(2026년 6월).pdf,9,9,텍스트가 거의 없어 이미지형 페이지 여부 확인 필요; 이미지 객체가 있으나 캡션 텍스트를 찾지 못함
금융안정보고서 2026년 6월,2026-06-24,금융안정보고서(2026년 6월).pdf,18,0,텍스트가 거의 없어 이미지형 페이지 여부 확인 필요; 이미지 객체가 있으나 캡션 텍스트를 찾지 못함
금융안정보고서 2026년 6월,2026-06-24,금융안정보고서(2026년 6월).pdf,86,0,텍스트가 거의 없어 이미지형 페이지 여부 확인 필요
금융안정보고서 2026년 6월,2026-06-24,금융안정보고서(2026년 6월).pdf,98,0,텍스트가 거의 없어 이미지형 페이지 여부 확인 필요; 이미지 객체가 있으나 캡션 텍스트를 찾지 못함
금융안정보고서 2026년 6월,2026-06-24,금융안정보고서(2026년 6월).pdf,154,0,텍스트가 거의 없어 이미지형 페이지 여부 확인 필요
금융안정보고서 2026년 6월,2026-06-24,금융안정보고서(2026년 6월).pdf,164,0,텍스트가 거의 없어 이미지형 페이지 여부 확인 필요
금융안정보고서 2026년 6월,2026-06-24,금융안정보고서(2026년 6월).pdf,166,0,텍스트가 거의 없어 이미지형 페이지 여부 확인 필요
금융안정보고서 2026년 6월,2026-06-24,금융안정보고서(2026년 6월).pdf,22,불명,PDF 표 캡션 감지: 표의 행·열·수치 구조는 원본 페이지와 대조 필요
금융안정보고서 2026년 6월,2026-06-24,금융안정보고서(2026년 6월).pdf,59,불명,PDF 표 캡션 감지: 표의 행·열·수치 구조는 원본 페이지와 대조 필요
금융안정보고서 2026년 6월,2026-06-24,금융안정보고서(2026년 6월).pdf,60,불명,PDF 표 캡션 감지: 표의 행·열·수치 구조는 원본 페이지와 대조 필요
금융안정보고서 2026년 6월,2026-06-24,금융안정보고서(2026년 6월).pdf,87,불명,PDF 표 캡션 감지: 표의 행·열·수치 구조는 원본 페이지와 대조 필요
금융안정보고서 2026년 6월,2026-06-24,금융안정보고서(2026년 6월).pdf,88,불명,PDF 표 캡션 감지: 표의 행·열·수치 구조는 원본 페이지와 대조 필요
금융안정보고서 2026년 6월,2026-06-24,금융안정보고서(2026년 6월).pdf,90,불명,PDF 표 캡션 감지: 표의 행·열·수치 구조는 원본 페이지와 대조 필요
금융안정보고서 2026년 6월,2026-06-24,금융안정보고서(2026년 6월).pdf,90,불명,PDF 표 캡션 감지: 표의 행·열·수치 구조는 원본 페이지와 대조 필요
금융안정보고서 2026년 6월,2026-06-24,금융안정보고서(2026년 6월).pdf,91,불명,PDF 표 캡션 감지: 표의 행·열·수치 구조는 원본 페이지와 대조 필요
금융안정보고서 2026년 6월,2026-06-24,금융안정보고서(2026년 6월).pdf,127,불명,PDF 표 캡션 감지: 표의 행·열·수치 구조는 원본 페이지와 대조 필요
금융안정보고서 2026년 6월,2026-06-24,금융안정보고서(2026년 6월).pdf,133,불명,PDF 표 캡션 감지: 표의 행·열·수치 구조는 원본 페이지와 대조 필요
금융안정보고서 2026년 6월,2026-06-24,금융안정보고서(2026년 6월).pdf,139,불명,PDF 표 캡션 감지: 표의 행·열·수치 구조는 원본 페이지와 대조 필요
금융안정보고서 2026년 6월,2026-06-24,금융안정보고서(2026년 6월).pdf,145,불명,PDF 표 캡션 감지: 표의 행·열·수치 구조는 원본 페이지와 대조 필요
금융안정보고서 2026년 6월,2026-06-24,금융안정보고서(2026년 6월).pdf,162,불명,PDF 표 캡션 감지: 표의 행·열·수치 구조는 원본 페이지와 대조 필요
금융안정보고서 2026년 6월,2026-06-24,금융안정보고서(2026년 6월).pdf,162,불명,PDF 표 캡션 감지: 표의 행·열·수치 구조는 원본 페이지와 대조 필요
금융안정보고서 2026년 6월,2026-06-24,금융안정보고서(2026년 6월).pdf,162,불명,PDF 표 캡션 감지: 표의 행·열·수치 구조는 원본 페이지와 대조 필요
금융안정보고서 2026년 6월,2026-06-24,금융안정보고서(2026년 6월).pdf,162,불명,PDF 표 캡션 감지: 표의 행·열·수치 구조는 원본 페이지와 대조 필요
금융안정보고서 2026년 6월,2026-06-24,금융안정보고서(2026년 6월).pdf,162,불명,PDF 표 캡션 감지: 표의 행·열·수치 구조는 원본 페이지와 대조 필요
금융안정보고서 2026년 6월,2026-06-24,금융안정보고서(2026년 6월).pdf,162,불명,PDF 표 캡션 감지: 표의 행·열·수치 구조는 원본 페이지와 대조 필요
금융안정보고서 2026년 6월,2026-06-24,금융안정보고서(2026년 6월).pdf,162,불명,PDF 표 캡션 감지: 표의 행·열·수치 구조는 원본 페이지와 대조 필요
금융안정보고서 2026년 6월,2026-06-24,금융안정보고서(2026년 6월).pdf,162,불명,PDF 표 캡션 감지: 표의 행·열·수치 구조는 원본 페이지와 대조 필요
금융안정보고서 2026년 6월,2026-06-24,금융안정보고서(2026년 6월).pdf,162,불명,PDF 표 캡션 감지: 표의 행·열·수치 구조는 원본 페이지와 대조 필요
금융안정보고서 2026년 6월,2026-06-24,금융안정보고서(2026년 6월).pdf,162,불명,PDF 표 캡션 감지: 표의 행·열·수치 구조는 원본 페이지와 대조 필요
금융안정보고서 2026년 6월,2026-06-24,금융안정보고서(2026년 6월).pdf,162,불명,PDF 표 캡션 감지: 표의 행·열·수치 구조는 원본 페이지와 대조 필요
금융안정보고서 2026년 6월,2026-06-24,금융안정보고서(2026년 6월).pdf,162,불명,PDF 표 캡션 감지: 표의 행·열·수치 구조는 원본 페이지와 대조 필요
금융안정보고서 2026년 6월,2026-06-24,금융안정보고서(2026년 6월).pdf,162,불명,PDF 표 캡션 감지: 표의 행·열·수치 구조는 원본 페이지와 대조 필요
금융안정보고서 2026년 6월,2026-06-24,금융안정보고서(2026년 6월).pdf,162,불명,PDF 표 캡션 감지: 표의 행·열·수치 구조는 원본 페이지와 대조 필요
금융안정보고서 2026년 6월,2026-06-24,참고6. 최근 외국인 국내 증권자금 흐름 점검_2.pdf,4,0,텍스트가 거의 없어 이미지형 페이지 여부 확인 필요
금융안정보고서 2026년 6월,2026-06-24,현안1. 시장금리 상승에 따른 금융시스템 안정성 평가_2.pdf,2,0,텍스트가 거의 없어 이미지형 페이지 여부 확인 필요; 이미지 객체가 있으나 캡션 텍스트를 찾지 못함
금융안정보고서 2026년 6월,2026-06-24,현안2. 비은행 부문 잠재리스크 점검 및 시사점.pdf,13,불명,PDF 표 캡션 감지: 표의 행·열·수치 구조는 원본 페이지와 대조 필요
금융안정보고서 2026년 6월,2026-06-24,현안2. 비은행 부문 잠재리스크 점검 및 시사점_2.pdf,2,0,텍스트가 거의 없어 이미지형 페이지 여부 확인 필요; 이미지 객체가 있으나 캡션 텍스트를 찾지 못함
금융안정보고서 2026년 6월,2026-06-24,현안2. 비은행 부문 잠재리스크 점검 및 시사점_2.pdf,13,불명,PDF 표 캡션 감지: 표의 행·열·수치 구조는 원본 페이지와 대조 필요
경제전망보고서 2023년 11월,2023-11-30,2023년 11월 경제전망보고서(Indigo Book).pdf,1,0,텍스트가 거의 없어 이미지형 페이지 여부 확인 필요; 이미지 객체가 있으나 캡션 텍스트를 찾지 못함
경제전망보고서 2023년 11월,2023-11-30,2023년 11월 경제전망보고서(Indigo Book).pdf,2,0,텍스트가 거의 없어 이미지형 페이지 여부 확인 필요; 이미지 객체가 있으나 캡션 텍스트를 찾지 못함
경제전망보고서 2023년 11월,2023-11-30,2023년 11월 경제전망보고서(Indigo Book).pdf,3,0,텍스트가 거의 없어 이미지형 페이지 여부 확인 필요; 이미지 객체가 있으나 캡션 텍스트를 찾지 못함
경제전망보고서 2023년 11월,2023-11-30,2023년 11월 경제전망보고서(Indigo Book).pdf,5,0,텍스트가 거의 없어 이미지형 페이지 여부 확인 필요
경제전망보고서 2023년 11월,2023-11-30,2023년 11월 경제전망보고서(Indigo Book).pdf,11,0,텍스트가 거의 없어 이미지형 페이지 여부 확인 필요
경제전망보고서 2023년 11월,2023-11-30,2023년 11월 경제전망보고서(Indigo Book).pdf,27,0,텍스트가 거의 없어 이미지형 페이지 여부 확인 필요
경제전망보고서 2023년 11월,2023-11-30,2023년 11월 경제전망보고서(Indigo Book).pdf,67,0,텍스트가 거의 없어 이미지형 페이지 여부 확인 필요
경제전망보고서 2023년 11월,2023-11-30,2023년 11월 경제전망보고서(Indigo Book).pdf,21,불명,PDF 표 캡션 감지: 표의 행·열·수치 구조는 원본 페이지와 대조 필요
경제전망보고서 2023년 11월,2023-11-30,2023년 11월 경제전망보고서(Indigo Book).pdf,40,불명,PDF 표 캡션 감지: 표의 행·열·수치 구조는 원본 페이지와 대조 필요
경제전망보고서 2023년 11월,2023-11-30,2023년 11월 경제전망보고서(Indigo Book).pdf,43,불명,PDF 표 캡션 감지: 표의 행·열·수치 구조는 원본 페이지와 대조 필요
경제전망보고서 2023년 11월,2023-11-30,2023년 11월 경제전망보고서(Indigo Book).pdf,72,불명,PDF 표 캡션 감지: 표의 행·열·수치 구조는 원본 페이지와 대조 필요
경제전망보고서 2023년 11월,2023-11-30,2023년 11월 경제전망보고서(Indigo Book).pdf,73,불명,PDF 표 캡션 감지: 표의 행·열·수치 구조는 원본 페이지와 대조 필요
경제전망보고서 2023년 11월,2023-11-30,2023년 11월 경제전망보고서(Indigo Book).pdf,75,불명,PDF 표 캡션 감지: 표의 행·열·수치 구조는 원본 페이지와 대조 필요
경제전망보고서 2023년 11월,2023-11-30,2023년 11월 경제전망보고서(Indigo Book).pdf,79,불명,PDF 표 캡션 감지: 표의 행·열·수치 구조는 원본 페이지와 대조 필요
경제전망보고서 2023년 11월,2023-11-30,2023년 11월 경제전망보고서(Indigo Book).pdf,82,불명,PDF 표 캡션 감지: 표의 행·열·수치 구조는 원본 페이지와 대조 필요
경제전망보고서 2023년 11월,2023-11-30,2023년 11월 경제전망보고서(Indigo Book).pdf,83,불명,PDF 표 캡션 감지: 표의 행·열·수치 구조는 원본 페이지와 대조 필요
경제전망보고서 2023년 11월,2023-11-30,2023년 11월 경제전망보고서(Indigo Book).pdf,85,불명,PDF 표 캡션 감지: 표의 행·열·수치 구조는 원본 페이지와 대조 필요
경제전망보고서 2023년 11월,2023-11-30,2023년 11월 경제전망보고서(Indigo Book).pdf,85,불명,PDF 표 캡션 감지: 표의 행·열·수치 구조는 원본 페이지와 대조 필요
경제전망보고서 2023년 11월,2023-11-30,2023년 11월 경제전망보고서(Indigo Book).pdf,86,불명,PDF 표 캡션 감지: 표의 행·열·수치 구조는 원본 페이지와 대조 필요
경제전망보고서 2023년 11월,2023-11-30,2023년 11월 경제전망보고서(Indigo Book).pdf,86,불명,PDF 표 캡션 감지: 표의 행·열·수치 구조는 원본 페이지와 대조 필요
경제전망보고서 2023년 11월,2023-11-30,2023년 11월 경제전망보고서(Indigo Book).pdf,87,불명,PDF 표 캡션 감지: 표의 행·열·수치 구조는 원본 페이지와 대조 필요
경제전망보고서 2023년 11월,2023-11-30,2023년 11월 경제전망보고서(Indigo Book).pdf,88,불명,PDF 표 캡션 감지: 표의 행·열·수치 구조는 원본 페이지와 대조 필요
경제전망보고서 2023년 11월,2023-11-30,2023년 11월 경제전망보고서(Indigo Book).pdf,90,불명,PDF 표 캡션 감지: 표의 행·열·수치 구조는 원본 페이지와 대조 필요
경제전망보고서 2023년 11월,2023-11-30,2023년 11월 경제전망보고서(Indigo Book).pdf,90,불명,PDF 표 캡션 감지: 표의 행·열·수치 구조는 원본 페이지와 대조 필요
경제전망보고서 2023년 11월,2023-11-30,2023년 11월 경제전망보고서(Indigo Book).pdf,91,불명,PDF 표 캡션 감지: 표의 행·열·수치 구조는 원본 페이지와 대조 필요
경제전망보고서 2023년 11월,2023-11-30,2023년 11월 경제전망보고서(Indigo Book).pdf,92,불명,PDF 표 캡션 감지: 표의 행·열·수치 구조는 원본 페이지와 대조 필요
경제전망보고서 2023년 11월,2023-11-30,2023년 11월 경제전망보고서(Indigo Book).pdf,93,불명,PDF 표 캡션 감지: 표의 행·열·수치 구조는 원본 페이지와 대조 필요
경제전망보고서 2023년 11월,2023-11-30,2023년 11월 경제전망보고서(Indigo Book).pdf,94,불명,PDF 표 캡션 감지: 표의 행·열·수치 구조는 원본 페이지와 대조 필요
경제전망보고서 2023년 11월,2023-11-30,2023년 11월 경제전망보고서(Indigo Book).pdf,97,불명,PDF 표 캡션 감지: 표의 행·열·수치 구조는 원본 페이지와 대조 필요
경제전망보고서 2023년 11월,2023-11-30,2023년 11월 경제전망보고서(Indigo Book).pdf,98,불명,PDF 표 캡션 감지: 표의 행·열·수치 구조는 원본 페이지와 대조 필요
경제전망보고서 2023년 11월,2023-11-30,2023년 11월 경제전망보고서(Indigo Book).pdf,99,불명,PDF 표 캡션 감지: 표의 행·열·수치 구조는 원본 페이지와 대조 필요
경제전망보고서 2023년 11월,2023-11-30,2023년 11월 경제전망보고서(Indigo Book).pdf,101,불명,PDF 표 캡션 감지: 표의 행·열·수치 구조는 원본 페이지와 대조 필요
경제전망보고서 2023년 11월,2023-11-30,2023년 11월 경제전망보고서(Indigo Book).pdf,103,불명,PDF 표 캡션 감지: 표의 행·열·수치 구조는 원본 페이지와 대조 필요
경제전망보고서 2023년 11월,2023-11-30,2023년 11월 경제전망보고서(Indigo Book).pdf,110,불명,PDF 표 캡션 감지: 표의 행·열·수치 구조는 원본 페이지와 대조 필요
경제전망보고서 2023년 11월,2023-11-30,2023년 11월 경제전망보고서(Indigo Book).pdf,111,불명,PDF 표 캡션 감지: 표의 행·열·수치 구조는 원본 페이지와 대조 필요
경제전망보고서 2024년 2월,2024-02-22,2024년 2월 경제전망보고서(Indigo Book).pdf,1,0,텍스트가 거의 없어 이미지형 페이지 여부 확인 필요; 이미지 객체가 있으나 캡션 텍스트를 찾지 못함
경제전망보고서 2024년 2월,2024-02-22,2024년 2월 경제전망보고서(Indigo Book).pdf,3,0,텍스트가 거의 없어 이미지형 페이지 여부 확인 필요
경제전망보고서 2024년 2월,2024-02-22,2024년 2월 경제전망보고서(Indigo Book).pdf,21,0,텍스트가 거의 없어 이미지형 페이지 여부 확인 필요
경제전망보고서 2024년 2월,2024-02-22,2024년 2월 경제전망보고서(Indigo Book).pdf,24,불명,PDF 표 캡션 감지: 표의 행·열·수치 구조는 원본 페이지와 대조 필요
경제전망보고서 2024년 2월,2024-02-22,2024년 2월 경제전망보고서(Indigo Book).pdf,33,불명,PDF 표 캡션 감지: 표의 행·열·수치 구조는 원본 페이지와 대조 필요
경제전망보고서 2024년 5월,2024-05-23,2024년 5월 경제전망보고서(Indigo Book).pdf,23,21,텍스트가 거의 없어 이미지형 페이지 여부 확인 필요
경제전망보고서 2024년 5월,2024-05-23,2024년 5월 경제전망보고서(Indigo Book).pdf,37,21,텍스트가 거의 없어 이미지형 페이지 여부 확인 필요
경제전망보고서 2024년 5월,2024-05-23,2024년 5월 경제전망보고서(Indigo Book).pdf,51,21,텍스트가 거의 없어 이미지형 페이지 여부 확인 필요
경제전망보고서 2024년 5월,2024-05-23,2024년 5월 경제전망보고서(Indigo Book).pdf,69,6,텍스트가 거의 없어 이미지형 페이지 여부 확인 필요
경제전망보고서 2024년 5월,2024-05-23,2024년 5월 경제전망보고서(Indigo Book).pdf,31,불명,PDF 표 캡션 감지: 표의 행·열·수치 구조는 원본 페이지와 대조 필요
경제전망보고서 2024년 5월,2024-05-23,2024년 5월 경제전망보고서(Indigo Book).pdf,41,불명,PDF 표 캡션 감지: 표의 행·열·수치 구조는 원본 페이지와 대조 필요
경제전망보고서 2024년 5월,2024-05-23,2024년 5월 경제전망보고서(Indigo Book).pdf,87,불명,PDF 표 캡션 감지: 표의 행·열·수치 구조는 원본 페이지와 대조 필요
경제전망보고서 2024년 5월,2024-05-23,2024년 5월 경제전망보고서(Indigo Book).pdf,88,불명,PDF 표 캡션 감지: 표의 행·열·수치 구조는 원본 페이지와 대조 필요
경제전망보고서 2024년 5월,2024-05-23,2024년 5월 경제전망보고서(Indigo Book).pdf,92,불명,PDF 표 캡션 감지: 표의 행·열·수치 구조는 원본 페이지와 대조 필요
경제전망보고서 2024년 5월,2024-05-23,2024년 5월 경제전망보고서(Indigo Book).pdf,94,불명,PDF 표 캡션 감지: 표의 행·열·수치 구조는 원본 페이지와 대조 필요
경제전망보고서 2024년 5월,2024-05-23,2024년 5월 경제전망보고서(Indigo Book).pdf,95,불명,PDF 표 캡션 감지: 표의 행·열·수치 구조는 원본 페이지와 대조 필요
경제전망보고서 2024년 8월,2024-08-22,2024년 8월 경제전망보고서(Indigo Book)_241029ff.pdf,37,21,텍스트가 거의 없어 이미지형 페이지 여부 확인 필요
경제전망보고서 2024년 8월,2024-08-22,2024년 8월 경제전망보고서(Indigo Book)_241029ff.pdf,61,18,텍스트가 거의 없어 이미지형 페이지 여부 확인 필요
경제전망보고서 2024년 8월,2024-08-22,2024년 8월 경제전망보고서(Indigo Book)_241029ff.pdf,41,불명,PDF 표 캡션 감지: 표의 행·열·수치 구조는 원본 페이지와 대조 필요
경제전망보고서 2024년 11월,2024-11-28,2024년 11월 경제전망보고서(Indigo Book)_FFFFF.pdf,3,0,텍스트가 거의 없어 이미지형 페이지 여부 확인 필요
경제전망보고서 2024년 11월,2024-11-28,2024년 11월 경제전망보고서(Indigo Book)_FFFFF.pdf,11,3,텍스트가 거의 없어 이미지형 페이지 여부 확인 필요
경제전망보고서 2024년 11월,2024-11-28,2024년 11월 경제전망보고서(Indigo Book)_FFFFF.pdf,49,3,텍스트가 거의 없어 이미지형 페이지 여부 확인 필요
경제전망보고서 2024년 11월,2024-11-28,2024년 11월 경제전망보고서(Indigo Book)_FFFFF.pdf,77,6,텍스트가 거의 없어 이미지형 페이지 여부 확인 필요
경제전망보고서 2024년 11월,2024-11-28,2024년 11월 경제전망보고서(Indigo Book)_FFFFF.pdf,110,0,텍스트가 거의 없어 이미지형 페이지 여부 확인 필요
경제전망보고서 2024년 11월,2024-11-28,2024년 11월 경제전망보고서(Indigo Book)_FFFFF.pdf,21,불명,PDF 표 캡션 감지: 표의 행·열·수치 구조는 원본 페이지와 대조 필요
경제전망보고서 2024년 11월,2024-11-28,2024년 11월 경제전망보고서(Indigo Book)_FFFFF.pdf,46,불명,PDF 표 캡션 감지: 표의 행·열·수치 구조는 원본 페이지와 대조 필요
경제전망보고서 2024년 11월,2024-11-28,2024년 11월 경제전망보고서(Indigo Book)_FFFFF.pdf,47,불명,PDF 표 캡션 감지: 표의 행·열·수치 구조는 원본 페이지와 대조 필요
경제전망보고서 2024년 11월,2024-11-28,2024년 11월 경제전망보고서(Indigo Book)_FFFFF.pdf,48,불명,PDF 표 캡션 감지: 표의 행·열·수치 구조는 원본 페이지와 대조 필요
경제전망보고서 2024년 11월,2024-11-28,2024년 11월 경제전망보고서(Indigo Book)_FFFFF.pdf,48,불명,PDF 표 캡션 감지: 표의 행·열·수치 구조는 원본 페이지와 대조 필요
경제전망보고서 2024년 11월,2024-11-28,2024년 11월 경제전망보고서(Indigo Book)_FFFFF.pdf,48,불명,PDF 표 캡션 감지: 표의 행·열·수치 구조는 원본 페이지와 대조 필요
경제전망보고서 2024년 11월,2024-11-28,2024년 11월 경제전망보고서(Indigo Book)_FFFFF.pdf,48,불명,PDF 표 캡션 감지: 표의 행·열·수치 구조는 원본 페이지와 대조 필요
경제전망보고서 2024년 11월,2024-11-28,2024년 11월 경제전망보고서(Indigo Book)_FFFFF.pdf,81,불명,PDF 표 캡션 감지: 표의 행·열·수치 구조는 원본 페이지와 대조 필요
경제전망보고서 2024년 11월,2024-11-28,2024년 11월 경제전망보고서(Indigo Book)_FFFFF.pdf,81,불명,PDF 표 캡션 감지: 표의 행·열·수치 구조는 원본 페이지와 대조 필요
경제전망보고서 2024년 11월,2024-11-28,2024년 11월 경제전망보고서(Indigo Book)_FFFFF.pdf,84,불명,PDF 표 캡션 감지: 표의 행·열·수치 구조는 원본 페이지와 대조 필요
경제전망보고서 2024년 11월,2024-11-28,2024년 11월 경제전망보고서(Indigo Book)_FFFFF.pdf,87,불명,PDF 표 캡션 감지: 표의 행·열·수치 구조는 원본 페이지와 대조 필요
경제전망보고서 2024년 11월,2024-11-28,2024년 11월 경제전망보고서(Indigo Book)_FFFFF.pdf,92,불명,PDF 표 캡션 감지: 표의 행·열·수치 구조는 원본 페이지와 대조 필요
경제전망보고서 2025년 2월,2025-02-25,2025년 2월 경제전망보고서(Indigo Book)_FFFF.pdf,3,0,텍스트가 거의 없어 이미지형 페이지 여부 확인 필요
경제전망보고서 2025년 2월,2025-02-25,2025년 2월 경제전망보고서(Indigo Book)_FFFF.pdf,11,3,텍스트가 거의 없어 이미지형 페이지 여부 확인 필요
경제전망보고서 2025년 2월,2025-02-25,2025년 2월 경제전망보고서(Indigo Book)_FFFF.pdf,29,3,텍스트가 거의 없어 이미지형 페이지 여부 확인 필요
경제전망보고서 2025년 2월,2025-02-25,2025년 2월 경제전망보고서(Indigo Book)_FFFF.pdf,47,불명,PDF 표 캡션 감지: 표의 행·열·수치 구조는 원본 페이지와 대조 필요
경제전망보고서 2025년 5월,2025-05-29,2025년 5월 경제전망보고서(Indigo Book)_FFF.pdf,3,0,텍스트가 거의 없어 이미지형 페이지 여부 확인 필요
경제전망보고서 2025년 5월,2025-05-29,2025년 5월 경제전망보고서(Indigo Book)_FFF.pdf,5,3,텍스트가 거의 없어 이미지형 페이지 여부 확인 필요
경제전망보고서 2025년 5월,2025-05-29,2025년 5월 경제전망보고서(Indigo Book)_FFF.pdf,45,3,텍스트가 거의 없어 이미지형 페이지 여부 확인 필요
경제전망보고서 2025년 5월,2025-05-29,2025년 5월 경제전망보고서(Indigo Book)_FFF.pdf,57,6,텍스트가 거의 없어 이미지형 페이지 여부 확인 필요
경제전망보고서 2025년 5월,2025-05-29,2025년 5월 경제전망보고서(Indigo Book)_FFF.pdf,49,불명,PDF 표 캡션 감지: 표의 행·열·수치 구조는 원본 페이지와 대조 필요
경제전망보고서 2025년 5월,2025-05-29,2025년 5월 경제전망보고서(Indigo Book)_FFF.pdf,49,불명,PDF 표 캡션 감지: 표의 행·열·수치 구조는 원본 페이지와 대조 필요
경제전망보고서 2025년 5월,2025-05-29,2025년 5월 경제전망보고서(Indigo Book)_FFF.pdf,49,불명,PDF 표 캡션 감지: 표의 행·열·수치 구조는 원본 페이지와 대조 필요
경제전망보고서 2025년 5월,2025-05-29,2025년 5월 경제전망보고서(Indigo Book)_FFF.pdf,80,불명,PDF 표 캡션 감지: 표의 행·열·수치 구조는 원본 페이지와 대조 필요
경제전망보고서 2025년 5월,2025-05-29,2025년 5월 경제전망보고서(Indigo Book)_FFF.pdf,82,불명,PDF 표 캡션 감지: 표의 행·열·수치 구조는 원본 페이지와 대조 필요
경제전망보고서 2025년 5월,2025-05-29,2025년 5월 경제전망보고서(Indigo Book)_FFF.pdf,83,불명,PDF 표 캡션 감지: 표의 행·열·수치 구조는 원본 페이지와 대조 필요
경제전망보고서 2025년 5월,2025-05-29,2025년 5월 경제전망보고서(Indigo Book)_FFF.pdf,87,불명,PDF 표 캡션 감지: 표의 행·열·수치 구조는 원본 페이지와 대조 필요
경제전망보고서 2025년 5월,2025-05-29,2025년 5월 경제전망보고서(Indigo Book)_FFF.pdf,88,불명,PDF 표 캡션 감지: 표의 행·열·수치 구조는 원본 페이지와 대조 필요
경제전망보고서 2025년 5월,2025-05-29,2025년 5월 경제전망보고서(Indigo Book)_FFF.pdf,89,불명,PDF 표 캡션 감지: 표의 행·열·수치 구조는 원본 페이지와 대조 필요
경제전망보고서 2025년 5월,2025-05-29,2025년 5월 경제전망보고서(Indigo Book)_FFF.pdf,92,불명,PDF 표 캡션 감지: 표의 행·열·수치 구조는 원본 페이지와 대조 필요
경제전망보고서 2025년 5월,2025-05-29,2025년 5월 경제전망보고서(Indigo Book)_FFF.pdf,94,불명,PDF 표 캡션 감지: 표의 행·열·수치 구조는 원본 페이지와 대조 필요
경제전망보고서 2025년 5월,2025-05-29,2025년 5월 경제전망보고서(Indigo Book)_FFF.pdf,95,불명,PDF 표 캡션 감지: 표의 행·열·수치 구조는 원본 페이지와 대조 필요
경제전망보고서 2025년 5월,2025-05-29,2025년 5월 경제전망보고서(Indigo Book)_FFF.pdf,96,불명,PDF 표 캡션 감지: 표의 행·열·수치 구조는 원본 페이지와 대조 필요
경제전망보고서 2025년 5월,2025-05-29,2025년 5월 경제전망보고서(Indigo Book)_FFF.pdf,96,불명,PDF 표 캡션 감지: 표의 행·열·수치 구조는 원본 페이지와 대조 필요
경제전망보고서 2025년 5월,2025-05-29,2025년 5월 경제전망보고서(Indigo Book)_FFF.pdf,97,불명,PDF 표 캡션 감지: 표의 행·열·수치 구조는 원본 페이지와 대조 필요
경제전망보고서 2025년 5월,2025-05-29,2025년 5월 경제전망보고서(Indigo Book)_FFF.pdf,97,불명,PDF 표 캡션 감지: 표의 행·열·수치 구조는 원본 페이지와 대조 필요
경제전망보고서 2025년 8월,2025-08-28,2025년 8월 경제전망보고서(Indigo Book)_fff.pdf,3,0,텍스트가 거의 없어 이미지형 페이지 여부 확인 필요
경제전망보고서 2025년 8월,2025-08-28,2025년 8월 경제전망보고서(Indigo Book)_fff.pdf,12,3,텍스트가 거의 없어 이미지형 페이지 여부 확인 필요
경제전망보고서 2025년 8월,2025-08-28,2025년 8월 경제전망보고서(Indigo Book)_fff.pdf,32,3,텍스트가 거의 없어 이미지형 페이지 여부 확인 필요
경제전망보고서 2025년 8월,2025-08-28,2025년 8월 경제전망보고서(Indigo Book)_fff.pdf,50,3,텍스트가 거의 없어 이미지형 페이지 여부 확인 필요
경제전망보고서 2025년 8월,2025-08-28,2025년 8월 경제전망보고서(Indigo Book)_fff.pdf,72,3,텍스트가 거의 없어 이미지형 페이지 여부 확인 필요
경제전망보고서 2025년 8월,2025-08-28,2025년 8월 경제전망보고서(Indigo Book)_fff.pdf,54,불명,PDF 표 캡션 감지: 표의 행·열·수치 구조는 원본 페이지와 대조 필요
경제전망보고서 2025년 8월,2025-08-28,2025년 8월 경제전망보고서(Indigo Book)_fff.pdf,54,불명,PDF 표 캡션 감지: 표의 행·열·수치 구조는 원본 페이지와 대조 필요
경제전망보고서 2025년 8월,2025-08-28,2025년 8월 경제전망보고서(Indigo Book)_fff.pdf,54,불명,PDF 표 캡션 감지: 표의 행·열·수치 구조는 원본 페이지와 대조 필요
경제전망보고서 2025년 11월,2025-11-27,2025년 11월 경제전망보고서(Indigo Book)_F4.pdf,12,0,텍스트가 거의 없어 이미지형 페이지 여부 확인 필요
경제전망보고서 2025년 11월,2025-11-27,2025년 11월 경제전망보고서(Indigo Book)_F4.pdf,32,3,텍스트가 거의 없어 이미지형 페이지 여부 확인 필요
경제전망보고서 2025년 11월,2025-11-27,2025년 11월 경제전망보고서(Indigo Book)_F4.pdf,74,3,텍스트가 거의 없어 이미지형 페이지 여부 확인 필요
경제전망보고서 2025년 11월,2025-11-27,2025년 11월 경제전망보고서(Indigo Book)_F4.pdf,88,3,텍스트가 거의 없어 이미지형 페이지 여부 확인 필요
경제전망보고서 2025년 11월,2025-11-27,2025년 11월 경제전망보고서(Indigo Book)_F4.pdf,56,불명,PDF 표 캡션 감지: 표의 행·열·수치 구조는 원본 페이지와 대조 필요
경제전망보고서 2025년 11월,2025-11-27,2025년 11월 경제전망보고서(Indigo Book)_F4.pdf,56,불명,PDF 표 캡션 감지: 표의 행·열·수치 구조는 원본 페이지와 대조 필요
경제전망보고서 2025년 11월,2025-11-27,2025년 11월 경제전망보고서(Indigo Book)_F4.pdf,100,불명,PDF 표 캡션 감지: 표의 행·열·수치 구조는 원본 페이지와 대조 필요
경제전망보고서 2025년 11월,2025-11-27,2025년 11월 경제전망보고서(Indigo Book)_F4.pdf,102,불명,PDF 표 캡션 감지: 표의 행·열·수치 구조는 원본 페이지와 대조 필요
경제전망보고서 2025년 11월,2025-11-27,2025년 11월 경제전망보고서(Indigo Book)_F4.pdf,123,불명,PDF 표 캡션 감지: 표의 행·열·수치 구조는 원본 페이지와 대조 필요
경제전망보고서 2025년 11월,2025-11-27,2025년 11월 경제전망보고서(Indigo Book)_F4.pdf,125,불명,PDF 표 캡션 감지: 표의 행·열·수치 구조는 원본 페이지와 대조 필요
경제전망보고서 2026년 2월,2026-02-26,2026년 2월 경제전망보고서(Indigo Book)_FFF.pdf,2,0,텍스트가 거의 없어 이미지형 페이지 여부 확인 필요
경제전망보고서 2026년 2월,2026-02-26,2026년 2월 경제전망보고서(Indigo Book)_FFF.pdf,4,0,텍스트가 거의 없어 이미지형 페이지 여부 확인 필요
경제전망보고서 2026년 2월,2026-02-26,2026년 2월 경제전망보고서(Indigo Book)_FFF.pdf,6,0,텍스트가 거의 없어 이미지형 페이지 여부 확인 필요
경제전망보고서 2026년 2월,2026-02-26,2026년 2월 경제전망보고서(Indigo Book)_FFF.pdf,52,2,텍스트가 거의 없어 이미지형 페이지 여부 확인 필요
경제전망보고서 2026년 2월,2026-02-26,2026년 2월 경제전망보고서(Indigo Book)_FFF.pdf,56,2,텍스트가 거의 없어 이미지형 페이지 여부 확인 필요
경제전망보고서 2026년 2월,2026-02-26,2026년 2월 경제전망보고서(Indigo Book)_FFF.pdf,74,2,텍스트가 거의 없어 이미지형 페이지 여부 확인 필요
경제전망보고서 2026년 2월,2026-02-26,2026년 2월 경제전망보고서(Indigo Book)_FFF.pdf,55,불명,PDF 표 캡션 감지: 표의 행·열·수치 구조는 원본 페이지와 대조 필요
경제전망보고서 2026년 2월,2026-02-26,2026년 2월 경제전망보고서(Indigo Book)_FFF.pdf,55,불명,PDF 표 캡션 감지: 표의 행·열·수치 구조는 원본 페이지와 대조 필요
경제전망보고서 2026년 5월,2026-05-28,2026년 5월 경제전망보고서(Indigo Book)_F4.pdf,2,0,텍스트가 거의 없어 이미지형 페이지 여부 확인 필요
경제전망보고서 2026년 5월,2026-05-28,2026년 5월 경제전망보고서(Indigo Book)_F4.pdf,6,0,텍스트가 거의 없어 이미지형 페이지 여부 확인 필요
경제전망보고서 2026년 5월,2026-05-28,2026년 5월 경제전망보고서(Indigo Book)_F4.pdf,17,18,텍스트가 거의 없어 이미지형 페이지 여부 확인 필요; 이미지 객체가 있으나 캡션 텍스트를 찾지 못함
경제전망보고서 2026년 5월,2026-05-28,2026년 5월 경제전망보고서(Indigo Book)_F4.pdf,38,2,텍스트가 거의 없어 이미지형 페이지 여부 확인 필요
경제전망보고서 2026년 5월,2026-05-28,2026년 5월 경제전망보고서(Indigo Book)_F4.pdf,39,18,텍스트가 거의 없어 이미지형 페이지 여부 확인 필요; 이미지 객체가 있으나 캡션 텍스트를 찾지 못함
경제전망보고서 2026년 5월,2026-05-28,2026년 5월 경제전망보고서(Indigo Book)_F4.pdf,59,18,텍스트가 거의 없어 이미지형 페이지 여부 확인 필요; 이미지 객체가 있으나 캡션 텍스트를 찾지 못함
경제전망보고서 2026년 5월,2026-05-28,2026년 5월 경제전망보고서(Indigo Book)_F4.pdf,64,2,텍스트가 거의 없어 이미지형 페이지 여부 확인 필요
경제전망보고서 2026년 5월,2026-05-28,2026년 5월 경제전망보고서(Indigo Book)_F4.pdf,74,2,텍스트가 거의 없어 이미지형 페이지 여부 확인 필요
경제전망보고서 2026년 5월,2026-05-28,2026년 5월 경제전망보고서(Indigo Book)_F4.pdf,62,불명,PDF 표 캡션 감지: 표의 행·열·수치 구조는 원본 페이지와 대조 필요
경제전망보고서 2026년 5월,2026-05-28,2026년 5월 경제전망보고서(Indigo Book)_F4.pdf,63,불명,PDF 표 캡션 감지: 표의 행·열·수치 구조는 원본 페이지와 대조 필요
경제전망보고서 2026년 5월,2026-05-28,2026년 5월 경제전망보고서(Indigo Book)_F4.pdf,108,불명,PDF 표 캡션 감지: 표의 행·열·수치 구조는 원본 페이지와 대조 필요
경제전망보고서 2026년 5월,2026-05-28,2026년 5월 경제전망보고서(Indigo Book)_F4.pdf,120,불명,PDF 표 캡션 감지: 표의 행·열·수치 구조는 원본 페이지와 대조 필요
경제전망보고서 2026년 5월,2026-05-28,2026년 5월 경제전망보고서(Indigo Book)_F4.pdf,130,불명,PDF 표 캡션 감지: 표의 행·열·수치 구조는 원본 페이지와 대조 필요
경제전망보고서 2026년 5월,2026-05-28,2026년 5월 경제전망보고서(Indigo Book)_F4.pdf,131,불명,PDF 표 캡션 감지: 표의 행·열·수치 구조는 원본 페이지와 대조 필요
경제전망보고서 2026년 8월,2026-08-27,2026년 8월 경제전망보고서_FF.pdf,2,0,텍스트가 거의 없어 이미지형 페이지 여부 확인 필요
경제전망보고서 2026년 8월,2026-08-27,2026년 8월 경제전망보고서_FF.pdf,4,0,텍스트가 거의 없어 이미지형 페이지 여부 확인 필요
경제전망보고서 2026년 8월,2026-08-27,2026년 8월 경제전망보고서_FF.pdf,6,0,텍스트가 거의 없어 이미지형 페이지 여부 확인 필요
경제전망보고서 2026년 8월,2026-08-27,2026년 8월 경제전망보고서_FF.pdf,40,2,텍스트가 거의 없어 이미지형 페이지 여부 확인 필요
경제전망보고서 2026년 8월,2026-08-27,2026년 8월 경제전망보고서_FF.pdf,67,2,텍스트가 거의 없어 이미지형 페이지 여부 확인 필요
경제전망보고서 2026년 8월,2026-08-27,2026년 8월 경제전망보고서_FF.pdf,44,불명,PDF 표 캡션 감지: 표의 행·열·수치 구조는 원본 페이지와 대조 필요
경제전망보고서 2026년 8월,2026-08-27,2026년 8월 경제전망보고서_FF.pdf,45,불명,PDF 표 캡션 감지: 표의 행·열·수치 구조는 원본 페이지와 대조 필요
지급결제보고서 2023년도,2024-04-15,2023년도 지급결제보고서(2024년 4월).pdf,2,0,텍스트가 거의 없어 이미지형 페이지 여부 확인 필요
지급결제보고서 2023년도,2024-04-15,2023년도 지급결제보고서(2024년 4월).pdf,3,20,텍스트가 거의 없어 이미지형 페이지 여부 확인 필요; 이미지 객체가 있으나 캡션 텍스트를 찾지 못함
지급결제보고서 2023년도,2024-04-15,2023년도 지급결제보고서(2024년 4월).pdf,4,0,텍스트가 거의 없어 이미지형 페이지 여부 확인 필요
지급결제보고서 2023년도,2024-04-15,2023년도 지급결제보고서(2024년 4월).pdf,22,0,텍스트가 거의 없어 이미지형 페이지 여부 확인 필요
지급결제보고서 2023년도,2024-04-15,2023년도 지급결제보고서(2024년 4월).pdf,38,0,텍스트가 거의 없어 이미지형 페이지 여부 확인 필요
지급결제보고서 2023년도,2024-04-15,2023년도 지급결제보고서(2024년 4월).pdf,48,0,텍스트가 거의 없어 이미지형 페이지 여부 확인 필요
지급결제보고서 2023년도,2024-04-15,2023년도 지급결제보고서(2024년 4월).pdf,50,0,텍스트가 거의 없어 이미지형 페이지 여부 확인 필요
지급결제보고서 2023년도,2024-04-15,2023년도 지급결제보고서(2024년 4월).pdf,68,0,텍스트가 거의 없어 이미지형 페이지 여부 확인 필요
지급결제보고서 2023년도,2024-04-15,2023년도 지급결제보고서(2024년 4월).pdf,86,0,텍스트가 거의 없어 이미지형 페이지 여부 확인 필요
지급결제보고서 2023년도,2024-04-15,2023년도 지급결제보고서(2024년 4월).pdf,102,0,텍스트가 거의 없어 이미지형 페이지 여부 확인 필요
지급결제보고서 2023년도,2024-04-15,2023년도 지급결제보고서(2024년 4월).pdf,9,불명,PDF 표 캡션 감지: 표의 행·열·수치 구조는 원본 페이지와 대조 필요
지급결제보고서 2023년도,2024-04-15,2023년도 지급결제보고서(2024년 4월).pdf,9,불명,PDF 표 캡션 감지: 표의 행·열·수치 구조는 원본 페이지와 대조 필요
지급결제보고서 2023년도,2024-04-15,2023년도 지급결제보고서(2024년 4월).pdf,9,불명,PDF 표 캡션 감지: 표의 행·열·수치 구조는 원본 페이지와 대조 필요
지급결제보고서 2023년도,2024-04-15,2023년도 지급결제보고서(2024년 4월).pdf,9,불명,PDF 표 캡션 감지: 표의 행·열·수치 구조는 원본 페이지와 대조 필요
지급결제보고서 2023년도,2024-04-15,2023년도 지급결제보고서(2024년 4월).pdf,9,불명,PDF 표 캡션 감지: 표의 행·열·수치 구조는 원본 페이지와 대조 필요
지급결제보고서 2023년도,2024-04-15,2023년도 지급결제보고서(2024년 4월).pdf,9,불명,PDF 표 캡션 감지: 표의 행·열·수치 구조는 원본 페이지와 대조 필요
지급결제보고서 2023년도,2024-04-15,2023년도 지급결제보고서(2024년 4월).pdf,9,불명,PDF 표 캡션 감지: 표의 행·열·수치 구조는 원본 페이지와 대조 필요
지급결제보고서 2023년도,2024-04-15,2023년도 지급결제보고서(2024년 4월).pdf,9,불명,PDF 표 캡션 감지: 표의 행·열·수치 구조는 원본 페이지와 대조 필요
지급결제보고서 2023년도,2024-04-15,2023년도 지급결제보고서(2024년 4월).pdf,9,불명,PDF 표 캡션 감지: 표의 행·열·수치 구조는 원본 페이지와 대조 필요
지급결제보고서 2023년도,2024-04-15,2023년도 지급결제보고서(2024년 4월).pdf,9,불명,PDF 표 캡션 감지: 표의 행·열·수치 구조는 원본 페이지와 대조 필요
지급결제보고서 2023년도,2024-04-15,2023년도 지급결제보고서(2024년 4월).pdf,9,불명,PDF 표 캡션 감지: 표의 행·열·수치 구조는 원본 페이지와 대조 필요
지급결제보고서 2023년도,2024-04-15,2023년도 지급결제보고서(2024년 4월).pdf,9,불명,PDF 표 캡션 감지: 표의 행·열·수치 구조는 원본 페이지와 대조 필요
지급결제보고서 2023년도,2024-04-15,2023년도 지급결제보고서(2024년 4월).pdf,9,불명,PDF 표 캡션 감지: 표의 행·열·수치 구조는 원본 페이지와 대조 필요
지급결제보고서 2023년도,2024-04-15,2023년도 지급결제보고서(2024년 4월).pdf,9,불명,PDF 표 캡션 감지: 표의 행·열·수치 구조는 원본 페이지와 대조 필요
지급결제보고서 2023년도,2024-04-15,2023년도 지급결제보고서(2024년 4월).pdf,9,불명,PDF 표 캡션 감지: 표의 행·열·수치 구조는 원본 페이지와 대조 필요
지급결제보고서 2023년도,2024-04-15,2023년도 지급결제보고서(2024년 4월).pdf,9,불명,PDF 표 캡션 감지: 표의 행·열·수치 구조는 원본 페이지와 대조 필요
지급결제보고서 2023년도,2024-04-15,2023년도 지급결제보고서(2024년 4월).pdf,9,불명,PDF 표 캡션 감지: 표의 행·열·수치 구조는 원본 페이지와 대조 필요
지급결제보고서 2023년도,2024-04-15,2023년도 지급결제보고서(2024년 4월).pdf,9,불명,PDF 표 캡션 감지: 표의 행·열·수치 구조는 원본 페이지와 대조 필요
지급결제보고서 2023년도,2024-04-15,2023년도 지급결제보고서(2024년 4월).pdf,9,불명,PDF 표 캡션 감지: 표의 행·열·수치 구조는 원본 페이지와 대조 필요
지급결제보고서 2023년도,2024-04-15,2023년도 지급결제보고서(2024년 4월).pdf,9,불명,PDF 표 캡션 감지: 표의 행·열·수치 구조는 원본 페이지와 대조 필요
지급결제보고서 2023년도,2024-04-15,2023년도 지급결제보고서(2024년 4월).pdf,23,불명,PDF 표 캡션 감지: 표의 행·열·수치 구조는 원본 페이지와 대조 필요
지급결제보고서 2023년도,2024-04-15,2023년도 지급결제보고서(2024년 4월).pdf,24,불명,PDF 표 캡션 감지: 표의 행·열·수치 구조는 원본 페이지와 대조 필요
지급결제보고서 2023년도,2024-04-15,2023년도 지급결제보고서(2024년 4월).pdf,25,불명,PDF 표 캡션 감지: 표의 행·열·수치 구조는 원본 페이지와 대조 필요
지급결제보고서 2023년도,2024-04-15,2023년도 지급결제보고서(2024년 4월).pdf,26,불명,PDF 표 캡션 감지: 표의 행·열·수치 구조는 원본 페이지와 대조 필요
지급결제보고서 2023년도,2024-04-15,2023년도 지급결제보고서(2024년 4월).pdf,26,불명,PDF 표 캡션 감지: 표의 행·열·수치 구조는 원본 페이지와 대조 필요
지급결제보고서 2023년도,2024-04-15,2023년도 지급결제보고서(2024년 4월).pdf,28,불명,PDF 표 캡션 감지: 표의 행·열·수치 구조는 원본 페이지와 대조 필요
지급결제보고서 2023년도,2024-04-15,2023년도 지급결제보고서(2024년 4월).pdf,29,불명,PDF 표 캡션 감지: 표의 행·열·수치 구조는 원본 페이지와 대조 필요
지급결제보고서 2023년도,2024-04-15,2023년도 지급결제보고서(2024년 4월).pdf,29,불명,PDF 표 캡션 감지: 표의 행·열·수치 구조는 원본 페이지와 대조 필요
지급결제보고서 2023년도,2024-04-15,2023년도 지급결제보고서(2024년 4월).pdf,30,불명,PDF 표 캡션 감지: 표의 행·열·수치 구조는 원본 페이지와 대조 필요
지급결제보고서 2023년도,2024-04-15,2023년도 지급결제보고서(2024년 4월).pdf,31,불명,PDF 표 캡션 감지: 표의 행·열·수치 구조는 원본 페이지와 대조 필요
지급결제보고서 2023년도,2024-04-15,2023년도 지급결제보고서(2024년 4월).pdf,31,불명,PDF 표 캡션 감지: 표의 행·열·수치 구조는 원본 페이지와 대조 필요
지급결제보고서 2023년도,2024-04-15,2023년도 지급결제보고서(2024년 4월).pdf,31,불명,PDF 표 캡션 감지: 표의 행·열·수치 구조는 원본 페이지와 대조 필요
지급결제보고서 2023년도,2024-04-15,2023년도 지급결제보고서(2024년 4월).pdf,40,불명,PDF 표 캡션 감지: 표의 행·열·수치 구조는 원본 페이지와 대조 필요
지급결제보고서 2023년도,2024-04-15,2023년도 지급결제보고서(2024년 4월).pdf,41,불명,PDF 표 캡션 감지: 표의 행·열·수치 구조는 원본 페이지와 대조 필요
지급결제보고서 2023년도,2024-04-15,2023년도 지급결제보고서(2024년 4월).pdf,52,불명,PDF 표 캡션 감지: 표의 행·열·수치 구조는 원본 페이지와 대조 필요
지급결제보고서 2023년도,2024-04-15,2023년도 지급결제보고서(2024년 4월).pdf,52,불명,PDF 표 캡션 감지: 표의 행·열·수치 구조는 원본 페이지와 대조 필요
지급결제보고서 2023년도,2024-04-15,2023년도 지급결제보고서(2024년 4월).pdf,57,불명,PDF 표 캡션 감지: 표의 행·열·수치 구조는 원본 페이지와 대조 필요
지급결제보고서 2023년도,2024-04-15,2023년도 지급결제보고서(2024년 4월).pdf,75,불명,PDF 표 캡션 감지: 표의 행·열·수치 구조는 원본 페이지와 대조 필요
지급결제보고서 2023년도,2024-04-15,2023년도 지급결제보고서(2024년 4월).pdf,78,불명,PDF 표 캡션 감지: 표의 행·열·수치 구조는 원본 페이지와 대조 필요
지급결제보고서 2023년도,2024-04-15,보충설명 (1).pdf,2,0,텍스트가 거의 없어 이미지형 페이지 여부 확인 필요
지급결제보고서 2024년도,2025-04-21,2024년도 지급결제보고서(2025년 4월).pdf,3,20,텍스트가 거의 없어 이미지형 페이지 여부 확인 필요; 이미지 객체가 있으나 캡션 텍스트를 찾지 못함
지급결제보고서 2024년도,2025-04-21,2024년도 지급결제보고서(2025년 4월).pdf,4,0,텍스트가 거의 없어 이미지형 페이지 여부 확인 필요
지급결제보고서 2024년도,2025-04-21,2024년도 지급결제보고서(2025년 4월).pdf,20,0,텍스트가 거의 없어 이미지형 페이지 여부 확인 필요
지급결제보고서 2024년도,2025-04-21,2024년도 지급결제보고서(2025년 4월).pdf,34,0,텍스트가 거의 없어 이미지형 페이지 여부 확인 필요
지급결제보고서 2024년도,2025-04-21,2024년도 지급결제보고서(2025년 4월).pdf,36,0,텍스트가 거의 없어 이미지형 페이지 여부 확인 필요
지급결제보고서 2024년도,2025-04-21,2024년도 지급결제보고서(2025년 4월).pdf,50,0,텍스트가 거의 없어 이미지형 페이지 여부 확인 필요
지급결제보고서 2024년도,2025-04-21,2024년도 지급결제보고서(2025년 4월).pdf,70,0,텍스트가 거의 없어 이미지형 페이지 여부 확인 필요
지급결제보고서 2024년도,2025-04-21,2024년도 지급결제보고서(2025년 4월).pdf,72,0,텍스트가 거의 없어 이미지형 페이지 여부 확인 필요
지급결제보고서 2024년도,2025-04-21,2024년도 지급결제보고서(2025년 4월).pdf,100,0,텍스트가 거의 없어 이미지형 페이지 여부 확인 필요
지급결제보고서 2024년도,2025-04-21,2024년도 지급결제보고서(2025년 4월).pdf,21,불명,PDF 표 캡션 감지: 표의 행·열·수치 구조는 원본 페이지와 대조 필요
지급결제보고서 2024년도,2025-04-21,2024년도 지급결제보고서(2025년 4월).pdf,22,불명,PDF 표 캡션 감지: 표의 행·열·수치 구조는 원본 페이지와 대조 필요
지급결제보고서 2024년도,2025-04-21,2024년도 지급결제보고서(2025년 4월).pdf,24,불명,PDF 표 캡션 감지: 표의 행·열·수치 구조는 원본 페이지와 대조 필요
지급결제보고서 2024년도,2025-04-21,2024년도 지급결제보고서(2025년 4월).pdf,24,불명,PDF 표 캡션 감지: 표의 행·열·수치 구조는 원본 페이지와 대조 필요
지급결제보고서 2024년도,2025-04-21,2024년도 지급결제보고서(2025년 4월).pdf,26,불명,PDF 표 캡션 감지: 표의 행·열·수치 구조는 원본 페이지와 대조 필요
지급결제보고서 2024년도,2025-04-21,2024년도 지급결제보고서(2025년 4월).pdf,27,불명,PDF 표 캡션 감지: 표의 행·열·수치 구조는 원본 페이지와 대조 필요
지급결제보고서 2024년도,2025-04-21,2024년도 지급결제보고서(2025년 4월).pdf,27,불명,PDF 표 캡션 감지: 표의 행·열·수치 구조는 원본 페이지와 대조 필요
지급결제보고서 2024년도,2025-04-21,2024년도 지급결제보고서(2025년 4월).pdf,28,불명,PDF 표 캡션 감지: 표의 행·열·수치 구조는 원본 페이지와 대조 필요
지급결제보고서 2024년도,2025-04-21,2024년도 지급결제보고서(2025년 4월).pdf,29,불명,PDF 표 캡션 감지: 표의 행·열·수치 구조는 원본 페이지와 대조 필요
지급결제보고서 2024년도,2025-04-21,2024년도 지급결제보고서(2025년 4월).pdf,29,불명,PDF 표 캡션 감지: 표의 행·열·수치 구조는 원본 페이지와 대조 필요
지급결제보고서 2024년도,2025-04-21,2024년도 지급결제보고서(2025년 4월).pdf,29,불명,PDF 표 캡션 감지: 표의 행·열·수치 구조는 원본 페이지와 대조 필요
지급결제보고서 2024년도,2025-04-21,2024년도 지급결제보고서(2025년 4월).pdf,37,불명,PDF 표 캡션 감지: 표의 행·열·수치 구조는 원본 페이지와 대조 필요
지급결제보고서 2024년도,2025-04-21,2024년도 지급결제보고서(2025년 4월).pdf,37,불명,PDF 표 캡션 감지: 표의 행·열·수치 구조는 원본 페이지와 대조 필요
지급결제보고서 2024년도,2025-04-21,2024년도 지급결제보고서(2025년 4월).pdf,51,불명,PDF 표 캡션 감지: 표의 행·열·수치 구조는 원본 페이지와 대조 필요
지급결제보고서 2024년도,2025-04-21,2024년도 지급결제보고서(2025년 4월).pdf,52,불명,PDF 표 캡션 감지: 표의 행·열·수치 구조는 원본 페이지와 대조 필요
지급결제보고서 2024년도,2025-04-21,2024년도 지급결제보고서(2025년 4월).pdf,55,불명,PDF 표 캡션 감지: 표의 행·열·수치 구조는 원본 페이지와 대조 필요
지급결제보고서 2024년도,2025-04-21,2024년도 지급결제보고서(2025년 4월).pdf,73,불명,PDF 표 캡션 감지: 표의 행·열·수치 구조는 원본 페이지와 대조 필요
지급결제보고서 2024년도,2025-04-21,2024년도 지급결제보고서(2025년 4월).pdf,74,불명,PDF 표 캡션 감지: 표의 행·열·수치 구조는 원본 페이지와 대조 필요
지급결제보고서 2024년도,2025-04-21,2024년도 지급결제보고서(2025년 4월).pdf,78,불명,PDF 표 캡션 감지: 표의 행·열·수치 구조는 원본 페이지와 대조 필요
지급결제보고서 2024년도,2025-04-21,2024년도 지급결제보고서(2025년 4월).pdf,117,불명,PDF 표 캡션 감지: 표의 행·열·수치 구조는 원본 페이지와 대조 필요
지급결제보고서 2024년도,2025-04-21,2024년도 지급결제보고서(2025년 4월).pdf,117,불명,PDF 표 캡션 감지: 표의 행·열·수치 구조는 원본 페이지와 대조 필요
지급결제보고서 2024년도,2025-04-21,2024년도 지급결제보고서(2025년 4월).pdf,117,불명,PDF 표 캡션 감지: 표의 행·열·수치 구조는 원본 페이지와 대조 필요
지급결제보고서 2024년도,2025-04-21,2024년도 지급결제보고서(2025년 4월).pdf,117,불명,PDF 표 캡션 감지: 표의 행·열·수치 구조는 원본 페이지와 대조 필요
지급결제보고서 2024년도,2025-04-21,2024년도 지급결제보고서(2025년 4월).pdf,117,불명,PDF 표 캡션 감지: 표의 행·열·수치 구조는 원본 페이지와 대조 필요
지급결제보고서 2024년도,2025-04-21,2024년도 지급결제보고서(2025년 4월).pdf,117,불명,PDF 표 캡션 감지: 표의 행·열·수치 구조는 원본 페이지와 대조 필요
지급결제보고서 2024년도,2025-04-21,2024년도 지급결제보고서(2025년 4월).pdf,117,불명,PDF 표 캡션 감지: 표의 행·열·수치 구조는 원본 페이지와 대조 필요
지급결제보고서 2024년도,2025-04-21,2024년도 지급결제보고서(2025년 4월).pdf,117,불명,PDF 표 캡션 감지: 표의 행·열·수치 구조는 원본 페이지와 대조 필요
지급결제보고서 2024년도,2025-04-21,2024년도 지급결제보고서(2025년 4월).pdf,117,불명,PDF 표 캡션 감지: 표의 행·열·수치 구조는 원본 페이지와 대조 필요
지급결제보고서 2024년도,2025-04-21,2024년도 지급결제보고서(2025년 4월).pdf,117,불명,PDF 표 캡션 감지: 표의 행·열·수치 구조는 원본 페이지와 대조 필요
지급결제보고서 2024년도,2025-04-21,2024년도 지급결제보고서(2025년 4월).pdf,117,불명,PDF 표 캡션 감지: 표의 행·열·수치 구조는 원본 페이지와 대조 필요
지급결제보고서 2024년도,2025-04-21,2024년도 지급결제보고서(2025년 4월).pdf,117,불명,PDF 표 캡션 감지: 표의 행·열·수치 구조는 원본 페이지와 대조 필요
지급결제보고서 2024년도,2025-04-21,2024년도 지급결제보고서(2025년 4월).pdf,117,불명,PDF 표 캡션 감지: 표의 행·열·수치 구조는 원본 페이지와 대조 필요
지급결제보고서 2024년도,2025-04-21,2024년도 지급결제보고서(2025년 4월).pdf,117,불명,PDF 표 캡션 감지: 표의 행·열·수치 구조는 원본 페이지와 대조 필요
지급결제보고서 2024년도,2025-04-21,2024년도 지급결제보고서(2025년 4월).pdf,117,불명,PDF 표 캡션 감지: 표의 행·열·수치 구조는 원본 페이지와 대조 필요
지급결제보고서 2024년도,2025-04-21,2024년도 지급결제보고서(2025년 4월).pdf,117,불명,PDF 표 캡션 감지: 표의 행·열·수치 구조는 원본 페이지와 대조 필요
지급결제보고서 2024년도,2025-04-21,2024년도 지급결제보고서(2025년 4월).pdf,117,불명,PDF 표 캡션 감지: 표의 행·열·수치 구조는 원본 페이지와 대조 필요
지급결제보고서 2024년도,2025-04-21,2024년도 지급결제보고서(2025년 4월).pdf,117,불명,PDF 표 캡션 감지: 표의 행·열·수치 구조는 원본 페이지와 대조 필요
지급결제보고서 2024년도,2025-04-21,2024년도 지급결제보고서(2025년 4월).pdf,117,불명,PDF 표 캡션 감지: 표의 행·열·수치 구조는 원본 페이지와 대조 필요
지급결제보고서 2024년도,2025-04-21,2024년도 지급결제보고서(2025년 4월).pdf,117,불명,PDF 표 캡션 감지: 표의 행·열·수치 구조는 원본 페이지와 대조 필요
지급결제보고서 2024년도,2025-04-21,2024년도 지급결제보고서(2025년 4월).pdf,117,불명,PDF 표 캡션 감지: 표의 행·열·수치 구조는 원본 페이지와 대조 필요
지급결제보고서 2025년도,2026-04-13,2025년도 지급결제보고서(2026년 4월).pdf,2,0,텍스트가 거의 없어 이미지형 페이지 여부 확인 필요
지급결제보고서 2025년도,2026-04-13,2025년도 지급결제보고서(2026년 4월).pdf,3,20,텍스트가 거의 없어 이미지형 페이지 여부 확인 필요; 이미지 객체가 있으나 캡션 텍스트를 찾지 못함
지급결제보고서 2025년도,2026-04-13,2025년도 지급결제보고서(2026년 4월).pdf,4,0,텍스트가 거의 없어 이미지형 페이지 여부 확인 필요
지급결제보고서 2025년도,2026-04-13,2025년도 지급결제보고서(2026년 4월).pdf,18,0,텍스트가 거의 없어 이미지형 페이지 여부 확인 필요
지급결제보고서 2025년도,2026-04-13,2025년도 지급결제보고서(2026년 4월).pdf,20,0,텍스트가 거의 없어 이미지형 페이지 여부 확인 필요
지급결제보고서 2025년도,2026-04-13,2025년도 지급결제보고서(2026년 4월).pdf,32,0,텍스트가 거의 없어 이미지형 페이지 여부 확인 필요
지급결제보고서 2025년도,2026-04-13,2025년도 지급결제보고서(2026년 4월).pdf,34,0,텍스트가 거의 없어 이미지형 페이지 여부 확인 필요
지급결제보고서 2025년도,2026-04-13,2025년도 지급결제보고서(2026년 4월).pdf,46,0,텍스트가 거의 없어 이미지형 페이지 여부 확인 필요
지급결제보고서 2025년도,2026-04-13,2025년도 지급결제보고서(2026년 4월).pdf,48,0,텍스트가 거의 없어 이미지형 페이지 여부 확인 필요
지급결제보고서 2025년도,2026-04-13,2025년도 지급결제보고서(2026년 4월).pdf,66,0,텍스트가 거의 없어 이미지형 페이지 여부 확인 필요
지급결제보고서 2025년도,2026-04-13,2025년도 지급결제보고서(2026년 4월).pdf,94,0,텍스트가 거의 없어 이미지형 페이지 여부 확인 필요
지급결제보고서 2025년도,2026-04-13,2025년도 지급결제보고서(2026년 4월).pdf,96,0,텍스트가 거의 없어 이미지형 페이지 여부 확인 필요
지급결제보고서 2025년도,2026-04-13,2025년도 지급결제보고서(2026년 4월).pdf,108,0,텍스트가 거의 없어 이미지형 페이지 여부 확인 필요
지급결제보고서 2025년도,2026-04-13,2025년도 지급결제보고서(2026년 4월).pdf,21,불명,PDF 표 캡션 감지: 표의 행·열·수치 구조는 원본 페이지와 대조 필요
지급결제보고서 2025년도,2026-04-13,2025년도 지급결제보고서(2026년 4월).pdf,22,불명,PDF 표 캡션 감지: 표의 행·열·수치 구조는 원본 페이지와 대조 필요
지급결제보고서 2025년도,2026-04-13,2025년도 지급결제보고서(2026년 4월).pdf,22,불명,PDF 표 캡션 감지: 표의 행·열·수치 구조는 원본 페이지와 대조 필요
지급결제보고서 2025년도,2026-04-13,2025년도 지급결제보고서(2026년 4월).pdf,24,불명,PDF 표 캡션 감지: 표의 행·열·수치 구조는 원본 페이지와 대조 필요
지급결제보고서 2025년도,2026-04-13,2025년도 지급결제보고서(2026년 4월).pdf,25,불명,PDF 표 캡션 감지: 표의 행·열·수치 구조는 원본 페이지와 대조 필요
지급결제보고서 2025년도,2026-04-13,2025년도 지급결제보고서(2026년 4월).pdf,26,불명,PDF 표 캡션 감지: 표의 행·열·수치 구조는 원본 페이지와 대조 필요
지급결제보고서 2025년도,2026-04-13,2025년도 지급결제보고서(2026년 4월).pdf,27,불명,PDF 표 캡션 감지: 표의 행·열·수치 구조는 원본 페이지와 대조 필요
지급결제보고서 2025년도,2026-04-13,2025년도 지급결제보고서(2026년 4월).pdf,27,불명,PDF 표 캡션 감지: 표의 행·열·수치 구조는 원본 페이지와 대조 필요
지급결제보고서 2025년도,2026-04-13,2025년도 지급결제보고서(2026년 4월).pdf,28,불명,PDF 표 캡션 감지: 표의 행·열·수치 구조는 원본 페이지와 대조 필요
지급결제보고서 2025년도,2026-04-13,2025년도 지급결제보고서(2026년 4월).pdf,29,불명,PDF 표 캡션 감지: 표의 행·열·수치 구조는 원본 페이지와 대조 필요
지급결제보고서 2025년도,2026-04-13,2025년도 지급결제보고서(2026년 4월).pdf,29,불명,PDF 표 캡션 감지: 표의 행·열·수치 구조는 원본 페이지와 대조 필요
지급결제보고서 2025년도,2026-04-13,2025년도 지급결제보고서(2026년 4월).pdf,29,불명,PDF 표 캡션 감지: 표의 행·열·수치 구조는 원본 페이지와 대조 필요
지급결제보고서 2025년도,2026-04-13,2025년도 지급결제보고서(2026년 4월).pdf,35,불명,PDF 표 캡션 감지: 표의 행·열·수치 구조는 원본 페이지와 대조 필요
지급결제보고서 2025년도,2026-04-13,2025년도 지급결제보고서(2026년 4월).pdf,36,불명,PDF 표 캡션 감지: 표의 행·열·수치 구조는 원본 페이지와 대조 필요
지급결제보고서 2025년도,2026-04-13,2025년도 지급결제보고서(2026년 4월).pdf,38,불명,PDF 표 캡션 감지: 표의 행·열·수치 구조는 원본 페이지와 대조 필요
지급결제보고서 2025년도,2026-04-13,2025년도 지급결제보고서(2026년 4월).pdf,51,불명,PDF 표 캡션 감지: 표의 행·열·수치 구조는 원본 페이지와 대조 필요
지급결제보고서 2025년도,2026-04-13,2025년도 지급결제보고서(2026년 4월).pdf,52,불명,PDF 표 캡션 감지: 표의 행·열·수치 구조는 원본 페이지와 대조 필요
지급결제보고서 2025년도,2026-04-13,2025년도 지급결제보고서(2026년 4월).pdf,58,불명,PDF 표 캡션 감지: 표의 행·열·수치 구조는 원본 페이지와 대조 필요
지급결제보고서 2025년도,2026-04-13,2025년도 지급결제보고서(2026년 4월).pdf,68,불명,PDF 표 캡션 감지: 표의 행·열·수치 구조는 원본 페이지와 대조 필요
지급결제보고서 2025년도,2026-04-13,2025년도 지급결제보고서(2026년 4월).pdf,121,불명,PDF 표 캡션 감지: 표의 행·열·수치 구조는 원본 페이지와 대조 필요
지급결제보고서 2025년도,2026-04-13,2025년도 지급결제보고서(2026년 4월).pdf,121,불명,PDF 표 캡션 감지: 표의 행·열·수치 구조는 원본 페이지와 대조 필요
지급결제보고서 2025년도,2026-04-13,2025년도 지급결제보고서(2026년 4월).pdf,121,불명,PDF 표 캡션 감지: 표의 행·열·수치 구조는 원본 페이지와 대조 필요
지급결제보고서 2025년도,2026-04-13,2025년도 지급결제보고서(2026년 4월).pdf,121,불명,PDF 표 캡션 감지: 표의 행·열·수치 구조는 원본 페이지와 대조 필요
지급결제보고서 2025년도,2026-04-13,2025년도 지급결제보고서(2026년 4월).pdf,121,불명,PDF 표 캡션 감지: 표의 행·열·수치 구조는 원본 페이지와 대조 필요
지급결제보고서 2025년도,2026-04-13,2025년도 지급결제보고서(2026년 4월).pdf,121,불명,PDF 표 캡션 감지: 표의 행·열·수치 구조는 원본 페이지와 대조 필요
지급결제보고서 2025년도,2026-04-13,2025년도 지급결제보고서(2026년 4월).pdf,121,불명,PDF 표 캡션 감지: 표의 행·열·수치 구조는 원본 페이지와 대조 필요
지급결제보고서 2025년도,2026-04-13,2025년도 지급결제보고서(2026년 4월).pdf,121,불명,PDF 표 캡션 감지: 표의 행·열·수치 구조는 원본 페이지와 대조 필요
지급결제보고서 2025년도,2026-04-13,2025년도 지급결제보고서(2026년 4월).pdf,121,불명,PDF 표 캡션 감지: 표의 행·열·수치 구조는 원본 페이지와 대조 필요
지급결제보고서 2025년도,2026-04-13,2025년도 지급결제보고서(2026년 4월).pdf,121,불명,PDF 표 캡션 감지: 표의 행·열·수치 구조는 원본 페이지와 대조 필요
지급결제보고서 2025년도,2026-04-13,2025년도 지급결제보고서(2026년 4월).pdf,121,불명,PDF 표 캡션 감지: 표의 행·열·수치 구조는 원본 페이지와 대조 필요
지급결제보고서 2025년도,2026-04-13,2025년도 지급결제보고서(2026년 4월).pdf,121,불명,PDF 표 캡션 감지: 표의 행·열·수치 구조는 원본 페이지와 대조 필요
지급결제보고서 2025년도,2026-04-13,2025년도 지급결제보고서(2026년 4월).pdf,121,불명,PDF 표 캡션 감지: 표의 행·열·수치 구조는 원본 페이지와 대조 필요
지급결제보고서 2025년도,2026-04-13,2025년도 지급결제보고서(2026년 4월).pdf,121,불명,PDF 표 캡션 감지: 표의 행·열·수치 구조는 원본 페이지와 대조 필요
지급결제보고서 2025년도,2026-04-13,2025년도 지급결제보고서(2026년 4월).pdf,121,불명,PDF 표 캡션 감지: 표의 행·열·수치 구조는 원본 페이지와 대조 필요
지급결제보고서 2025년도,2026-04-13,2025년도 지급결제보고서(2026년 4월).pdf,121,불명,PDF 표 캡션 감지: 표의 행·열·수치 구조는 원본 페이지와 대조 필요
지급결제보고서 2025년도,2026-04-13,2025년도 지급결제보고서(2026년 4월).pdf,121,불명,PDF 표 캡션 감지: 표의 행·열·수치 구조는 원본 페이지와 대조 필요
지급결제보고서 2025년도,2026-04-13,2025년도 지급결제보고서(2026년 4월).pdf,121,불명,PDF 표 캡션 감지: 표의 행·열·수치 구조는 원본 페이지와 대조 필요
지급결제보고서 2025년도,2026-04-13,2025년도 지급결제보고서(2026년 4월).pdf,121,불명,PDF 표 캡션 감지: 표의 행·열·수치 구조는 원본 페이지와 대조 필요
지급결제보고서 2025년도,2026-04-13,보충설명.pdf,2,0,텍스트가 거의 없어 이미지형 페이지 여부 확인 필요
연차보고서 2023년도,2024-03-29,(붙임2) 2023년도 연차보고서.pdf,2,0,텍스트가 거의 없어 이미지형 페이지 여부 확인 필요
연차보고서 2023년도,2024-03-29,(붙임2) 2023년도 연차보고서.pdf,3,0,텍스트가 거의 없어 이미지형 페이지 여부 확인 필요
연차보고서 2023년도,2024-03-29,(붙임2) 2023년도 연차보고서.pdf,7,0,텍스트가 거의 없어 이미지형 페이지 여부 확인 필요
연차보고서 2023년도,2024-03-29,(붙임2) 2023년도 연차보고서.pdf,8,0,텍스트가 거의 없어 이미지형 페이지 여부 확인 필요
연차보고서 2023년도,2024-03-29,(붙임2) 2023년도 연차보고서.pdf,16,0,텍스트가 거의 없어 이미지형 페이지 여부 확인 필요
연차보고서 2023년도,2024-03-29,(붙임2) 2023년도 연차보고서.pdf,18,0,텍스트가 거의 없어 이미지형 페이지 여부 확인 필요
연차보고서 2023년도,2024-03-29,(붙임2) 2023년도 연차보고서.pdf,40,0,텍스트가 거의 없어 이미지형 페이지 여부 확인 필요
연차보고서 2023년도,2024-03-29,(붙임2) 2023년도 연차보고서.pdf,42,0,텍스트가 거의 없어 이미지형 페이지 여부 확인 필요
연차보고서 2023년도,2024-03-29,(붙임2) 2023년도 연차보고서.pdf,43,0,텍스트가 거의 없어 이미지형 페이지 여부 확인 필요
연차보고서 2023년도,2024-03-29,(붙임2) 2023년도 연차보고서.pdf,110,0,텍스트가 거의 없어 이미지형 페이지 여부 확인 필요
연차보고서 2023년도,2024-03-29,(붙임2) 2023년도 연차보고서.pdf,112,0,텍스트가 거의 없어 이미지형 페이지 여부 확인 필요
연차보고서 2023년도,2024-03-29,(붙임2) 2023년도 연차보고서.pdf,136,3,텍스트가 거의 없어 이미지형 페이지 여부 확인 필요; 이미지 객체가 있으나 캡션 텍스트를 찾지 못함
연차보고서 2023년도,2024-03-29,(붙임2) 2023년도 연차보고서.pdf,137,23,텍스트가 거의 없어 이미지형 페이지 여부 확인 필요; 이미지 객체가 있으나 캡션 텍스트를 찾지 못함
연차보고서 2023년도,2024-03-29,(붙임2) 2023년도 연차보고서.pdf,138,0,텍스트가 거의 없어 이미지형 페이지 여부 확인 필요
연차보고서 2023년도,2024-03-29,(붙임2) 2023년도 연차보고서.pdf,148,0,텍스트가 거의 없어 이미지형 페이지 여부 확인 필요
연차보고서 2023년도,2024-03-29,(붙임2) 2023년도 연차보고서.pdf,23,불명,PDF 표 캡션 감지: 표의 행·열·수치 구조는 원본 페이지와 대조 필요
연차보고서 2023년도,2024-03-29,(붙임2) 2023년도 연차보고서.pdf,23,불명,PDF 표 캡션 감지: 표의 행·열·수치 구조는 원본 페이지와 대조 필요
연차보고서 2023년도,2024-03-29,(붙임2) 2023년도 연차보고서.pdf,24,불명,PDF 표 캡션 감지: 표의 행·열·수치 구조는 원본 페이지와 대조 필요
연차보고서 2023년도,2024-03-29,(붙임2) 2023년도 연차보고서.pdf,25,불명,PDF 표 캡션 감지: 표의 행·열·수치 구조는 원본 페이지와 대조 필요
연차보고서 2023년도,2024-03-29,(붙임2) 2023년도 연차보고서.pdf,27,불명,PDF 표 캡션 감지: 표의 행·열·수치 구조는 원본 페이지와 대조 필요
연차보고서 2023년도,2024-03-29,(붙임2) 2023년도 연차보고서.pdf,28,불명,PDF 표 캡션 감지: 표의 행·열·수치 구조는 원본 페이지와 대조 필요
연차보고서 2023년도,2024-03-29,(붙임2) 2023년도 연차보고서.pdf,28,불명,PDF 표 캡션 감지: 표의 행·열·수치 구조는 원본 페이지와 대조 필요
연차보고서 2023년도,2024-03-29,(붙임2) 2023년도 연차보고서.pdf,31,불명,PDF 표 캡션 감지: 표의 행·열·수치 구조는 원본 페이지와 대조 필요
연차보고서 2023년도,2024-03-29,(붙임2) 2023년도 연차보고서.pdf,35,불명,PDF 표 캡션 감지: 표의 행·열·수치 구조는 원본 페이지와 대조 필요
연차보고서 2023년도,2024-03-29,(붙임2) 2023년도 연차보고서.pdf,36,불명,PDF 표 캡션 감지: 표의 행·열·수치 구조는 원본 페이지와 대조 필요
연차보고서 2023년도,2024-03-29,(붙임2) 2023년도 연차보고서.pdf,46,불명,PDF 표 캡션 감지: 표의 행·열·수치 구조는 원본 페이지와 대조 필요
연차보고서 2023년도,2024-03-29,(붙임2) 2023년도 연차보고서.pdf,48,불명,PDF 표 캡션 감지: 표의 행·열·수치 구조는 원본 페이지와 대조 필요
연차보고서 2023년도,2024-03-29,(붙임2) 2023년도 연차보고서.pdf,55,불명,PDF 표 캡션 감지: 표의 행·열·수치 구조는 원본 페이지와 대조 필요
연차보고서 2023년도,2024-03-29,(붙임2) 2023년도 연차보고서.pdf,61,불명,PDF 표 캡션 감지: 표의 행·열·수치 구조는 원본 페이지와 대조 필요
연차보고서 2023년도,2024-03-29,(붙임2) 2023년도 연차보고서.pdf,61,불명,PDF 표 캡션 감지: 표의 행·열·수치 구조는 원본 페이지와 대조 필요
연차보고서 2023년도,2024-03-29,(붙임2) 2023년도 연차보고서.pdf,68,불명,PDF 표 캡션 감지: 표의 행·열·수치 구조는 원본 페이지와 대조 필요
연차보고서 2023년도,2024-03-29,(붙임2) 2023년도 연차보고서.pdf,74,불명,PDF 표 캡션 감지: 표의 행·열·수치 구조는 원본 페이지와 대조 필요
연차보고서 2023년도,2024-03-29,(붙임2) 2023년도 연차보고서.pdf,76,불명,PDF 표 캡션 감지: 표의 행·열·수치 구조는 원본 페이지와 대조 필요
연차보고서 2023년도,2024-03-29,(붙임2) 2023년도 연차보고서.pdf,77,불명,PDF 표 캡션 감지: 표의 행·열·수치 구조는 원본 페이지와 대조 필요
연차보고서 2023년도,2024-03-29,(붙임2) 2023년도 연차보고서.pdf,78,불명,PDF 표 캡션 감지: 표의 행·열·수치 구조는 원본 페이지와 대조 필요
연차보고서 2023년도,2024-03-29,(붙임2) 2023년도 연차보고서.pdf,81,불명,PDF 표 캡션 감지: 표의 행·열·수치 구조는 원본 페이지와 대조 필요
연차보고서 2023년도,2024-03-29,(붙임2) 2023년도 연차보고서.pdf,82,불명,PDF 표 캡션 감지: 표의 행·열·수치 구조는 원본 페이지와 대조 필요
연차보고서 2023년도,2024-03-29,(붙임2) 2023년도 연차보고서.pdf,83,불명,PDF 표 캡션 감지: 표의 행·열·수치 구조는 원본 페이지와 대조 필요
연차보고서 2023년도,2024-03-29,(붙임2) 2023년도 연차보고서.pdf,83,불명,PDF 표 캡션 감지: 표의 행·열·수치 구조는 원본 페이지와 대조 필요
연차보고서 2023년도,2024-03-29,(붙임2) 2023년도 연차보고서.pdf,84,불명,PDF 표 캡션 감지: 표의 행·열·수치 구조는 원본 페이지와 대조 필요
연차보고서 2023년도,2024-03-29,(붙임2) 2023년도 연차보고서.pdf,87,불명,PDF 표 캡션 감지: 표의 행·열·수치 구조는 원본 페이지와 대조 필요
연차보고서 2023년도,2024-03-29,(붙임2) 2023년도 연차보고서.pdf,89,불명,PDF 표 캡션 감지: 표의 행·열·수치 구조는 원본 페이지와 대조 필요
연차보고서 2023년도,2024-03-29,(붙임2) 2023년도 연차보고서.pdf,97,불명,PDF 표 캡션 감지: 표의 행·열·수치 구조는 원본 페이지와 대조 필요
연차보고서 2023년도,2024-03-29,(붙임2) 2023년도 연차보고서.pdf,98,불명,PDF 표 캡션 감지: 표의 행·열·수치 구조는 원본 페이지와 대조 필요
연차보고서 2023년도,2024-03-29,(붙임2) 2023년도 연차보고서.pdf,104,불명,PDF 표 캡션 감지: 표의 행·열·수치 구조는 원본 페이지와 대조 필요
연차보고서 2023년도,2024-03-29,(붙임2) 2023년도 연차보고서.pdf,105,불명,PDF 표 캡션 감지: 표의 행·열·수치 구조는 원본 페이지와 대조 필요
연차보고서 2023년도,2024-03-29,(붙임2) 2023년도 연차보고서.pdf,109,불명,PDF 표 캡션 감지: 표의 행·열·수치 구조는 원본 페이지와 대조 필요
연차보고서 2023년도,2024-03-29,(붙임2) 2023년도 연차보고서.pdf,117,불명,PDF 표 캡션 감지: 표의 행·열·수치 구조는 원본 페이지와 대조 필요
연차보고서 2023년도,2024-03-29,(붙임2) 2023년도 연차보고서.pdf,125,불명,PDF 표 캡션 감지: 표의 행·열·수치 구조는 원본 페이지와 대조 필요
연차보고서 2023년도,2024-03-29,(붙임2) 2023년도 연차보고서.pdf,126,불명,PDF 표 캡션 감지: 표의 행·열·수치 구조는 원본 페이지와 대조 필요
연차보고서 2023년도,2024-03-29,(붙임2) 2023년도 연차보고서.pdf,126,불명,PDF 표 캡션 감지: 표의 행·열·수치 구조는 원본 페이지와 대조 필요
연차보고서 2023년도,2024-03-29,(붙임2) 2023년도 연차보고서.pdf,128,불명,PDF 표 캡션 감지: 표의 행·열·수치 구조는 원본 페이지와 대조 필요
연차보고서 2023년도,2024-03-29,(붙임2) 2023년도 연차보고서.pdf,128,불명,PDF 표 캡션 감지: 표의 행·열·수치 구조는 원본 페이지와 대조 필요
연차보고서 2023년도,2024-03-29,(붙임2) 2023년도 연차보고서.pdf,130,불명,PDF 표 캡션 감지: 표의 행·열·수치 구조는 원본 페이지와 대조 필요
연차보고서 2023년도,2024-03-29,(붙임2) 2023년도 연차보고서.pdf,130,불명,PDF 표 캡션 감지: 표의 행·열·수치 구조는 원본 페이지와 대조 필요
연차보고서 2023년도,2024-03-29,(붙임2) 2023년도 연차보고서.pdf,130,불명,PDF 표 캡션 감지: 표의 행·열·수치 구조는 원본 페이지와 대조 필요
연차보고서 2023년도,2024-03-29,(붙임2) 2023년도 연차보고서.pdf,130,불명,PDF 표 캡션 감지: 표의 행·열·수치 구조는 원본 페이지와 대조 필요
연차보고서 2024년도,2025-03-28,2024년도 연차보고서.pdf,2,0,텍스트가 거의 없어 이미지형 페이지 여부 확인 필요
연차보고서 2024년도,2025-03-28,2024년도 연차보고서.pdf,3,0,텍스트가 거의 없어 이미지형 페이지 여부 확인 필요
연차보고서 2024년도,2025-03-28,2024년도 연차보고서.pdf,7,0,텍스트가 거의 없어 이미지형 페이지 여부 확인 필요
연차보고서 2024년도,2025-03-28,2024년도 연차보고서.pdf,8,0,텍스트가 거의 없어 이미지형 페이지 여부 확인 필요
연차보고서 2024년도,2025-03-28,2024년도 연차보고서.pdf,14,0,텍스트가 거의 없어 이미지형 페이지 여부 확인 필요
연차보고서 2024년도,2025-03-28,2024년도 연차보고서.pdf,36,0,텍스트가 거의 없어 이미지형 페이지 여부 확인 필요
연차보고서 2024년도,2025-03-28,2024년도 연차보고서.pdf,37,0,텍스트가 거의 없어 이미지형 페이지 여부 확인 필요
연차보고서 2024년도,2025-03-28,2024년도 연차보고서.pdf,110,0,텍스트가 거의 없어 이미지형 페이지 여부 확인 필요
연차보고서 2024년도,2025-03-28,2024년도 연차보고서.pdf,136,0,텍스트가 거의 없어 이미지형 페이지 여부 확인 필요; 이미지 객체가 있으나 캡션 텍스트를 찾지 못함
연차보고서 2024년도,2025-03-28,2024년도 연차보고서.pdf,137,0,텍스트가 거의 없어 이미지형 페이지 여부 확인 필요; 이미지 객체가 있으나 캡션 텍스트를 찾지 못함
연차보고서 2024년도,2025-03-28,2024년도 연차보고서.pdf,19,불명,PDF 표 캡션 감지: 표의 행·열·수치 구조는 원본 페이지와 대조 필요
연차보고서 2024년도,2025-03-28,2024년도 연차보고서.pdf,19,불명,PDF 표 캡션 감지: 표의 행·열·수치 구조는 원본 페이지와 대조 필요
연차보고서 2024년도,2025-03-28,2024년도 연차보고서.pdf,21,불명,PDF 표 캡션 감지: 표의 행·열·수치 구조는 원본 페이지와 대조 필요
연차보고서 2024년도,2025-03-28,2024년도 연차보고서.pdf,23,불명,PDF 표 캡션 감지: 표의 행·열·수치 구조는 원본 페이지와 대조 필요
연차보고서 2024년도,2025-03-28,2024년도 연차보고서.pdf,25,불명,PDF 표 캡션 감지: 표의 행·열·수치 구조는 원본 페이지와 대조 필요
연차보고서 2024년도,2025-03-28,2024년도 연차보고서.pdf,26,불명,PDF 표 캡션 감지: 표의 행·열·수치 구조는 원본 페이지와 대조 필요
연차보고서 2024년도,2025-03-28,2024년도 연차보고서.pdf,30,불명,PDF 표 캡션 감지: 표의 행·열·수치 구조는 원본 페이지와 대조 필요
연차보고서 2024년도,2025-03-28,2024년도 연차보고서.pdf,31,불명,PDF 표 캡션 감지: 표의 행·열·수치 구조는 원본 페이지와 대조 필요
연차보고서 2024년도,2025-03-28,2024년도 연차보고서.pdf,42,불명,PDF 표 캡션 감지: 표의 행·열·수치 구조는 원본 페이지와 대조 필요
연차보고서 2024년도,2025-03-28,2024년도 연차보고서.pdf,42,불명,PDF 표 캡션 감지: 표의 행·열·수치 구조는 원본 페이지와 대조 필요
연차보고서 2024년도,2025-03-28,2024년도 연차보고서.pdf,50,불명,PDF 표 캡션 감지: 표의 행·열·수치 구조는 원본 페이지와 대조 필요
연차보고서 2024년도,2025-03-28,2024년도 연차보고서.pdf,52,불명,PDF 표 캡션 감지: 표의 행·열·수치 구조는 원본 페이지와 대조 필요
연차보고서 2024년도,2025-03-28,2024년도 연차보고서.pdf,53,불명,PDF 표 캡션 감지: 표의 행·열·수치 구조는 원본 페이지와 대조 필요
연차보고서 2024년도,2025-03-28,2024년도 연차보고서.pdf,54,불명,PDF 표 캡션 감지: 표의 행·열·수치 구조는 원본 페이지와 대조 필요
연차보고서 2024년도,2025-03-28,2024년도 연차보고서.pdf,54,불명,PDF 표 캡션 감지: 표의 행·열·수치 구조는 원본 페이지와 대조 필요
연차보고서 2024년도,2025-03-28,2024년도 연차보고서.pdf,58,불명,PDF 표 캡션 감지: 표의 행·열·수치 구조는 원본 페이지와 대조 필요
연차보고서 2024년도,2025-03-28,2024년도 연차보고서.pdf,60,불명,PDF 표 캡션 감지: 표의 행·열·수치 구조는 원본 페이지와 대조 필요
연차보고서 2024년도,2025-03-28,2024년도 연차보고서.pdf,65,불명,PDF 표 캡션 감지: 표의 행·열·수치 구조는 원본 페이지와 대조 필요
연차보고서 2024년도,2025-03-28,2024년도 연차보고서.pdf,66,불명,PDF 표 캡션 감지: 표의 행·열·수치 구조는 원본 페이지와 대조 필요
연차보고서 2024년도,2025-03-28,2024년도 연차보고서.pdf,67,불명,PDF 표 캡션 감지: 표의 행·열·수치 구조는 원본 페이지와 대조 필요
연차보고서 2024년도,2025-03-28,2024년도 연차보고서.pdf,68,불명,PDF 표 캡션 감지: 표의 행·열·수치 구조는 원본 페이지와 대조 필요
연차보고서 2024년도,2025-03-28,2024년도 연차보고서.pdf,73,불명,PDF 표 캡션 감지: 표의 행·열·수치 구조는 원본 페이지와 대조 필요
연차보고서 2024년도,2025-03-28,2024년도 연차보고서.pdf,74,불명,PDF 표 캡션 감지: 표의 행·열·수치 구조는 원본 페이지와 대조 필요
연차보고서 2024년도,2025-03-28,2024년도 연차보고서.pdf,76,불명,PDF 표 캡션 감지: 표의 행·열·수치 구조는 원본 페이지와 대조 필요
연차보고서 2024년도,2025-03-28,2024년도 연차보고서.pdf,79,불명,PDF 표 캡션 감지: 표의 행·열·수치 구조는 원본 페이지와 대조 필요
연차보고서 2024년도,2025-03-28,2024년도 연차보고서.pdf,82,불명,PDF 표 캡션 감지: 표의 행·열·수치 구조는 원본 페이지와 대조 필요
연차보고서 2024년도,2025-03-28,2024년도 연차보고서.pdf,88,불명,PDF 표 캡션 감지: 표의 행·열·수치 구조는 원본 페이지와 대조 필요
연차보고서 2024년도,2025-03-28,2024년도 연차보고서.pdf,88,불명,PDF 표 캡션 감지: 표의 행·열·수치 구조는 원본 페이지와 대조 필요
연차보고서 2024년도,2025-03-28,2024년도 연차보고서.pdf,89,불명,PDF 표 캡션 감지: 표의 행·열·수치 구조는 원본 페이지와 대조 필요
연차보고서 2024년도,2025-03-28,2024년도 연차보고서.pdf,90,불명,PDF 표 캡션 감지: 표의 행·열·수치 구조는 원본 페이지와 대조 필요
연차보고서 2024년도,2025-03-28,2024년도 연차보고서.pdf,91,불명,PDF 표 캡션 감지: 표의 행·열·수치 구조는 원본 페이지와 대조 필요
연차보고서 2024년도,2025-03-28,2024년도 연차보고서.pdf,92,불명,PDF 표 캡션 감지: 표의 행·열·수치 구조는 원본 페이지와 대조 필요
연차보고서 2024년도,2025-03-28,2024년도 연차보고서.pdf,92,불명,PDF 표 캡션 감지: 표의 행·열·수치 구조는 원본 페이지와 대조 필요
연차보고서 2024년도,2025-03-28,2024년도 연차보고서.pdf,94,불명,PDF 표 캡션 감지: 표의 행·열·수치 구조는 원본 페이지와 대조 필요
연차보고서 2024년도,2025-03-28,2024년도 연차보고서.pdf,95,불명,PDF 표 캡션 감지: 표의 행·열·수치 구조는 원본 페이지와 대조 필요
연차보고서 2024년도,2025-03-28,2024년도 연차보고서.pdf,96,불명,PDF 표 캡션 감지: 표의 행·열·수치 구조는 원본 페이지와 대조 필요
연차보고서 2024년도,2025-03-28,2024년도 연차보고서.pdf,97,불명,PDF 표 캡션 감지: 표의 행·열·수치 구조는 원본 페이지와 대조 필요
연차보고서 2024년도,2025-03-28,2024년도 연차보고서.pdf,99,불명,PDF 표 캡션 감지: 표의 행·열·수치 구조는 원본 페이지와 대조 필요
연차보고서 2024년도,2025-03-28,2024년도 연차보고서.pdf,101,불명,PDF 표 캡션 감지: 표의 행·열·수치 구조는 원본 페이지와 대조 필요
연차보고서 2024년도,2025-03-28,2024년도 연차보고서.pdf,101,불명,PDF 표 캡션 감지: 표의 행·열·수치 구조는 원본 페이지와 대조 필요
연차보고서 2024년도,2025-03-28,2024년도 연차보고서.pdf,103,불명,PDF 표 캡션 감지: 표의 행·열·수치 구조는 원본 페이지와 대조 필요
연차보고서 2024년도,2025-03-28,2024년도 연차보고서.pdf,115,불명,PDF 표 캡션 감지: 표의 행·열·수치 구조는 원본 페이지와 대조 필요
연차보고서 2024년도,2025-03-28,2024년도 연차보고서.pdf,116,불명,PDF 표 캡션 감지: 표의 행·열·수치 구조는 원본 페이지와 대조 필요
연차보고서 2024년도,2025-03-28,2024년도 연차보고서.pdf,121,불명,PDF 표 캡션 감지: 표의 행·열·수치 구조는 원본 페이지와 대조 필요
연차보고서 2024년도,2025-03-28,2024년도 연차보고서.pdf,122,불명,PDF 표 캡션 감지: 표의 행·열·수치 구조는 원본 페이지와 대조 필요
연차보고서 2024년도,2025-03-28,2024년도 연차보고서.pdf,122,불명,PDF 표 캡션 감지: 표의 행·열·수치 구조는 원본 페이지와 대조 필요
연차보고서 2024년도,2025-03-28,2024년도 연차보고서.pdf,124,불명,PDF 표 캡션 감지: 표의 행·열·수치 구조는 원본 페이지와 대조 필요
연차보고서 2024년도,2025-03-28,2024년도 연차보고서.pdf,124,불명,PDF 표 캡션 감지: 표의 행·열·수치 구조는 원본 페이지와 대조 필요
연차보고서 2024년도,2025-03-28,2024년도 연차보고서.pdf,126,불명,PDF 표 캡션 감지: 표의 행·열·수치 구조는 원본 페이지와 대조 필요
연차보고서 2024년도,2025-03-28,2024년도 연차보고서.pdf,126,불명,PDF 표 캡션 감지: 표의 행·열·수치 구조는 원본 페이지와 대조 필요
연차보고서 2024년도,2025-03-28,2024년도 연차보고서.pdf,126,불명,PDF 표 캡션 감지: 표의 행·열·수치 구조는 원본 페이지와 대조 필요
연차보고서 2024년도,2025-03-28,2024년도 연차보고서.pdf,126,불명,PDF 표 캡션 감지: 표의 행·열·수치 구조는 원본 페이지와 대조 필요
연차보고서 2025년도,2026-03-27,2025년도(제76차) 연차보고서F.pdf,2,0,텍스트가 거의 없어 이미지형 페이지 여부 확인 필요
연차보고서 2025년도,2026-03-27,2025년도(제76차) 연차보고서F.pdf,3,18,텍스트가 거의 없어 이미지형 페이지 여부 확인 필요; 이미지 객체가 있으나 캡션 텍스트를 찾지 못함
연차보고서 2025년도,2026-03-27,2025년도(제76차) 연차보고서F.pdf,7,0,텍스트가 거의 없어 이미지형 페이지 여부 확인 필요
연차보고서 2025년도,2026-03-27,2025년도(제76차) 연차보고서F.pdf,8,0,텍스트가 거의 없어 이미지형 페이지 여부 확인 필요
연차보고서 2025년도,2026-03-27,2025년도(제76차) 연차보고서F.pdf,10,0,텍스트가 거의 없어 이미지형 페이지 여부 확인 필요
연차보고서 2025년도,2026-03-27,2025년도(제76차) 연차보고서F.pdf,14,0,텍스트가 거의 없어 이미지형 페이지 여부 확인 필요
연차보고서 2025년도,2026-03-27,2025년도(제76차) 연차보고서F.pdf,36,0,텍스트가 거의 없어 이미지형 페이지 여부 확인 필요; 이미지 객체가 있으나 캡션 텍스트를 찾지 못함
연차보고서 2025년도,2026-03-27,2025년도(제76차) 연차보고서F.pdf,38,0,텍스트가 거의 없어 이미지형 페이지 여부 확인 필요
연차보고서 2025년도,2026-03-27,2025년도(제76차) 연차보고서F.pdf,39,0,텍스트가 거의 없어 이미지형 페이지 여부 확인 필요
연차보고서 2025년도,2026-03-27,2025년도(제76차) 연차보고서F.pdf,114,0,텍스트가 거의 없어 이미지형 페이지 여부 확인 필요
연차보고서 2025년도,2026-03-27,2025년도(제76차) 연차보고서F.pdf,116,0,텍스트가 거의 없어 이미지형 페이지 여부 확인 필요
연차보고서 2025년도,2026-03-27,2025년도(제76차) 연차보고서F.pdf,130,0,텍스트가 거의 없어 이미지형 페이지 여부 확인 필요; 이미지 객체가 있으나 캡션 텍스트를 찾지 못함
연차보고서 2025년도,2026-03-27,2025년도(제76차) 연차보고서F.pdf,131,0,텍스트가 거의 없어 이미지형 페이지 여부 확인 필요; 이미지 객체가 있으나 캡션 텍스트를 찾지 못함
연차보고서 2025년도,2026-03-27,2025년도(제76차) 연차보고서F.pdf,135,0,텍스트가 거의 없어 이미지형 페이지 여부 확인 필요; 이미지 객체가 있으나 캡션 텍스트를 찾지 못함
연차보고서 2025년도,2026-03-27,2025년도(제76차) 연차보고서F.pdf,139,0,텍스트가 거의 없어 이미지형 페이지 여부 확인 필요; 이미지 객체가 있으나 캡션 텍스트를 찾지 못함
연차보고서 2025년도,2026-03-27,2025년도(제76차) 연차보고서F.pdf,154,0,텍스트가 거의 없어 이미지형 페이지 여부 확인 필요; 이미지 객체가 있으나 캡션 텍스트를 찾지 못함
연차보고서 2025년도,2026-03-27,2025년도(제76차) 연차보고서F.pdf,155,0,텍스트가 거의 없어 이미지형 페이지 여부 확인 필요; 이미지 객체가 있으나 캡션 텍스트를 찾지 못함
연차보고서 2025년도,2026-03-27,2025년도(제76차) 연차보고서F.pdf,156,0,텍스트가 거의 없어 이미지형 페이지 여부 확인 필요; 이미지 객체가 있으나 캡션 텍스트를 찾지 못함
연차보고서 2025년도,2026-03-27,2025년도(제76차) 연차보고서F.pdf,20,불명,PDF 표 캡션 감지: 표의 행·열·수치 구조는 원본 페이지와 대조 필요
연차보고서 2025년도,2026-03-27,2025년도(제76차) 연차보고서F.pdf,20,불명,PDF 표 캡션 감지: 표의 행·열·수치 구조는 원본 페이지와 대조 필요
연차보고서 2025년도,2026-03-27,2025년도(제76차) 연차보고서F.pdf,21,불명,PDF 표 캡션 감지: 표의 행·열·수치 구조는 원본 페이지와 대조 필요
연차보고서 2025년도,2026-03-27,2025년도(제76차) 연차보고서F.pdf,22,불명,PDF 표 캡션 감지: 표의 행·열·수치 구조는 원본 페이지와 대조 필요
연차보고서 2025년도,2026-03-27,2025년도(제76차) 연차보고서F.pdf,24,불명,PDF 표 캡션 감지: 표의 행·열·수치 구조는 원본 페이지와 대조 필요
연차보고서 2025년도,2026-03-27,2025년도(제76차) 연차보고서F.pdf,25,불명,PDF 표 캡션 감지: 표의 행·열·수치 구조는 원본 페이지와 대조 필요
연차보고서 2025년도,2026-03-27,2025년도(제76차) 연차보고서F.pdf,25,불명,PDF 표 캡션 감지: 표의 행·열·수치 구조는 원본 페이지와 대조 필요
연차보고서 2025년도,2026-03-27,2025년도(제76차) 연차보고서F.pdf,26,불명,PDF 표 캡션 감지: 표의 행·열·수치 구조는 원본 페이지와 대조 필요
연차보고서 2025년도,2026-03-27,2025년도(제76차) 연차보고서F.pdf,33,불명,PDF 표 캡션 감지: 표의 행·열·수치 구조는 원본 페이지와 대조 필요
연차보고서 2025년도,2026-03-27,2025년도(제76차) 연차보고서F.pdf,43,불명,PDF 표 캡션 감지: 표의 행·열·수치 구조는 원본 페이지와 대조 필요
연차보고서 2025년도,2026-03-27,2025년도(제76차) 연차보고서F.pdf,43,불명,PDF 표 캡션 감지: 표의 행·열·수치 구조는 원본 페이지와 대조 필요
연차보고서 2025년도,2026-03-27,2025년도(제76차) 연차보고서F.pdf,43,불명,PDF 표 캡션 감지: 표의 행·열·수치 구조는 원본 페이지와 대조 필요
연차보고서 2025년도,2026-03-27,2025년도(제76차) 연차보고서F.pdf,44,불명,PDF 표 캡션 감지: 표의 행·열·수치 구조는 원본 페이지와 대조 필요
연차보고서 2025년도,2026-03-27,2025년도(제76차) 연차보고서F.pdf,48,불명,PDF 표 캡션 감지: 표의 행·열·수치 구조는 원본 페이지와 대조 필요
연차보고서 2025년도,2026-03-27,2025년도(제76차) 연차보고서F.pdf,55,불명,PDF 표 캡션 감지: 표의 행·열·수치 구조는 원본 페이지와 대조 필요
연차보고서 2025년도,2026-03-27,2025년도(제76차) 연차보고서F.pdf,55,불명,PDF 표 캡션 감지: 표의 행·열·수치 구조는 원본 페이지와 대조 필요
연차보고서 2025년도,2026-03-27,2025년도(제76차) 연차보고서F.pdf,57,불명,PDF 표 캡션 감지: 표의 행·열·수치 구조는 원본 페이지와 대조 필요
연차보고서 2025년도,2026-03-27,2025년도(제76차) 연차보고서F.pdf,61,불명,PDF 표 캡션 감지: 표의 행·열·수치 구조는 원본 페이지와 대조 필요
연차보고서 2025년도,2026-03-27,2025년도(제76차) 연차보고서F.pdf,70,불명,PDF 표 캡션 감지: 표의 행·열·수치 구조는 원본 페이지와 대조 필요
연차보고서 2025년도,2026-03-27,2025년도(제76차) 연차보고서F.pdf,71,불명,PDF 표 캡션 감지: 표의 행·열·수치 구조는 원본 페이지와 대조 필요
연차보고서 2025년도,2026-03-27,2025년도(제76차) 연차보고서F.pdf,72,불명,PDF 표 캡션 감지: 표의 행·열·수치 구조는 원본 페이지와 대조 필요
연차보고서 2025년도,2026-03-27,2025년도(제76차) 연차보고서F.pdf,73,불명,PDF 표 캡션 감지: 표의 행·열·수치 구조는 원본 페이지와 대조 필요
연차보고서 2025년도,2026-03-27,2025년도(제76차) 연차보고서F.pdf,77,불명,PDF 표 캡션 감지: 표의 행·열·수치 구조는 원본 페이지와 대조 필요
연차보고서 2025년도,2026-03-27,2025년도(제76차) 연차보고서F.pdf,79,불명,PDF 표 캡션 감지: 표의 행·열·수치 구조는 원본 페이지와 대조 필요
연차보고서 2025년도,2026-03-27,2025년도(제76차) 연차보고서F.pdf,79,불명,PDF 표 캡션 감지: 표의 행·열·수치 구조는 원본 페이지와 대조 필요
연차보고서 2025년도,2026-03-27,2025년도(제76차) 연차보고서F.pdf,80,불명,PDF 표 캡션 감지: 표의 행·열·수치 구조는 원본 페이지와 대조 필요
연차보고서 2025년도,2026-03-27,2025년도(제76차) 연차보고서F.pdf,81,불명,PDF 표 캡션 감지: 표의 행·열·수치 구조는 원본 페이지와 대조 필요
연차보고서 2025년도,2026-03-27,2025년도(제76차) 연차보고서F.pdf,81,불명,PDF 표 캡션 감지: 표의 행·열·수치 구조는 원본 페이지와 대조 필요
연차보고서 2025년도,2026-03-27,2025년도(제76차) 연차보고서F.pdf,84,불명,PDF 표 캡션 감지: 표의 행·열·수치 구조는 원본 페이지와 대조 필요
연차보고서 2025년도,2026-03-27,2025년도(제76차) 연차보고서F.pdf,88,불명,PDF 표 캡션 감지: 표의 행·열·수치 구조는 원본 페이지와 대조 필요
연차보고서 2025년도,2026-03-27,2025년도(제76차) 연차보고서F.pdf,96,불명,PDF 표 캡션 감지: 표의 행·열·수치 구조는 원본 페이지와 대조 필요
연차보고서 2025년도,2026-03-27,2025년도(제76차) 연차보고서F.pdf,96,불명,PDF 표 캡션 감지: 표의 행·열·수치 구조는 원본 페이지와 대조 필요
연차보고서 2025년도,2026-03-27,2025년도(제76차) 연차보고서F.pdf,98,불명,PDF 표 캡션 감지: 표의 행·열·수치 구조는 원본 페이지와 대조 필요
연차보고서 2025년도,2026-03-27,2025년도(제76차) 연차보고서F.pdf,98,불명,PDF 표 캡션 감지: 표의 행·열·수치 구조는 원본 페이지와 대조 필요
연차보고서 2025년도,2026-03-27,2025년도(제76차) 연차보고서F.pdf,100,불명,PDF 표 캡션 감지: 표의 행·열·수치 구조는 원본 페이지와 대조 필요
연차보고서 2025년도,2026-03-27,2025년도(제76차) 연차보고서F.pdf,102,불명,PDF 표 캡션 감지: 표의 행·열·수치 구조는 원본 페이지와 대조 필요
연차보고서 2025년도,2026-03-27,2025년도(제76차) 연차보고서F.pdf,102,불명,PDF 표 캡션 감지: 표의 행·열·수치 구조는 원본 페이지와 대조 필요
연차보고서 2025년도,2026-03-27,2025년도(제76차) 연차보고서F.pdf,105,불명,PDF 표 캡션 감지: 표의 행·열·수치 구조는 원본 페이지와 대조 필요
연차보고서 2025년도,2026-03-27,2025년도(제76차) 연차보고서F.pdf,109,불명,PDF 표 캡션 감지: 표의 행·열·수치 구조는 원본 페이지와 대조 필요
연차보고서 2025년도,2026-03-27,2025년도(제76차) 연차보고서F.pdf,111,불명,PDF 표 캡션 감지: 표의 행·열·수치 구조는 원본 페이지와 대조 필요
연차보고서 2025년도,2026-03-27,2025년도(제76차) 연차보고서F.pdf,128,불명,PDF 표 캡션 감지: 표의 행·열·수치 구조는 원본 페이지와 대조 필요
경제전망보고서 2023년 11월,2023-11-30,2023년 11월 경제전망보고서(Indigo Book).pdf,21,240,내용 보완 검수: 번호 직결 인용 없음 또는 문장 조각·중복 배정 제외
경제전망보고서 2023년 11월,2023-11-30,2023년 11월 경제전망보고서(Indigo Book).pdf,73,108,내용 보완 검수: 허용 종류로 판별 불가 또는 표 구조 미확인; 번호 직결 인용 없음 또는 문장 조각·중복 배정 제외
경제전망보고서 2023년 11월,2023-11-30,2023년 11월 경제전망보고서(Indigo Book).pdf,40,144,내용 보완 검수: 허용 종류로 판별 불가 또는 표 구조 미확인; 번호 직결 인용 없음 또는 문장 조각·중복 배정 제외
경제전망보고서 2023년 11월,2023-11-30,2023년 11월 경제전망보고서(Indigo Book).pdf,43,74,내용 보완 검수: 허용 종류로 판별 불가 또는 표 구조 미확인; 번호 직결 인용 없음 또는 문장 조각·중복 배정 제외
경제전망보고서 2023년 11월,2023-11-30,2023년 11월 경제전망보고서(Indigo Book).pdf,79,57,내용 보완 검수: 허용 종류로 판별 불가 또는 표 구조 미확인; 번호 직결 인용 없음 또는 문장 조각·중복 배정 제외
경제전망보고서 2023년 11월,2023-11-30,2023년 11월 경제전망보고서(Indigo Book).pdf,82,181,내용 보완 검수: PDF 표 격자 추출; 셀·수치 정확도 검수 필요
경제전망보고서 2023년 11월,2023-11-30,2023년 11월 경제전망보고서(Indigo Book).pdf,83,120,내용 보완 검수: 허용 종류로 판별 불가 또는 표 구조 미확인; 제목·계열·직접 인용의 해석 근거 부족
경제전망보고서 2023년 11월,2023-11-30,2023년 11월 경제전망보고서(Indigo Book).pdf,85,152,내용 보완 검수: 허용 종류로 판별 불가 또는 표 구조 미확인
경제전망보고서 2023년 11월,2023-11-30,2023년 11월 경제전망보고서(Indigo Book).pdf,85,254,내용 보완 검수: 허용 종류로 판별 불가 또는 표 구조 미확인; 번호 직결 인용 없음 또는 문장 조각·중복 배정 제외
경제전망보고서 2023년 11월,2023-11-30,2023년 11월 경제전망보고서(Indigo Book).pdf,86,191,내용 보완 검수: 허용 종류로 판별 불가 또는 표 구조 미확인
경제전망보고서 2023년 11월,2023-11-30,2023년 11월 경제전망보고서(Indigo Book).pdf,86,316,내용 보완 검수: 허용 종류로 판별 불가 또는 표 구조 미확인; 번호 직결 인용 없음 또는 문장 조각·중복 배정 제외
경제전망보고서 2023년 11월,2023-11-30,2023년 11월 경제전망보고서(Indigo Book).pdf,87,195,내용 보완 검수: 번호 직결 인용 없음 또는 문장 조각·중복 배정 제외
경제전망보고서 2023년 11월,2023-11-30,2023년 11월 경제전망보고서(Indigo Book).pdf,88,91,내용 보완 검수: 허용 종류로 판별 불가 또는 표 구조 미확인; 번호 직결 인용 없음 또는 문장 조각·중복 배정 제외
경제전망보고서 2023년 11월,2023-11-30,2023년 11월 경제전망보고서(Indigo Book).pdf,90,868,내용 보완 검수: 허용 종류로 판별 불가 또는 표 구조 미확인; 번호 직결 인용 없음 또는 문장 조각·중복 배정 제외
경제전망보고서 2023년 11월,2023-11-30,2023년 11월 경제전망보고서(Indigo Book).pdf,91,96,내용 보완 검수: 허용 종류로 판별 불가 또는 표 구조 미확인; 번호 직결 인용 없음 또는 문장 조각·중복 배정 제외
경제전망보고서 2023년 11월,2023-11-30,2023년 11월 경제전망보고서(Indigo Book).pdf,92,273,내용 보완 검수: 허용 종류로 판별 불가 또는 표 구조 미확인; 번호 직결 인용 없음 또는 문장 조각·중복 배정 제외
경제전망보고서 2023년 11월,2023-11-30,2023년 11월 경제전망보고서(Indigo Book).pdf,93,173,내용 보완 검수: 허용 종류로 판별 불가 또는 표 구조 미확인; 번호 직결 인용 없음 또는 문장 조각·중복 배정 제외
경제전망보고서 2023년 11월,2023-11-30,2023년 11월 경제전망보고서(Indigo Book).pdf,94,191,내용 보완 검수: 허용 종류로 판별 불가 또는 표 구조 미확인; 번호 직결 인용 없음 또는 문장 조각·중복 배정 제외
경제전망보고서 2023년 11월,2023-11-30,2023년 11월 경제전망보고서(Indigo Book).pdf,97,206,내용 보완 검수: 허용 종류로 판별 불가 또는 표 구조 미확인; 번호 직결 인용 없음 또는 문장 조각·중복 배정 제외
경제전망보고서 2023년 11월,2023-11-30,2023년 11월 경제전망보고서(Indigo Book).pdf,98,27,내용 보완 검수: 허용 종류로 판별 불가 또는 표 구조 미확인; 번호 직결 인용 없음 또는 문장 조각·중복 배정 제외
경제전망보고서 2023년 11월,2023-11-30,2023년 11월 경제전망보고서(Indigo Book).pdf,99,661,내용 보완 검수: 허용 종류로 판별 불가 또는 표 구조 미확인; 번호 직결 인용 없음 또는 문장 조각·중복 배정 제외
경제전망보고서 2023년 11월,2023-11-30,2023년 11월 경제전망보고서(Indigo Book).pdf,101,18,내용 보완 검수: 허용 종류로 판별 불가 또는 표 구조 미확인
경제전망보고서 2023년 11월,2023-11-30,2023년 11월 경제전망보고서(Indigo Book).pdf,103,294,내용 보완 검수: 허용 종류로 판별 불가 또는 표 구조 미확인; 번호 직결 인용 없음 또는 문장 조각·중복 배정 제외
경제전망보고서 2023년 11월,2023-11-30,2023년 11월 경제전망보고서(Indigo Book).pdf,110,110,내용 보완 검수: 허용 종류로 판별 불가 또는 표 구조 미확인; 번호 직결 인용 없음 또는 문장 조각·중복 배정 제외
경제전망보고서 2023년 11월,2023-11-30,2023년 11월 경제전망보고서(Indigo Book).pdf,111,190,내용 보완 검수: 허용 종류로 판별 불가 또는 표 구조 미확인; 번호 직결 인용 없음 또는 문장 조각·중복 배정 제외
경제전망보고서 2024년 11월,2024-11-28,2024년 11월 경제전망보고서(Indigo Book)_FFFFF.pdf,45,28,내용 보완 검수: 허용 종류로 판별 불가 또는 표 구조 미확인; 번호 직결 인용 없음 또는 문장 조각·중복 배정 제외
경제전망보고서 2024년 11월,2024-11-28,2024년 11월 경제전망보고서(Indigo Book)_FFFFF.pdf,21,241,내용 보완 검수: 번호 직결 인용 없음 또는 문장 조각·중복 배정 제외
경제전망보고서 2024년 11월,2024-11-28,2024년 11월 경제전망보고서(Indigo Book)_FFFFF.pdf,81,290,내용 보완 검수: 허용 종류로 판별 불가 또는 표 구조 미확인
경제전망보고서 2024년 11월,2024-11-28,2024년 11월 경제전망보고서(Indigo Book)_FFFFF.pdf,84,283,내용 보완 검수: 허용 종류로 판별 불가 또는 표 구조 미확인; 번호 직결 인용 없음 또는 문장 조각·중복 배정 제외
경제전망보고서 2024년 11월,2024-11-28,2024년 11월 경제전망보고서(Indigo Book)_FFFFF.pdf,87,434,내용 보완 검수: 허용 종류로 판별 불가 또는 표 구조 미확인
경제전망보고서 2024년 11월,2024-11-28,2024년 11월 경제전망보고서(Indigo Book)_FFFFF.pdf,92,190,내용 보완 검수: 허용 종류로 판별 불가 또는 표 구조 미확인; 번호 직결 인용 없음 또는 문장 조각·중복 배정 제외
경제전망보고서 2024년 11월,2024-11-28,2024년 11월 경제전망보고서(Indigo Book)_FFFFF.pdf,46,95,내용 보완 검수: 허용 종류로 판별 불가 또는 표 구조 미확인; 번호 직결 인용 없음 또는 문장 조각·중복 배정 제외
경제전망보고서 2024년 11월,2024-11-28,2024년 11월 경제전망보고서(Indigo Book)_FFFFF.pdf,47,93,내용 보완 검수: 허용 종류로 판별 불가 또는 표 구조 미확인; 번호 직결 인용 없음 또는 문장 조각·중복 배정 제외
경제전망보고서 2024년 11월,2024-11-28,2024년 11월 경제전망보고서(Indigo Book)_FFFFF.pdf,48,321,내용 보완 검수: 허용 종류로 판별 불가 또는 표 구조 미확인; 번호 직결 인용 없음 또는 문장 조각·중복 배정 제외
경제전망보고서 2024년 11월,2024-11-28,2024년 11월 경제전망보고서(Indigo Book)_FFFFF.pdf,48,53,내용 보완 검수: 허용 종류로 판별 불가 또는 표 구조 미확인
경제전망보고서 2024년 2월,2024-02-22,2024년 2월 경제전망보고서(Indigo Book).pdf,15,477,내용 보완 검수: 허용 종류로 판별 불가 또는 표 구조 미확인; 번호 직결 인용 없음 또는 문장 조각·중복 배정 제외
경제전망보고서 2024년 2월,2024-02-22,2024년 2월 경제전망보고서(Indigo Book).pdf,24,50,내용 보완 검수: 허용 종류로 판별 불가 또는 표 구조 미확인; 번호 직결 인용 없음 또는 문장 조각·중복 배정 제외
경제전망보고서 2024년 2월,2024-02-22,2024년 2월 경제전망보고서(Indigo Book).pdf,33,127,내용 보완 검수: 허용 종류로 판별 불가 또는 표 구조 미확인; 번호 직결 인용 없음 또는 문장 조각·중복 배정 제외
경제전망보고서 2024년 5월,2024-05-23,2024년 5월 경제전망보고서(Indigo Book).pdf,39,77,내용 보완 검수: 허용 종류로 판별 불가 또는 표 구조 미확인; 번호 직결 인용 없음 또는 문장 조각·중복 배정 제외
경제전망보고서 2024년 5월,2024-05-23,2024년 5월 경제전망보고서(Indigo Book).pdf,31,397,내용 보완 검수: 허용 종류로 판별 불가 또는 표 구조 미확인; 번호 직결 인용 없음 또는 문장 조각·중복 배정 제외
경제전망보고서 2024년 5월,2024-05-23,2024년 5월 경제전망보고서(Indigo Book).pdf,41,262,내용 보완 검수: 허용 종류로 판별 불가 또는 표 구조 미확인; 번호 직결 인용 없음 또는 문장 조각·중복 배정 제외
경제전망보고서 2024년 5월,2024-05-23,2024년 5월 경제전망보고서(Indigo Book).pdf,88,36,내용 보완 검수: 허용 종류로 판별 불가 또는 표 구조 미확인; 번호 직결 인용 없음 또는 문장 조각·중복 배정 제외
경제전망보고서 2024년 5월,2024-05-23,2024년 5월 경제전망보고서(Indigo Book).pdf,92,91,내용 보완 검수: 허용 종류로 판별 불가 또는 표 구조 미확인; 번호 직결 인용 없음 또는 문장 조각·중복 배정 제외
경제전망보고서 2024년 5월,2024-05-23,2024년 5월 경제전망보고서(Indigo Book).pdf,94,89,내용 보완 검수: 허용 종류로 판별 불가 또는 표 구조 미확인; 번호 직결 인용 없음 또는 문장 조각·중복 배정 제외
경제전망보고서 2024년 5월,2024-05-23,2024년 5월 경제전망보고서(Indigo Book).pdf,95,203,내용 보완 검수: 허용 종류로 판별 불가 또는 표 구조 미확인
경제전망보고서 2024년 8월,2024-08-22,2024년 8월 경제전망보고서(Indigo Book)_241029ff.pdf,39,80,내용 보완 검수: 허용 종류로 판별 불가 또는 표 구조 미확인; 번호 직결 인용 없음 또는 문장 조각·중복 배정 제외
경제전망보고서 2024년 8월,2024-08-22,2024년 8월 경제전망보고서(Indigo Book)_241029ff.pdf,41,263,내용 보완 검수: 허용 종류로 판별 불가 또는 표 구조 미확인; 번호 직결 인용 없음 또는 문장 조각·중복 배정 제외
경제전망보고서 2025년 11월,2025-11-27,2025년 11월 경제전망보고서(Indigo Book)_F4.pdf,14,63,내용 보완 검수: 허용 종류로 판별 불가 또는 표 구조 미확인; 제목·계열·직접 인용의 해석 근거 부족
경제전망보고서 2025년 11월,2025-11-27,2025년 11월 경제전망보고서(Indigo Book)_F4.pdf,54,44,내용 보완 검수: 허용 종류로 판별 불가 또는 표 구조 미확인; 번호 직결 인용 없음 또는 문장 조각·중복 배정 제외
경제전망보고서 2025년 11월,2025-11-27,2025년 11월 경제전망보고서(Indigo Book)_F4.pdf,55,51,내용 보완 검수: 허용 종류로 판별 불가 또는 표 구조 미확인; 번호 직결 인용 없음 또는 문장 조각·중복 배정 제외
경제전망보고서 2025년 11월,2025-11-27,2025년 11월 경제전망보고서(Indigo Book)_F4.pdf,107,224,내용 보완 검수: 허용 종류로 판별 불가 또는 표 구조 미확인; 제목·계열·직접 인용의 해석 근거 부족
경제전망보고서 2025년 11월,2025-11-27,2025년 11월 경제전망보고서(Indigo Book)_F4.pdf,108,32,내용 보완 검수: 허용 종류로 판별 불가 또는 표 구조 미확인; 제목·계열·직접 인용의 해석 근거 부족
경제전망보고서 2025년 11월,2025-11-27,2025년 11월 경제전망보고서(Indigo Book)_F4.pdf,110,748,내용 보완 검수: 허용 종류로 판별 불가 또는 표 구조 미확인; 제목·계열·직접 인용의 해석 근거 부족
경제전망보고서 2025년 11월,2025-11-27,2025년 11월 경제전망보고서(Indigo Book)_F4.pdf,115,243,내용 보완 검수: 허용 종류로 판별 불가 또는 표 구조 미확인; 제목·계열·직접 인용의 해석 근거 부족
경제전망보고서 2025년 11월,2025-11-27,2025년 11월 경제전망보고서(Indigo Book)_F4.pdf,100,168,내용 보완 검수: 허용 종류로 판별 불가 또는 표 구조 미확인
경제전망보고서 2025년 11월,2025-11-27,2025년 11월 경제전망보고서(Indigo Book)_F4.pdf,56,257,내용 보완 검수: 허용 종류로 판별 불가 또는 표 구조 미확인; 번호 직결 인용 없음 또는 문장 조각·중복 배정 제외
경제전망보고서 2025년 11월,2025-11-27,2025년 11월 경제전망보고서(Indigo Book)_F4.pdf,123,123,내용 보완 검수: 허용 종류로 판별 불가 또는 표 구조 미확인
경제전망보고서 2025년 11월,2025-11-27,2025년 11월 경제전망보고서(Indigo Book)_F4.pdf,125,65,내용 보완 검수: 허용 종류로 판별 불가 또는 표 구조 미확인
경제전망보고서 2025년 2월,2025-02-25,2025년 2월 경제전망보고서(Indigo Book)_FFFF.pdf,45,78,내용 보완 검수: 허용 종류로 판별 불가 또는 표 구조 미확인; 번호 직결 인용 없음 또는 문장 조각·중복 배정 제외
경제전망보고서 2025년 2월,2025-02-25,2025년 2월 경제전망보고서(Indigo Book)_FFFF.pdf,47,125,내용 보완 검수: 허용 종류로 판별 불가 또는 표 구조 미확인; 번호 직결 인용 없음 또는 문장 조각·중복 배정 제외
경제전망보고서 2025년 5월,2025-05-29,2025년 5월 경제전망보고서(Indigo Book)_FFF.pdf,26,169,내용 보완 검수: 허용 종류로 판별 불가 또는 표 구조 미확인; 제목·계열·직접 인용의 해석 근거 부족
경제전망보고서 2025년 5월,2025-05-29,2025년 5월 경제전망보고서(Indigo Book)_FFF.pdf,47,44,내용 보완 검수: 허용 종류로 판별 불가 또는 표 구조 미확인; 번호 직결 인용 없음 또는 문장 조각·중복 배정 제외
경제전망보고서 2025년 5월,2025-05-29,2025년 5월 경제전망보고서(Indigo Book)_FFF.pdf,48,49,내용 보완 검수: 허용 종류로 판별 불가 또는 표 구조 미확인; 번호 직결 인용 없음 또는 문장 조각·중복 배정 제외
경제전망보고서 2025년 5월,2025-05-29,2025년 5월 경제전망보고서(Indigo Book)_FFF.pdf,80,137,내용 보완 검수: 허용 종류로 판별 불가 또는 표 구조 미확인
경제전망보고서 2025년 5월,2025-05-29,2025년 5월 경제전망보고서(Indigo Book)_FFF.pdf,82,284,내용 보완 검수: 허용 종류로 판별 불가 또는 표 구조 미확인; 번호 직결 인용 없음 또는 문장 조각·중복 배정 제외
경제전망보고서 2025년 5월,2025-05-29,2025년 5월 경제전망보고서(Indigo Book)_FFF.pdf,83,175,내용 보완 검수: PDF 표 격자 추출; 셀·수치 정확도 검수 필요
경제전망보고서 2025년 5월,2025-05-29,2025년 5월 경제전망보고서(Indigo Book)_FFF.pdf,49,25,내용 보완 검수: 허용 종류로 판별 불가 또는 표 구조 미확인; 번호 직결 인용 없음 또는 문장 조각·중복 배정 제외
경제전망보고서 2025년 5월,2025-05-29,2025년 5월 경제전망보고서(Indigo Book)_FFF.pdf,49,211,내용 보완 검수: 제목·계열·직접 인용의 해석 근거 부족; 번호 직결 인용 없음 또는 문장 조각·중복 배정 제외
경제전망보고서 2025년 5월,2025-05-29,2025년 5월 경제전망보고서(Indigo Book)_FFF.pdf,49,212,내용 보완 검수: 번호 직결 인용 없음 또는 문장 조각·중복 배정 제외
경제전망보고서 2025년 5월,2025-05-29,2025년 5월 경제전망보고서(Indigo Book)_FFF.pdf,92,474,내용 보완 검수: 허용 종류로 판별 불가 또는 표 구조 미확인; 번호 직결 인용 없음 또는 문장 조각·중복 배정 제외
경제전망보고서 2025년 5월,2025-05-29,2025년 5월 경제전망보고서(Indigo Book)_FFF.pdf,94,1350,내용 보완 검수: 허용 종류로 판별 불가 또는 표 구조 미확인; 제목·계열·직접 인용의 해석 근거 부족
경제전망보고서 2025년 5월,2025-05-29,2025년 5월 경제전망보고서(Indigo Book)_FFF.pdf,96,685,내용 보완 검수: 허용 종류로 판별 불가 또는 표 구조 미확인
경제전망보고서 2025년 5월,2025-05-29,2025년 5월 경제전망보고서(Indigo Book)_FFF.pdf,97,1704,내용 보완 검수: 허용 종류로 판별 불가 또는 표 구조 미확인; 제목·계열·직접 인용의 해석 근거 부족
경제전망보고서 2025년 8월,2025-08-28,2025년 8월 경제전망보고서(Indigo Book)_fff.pdf,28,141,내용 보완 검수: 허용 종류로 판별 불가 또는 표 구조 미확인; 제목·계열·직접 인용의 해석 근거 부족
경제전망보고서 2025년 8월,2025-08-28,2025년 8월 경제전망보고서(Indigo Book)_fff.pdf,45,77,내용 보완 검수: 허용 종류로 판별 불가 또는 표 구조 미확인; 제목·계열·직접 인용의 해석 근거 부족
경제전망보고서 2025년 8월,2025-08-28,2025년 8월 경제전망보고서(Indigo Book)_fff.pdf,68,256,내용 보완 검수: 허용 종류로 판별 불가 또는 표 구조 미확인; 제목·계열·직접 인용의 해석 근거 부족
경제전망보고서 2025년 8월,2025-08-28,2025년 8월 경제전망보고서(Indigo Book)_fff.pdf,52,67,내용 보완 검수: 허용 종류로 판별 불가 또는 표 구조 미확인; 번호 직결 인용 없음 또는 문장 조각·중복 배정 제외
경제전망보고서 2025년 8월,2025-08-28,2025년 8월 경제전망보고서(Indigo Book)_fff.pdf,53,48,내용 보완 검수: 허용 종류로 판별 불가 또는 표 구조 미확인; 번호 직결 인용 없음 또는 문장 조각·중복 배정 제외
경제전망보고서 2025년 8월,2025-08-28,2025년 8월 경제전망보고서(Indigo Book)_fff.pdf,62,158,내용 보완 검수: 허용 종류로 판별 불가 또는 표 구조 미확인; 제목·계열·직접 인용의 해석 근거 부족
경제전망보고서 2025년 8월,2025-08-28,2025년 8월 경제전망보고서(Indigo Book)_fff.pdf,63,232,내용 보완 검수: 허용 종류로 판별 불가 또는 표 구조 미확인; 제목·계열·직접 인용의 해석 근거 부족
경제전망보고서 2025년 8월,2025-08-28,2025년 8월 경제전망보고서(Indigo Book)_fff.pdf,54,23,내용 보완 검수: 허용 종류로 판별 불가 또는 표 구조 미확인; 번호 직결 인용 없음 또는 문장 조각·중복 배정 제외
경제전망보고서 2025년 8월,2025-08-28,2025년 8월 경제전망보고서(Indigo Book)_fff.pdf,54,204,내용 보완 검수: 허용 종류로 판별 불가 또는 표 구조 미확인; 제목·계열·직접 인용의 해석 근거 부족
경제전망보고서 2026년 2월,2026-02-26,2026년 2월 경제전망보고서(Indigo Book)_FFF.pdf,54,45,내용 보완 검수: 허용 종류로 판별 불가 또는 표 구조 미확인; 번호 직결 인용 없음 또는 문장 조각·중복 배정 제외
경제전망보고서 2026년 2월,2026-02-26,2026년 2월 경제전망보고서(Indigo Book)_FFF.pdf,82,118,내용 보완 검수: 허용 종류로 판별 불가 또는 표 구조 미확인; 번호 직결 인용 없음 또는 문장 조각·중복 배정 제외
경제전망보고서 2026년 2월,2026-02-26,2026년 2월 경제전망보고서(Indigo Book)_FFF.pdf,83,140,내용 보완 검수: 허용 종류로 판별 불가 또는 표 구조 미확인; 제목·계열·직접 인용의 해석 근거 부족
경제전망보고서 2026년 2월,2026-02-26,2026년 2월 경제전망보고서(Indigo Book)_FFF.pdf,55,167,내용 보완 검수: 허용 종류로 판별 불가 또는 표 구조 미확인; 번호 직결 인용 없음 또는 문장 조각·중복 배정 제외
경제전망보고서 2026년 5월,2026-05-28,2026년 5월 경제전망보고서(Indigo Book)_F4.pdf,34,160,내용 보완 검수: 허용 종류로 판별 불가 또는 표 구조 미확인; 번호 직결 인용 없음 또는 문장 조각·중복 배정 제외
경제전망보고서 2026년 5월,2026-05-28,2026년 5월 경제전망보고서(Indigo Book)_F4.pdf,60,103,내용 보완 검수: 허용 종류로 판별 불가 또는 표 구조 미확인; 번호 직결 인용 없음 또는 문장 조각·중복 배정 제외
경제전망보고서 2026년 5월,2026-05-28,2026년 5월 경제전망보고서(Indigo Book)_F4.pdf,108,574,내용 보완 검수: 허용 종류로 판별 불가 또는 표 구조 미확인
경제전망보고서 2026년 5월,2026-05-28,2026년 5월 경제전망보고서(Indigo Book)_F4.pdf,62,85,내용 보완 검수: 번호 직결 인용 없음 또는 문장 조각·중복 배정 제외
경제전망보고서 2026년 5월,2026-05-28,2026년 5월 경제전망보고서(Indigo Book)_F4.pdf,63,126,내용 보완 검수: 허용 종류로 판별 불가 또는 표 구조 미확인; 번호 직결 인용 없음 또는 문장 조각·중복 배정 제외
경제전망보고서 2026년 5월,2026-05-28,2026년 5월 경제전망보고서(Indigo Book)_F4.pdf,131,670,내용 보완 검수: 허용 종류로 판별 불가 또는 표 구조 미확인; 번호 직결 인용 없음 또는 문장 조각·중복 배정 제외
경제전망보고서 2026년 8월,2026-08-27,2026년 8월 경제전망보고서_FF.pdf,26,37,내용 보완 검수: 허용 종류로 판별 불가 또는 표 구조 미확인; 번호 직결 인용 없음 또는 문장 조각·중복 배정 제외
경제전망보고서 2026년 8월,2026-08-27,2026년 8월 경제전망보고서_FF.pdf,42,76,내용 보완 검수: 허용 종류로 판별 불가 또는 표 구조 미확인; 번호 직결 인용 없음 또는 문장 조각·중복 배정 제외
경제전망보고서 2026년 8월,2026-08-27,2026년 8월 경제전망보고서_FF.pdf,44,91,내용 보완 검수: 번호 직결 인용 없음 또는 문장 조각·중복 배정 제외
경제전망보고서 2026년 8월,2026-08-27,2026년 8월 경제전망보고서_FF.pdf,45,154,내용 보완 검수: 허용 종류로 판별 불가 또는 표 구조 미확인; 번호 직결 인용 없음 또는 문장 조각·중복 배정 제외
금융안정보고서 2023년 12월,2023-12-28,금융안정보고서(2023년 12월).pdf,19,1164,내용 보완 검수: 허용 종류로 판별 불가 또는 표 구조 미확인
금융안정보고서 2023년 12월,2023-12-28,금융안정보고서(2023년 12월).pdf,37,546,내용 보완 검수: 허용 종류로 판별 불가 또는 표 구조 미확인; 제목·계열·직접 인용의 해석 근거 부족
금융안정보고서 2023년 12월,2023-12-28,현안 1. 최근 기업신용 확대 관련 리스크 점검 및 정책적 시사점 (1).pdf,2,554,내용 보완 검수: 번호 미확인; 캡션 또는 비결과물 오탐 여부 검수; 번호 직결 인용 없음 또는 문장 조각·중복 배정 제외
금융안정보고서 2023년 12월,2023-12-28,현안 1. 최근 기업신용 확대 관련 리스크 점검 및 정책적 시사점 (1).pdf,6,695,내용 보완 검수: 번호 미확인; 캡션 또는 비결과물 오탐 여부 검수; 번호 직결 인용 없음 또는 문장 조각·중복 배정 제외
금융안정보고서 2023년 12월,2023-12-28,현안 1. 최근 기업신용 확대 관련 리스크 점검 및 정책적 시사점 (1).pdf,10,779,내용 보완 검수: 번호 미확인; 캡션 또는 비결과물 오탐 여부 검수; 번호 직결 인용 없음 또는 문장 조각·중복 배정 제외
금융안정보고서 2023년 12월,2023-12-28,현안 1. 최근 기업신용 확대 관련 리스크 점검 및 정책적 시사점 (1).pdf,11,558,내용 보완 검수: 번호 미확인; 캡션 또는 비결과물 오탐 여부 검수; 번호 직결 인용 없음 또는 문장 조각·중복 배정 제외
금융안정보고서 2023년 12월,2023-12-28,금융안정보고서(2023년 12월).pdf,45,408,내용 보완 검수: 번호 미확인; 캡션 또는 비결과물 오탐 여부 검수; 번호 직결 인용 없음 또는 문장 조각·중복 배정 제외
금융안정보고서 2023년 12월,2023-12-28,현안 2. 은행 및 비은행 예금취급기관의 주요 리스크 점검 (1).pdf,2,304,내용 보완 검수: 번호 미확인; 캡션 또는 비결과물 오탐 여부 검수; 번호 직결 인용 없음 또는 문장 조각·중복 배정 제외
금융안정보고서 2023년 12월,2023-12-28,현안 2. 은행 및 비은행 예금취급기관의 주요 리스크 점검 (1).pdf,6,575,내용 보완 검수: 번호 미확인; 캡션 또는 비결과물 오탐 여부 검수; 번호 직결 인용 없음 또는 문장 조각·중복 배정 제외
금융안정보고서 2023년 12월,2023-12-28,현안 2. 은행 및 비은행 예금취급기관의 주요 리스크 점검 (1).pdf,5,500,내용 보완 검수: 번호 미확인; 캡션 또는 비결과물 오탐 여부 검수; 번호 직결 인용 없음 또는 문장 조각·중복 배정 제외
금융안정보고서 2023년 12월,2023-12-28,현안 2. 은행 및 비은행 예금취급기관의 주요 리스크 점검 (1).pdf,4,811,내용 보완 검수: 번호 미확인; 캡션 또는 비결과물 오탐 여부 검수; 번호 직결 인용 없음 또는 문장 조각·중복 배정 제외
금융안정보고서 2023년 12월,2023-12-28,현안 1. 최근 기업신용 확대 관련 리스크 점검 및 정책적 시사점 (1).pdf,9,943,내용 보완 검수: 번호 미확인; 캡션 또는 비결과물 오탐 여부 검수; 번호 직결 인용 없음 또는 문장 조각·중복 배정 제외
금융안정보고서 2023년 12월,2023-12-28,현안 1. 최근 기업신용 확대 관련 리스크 점검 및 정책적 시사점 (1).pdf,5,614,내용 보완 검수: 번호 미확인; 캡션 또는 비결과물 오탐 여부 검수; 번호 직결 인용 없음 또는 문장 조각·중복 배정 제외
금융안정보고서 2023년 12월,2023-12-28,현안 1. 최근 기업신용 확대 관련 리스크 점검 및 정책적 시사점 (1).pdf,12,714,내용 보완 검수: 번호 미확인; 캡션 또는 비결과물 오탐 여부 검수; 번호 직결 인용 없음 또는 문장 조각·중복 배정 제외
금융안정보고서 2023년 12월,2023-12-28,현안 1. 최근 기업신용 확대 관련 리스크 점검 및 정책적 시사점 (1).pdf,7,418,내용 보완 검수: 번호 미확인; 캡션 또는 비결과물 오탐 여부 검수; 번호 직결 인용 없음 또는 문장 조각·중복 배정 제외
금융안정보고서 2023년 12월,2023-12-28,현안 1. 최근 기업신용 확대 관련 리스크 점검 및 정책적 시사점 (1).pdf,4,990,내용 보완 검수: 번호 미확인; 캡션 또는 비결과물 오탐 여부 검수; 번호 직결 인용 없음 또는 문장 조각·중복 배정 제외
금융안정보고서 2023년 12월,2023-12-28,금융안정보고서(2023년 12월).pdf,78,275,내용 보완 검수: 허용 종류로 판별 불가 또는 표 구조 미확인; 번호 직결 인용 없음 또는 문장 조각·중복 배정 제외
금융안정보고서 2023년 12월,2023-12-28,금융안정보고서(2023년 12월).pdf,118,448,내용 보완 검수: PDF 표 격자 추출; 셀·수치 정확도 검수 필요
금융안정보고서 2023년 12월,2023-12-28,현안 1. 최근 기업신용 확대 관련 리스크 점검 및 정책적 시사점 (1).pdf,10,448,내용 보완 검수: 번호 직결 인용 없음 또는 문장 조각·중복 배정 제외
금융안정보고서 2023년 12월,2023-12-28,금융안정보고서(2023년 12월).pdf,62,605,내용 보완 검수: 허용 종류로 판별 불가 또는 표 구조 미확인; 번호 직결 인용 없음 또는 문장 조각·중복 배정 제외
금융안정보고서 2023년 12월,2023-12-28,금융안정보고서(2023년 12월).pdf,62,1007,내용 보완 검수: 허용 종류로 판별 불가 또는 표 구조 미확인
금융안정보고서 2024년 12월,2024-12-24,금융안정보고서(2024년 12월)_FFF.pdf,21,934,내용 보완 검수: 허용 종류로 판별 불가 또는 표 구조 미확인; 제목·계열·직접 인용의 해석 근거 부족
금융안정보고서 2024년 12월,2024-12-24,금융안정보고서(2024년 12월)_FFF.pdf,34,640,내용 보완 검수: 허용 종류로 판별 불가 또는 표 구조 미확인; 제목·계열·직접 인용의 해석 근거 부족
금융안정보고서 2024년 12월,2024-12-24,금융안정보고서(2024년 12월)_FFF.pdf,47,408,내용 보완 검수: 허용 종류로 판별 불가 또는 표 구조 미확인; 번호 직결 인용 없음 또는 문장 조각·중복 배정 제외
금융안정보고서 2024년 12월,2024-12-24,금융안정보고서(2024년 12월)_FFF.pdf,85,780,내용 보완 검수: 허용 종류로 판별 불가 또는 표 구조 미확인; 제목·계열·직접 인용의 해석 근거 부족
금융안정보고서 2024년 12월,2024-12-24,금융안정보고서(2024년 12월)_FFF.pdf,101,250,내용 보완 검수: 허용 종류로 판별 불가 또는 표 구조 미확인; 번호 직결 인용 없음 또는 문장 조각·중복 배정 제외
금융안정보고서 2024년 12월,2024-12-24,현안2. 최근 가계부채 현황 및 잠재리스크 점검_F.pdf,11,395,내용 보완 검수: 번호 미확인; 캡션 또는 비결과물 오탐 여부 검수; 번호 직결 인용 없음 또는 문장 조각·중복 배정 제외
금융안정보고서 2024년 12월,2024-12-24,현안1. 금리 인하기 금융안정 리스크 평가 및 시사점_F.pdf,14,969,내용 보완 검수: 번호 미확인; 캡션 또는 비결과물 오탐 여부 검수; 번호 직결 인용 없음 또는 문장 조각·중복 배정 제외
금융안정보고서 2024년 12월,2024-12-24,현안2. 최근 가계부채 현황 및 잠재리스크 점검_F.pdf,3,578,내용 보완 검수: 번호 미확인; 캡션 또는 비결과물 오탐 여부 검수; 번호 직결 인용 없음 또는 문장 조각·중복 배정 제외
금융안정보고서 2024년 12월,2024-12-24,현안2. 최근 가계부채 현황 및 잠재리스크 점검_F.pdf,5,448,내용 보완 검수: 번호 미확인; 캡션 또는 비결과물 오탐 여부 검수; 번호 직결 인용 없음 또는 문장 조각·중복 배정 제외
금융안정보고서 2024년 12월,2024-12-24,현안2. 최근 가계부채 현황 및 잠재리스크 점검_F.pdf,12,835,내용 보완 검수: 번호 미확인; 캡션 또는 비결과물 오탐 여부 검수; 번호 직결 인용 없음 또는 문장 조각·중복 배정 제외
금융안정보고서 2024년 12월,2024-12-24,현안1. 금리 인하기 금융안정 리스크 평가 및 시사점_F.pdf,9,1196,내용 보완 검수: 번호 미확인; 캡션 또는 비결과물 오탐 여부 검수; 번호 직결 인용 없음 또는 문장 조각·중복 배정 제외
금융안정보고서 2024년 12월,2024-12-24,현안1. 금리 인하기 금융안정 리스크 평가 및 시사점_F.pdf,6,943,내용 보완 검수: 번호 미확인; 캡션 또는 비결과물 오탐 여부 검수; 번호 직결 인용 없음 또는 문장 조각·중복 배정 제외
금융안정보고서 2024년 12월,2024-12-24,현안2. 최근 가계부채 현황 및 잠재리스크 점검_F.pdf,7,817,내용 보완 검수: 번호 미확인; 캡션 또는 비결과물 오탐 여부 검수; 번호 직결 인용 없음 또는 문장 조각·중복 배정 제외
금융안정보고서 2024년 12월,2024-12-24,금융안정보고서(2024년 12월)_FFF.pdf,27,302,내용 보완 검수: 번호 미확인; 캡션 또는 비결과물 오탐 여부 검수; 번호 직결 인용 없음 또는 문장 조각·중복 배정 제외
금융안정보고서 2024년 12월,2024-12-24,현안1. 금리 인하기 금융안정 리스크 평가 및 시사점_F.pdf,7,726,내용 보완 검수: 번호 미확인; 캡션 또는 비결과물 오탐 여부 검수; 번호 직결 인용 없음 또는 문장 조각·중복 배정 제외
금융안정보고서 2024년 12월,2024-12-24,현안2. 최근 가계부채 현황 및 잠재리스크 점검_F.pdf,4,1468,내용 보완 검수: 번호 미확인; 캡션 또는 비결과물 오탐 여부 검수; 번호 직결 인용 없음 또는 문장 조각·중복 배정 제외
금융안정보고서 2024년 12월,2024-12-24,현안2. 최근 가계부채 현황 및 잠재리스크 점검_F.pdf,10,562,내용 보완 검수: 번호 미확인; 캡션 또는 비결과물 오탐 여부 검수; 번호 직결 인용 없음 또는 문장 조각·중복 배정 제외
금융안정보고서 2024년 12월,2024-12-24,현안2. 최근 가계부채 현황 및 잠재리스크 점검_F.pdf,6,400,내용 보완 검수: 번호 미확인; 캡션 또는 비결과물 오탐 여부 검수; 번호 직결 인용 없음 또는 문장 조각·중복 배정 제외
금융안정보고서 2024년 12월,2024-12-24,현안2. 최근 가계부채 현황 및 잠재리스크 점검_F.pdf,9,448,내용 보완 검수: 번호 미확인; 캡션 또는 비결과물 오탐 여부 검수; 번호 직결 인용 없음 또는 문장 조각·중복 배정 제외
금융안정보고서 2024년 12월,2024-12-24,현안1. 금리 인하기 금융안정 리스크 평가 및 시사점_F.pdf,8,731,내용 보완 검수: 번호 미확인; 캡션 또는 비결과물 오탐 여부 검수; 번호 직결 인용 없음 또는 문장 조각·중복 배정 제외
금융안정보고서 2024년 12월,2024-12-24,현안1. 금리 인하기 금융안정 리스크 평가 및 시사점_F.pdf,12,361,내용 보완 검수: 번호 미확인; 캡션 또는 비결과물 오탐 여부 검수; 번호 직결 인용 없음 또는 문장 조각·중복 배정 제외
금융안정보고서 2024년 12월,2024-12-24,금융안정보고서(2024년 12월)_FFF.pdf,59,547,내용 보완 검수: 허용 종류로 판별 불가 또는 표 구조 미확인; 제목·계열·직접 인용의 해석 근거 부족
금융안정보고서 2024년 12월,2024-12-24,금융안정보고서(2024년 12월)_FFF.pdf,87,265,내용 보완 검수: 허용 종류로 판별 불가 또는 표 구조 미확인
금융안정보고서 2024년 12월,2024-12-24,금융안정보고서(2024년 12월)_FFF.pdf,117,360,내용 보완 검수: 허용 종류로 판별 불가 또는 표 구조 미확인
금융안정보고서 2024년 6월,2024-06-26,금융안정보고서(2024년 6월).pdf,19,1005,내용 보완 검수: 허용 종류로 판별 불가 또는 표 구조 미확인; 번호 직결 인용 없음 또는 문장 조각·중복 배정 제외
금융안정보고서 2024년 6월,2024-06-26,금융안정보고서(2024년 6월).pdf,35,415,내용 보완 검수: 허용 종류로 판별 불가 또는 표 구조 미확인; 제목·계열·직접 인용의 해석 근거 부족
금융안정보고서 2024년 6월,2024-06-26,금융안정보고서(2024년 6월).pdf,51,408,내용 보완 검수: 허용 종류로 판별 불가 또는 표 구조 미확인; 번호 직결 인용 없음 또는 문장 조각·중복 배정 제외
금융안정보고서 2024년 6월,2024-06-26,금융안정보고서(2024년 6월).pdf,81,708,내용 보완 검수: 허용 종류로 판별 불가 또는 표 구조 미확인; 번호 직결 인용 없음 또는 문장 조각·중복 배정 제외
금융안정보고서 2024년 6월,2024-06-26,금융안정보고서(2024년 6월).pdf,98,247,내용 보완 검수: 허용 종류로 판별 불가 또는 표 구조 미확인; 제목·계열·직접 인용의 해석 근거 부족
금융안정보고서 2024년 6월,2024-06-26,금융안정보고서(2024년 6월).pdf,136,67,내용 보완 검수: 허용 종류로 판별 불가 또는 표 구조 미확인; 번호 직결 인용 없음 또는 문장 조각·중복 배정 제외
금융안정보고서 2024년 6월,2024-06-26,현안1. 매크로레버리지 평가를 통한 금융시스템의 잠재리스크 점검.pdf,10,368,내용 보완 검수: 번호 미확인; 캡션 또는 비결과물 오탐 여부 검수; 번호 직결 인용 없음 또는 문장 조각·중복 배정 제외
금융안정보고서 2024년 6월,2024-06-26,금융안정보고서(2024년 6월).pdf,20,283,내용 보완 검수: 번호 미확인; 캡션 또는 비결과물 오탐 여부 검수; 번호 직결 인용 없음 또는 문장 조각·중복 배정 제외
금융안정보고서 2024년 6월,2024-06-26,금융안정보고서(2024년 6월).pdf,21,194,내용 보완 검수: 번호 미확인; 캡션 또는 비결과물 오탐 여부 검수; 번호 직결 인용 없음 또는 문장 조각·중복 배정 제외
금융안정보고서 2024년 6월,2024-06-26,현안1. 매크로레버리지 평가를 통한 금융시스템의 잠재리스크 점검.pdf,8,867,내용 보완 검수: 번호 미확인; 캡션 또는 비결과물 오탐 여부 검수; 번호 직결 인용 없음 또는 문장 조각·중복 배정 제외
금융안정보고서 2024년 6월,2024-06-26,현안1. 매크로레버리지 평가를 통한 금융시스템의 잠재리스크 점검.pdf,5,584,내용 보완 검수: 번호 미확인; 캡션 또는 비결과물 오탐 여부 검수; 번호 직결 인용 없음 또는 문장 조각·중복 배정 제외
금융안정보고서 2024년 6월,2024-06-26,현안1. 매크로레버리지 평가를 통한 금융시스템의 잠재리스크 점검.pdf,13,620,내용 보완 검수: 번호 미확인; 캡션 또는 비결과물 오탐 여부 검수; 번호 직결 인용 없음 또는 문장 조각·중복 배정 제외
금융안정보고서 2024년 6월,2024-06-26,금융안정보고서(2024년 6월).pdf,137,90,내용 보완 검수: 번호 미확인; 캡션 또는 비결과물 오탐 여부 검수; 번호 직결 인용 없음 또는 문장 조각·중복 배정 제외
금융안정보고서 2024년 6월,2024-06-26,현안2. 마이크로데이터 기반 스트레스 테스트 모형 재구축 및 금융기관 복원력 점검.pdf,8,1131,내용 보완 검수: 번호 미확인; 캡션 또는 비결과물 오탐 여부 검수; 번호 직결 인용 없음 또는 문장 조각·중복 배정 제외
금융안정보고서 2024년 6월,2024-06-26,현안2. 마이크로데이터 기반 스트레스 테스트 모형 재구축 및 금융기관 복원력 점검.pdf,9,456,내용 보완 검수: 번호 미확인; 캡션 또는 비결과물 오탐 여부 검수; 번호 직결 인용 없음 또는 문장 조각·중복 배정 제외
금융안정보고서 2024년 6월,2024-06-26,금융안정보고서(2024년 6월).pdf,136,67,내용 보완 검수: 번호 미확인; 캡션 또는 비결과물 오탐 여부 검수; 번호 직결 인용 없음 또는 문장 조각·중복 배정 제외
금융안정보고서 2024년 6월,2024-06-26,현안1. 매크로레버리지 평가를 통한 금융시스템의 잠재리스크 점검.pdf,9,1243,내용 보완 검수: 번호 미확인; 캡션 또는 비결과물 오탐 여부 검수; 번호 직결 인용 없음 또는 문장 조각·중복 배정 제외
금융안정보고서 2024년 6월,2024-06-26,현안1. 매크로레버리지 평가를 통한 금융시스템의 잠재리스크 점검.pdf,6,386,내용 보완 검수: 번호 미확인; 캡션 또는 비결과물 오탐 여부 검수; 번호 직결 인용 없음 또는 문장 조각·중복 배정 제외
금융안정보고서 2024년 6월,2024-06-26,현안1. 매크로레버리지 평가를 통한 금융시스템의 잠재리스크 점검.pdf,14,1088,내용 보완 검수: 번호 미확인; 캡션 또는 비결과물 오탐 여부 검수; 번호 직결 인용 없음 또는 문장 조각·중복 배정 제외
금융안정보고서 2024년 6월,2024-06-26,현안1. 매크로레버리지 평가를 통한 금융시스템의 잠재리스크 점검.pdf,4,424,내용 보완 검수: 번호 미확인; 캡션 또는 비결과물 오탐 여부 검수; 번호 직결 인용 없음 또는 문장 조각·중복 배정 제외
금융안정보고서 2024년 6월,2024-06-26,금융안정보고서(2024년 6월).pdf,63,1758,내용 보완 검수: 허용 종류로 판별 불가 또는 표 구조 미확인; 번호 직결 인용 없음 또는 문장 조각·중복 배정 제외
금융안정보고서 2024년 6월,2024-06-26,금융안정보고서(2024년 6월).pdf,63,323,내용 보완 검수: 허용 종류로 판별 불가 또는 표 구조 미확인
금융안정보고서 2024년 6월,2024-06-26,금융안정보고서(2024년 6월).pdf,83,270,내용 보완 검수: 번호 직결 인용 없음 또는 문장 조각·중복 배정 제외
금융안정보고서 2024년 6월,2024-06-26,금융안정보고서(2024년 6월).pdf,123,907,내용 보완 검수: PDF 표 격자 추출; 셀·수치 정확도 검수 필요
금융안정보고서 2024년 6월,2024-06-26,현안2. 마이크로데이터 기반 스트레스 테스트 모형 재구축 및 금융기관 복원력 점검.pdf,7,907,내용 보완 검수: 허용 종류로 판별 불가 또는 표 구조 미확인; 번호 직결 인용 없음 또는 문장 조각·중복 배정 제외
금융안정보고서 2024년 6월,2024-06-26,현안2. 마이크로데이터 기반 스트레스 테스트 모형 재구축 및 금융기관 복원력 점검_2.pdf,7,907,내용 보완 검수: 번호 직결 인용 없음 또는 문장 조각·중복 배정 제외
금융안정보고서 2025년 12월,2025-12-23,금융안정보고서(2025년 12월).pdf,25,714,내용 보완 검수: 허용 종류로 판별 불가 또는 표 구조 미확인; 번호 직결 인용 없음 또는 문장 조각·중복 배정 제외
금융안정보고서 2025년 12월,2025-12-23,금융안정보고서(2025년 12월).pdf,43,424,내용 보완 검수: 허용 종류로 판별 불가 또는 표 구조 미확인; 제목·계열·직접 인용의 해석 근거 부족
금융안정보고서 2025년 12월,2025-12-23,금융안정보고서(2025년 12월).pdf,57,390,내용 보완 검수: 허용 종류로 판별 불가 또는 표 구조 미확인; 번호 직결 인용 없음 또는 문장 조각·중복 배정 제외
금융안정보고서 2025년 12월,2025-12-23,금융안정보고서(2025년 12월).pdf,83,498,내용 보완 검수: 허용 종류로 판별 불가 또는 표 구조 미확인; 번호 직결 인용 없음 또는 문장 조각·중복 배정 제외
금융안정보고서 2025년 12월,2025-12-23,금융안정보고서(2025년 12월).pdf,28,448,내용 보완 검수: 허용 종류로 판별 불가 또는 표 구조 미확인; 제목·계열·직접 인용의 해석 근거 부족
금융안정보고서 2025년 12월,2025-12-23,금융안정보고서(2025년 12월).pdf,61,392,내용 보완 검수: 허용 종류로 판별 불가 또는 표 구조 미확인; 제목·계열·직접 인용의 해석 근거 부족
금융안정보고서 2025년 12월,2025-12-23,금융안정보고서(2025년 12월).pdf,61,264,내용 보완 검수: 허용 종류로 판별 불가 또는 표 구조 미확인; 번호 직결 인용 없음 또는 문장 조각·중복 배정 제외
금융안정보고서 2025년 12월,2025-12-23,금융안정보고서(2025년 12월).pdf,95,358,내용 보완 검수: 허용 종류로 판별 불가 또는 표 구조 미확인
금융안정보고서 2025년 12월,2025-12-23,금융안정보고서(2025년 12월).pdf,95,500,내용 보완 검수: PDF 표 격자 추출; 셀·수치 정확도 검수 필요
금융안정보고서 2025년 12월,2025-12-23,금융안정보고서(2025년 12월).pdf,96,412,내용 보완 검수: 허용 종류로 판별 불가 또는 표 구조 미확인; 번호 직결 인용 없음 또는 문장 조각·중복 배정 제외
금융안정보고서 2025년 12월,2025-12-23,금융안정보고서(2025년 12월).pdf,98,660,내용 보완 검수: 허용 종류로 판별 불가 또는 표 구조 미확인; 번호 직결 인용 없음 또는 문장 조각·중복 배정 제외
금융안정보고서 2025년 12월,2025-12-23,금융안정보고서(2025년 12월).pdf,115,873,내용 보완 검수: 번호 직결 인용 없음 또는 문장 조각·중복 배정 제외
금융안정보고서 2025년 12월,2025-12-23,현안2. 금융부문의 수익추구 동향 및 평가.pdf,5,873,내용 보완 검수: PDF 표 격자 추출; 셀·수치 정확도 검수 필요
금융안정보고서 2025년 12월,2025-12-23,금융안정보고서(2025년 12월).pdf,115,365,내용 보완 검수: 허용 종류로 판별 불가 또는 표 구조 미확인; 번호 직결 인용 없음 또는 문장 조각·중복 배정 제외
금융안정보고서 2025년 12월,2025-12-23,금융안정보고서(2025년 12월).pdf,121,781,내용 보완 검수: 제목·계열·직접 인용의 해석 근거 부족; 번호 직결 인용 없음 또는 문장 조각·중복 배정 제외
금융안정보고서 2025년 12월,2025-12-23,금융안정보고서(2025년 12월).pdf,125,390,내용 보완 검수: 허용 종류로 판별 불가 또는 표 구조 미확인
금융안정보고서 2025년 12월,2025-12-23,금융안정보고서(2025년 12월).pdf,129,258,내용 보완 검수: 허용 종류로 판별 불가 또는 표 구조 미확인; 번호 직결 인용 없음 또는 문장 조각·중복 배정 제외
금융안정보고서 2025년 6월,2025-06-25,금융안정보고서(2025년 6월).pdf,19,675,내용 보완 검수: 허용 종류로 판별 불가 또는 표 구조 미확인; 제목·계열·직접 인용의 해석 근거 부족
금융안정보고서 2025년 6월,2025-06-25,금융안정보고서(2025년 6월).pdf,32,423,내용 보완 검수: 허용 종류로 판별 불가 또는 표 구조 미확인; 제목·계열·직접 인용의 해석 근거 부족
금융안정보고서 2025년 6월,2025-06-25,금융안정보고서(2025년 6월).pdf,50,362,내용 보완 검수: 허용 종류로 판별 불가 또는 표 구조 미확인; 번호 직결 인용 없음 또는 문장 조각·중복 배정 제외
금융안정보고서 2025년 6월,2025-06-25,금융안정보고서(2025년 6월).pdf,80,383,내용 보완 검수: 허용 종류로 판별 불가 또는 표 구조 미확인; 번호 직결 인용 없음 또는 문장 조각·중복 배정 제외
금융안정보고서 2025년 6월,2025-06-25,금융안정보고서(2025년 6월).pdf,113,653,내용 보완 검수: 허용 종류로 판별 불가 또는 표 구조 미확인; 번호 직결 인용 없음 또는 문장 조각·중복 배정 제외
금융안정보고서 2025년 6월,2025-06-25,금융안정보고서(2025년 6월).pdf,22,536,내용 보완 검수: 허용 종류로 판별 불가 또는 표 구조 미확인; 제목·계열·직접 인용의 해석 근거 부족
금융안정보고서 2025년 6월,2025-06-25,금융안정보고서(2025년 6월).pdf,54,420,내용 보완 검수: 허용 종류로 판별 불가 또는 표 구조 미확인
금융안정보고서 2025년 6월,2025-06-25,금융안정보고서(2025년 6월).pdf,55,415,내용 보완 검수: 허용 종류로 판별 불가 또는 표 구조 미확인; 제목·계열·직접 인용의 해석 근거 부족
금융안정보고서 2025년 6월,2025-06-25,금융안정보고서(2025년 6월).pdf,92,334,내용 보완 검수: 허용 종류로 판별 불가 또는 표 구조 미확인; 번호 직결 인용 없음 또는 문장 조각·중복 배정 제외
금융안정보고서 2025년 6월,2025-06-25,금융안정보고서(2025년 6월).pdf,92,394,내용 보완 검수: 번호 직결 인용 없음 또는 문장 조각·중복 배정 제외
금융안정보고서 2025년 6월,2025-06-25,금융안정보고서(2025년 6월).pdf,93,619,내용 보완 검수: 허용 종류로 판별 불가 또는 표 구조 미확인
금융안정보고서 2025년 6월,2025-06-25,금융안정보고서(2025년 6월).pdf,94,485,내용 보완 검수: 허용 종류로 판별 불가 또는 표 구조 미확인
금융안정보고서 2025년 6월,2025-06-25,금융안정보고서(2025년 6월).pdf,94,330,내용 보완 검수: 허용 종류로 판별 불가 또는 표 구조 미확인; 번호 직결 인용 없음 또는 문장 조각·중복 배정 제외
금융안정보고서 2025년 6월,2025-06-25,금융안정보고서(2025년 6월).pdf,95,354,내용 보완 검수: 허용 종류로 판별 불가 또는 표 구조 미확인; 제목·계열·직접 인용의 해석 근거 부족
금융안정보고서 2025년 6월,2025-06-25,금융안정보고서(2025년 6월).pdf,96,280,내용 보완 검수: 허용 종류로 판별 불가 또는 표 구조 미확인
금융안정보고서 2025년 6월,2025-06-25,금융안정보고서(2025년 6월).pdf,110,559,내용 보완 검수: 허용 종류로 판별 불가 또는 표 구조 미확인; 제목·계열·직접 인용의 해석 근거 부족
금융안정보고서 2025년 6월,2025-06-25,현안1. 대내외 불확실성 요인이 기업 신용리스크에 미치는 영향.pdf,8,559,내용 보완 검수: 허용 종류로 판별 불가 또는 표 구조 미확인; 제목·계열·직접 인용의 해석 근거 부족
금융안정보고서 2025년 6월,2025-06-25,금융안정보고서(2025년 6월).pdf,110,492,내용 보완 검수: 번호 직결 인용 없음 또는 문장 조각·중복 배정 제외
금융안정보고서 2025년 6월,2025-06-25,현안1. 대내외 불확실성 요인이 기업 신용리스크에 미치는 영향.pdf,8,492,내용 보완 검수: 번호 직결 인용 없음 또는 문장 조각·중복 배정 제외
금융안정보고서 2025년 6월,2025-06-25,금융안정보고서(2025년 6월).pdf,125,968,내용 보완 검수: 제목·계열·직접 인용의 해석 근거 부족; 번호 직결 인용 없음 또는 문장 조각·중복 배정 제외
금융안정보고서 2025년 6월,2025-06-25,현안2. 비은행금융기관의 유형별 리스크 점검 및 시사점.pdf,9,968,내용 보완 검수: 제목·계열·직접 인용의 해석 근거 부족
금융안정보고서 2025년 6월,2025-06-25,금융안정보고서(2025년 6월).pdf,127,772,내용 보완 검수: 제목·계열·직접 인용의 해석 근거 부족; 번호 직결 인용 없음 또는 문장 조각·중복 배정 제외
금융안정보고서 2025년 6월,2025-06-25,현안2. 비은행금융기관의 유형별 리스크 점검 및 시사점.pdf,11,772,내용 보완 검수: 제목·계열·직접 인용의 해석 근거 부족; 번호 직결 인용 없음 또는 문장 조각·중복 배정 제외
금융안정보고서 2025년 6월,2025-06-25,금융안정보고서(2025년 6월).pdf,128,675,내용 보완 검수: 허용 종류로 판별 불가 또는 표 구조 미확인; 제목·계열·직접 인용의 해석 근거 부족
금융안정보고서 2025년 6월,2025-06-25,현안2. 비은행금융기관의 유형별 리스크 점검 및 시사점.pdf,12,675,내용 보완 검수: 허용 종류로 판별 불가 또는 표 구조 미확인; 제목·계열·직접 인용의 해석 근거 부족
금융안정보고서 2025년 6월,2025-06-25,금융안정보고서(2025년 6월).pdf,147,337,내용 보완 검수: 허용 종류로 판별 불가 또는 표 구조 미확인
금융안정보고서 2025년 6월,2025-06-25,금융안정보고서(2025년 6월).pdf,148,767,내용 보완 검수: 허용 종류로 판별 불가 또는 표 구조 미확인; 번호 직결 인용 없음 또는 문장 조각·중복 배정 제외
금융안정보고서 2026년 6월,2026-06-24,금융안정보고서(2026년 6월).pdf,19,737,내용 보완 검수: 허용 종류로 판별 불가 또는 표 구조 미확인; 제목·계열·직접 인용의 해석 근거 부족
금융안정보고서 2026년 6월,2026-06-24,금융안정보고서(2026년 6월).pdf,36,678,내용 보완 검수: 허용 종류로 판별 불가 또는 표 구조 미확인; 번호 직결 인용 없음 또는 문장 조각·중복 배정 제외
금융안정보고서 2026년 6월,2026-06-24,금융안정보고서(2026년 6월).pdf,55,478,내용 보완 검수: 허용 종류로 판별 불가 또는 표 구조 미확인; 번호 직결 인용 없음 또는 문장 조각·중복 배정 제외
금융안정보고서 2026년 6월,2026-06-24,금융안정보고서(2026년 6월).pdf,76,341,내용 보완 검수: 허용 종류로 판별 불가 또는 표 구조 미확인; 번호 직결 인용 없음 또는 문장 조각·중복 배정 제외
금융안정보고서 2026년 6월,2026-06-24,금융안정보고서(2026년 6월).pdf,103,454,내용 보완 검수: 허용 종류로 판별 불가 또는 표 구조 미확인
금융안정보고서 2026년 6월,2026-06-24,현안1. 시장금리 상승에 따른 금융시스템 안정성 평가.pdf,15,1043,내용 보완 검수: 번호 미확인; 캡션 또는 비결과물 오탐 여부 검수; 번호 직결 인용 없음 또는 문장 조각·중복 배정 제외
금융안정보고서 2026년 6월,2026-06-24,금융안정보고서(2026년 6월).pdf,22,805,내용 보완 검수: 제목·계열·직접 인용의 해석 근거 부족; 번호 직결 인용 없음 또는 문장 조각·중복 배정 제외
금융안정보고서 2026년 6월,2026-06-24,금융안정보고서(2026년 6월).pdf,59,506,내용 보완 검수: PDF 표 격자 추출; 셀·수치 정확도 검수 필요
금융안정보고서 2026년 6월,2026-06-24,금융안정보고서(2026년 6월).pdf,60,414,내용 보완 검수: 번호 직결 인용 없음 또는 문장 조각·중복 배정 제외
금융안정보고서 2026년 6월,2026-06-24,금융안정보고서(2026년 6월).pdf,87,222,내용 보완 검수: PDF 표 격자 추출; 셀·수치 정확도 검수 필요
금융안정보고서 2026년 6월,2026-06-24,금융안정보고서(2026년 6월).pdf,88,516,내용 보완 검수: 번호 직결 인용 없음 또는 문장 조각·중복 배정 제외
금융안정보고서 2026년 6월,2026-06-24,금융안정보고서(2026년 6월).pdf,90,967,내용 보완 검수: 번호 직결 인용 없음 또는 문장 조각·중복 배정 제외
금융안정보고서 2026년 6월,2026-06-24,금융안정보고서(2026년 6월).pdf,91,282,내용 보완 검수: 번호 직결 인용 없음 또는 문장 조각·중복 배정 제외
금융안정보고서 2026년 6월,2026-06-24,금융안정보고서(2026년 6월).pdf,127,1263,내용 보완 검수: 번호 직결 인용 없음 또는 문장 조각·중복 배정 제외
금융안정보고서 2026년 6월,2026-06-24,현안2. 비은행 부문 잠재리스크 점검 및 시사점.pdf,13,1293,내용 보완 검수: PDF 표 격자 추출; 셀·수치 정확도 검수 필요
금융안정보고서 2026년 6월,2026-06-24,현안2. 비은행 부문 잠재리스크 점검 및 시사점_2.pdf,13,1263,내용 보완 검수: 번호 직결 인용 없음 또는 문장 조각·중복 배정 제외
금융안정보고서 2026년 6월,2026-06-24,금융안정보고서(2026년 6월).pdf,133,857,내용 보완 검수: PDF 표 격자 추출; 셀·수치 정확도 검수 필요
금융안정보고서 2026년 6월,2026-06-24,금융안정보고서(2026년 6월).pdf,139,590,내용 보완 검수: PDF 표 격자 추출; 셀·수치 정확도 검수 필요
금융안정보고서 2026년 6월,2026-06-24,금융안정보고서(2026년 6월).pdf,145,1017,내용 보완 검수: 제목·계열·직접 인용의 해석 근거 부족
연차보고서 2023년도,2024-03-29,(붙임2) 2023년도 연차보고서.pdf,23,264,내용 보완 검수: 허용 종류로 판별 불가 또는 표 구조 미확인; 번호 직결 인용 없음 또는 문장 조각·중복 배정 제외
연차보고서 2023년도,2024-03-29,(붙임2) 2023년도 연차보고서.pdf,24,398,내용 보완 검수: 허용 종류로 판별 불가 또는 표 구조 미확인; 번호 직결 인용 없음 또는 문장 조각·중복 배정 제외
연차보고서 2023년도,2024-03-29,(붙임2) 2023년도 연차보고서.pdf,25,354,내용 보완 검수: 허용 종류로 판별 불가 또는 표 구조 미확인; 번호 직결 인용 없음 또는 문장 조각·중복 배정 제외
연차보고서 2023년도,2024-03-29,(붙임2) 2023년도 연차보고서.pdf,27,279,내용 보완 검수: 허용 종류로 판별 불가 또는 표 구조 미확인; 번호 직결 인용 없음 또는 문장 조각·중복 배정 제외
연차보고서 2023년도,2024-03-29,(붙임2) 2023년도 연차보고서.pdf,28,422,내용 보완 검수: 허용 종류로 판별 불가 또는 표 구조 미확인; 번호 직결 인용 없음 또는 문장 조각·중복 배정 제외
연차보고서 2023년도,2024-03-29,(붙임2) 2023년도 연차보고서.pdf,31,407,내용 보완 검수: 허용 종류로 판별 불가 또는 표 구조 미확인; 번호 직결 인용 없음 또는 문장 조각·중복 배정 제외
연차보고서 2023년도,2024-03-29,(붙임2) 2023년도 연차보고서.pdf,35,424,내용 보완 검수: 허용 종류로 판별 불가 또는 표 구조 미확인; 번호 직결 인용 없음 또는 문장 조각·중복 배정 제외
연차보고서 2023년도,2024-03-29,(붙임2) 2023년도 연차보고서.pdf,36,609,내용 보완 검수: 허용 종류로 판별 불가 또는 표 구조 미확인; 번호 직결 인용 없음 또는 문장 조각·중복 배정 제외
연차보고서 2023년도,2024-03-29,(붙임2) 2023년도 연차보고서.pdf,46,236,내용 보완 검수: 허용 종류로 판별 불가 또는 표 구조 미확인; 번호 직결 인용 없음 또는 문장 조각·중복 배정 제외
연차보고서 2023년도,2024-03-29,(붙임2) 2023년도 연차보고서.pdf,48,301,내용 보완 검수: 허용 종류로 판별 불가 또는 표 구조 미확인; 번호 직결 인용 없음 또는 문장 조각·중복 배정 제외
연차보고서 2023년도,2024-03-29,(붙임2) 2023년도 연차보고서.pdf,55,142,내용 보완 검수: 허용 종류로 판별 불가 또는 표 구조 미확인; 번호 직결 인용 없음 또는 문장 조각·중복 배정 제외
연차보고서 2023년도,2024-03-29,(붙임2) 2023년도 연차보고서.pdf,61,446,내용 보완 검수: 허용 종류로 판별 불가 또는 표 구조 미확인; 번호 직결 인용 없음 또는 문장 조각·중복 배정 제외
연차보고서 2023년도,2024-03-29,(붙임2) 2023년도 연차보고서.pdf,68,178,내용 보완 검수: 번호 직결 인용 없음 또는 문장 조각·중복 배정 제외
연차보고서 2023년도,2024-03-29,(붙임2) 2023년도 연차보고서.pdf,74,663,내용 보완 검수: 허용 종류로 판별 불가 또는 표 구조 미확인; 번호 직결 인용 없음 또는 문장 조각·중복 배정 제외
연차보고서 2023년도,2024-03-29,(붙임2) 2023년도 연차보고서.pdf,76,556,내용 보완 검수: 허용 종류로 판별 불가 또는 표 구조 미확인; 번호 직결 인용 없음 또는 문장 조각·중복 배정 제외
연차보고서 2023년도,2024-03-29,(붙임2) 2023년도 연차보고서.pdf,77,254,내용 보완 검수: 허용 종류로 판별 불가 또는 표 구조 미확인; 번호 직결 인용 없음 또는 문장 조각·중복 배정 제외
연차보고서 2023년도,2024-03-29,(붙임2) 2023년도 연차보고서.pdf,78,402,내용 보완 검수: 허용 종류로 판별 불가 또는 표 구조 미확인; 번호 직결 인용 없음 또는 문장 조각·중복 배정 제외
연차보고서 2023년도,2024-03-29,(붙임2) 2023년도 연차보고서.pdf,81,828,내용 보완 검수: 번호 직결 인용 없음 또는 문장 조각·중복 배정 제외
연차보고서 2023년도,2024-03-29,(붙임2) 2023년도 연차보고서.pdf,82,241,내용 보완 검수: 허용 종류로 판별 불가 또는 표 구조 미확인; 번호 직결 인용 없음 또는 문장 조각·중복 배정 제외
연차보고서 2023년도,2024-03-29,(붙임2) 2023년도 연차보고서.pdf,83,581,내용 보완 검수: 허용 종류로 판별 불가 또는 표 구조 미확인; 번호 직결 인용 없음 또는 문장 조각·중복 배정 제외
연차보고서 2023년도,2024-03-29,(붙임2) 2023년도 연차보고서.pdf,84,345,내용 보완 검수: 허용 종류로 판별 불가 또는 표 구조 미확인; 번호 직결 인용 없음 또는 문장 조각·중복 배정 제외
연차보고서 2023년도,2024-03-29,(붙임2) 2023년도 연차보고서.pdf,87,1420,내용 보완 검수: 허용 종류로 판별 불가 또는 표 구조 미확인; 번호 직결 인용 없음 또는 문장 조각·중복 배정 제외
연차보고서 2023년도,2024-03-29,(붙임2) 2023년도 연차보고서.pdf,89,2057,내용 보완 검수: 허용 종류로 판별 불가 또는 표 구조 미확인; 번호 직결 인용 없음 또는 문장 조각·중복 배정 제외
연차보고서 2023년도,2024-03-29,(붙임2) 2023년도 연차보고서.pdf,97,530,내용 보완 검수: 허용 종류로 판별 불가 또는 표 구조 미확인; 번호 직결 인용 없음 또는 문장 조각·중복 배정 제외
연차보고서 2023년도,2024-03-29,(붙임2) 2023년도 연차보고서.pdf,98,230,내용 보완 검수: 허용 종류로 판별 불가 또는 표 구조 미확인; 번호 직결 인용 없음 또는 문장 조각·중복 배정 제외
연차보고서 2023년도,2024-03-29,(붙임2) 2023년도 연차보고서.pdf,104,97,내용 보완 검수: 허용 종류로 판별 불가 또는 표 구조 미확인; 번호 직결 인용 없음 또는 문장 조각·중복 배정 제외
연차보고서 2023년도,2024-03-29,(붙임2) 2023년도 연차보고서.pdf,105,290,내용 보완 검수: 허용 종류로 판별 불가 또는 표 구조 미확인; 번호 직결 인용 없음 또는 문장 조각·중복 배정 제외
연차보고서 2023년도,2024-03-29,(붙임2) 2023년도 연차보고서.pdf,109,311,내용 보완 검수: 허용 종류로 판별 불가 또는 표 구조 미확인; 번호 직결 인용 없음 또는 문장 조각·중복 배정 제외
연차보고서 2023년도,2024-03-29,(붙임2) 2023년도 연차보고서.pdf,117,666,내용 보완 검수: 번호 직결 인용 없음 또는 문장 조각·중복 배정 제외
연차보고서 2023년도,2024-03-29,(붙임2) 2023년도 연차보고서.pdf,125,474,내용 보완 검수: 번호 직결 인용 없음 또는 문장 조각·중복 배정 제외
연차보고서 2023년도,2024-03-29,(붙임2) 2023년도 연차보고서.pdf,126,417,내용 보완 검수: 허용 종류로 판별 불가 또는 표 구조 미확인; 번호 직결 인용 없음 또는 문장 조각·중복 배정 제외
연차보고서 2023년도,2024-03-29,(붙임2) 2023년도 연차보고서.pdf,128,568,내용 보완 검수: 허용 종류로 판별 불가 또는 표 구조 미확인; 번호 직결 인용 없음 또는 문장 조각·중복 배정 제외
연차보고서 2023년도,2024-03-29,(붙임2) 2023년도 연차보고서.pdf,130,279,내용 보완 검수: 허용 종류로 판별 불가 또는 표 구조 미확인; 번호 직결 인용 없음 또는 문장 조각·중복 배정 제외
연차보고서 2023년도,2024-03-29,(붙임2) 2023년도 연차보고서.pdf,130,394,내용 보완 검수: 번호 직결 인용 없음 또는 문장 조각·중복 배정 제외
연차보고서 2024년도,2025-03-28,2024년도 연차보고서.pdf,19,258,내용 보완 검수: 허용 종류로 판별 불가 또는 표 구조 미확인; 번호 직결 인용 없음 또는 문장 조각·중복 배정 제외
연차보고서 2024년도,2025-03-28,2024년도 연차보고서.pdf,21,348,내용 보완 검수: 허용 종류로 판별 불가 또는 표 구조 미확인; 번호 직결 인용 없음 또는 문장 조각·중복 배정 제외
연차보고서 2024년도,2025-03-28,2024년도 연차보고서.pdf,23,1090,내용 보완 검수: 허용 종류로 판별 불가 또는 표 구조 미확인; 번호 직결 인용 없음 또는 문장 조각·중복 배정 제외
연차보고서 2024년도,2025-03-28,2024년도 연차보고서.pdf,26,400,내용 보완 검수: 허용 종류로 판별 불가 또는 표 구조 미확인; 번호 직결 인용 없음 또는 문장 조각·중복 배정 제외
연차보고서 2024년도,2025-03-28,2024년도 연차보고서.pdf,30,570,내용 보완 검수: 허용 종류로 판별 불가 또는 표 구조 미확인; 번호 직결 인용 없음 또는 문장 조각·중복 배정 제외
연차보고서 2024년도,2025-03-28,2024년도 연차보고서.pdf,31,467,내용 보완 검수: 허용 종류로 판별 불가 또는 표 구조 미확인; 번호 직결 인용 없음 또는 문장 조각·중복 배정 제외
연차보고서 2024년도,2025-03-28,2024년도 연차보고서.pdf,42,209,내용 보완 검수: 허용 종류로 판별 불가 또는 표 구조 미확인; 번호 직결 인용 없음 또는 문장 조각·중복 배정 제외
연차보고서 2024년도,2025-03-28,2024년도 연차보고서.pdf,50,148,내용 보완 검수: 허용 종류로 판별 불가 또는 표 구조 미확인; 번호 직결 인용 없음 또는 문장 조각·중복 배정 제외
연차보고서 2024년도,2025-03-28,2024년도 연차보고서.pdf,52,551,내용 보완 검수: 번호 직결 인용 없음 또는 문장 조각·중복 배정 제외
연차보고서 2024년도,2025-03-28,2024년도 연차보고서.pdf,53,645,내용 보완 검수: 번호 직결 인용 없음 또는 문장 조각·중복 배정 제외
연차보고서 2024년도,2025-03-28,2024년도 연차보고서.pdf,54,426,내용 보완 검수: 허용 종류로 판별 불가 또는 표 구조 미확인; 번호 직결 인용 없음 또는 문장 조각·중복 배정 제외
연차보고서 2024년도,2025-03-28,2024년도 연차보고서.pdf,58,231,내용 보완 검수: 허용 종류로 판별 불가 또는 표 구조 미확인; 번호 직결 인용 없음 또는 문장 조각·중복 배정 제외
연차보고서 2024년도,2025-03-28,2024년도 연차보고서.pdf,60,1088,내용 보완 검수: 번호 직결 인용 없음 또는 문장 조각·중복 배정 제외
연차보고서 2024년도,2025-03-28,2024년도 연차보고서.pdf,65,471,내용 보완 검수: 허용 종류로 판별 불가 또는 표 구조 미확인; 번호 직결 인용 없음 또는 문장 조각·중복 배정 제외
연차보고서 2024년도,2025-03-28,2024년도 연차보고서.pdf,66,444,내용 보완 검수: 허용 종류로 판별 불가 또는 표 구조 미확인; 번호 직결 인용 없음 또는 문장 조각·중복 배정 제외
연차보고서 2024년도,2025-03-28,2024년도 연차보고서.pdf,67,497,내용 보완 검수: 허용 종류로 판별 불가 또는 표 구조 미확인; 번호 직결 인용 없음 또는 문장 조각·중복 배정 제외
연차보고서 2024년도,2025-03-28,2024년도 연차보고서.pdf,68,334,내용 보완 검수: 허용 종류로 판별 불가 또는 표 구조 미확인; 번호 직결 인용 없음 또는 문장 조각·중복 배정 제외
연차보고서 2024년도,2025-03-28,2024년도 연차보고서.pdf,73,519,내용 보완 검수: 허용 종류로 판별 불가 또는 표 구조 미확인; 번호 직결 인용 없음 또는 문장 조각·중복 배정 제외
연차보고서 2024년도,2025-03-28,2024년도 연차보고서.pdf,74,838,내용 보완 검수: 번호 직결 인용 없음 또는 문장 조각·중복 배정 제외
연차보고서 2024년도,2025-03-28,2024년도 연차보고서.pdf,76,366,내용 보완 검수: 허용 종류로 판별 불가 또는 표 구조 미확인; 번호 직결 인용 없음 또는 문장 조각·중복 배정 제외
연차보고서 2024년도,2025-03-28,2024년도 연차보고서.pdf,88,1199,내용 보완 검수: 허용 종류로 판별 불가 또는 표 구조 미확인; 번호 직결 인용 없음 또는 문장 조각·중복 배정 제외
연차보고서 2024년도,2025-03-28,2024년도 연차보고서.pdf,89,226,내용 보완 검수: 허용 종류로 판별 불가 또는 표 구조 미확인; 번호 직결 인용 없음 또는 문장 조각·중복 배정 제외
연차보고서 2024년도,2025-03-28,2024년도 연차보고서.pdf,90,282,내용 보완 검수: 허용 종류로 판별 불가 또는 표 구조 미확인; 번호 직결 인용 없음 또는 문장 조각·중복 배정 제외
연차보고서 2024년도,2025-03-28,2024년도 연차보고서.pdf,91,301,내용 보완 검수: 번호 직결 인용 없음 또는 문장 조각·중복 배정 제외
연차보고서 2024년도,2025-03-28,2024년도 연차보고서.pdf,92,190,내용 보완 검수: 허용 종류로 판별 불가 또는 표 구조 미확인; 번호 직결 인용 없음 또는 문장 조각·중복 배정 제외
연차보고서 2024년도,2025-03-28,2024년도 연차보고서.pdf,92,533,내용 보완 검수: 번호 직결 인용 없음 또는 문장 조각·중복 배정 제외
연차보고서 2024년도,2025-03-28,2024년도 연차보고서.pdf,94,514,내용 보완 검수: 번호 직결 인용 없음 또는 문장 조각·중복 배정 제외
연차보고서 2024년도,2025-03-28,2024년도 연차보고서.pdf,97,261,내용 보완 검수: 허용 종류로 판별 불가 또는 표 구조 미확인; 번호 직결 인용 없음 또는 문장 조각·중복 배정 제외
연차보고서 2024년도,2025-03-28,2024년도 연차보고서.pdf,99,525,내용 보완 검수: 허용 종류로 판별 불가 또는 표 구조 미확인; 제목·계열·직접 인용의 해석 근거 부족
연차보고서 2024년도,2025-03-28,2024년도 연차보고서.pdf,101,277,내용 보완 검수: 허용 종류로 판별 불가 또는 표 구조 미확인; 번호 직결 인용 없음 또는 문장 조각·중복 배정 제외
연차보고서 2024년도,2025-03-28,2024년도 연차보고서.pdf,103,525,내용 보완 검수: 허용 종류로 판별 불가 또는 표 구조 미확인; 번호 직결 인용 없음 또는 문장 조각·중복 배정 제외
연차보고서 2024년도,2025-03-28,2024년도 연차보고서.pdf,115,438,내용 보완 검수: 허용 종류로 판별 불가 또는 표 구조 미확인; 번호 직결 인용 없음 또는 문장 조각·중복 배정 제외
연차보고서 2024년도,2025-03-28,2024년도 연차보고서.pdf,116,110,내용 보완 검수: 허용 종류로 판별 불가 또는 표 구조 미확인; 제목·계열·직접 인용의 해석 근거 부족
연차보고서 2024년도,2025-03-28,2024년도 연차보고서.pdf,121,473,내용 보완 검수: 번호 직결 인용 없음 또는 문장 조각·중복 배정 제외
연차보고서 2024년도,2025-03-28,2024년도 연차보고서.pdf,122,423,내용 보완 검수: 허용 종류로 판별 불가 또는 표 구조 미확인; 번호 직결 인용 없음 또는 문장 조각·중복 배정 제외
연차보고서 2024년도,2025-03-28,2024년도 연차보고서.pdf,124,579,내용 보완 검수: 허용 종류로 판별 불가 또는 표 구조 미확인; 번호 직결 인용 없음 또는 문장 조각·중복 배정 제외
연차보고서 2024년도,2025-03-28,2024년도 연차보고서.pdf,126,291,내용 보완 검수: 허용 종류로 판별 불가 또는 표 구조 미확인; 번호 직결 인용 없음 또는 문장 조각·중복 배정 제외
연차보고서 2024년도,2025-03-28,2024년도 연차보고서.pdf,126,394,내용 보완 검수: 번호 직결 인용 없음 또는 문장 조각·중복 배정 제외
연차보고서 2025년도,2026-03-27,2025년도(제76차) 연차보고서F.pdf,89,119,내용 보완 검수: 번호 미확인; 캡션 또는 비결과물 오탐 여부 검수; 번호 직결 인용 없음 또는 문장 조각·중복 배정 제외
연차보고서 2025년도,2026-03-27,2025년도(제76차) 연차보고서F.pdf,93,90,내용 보완 검수: 번호 미확인; 캡션 또는 비결과물 오탐 여부 검수; 번호 직결 인용 없음 또는 문장 조각·중복 배정 제외
지급결제보고서 2023년도,2024-04-15,2023년도 지급결제보고서(2024년 4월).pdf,23,979,내용 보완 검수: 번호 직결 인용 없음 또는 문장 조각·중복 배정 제외
지급결제보고서 2023년도,2024-04-15,2023년도 지급결제보고서(2024년 4월).pdf,24,203,내용 보완 검수: 허용 종류로 판별 불가 또는 표 구조 미확인
지급결제보고서 2023년도,2024-04-15,2023년도 지급결제보고서(2024년 4월).pdf,25,565,내용 보완 검수: 허용 종류로 판별 불가 또는 표 구조 미확인
지급결제보고서 2023년도,2024-04-15,2023년도 지급결제보고서(2024년 4월).pdf,26,306,내용 보완 검수: PDF 표 격자 추출; 셀·수치 정확도 검수 필요
지급결제보고서 2023년도,2024-04-15,2023년도 지급결제보고서(2024년 4월).pdf,26,243,내용 보완 검수: 허용 종류로 판별 불가 또는 표 구조 미확인
지급결제보고서 2023년도,2024-04-15,2023년도 지급결제보고서(2024년 4월).pdf,28,1067,내용 보완 검수: 허용 종류로 판별 불가 또는 표 구조 미확인
지급결제보고서 2023년도,2024-04-15,2023년도 지급결제보고서(2024년 4월).pdf,29,363,내용 보완 검수: 허용 종류로 판별 불가 또는 표 구조 미확인
지급결제보고서 2023년도,2024-04-15,2023년도 지급결제보고서(2024년 4월).pdf,29,170,내용 보완 검수: 허용 종류로 판별 불가 또는 표 구조 미확인; 번호 직결 인용 없음 또는 문장 조각·중복 배정 제외
지급결제보고서 2023년도,2024-04-15,2023년도 지급결제보고서(2024년 4월).pdf,30,146,내용 보완 검수: 허용 종류로 판별 불가 또는 표 구조 미확인
지급결제보고서 2023년도,2024-04-15,2023년도 지급결제보고서(2024년 4월).pdf,31,700,내용 보완 검수: PDF 표 격자 추출; 셀·수치 정확도 검수 필요
지급결제보고서 2023년도,2024-04-15,2023년도 지급결제보고서(2024년 4월).pdf,31,184,내용 보완 검수: 허용 종류로 판별 불가 또는 표 구조 미확인
지급결제보고서 2023년도,2024-04-15,2023년도 지급결제보고서(2024년 4월).pdf,39,564,내용 보완 검수: 허용 종류로 판별 불가 또는 표 구조 미확인; 번호 직결 인용 없음 또는 문장 조각·중복 배정 제외
지급결제보고서 2023년도,2024-04-15,2023년도 지급결제보고서(2024년 4월).pdf,40,1774,내용 보완 검수: 허용 종류로 판별 불가 또는 표 구조 미확인; 번호 직결 인용 없음 또는 문장 조각·중복 배정 제외
지급결제보고서 2023년도,2024-04-15,2023년도 지급결제보고서(2024년 4월).pdf,41,511,내용 보완 검수: 허용 종류로 판별 불가 또는 표 구조 미확인; 번호 직결 인용 없음 또는 문장 조각·중복 배정 제외
지급결제보고서 2023년도,2024-04-15,2023년도 지급결제보고서(2024년 4월).pdf,52,560,내용 보완 검수: 허용 종류로 판별 불가 또는 표 구조 미확인; 번호 직결 인용 없음 또는 문장 조각·중복 배정 제외
지급결제보고서 2023년도,2024-04-15,2023년도 지급결제보고서(2024년 4월).pdf,52,535,내용 보완 검수: 허용 종류로 판별 불가 또는 표 구조 미확인; 제목·계열·직접 인용의 해석 근거 부족
지급결제보고서 2023년도,2024-04-15,2023년도 지급결제보고서(2024년 4월).pdf,57,689,내용 보완 검수: 허용 종류로 판별 불가 또는 표 구조 미확인; 번호 직결 인용 없음 또는 문장 조각·중복 배정 제외
지급결제보고서 2023년도,2024-04-15,2023년도 지급결제보고서(2024년 4월).pdf,75,368,내용 보완 검수: 허용 종류로 판별 불가 또는 표 구조 미확인; 번호 직결 인용 없음 또는 문장 조각·중복 배정 제외
지급결제보고서 2023년도,2024-04-15,2023년도 지급결제보고서(2024년 4월).pdf,78,154,내용 보완 검수: 허용 종류로 판별 불가 또는 표 구조 미확인; 번호 직결 인용 없음 또는 문장 조각·중복 배정 제외
지급결제보고서 2024년도,2025-04-21,2024년도 지급결제보고서(2025년 4월).pdf,21,1098,내용 보완 검수: PDF 표 격자 추출; 셀·수치 정확도 검수 필요
지급결제보고서 2024년도,2025-04-21,2024년도 지급결제보고서(2025년 4월).pdf,22,371,내용 보완 검수: PDF 표 격자 추출; 셀·수치 정확도 검수 필요
지급결제보고서 2024년도,2025-04-21,2024년도 지급결제보고서(2025년 4월).pdf,22,210,내용 보완 검수: 허용 종류로 판별 불가 또는 표 구조 미확인
지급결제보고서 2024년도,2025-04-21,2024년도 지급결제보고서(2025년 4월).pdf,24,823,내용 보완 검수: PDF 표 격자 추출; 셀·수치 정확도 검수 필요
지급결제보고서 2024년도,2025-04-21,2024년도 지급결제보고서(2025년 4월).pdf,24,496,내용 보완 검수: 허용 종류로 판별 불가 또는 표 구조 미확인
지급결제보고서 2024년도,2025-04-21,2024년도 지급결제보고서(2025년 4월).pdf,26,985,내용 보완 검수: 제목·계열·직접 인용의 해석 근거 부족
지급결제보고서 2024년도,2025-04-21,2024년도 지급결제보고서(2025년 4월).pdf,27,362,내용 보완 검수: 허용 종류로 판별 불가 또는 표 구조 미확인
지급결제보고서 2024년도,2025-04-21,2024년도 지급결제보고서(2025년 4월).pdf,27,170,내용 보완 검수: 허용 종류로 판별 불가 또는 표 구조 미확인; 번호 직결 인용 없음 또는 문장 조각·중복 배정 제외
지급결제보고서 2024년도,2025-04-21,2024년도 지급결제보고서(2025년 4월).pdf,28,146,내용 보완 검수: 허용 종류로 판별 불가 또는 표 구조 미확인
지급결제보고서 2024년도,2025-04-21,2024년도 지급결제보고서(2025년 4월).pdf,29,701,내용 보완 검수: 번호 직결 인용 없음 또는 문장 조각·중복 배정 제외
지급결제보고서 2024년도,2025-04-21,2024년도 지급결제보고서(2025년 4월).pdf,29,184,내용 보완 검수: 허용 종류로 판별 불가 또는 표 구조 미확인
지급결제보고서 2024년도,2025-04-21,2024년도 지급결제보고서(2025년 4월).pdf,29,235,내용 보완 검수: 허용 종류로 판별 불가 또는 표 구조 미확인; 번호 직결 인용 없음 또는 문장 조각·중복 배정 제외
지급결제보고서 2024년도,2025-04-21,2024년도 지급결제보고서(2025년 4월).pdf,37,344,내용 보완 검수: 허용 종류로 판별 불가 또는 표 구조 미확인; 번호 직결 인용 없음 또는 문장 조각·중복 배정 제외
지급결제보고서 2024년도,2025-04-21,2024년도 지급결제보고서(2025년 4월).pdf,51,211,내용 보완 검수: 허용 종류로 판별 불가 또는 표 구조 미확인; 번호 직결 인용 없음 또는 문장 조각·중복 배정 제외
지급결제보고서 2024년도,2025-04-21,2024년도 지급결제보고서(2025년 4월).pdf,52,1156,내용 보완 검수: 번호 직결 인용 없음 또는 문장 조각·중복 배정 제외
지급결제보고서 2024년도,2025-04-21,2024년도 지급결제보고서(2025년 4월).pdf,55,1027,내용 보완 검수: 번호 직결 인용 없음 또는 문장 조각·중복 배정 제외
지급결제보고서 2024년도,2025-04-21,2024년도 지급결제보고서(2025년 4월).pdf,73,696,내용 보완 검수: 허용 종류로 판별 불가 또는 표 구조 미확인; 번호 직결 인용 없음 또는 문장 조각·중복 배정 제외
지급결제보고서 2024년도,2025-04-21,2024년도 지급결제보고서(2025년 4월).pdf,74,424,내용 보완 검수: 허용 종류로 판별 불가 또는 표 구조 미확인; 번호 직결 인용 없음 또는 문장 조각·중복 배정 제외
지급결제보고서 2024년도,2025-04-21,2024년도 지급결제보고서(2025년 4월).pdf,78,1636,내용 보완 검수: 번호 직결 인용 없음 또는 문장 조각·중복 배정 제외
지급결제보고서 2024년도,2025-04-21,2024년도 지급결제보고서(2025년 4월).pdf,84,364,내용 보완 검수: 허용 종류로 판별 불가 또는 표 구조 미확인; 번호 직결 인용 없음 또는 문장 조각·중복 배정 제외
지급결제보고서 2025년도,2026-04-13,2025년도 지급결제보고서(2026년 4월).pdf,21,979,내용 보완 검수: 번호 직결 인용 없음 또는 문장 조각·중복 배정 제외
지급결제보고서 2025년도,2026-04-13,2025년도 지급결제보고서(2026년 4월).pdf,22,363,내용 보완 검수: 번호 직결 인용 없음 또는 문장 조각·중복 배정 제외
지급결제보고서 2025년도,2026-04-13,2025년도 지급결제보고서(2026년 4월).pdf,22,211,내용 보완 검수: 허용 종류로 판별 불가 또는 표 구조 미확인; 번호 직결 인용 없음 또는 문장 조각·중복 배정 제외
지급결제보고서 2025년도,2026-04-13,2025년도 지급결제보고서(2026년 4월).pdf,24,1232,내용 보완 검수: 번호 직결 인용 없음 또는 문장 조각·중복 배정 제외
지급결제보고서 2025년도,2026-04-13,2025년도 지급결제보고서(2026년 4월).pdf,25,550,내용 보완 검수: 허용 종류로 판별 불가 또는 표 구조 미확인; 번호 직결 인용 없음 또는 문장 조각·중복 배정 제외
지급결제보고서 2025년도,2026-04-13,2025년도 지급결제보고서(2026년 4월).pdf,26,854,내용 보완 검수: 제목·계열·직접 인용의 해석 근거 부족; 번호 직결 인용 없음 또는 문장 조각·중복 배정 제외
지급결제보고서 2025년도,2026-04-13,2025년도 지급결제보고서(2026년 4월).pdf,27,370,내용 보완 검수: 허용 종류로 판별 불가 또는 표 구조 미확인; 번호 직결 인용 없음 또는 문장 조각·중복 배정 제외
지급결제보고서 2025년도,2026-04-13,2025년도 지급결제보고서(2026년 4월).pdf,28,147,내용 보완 검수: 허용 종류로 판별 불가 또는 표 구조 미확인; 번호 직결 인용 없음 또는 문장 조각·중복 배정 제외
지급결제보고서 2025년도,2026-04-13,2025년도 지급결제보고서(2026년 4월).pdf,29,725,내용 보완 검수: 번호 직결 인용 없음 또는 문장 조각·중복 배정 제외
지급결제보고서 2025년도,2026-04-13,2025년도 지급결제보고서(2026년 4월).pdf,29,184,내용 보완 검수: 허용 종류로 판별 불가 또는 표 구조 미확인; 번호 직결 인용 없음 또는 문장 조각·중복 배정 제외
지급결제보고서 2025년도,2026-04-13,2025년도 지급결제보고서(2026년 4월).pdf,35,864,내용 보완 검수: 번호 직결 인용 없음 또는 문장 조각·중복 배정 제외
지급결제보고서 2025년도,2026-04-13,2025년도 지급결제보고서(2026년 4월).pdf,36,649,내용 보완 검수: 번호 직결 인용 없음 또는 문장 조각·중복 배정 제외
지급결제보고서 2025년도,2026-04-13,2025년도 지급결제보고서(2026년 4월).pdf,38,206,내용 보완 검수: 허용 종류로 판별 불가 또는 표 구조 미확인; 번호 직결 인용 없음 또는 문장 조각·중복 배정 제외
지급결제보고서 2025년도,2026-04-13,2025년도 지급결제보고서(2026년 4월).pdf,51,226,내용 보완 검수: 허용 종류로 판별 불가 또는 표 구조 미확인; 번호 직결 인용 없음 또는 문장 조각·중복 배정 제외
지급결제보고서 2025년도,2026-04-13,2025년도 지급결제보고서(2026년 4월).pdf,52,920,내용 보완 검수: 번호 직결 인용 없음 또는 문장 조각·중복 배정 제외
지급결제보고서 2025년도,2026-04-13,2025년도 지급결제보고서(2026년 4월).pdf,58,230,내용 보완 검수: 허용 종류로 판별 불가 또는 표 구조 미확인; 번호 직결 인용 없음 또는 문장 조각·중복 배정 제외
지급결제보고서 2025년도,2026-04-13,2025년도 지급결제보고서(2026년 4월).pdf,68,486,내용 보완 검수: 번호 직결 인용 없음 또는 문장 조각·중복 배정 제외
통화신용정책보고서 2023년 12월,2023-12-14,통화신용정책보고서(2023년 12월).pdf,19,640,내용 보완 검수: 번호 직결 인용 없음 또는 문장 조각·중복 배정 제외
통화신용정책보고서 2023년 12월,2023-12-14,통화신용정책보고서(2023년 12월).pdf,22,674,내용 보완 검수: 번호 직결 인용 없음 또는 문장 조각·중복 배정 제외
통화신용정책보고서 2023년 12월,2023-12-14,통화신용정책보고서(2023년 12월).pdf,24,586,내용 보완 검수: 허용 종류로 판별 불가 또는 표 구조 미확인; 번호 직결 인용 없음 또는 문장 조각·중복 배정 제외
통화신용정책보고서 2023년 12월,2023-12-14,통화신용정책보고서(2023년 12월).pdf,25,894,내용 보완 검수: 허용 종류로 판별 불가 또는 표 구조 미확인; 번호 직결 인용 없음 또는 문장 조각·중복 배정 제외
통화신용정책보고서 2023년 12월,2023-12-14,통화신용정책보고서(2023년 12월).pdf,26,1345,내용 보완 검수: 번호 직결 인용 없음 또는 문장 조각·중복 배정 제외
통화신용정책보고서 2023년 12월,2023-12-14,통화신용정책보고서(2023년 12월).pdf,27,534,내용 보완 검수: 허용 종류로 판별 불가 또는 표 구조 미확인; 번호 직결 인용 없음 또는 문장 조각·중복 배정 제외
통화신용정책보고서 2023년 12월,2023-12-14,통화신용정책보고서(2023년 12월).pdf,29,753,내용 보완 검수: 허용 종류로 판별 불가 또는 표 구조 미확인; 번호 직결 인용 없음 또는 문장 조각·중복 배정 제외
통화신용정책보고서 2023년 12월,2023-12-14,통화신용정책보고서(2023년 12월).pdf,31,548,내용 보완 검수: 허용 종류로 판별 불가 또는 표 구조 미확인; 번호 직결 인용 없음 또는 문장 조각·중복 배정 제외
통화신용정책보고서 2023년 12월,2023-12-14,통화신용정책보고서(2023년 12월).pdf,36,1070,내용 보완 검수: 번호 직결 인용 없음 또는 문장 조각·중복 배정 제외
통화신용정책보고서 2023년 12월,2023-12-14,통화신용정책보고서(2023년 12월).pdf,64,412,내용 보완 검수: 허용 종류로 판별 불가 또는 표 구조 미확인; 번호 직결 인용 없음 또는 문장 조각·중복 배정 제외
통화신용정책보고서 2023년 12월,2023-12-14,통화신용정책보고서(2023년 12월).pdf,67,229,내용 보완 검수: 허용 종류로 판별 불가 또는 표 구조 미확인; 번호 직결 인용 없음 또는 문장 조각·중복 배정 제외
통화신용정책보고서 2023년 12월,2023-12-14,통화신용정책보고서(2023년 12월).pdf,73,605,내용 보완 검수: 번호 직결 인용 없음 또는 문장 조각·중복 배정 제외
통화신용정책보고서 2023년 12월,2023-12-14,통화신용정책보고서(2023년 12월).pdf,74,616,내용 보완 검수: 허용 종류로 판별 불가 또는 표 구조 미확인; 번호 직결 인용 없음 또는 문장 조각·중복 배정 제외
통화신용정책보고서 2024년 3월,2024-03-14,통화신용정책보고서(2024년 3월).pdf,21,558,내용 보완 검수: 허용 종류로 판별 불가 또는 표 구조 미확인; 번호 직결 인용 없음 또는 문장 조각·중복 배정 제외
통화신용정책보고서 2024년 3월,2024-03-14,통화신용정책보고서(2024년 3월).pdf,25,631,내용 보완 검수: 허용 종류로 판별 불가 또는 표 구조 미확인; 번호 직결 인용 없음 또는 문장 조각·중복 배정 제외
통화신용정책보고서 2024년 3월,2024-03-14,통화신용정책보고서(2024년 3월).pdf,27,620,내용 보완 검수: 허용 종류로 판별 불가 또는 표 구조 미확인; 번호 직결 인용 없음 또는 문장 조각·중복 배정 제외
통화신용정책보고서 2024년 3월,2024-03-14,통화신용정책보고서(2024년 3월).pdf,28,870,내용 보완 검수: 허용 종류로 판별 불가 또는 표 구조 미확인; 번호 직결 인용 없음 또는 문장 조각·중복 배정 제외
통화신용정책보고서 2024년 3월,2024-03-14,통화신용정책보고서(2024년 3월).pdf,29,1339,내용 보완 검수: 번호 직결 인용 없음 또는 문장 조각·중복 배정 제외
통화신용정책보고서 2024년 3월,2024-03-14,통화신용정책보고서(2024년 3월).pdf,30,564,내용 보완 검수: 허용 종류로 판별 불가 또는 표 구조 미확인; 번호 직결 인용 없음 또는 문장 조각·중복 배정 제외
통화신용정책보고서 2024년 3월,2024-03-14,통화신용정책보고서(2024년 3월).pdf,32,668,내용 보완 검수: 허용 종류로 판별 불가 또는 표 구조 미확인; 번호 직결 인용 없음 또는 문장 조각·중복 배정 제외
통화신용정책보고서 2024년 3월,2024-03-14,통화신용정책보고서(2024년 3월).pdf,34,776,내용 보완 검수: 허용 종류로 판별 불가 또는 표 구조 미확인; 번호 직결 인용 없음 또는 문장 조각·중복 배정 제외
통화신용정책보고서 2024년 3월,2024-03-14,통화신용정책보고서(2024년 3월).pdf,39,1041,내용 보완 검수: 번호 직결 인용 없음 또는 문장 조각·중복 배정 제외
통화신용정책보고서 2024년 3월,2024-03-14,통화신용정책보고서(2024년 3월).pdf,40,831,내용 보완 검수: 번호 직결 인용 없음 또는 문장 조각·중복 배정 제외
통화신용정책보고서 2024년 3월,2024-03-14,통화신용정책보고서(2024년 3월).pdf,66,167,내용 보완 검수: 허용 종류로 판별 불가 또는 표 구조 미확인; 번호 직결 인용 없음 또는 문장 조각·중복 배정 제외
통화신용정책보고서 2024년 3월,2024-03-14,통화신용정책보고서(2024년 3월).pdf,68,164,내용 보완 검수: 허용 종류로 판별 불가 또는 표 구조 미확인; 번호 직결 인용 없음 또는 문장 조각·중복 배정 제외
통화신용정책보고서 2024년 3월,2024-03-14,통화신용정책보고서(2024년 3월).pdf,77,585,내용 보완 검수: 번호 직결 인용 없음 또는 문장 조각·중복 배정 제외
통화신용정책보고서 2024년 3월,2024-03-14,통화신용정책보고서(2024년 3월).pdf,78,537,내용 보완 검수: 허용 종류로 판별 불가 또는 표 구조 미확인; 번호 직결 인용 없음 또는 문장 조각·중복 배정 제외
통화신용정책보고서 2024년 9월,2024-09-12,통화신용정책보고서(2024년 9월).pdf,15,596,내용 보완 검수: 번호 직결 인용 없음 또는 문장 조각·중복 배정 제외
통화신용정책보고서 2024년 9월,2024-09-12,통화신용정책보고서(2024년 9월).pdf,19,313,내용 보완 검수: 허용 종류로 판별 불가 또는 표 구조 미확인; 번호 직결 인용 없음 또는 문장 조각·중복 배정 제외
통화신용정책보고서 2024년 9월,2024-09-12,통화신용정책보고서(2024년 9월).pdf,20,752,내용 보완 검수: 번호 직결 인용 없음 또는 문장 조각·중복 배정 제외
통화신용정책보고서 2024년 9월,2024-09-12,통화신용정책보고서(2024년 9월).pdf,22,655,내용 보완 검수: 허용 종류로 판별 불가 또는 표 구조 미확인; 번호 직결 인용 없음 또는 문장 조각·중복 배정 제외
통화신용정책보고서 2024년 9월,2024-09-12,통화신용정책보고서(2024년 9월).pdf,23,919,내용 보완 검수: 번호 직결 인용 없음 또는 문장 조각·중복 배정 제외
통화신용정책보고서 2024년 9월,2024-09-12,통화신용정책보고서(2024년 9월).pdf,24,355,내용 보완 검수: 허용 종류로 판별 불가 또는 표 구조 미확인; 번호 직결 인용 없음 또는 문장 조각·중복 배정 제외
통화신용정책보고서 2024년 9월,2024-09-12,통화신용정책보고서(2024년 9월).pdf,25,370,내용 보완 검수: 허용 종류로 판별 불가 또는 표 구조 미확인; 번호 직결 인용 없음 또는 문장 조각·중복 배정 제외
통화신용정책보고서 2024년 9월,2024-09-12,통화신용정책보고서(2024년 9월).pdf,26,157,내용 보완 검수: 허용 종류로 판별 불가 또는 표 구조 미확인; 번호 직결 인용 없음 또는 문장 조각·중복 배정 제외
통화신용정책보고서 2024년 9월,2024-09-12,통화신용정책보고서(2024년 9월).pdf,28,728,내용 보완 검수: 허용 종류로 판별 불가 또는 표 구조 미확인; 번호 직결 인용 없음 또는 문장 조각·중복 배정 제외
통화신용정책보고서 2024년 9월,2024-09-12,통화신용정책보고서(2024년 9월).pdf,29,463,내용 보완 검수: 허용 종류로 판별 불가 또는 표 구조 미확인; 번호 직결 인용 없음 또는 문장 조각·중복 배정 제외
통화신용정책보고서 2024년 9월,2024-09-12,통화신용정책보고서(2024년 9월).pdf,30,174,내용 보완 검수: 번호 직결 인용 없음 또는 문장 조각·중복 배정 제외
통화신용정책보고서 2024년 9월,2024-09-12,통화신용정책보고서(2024년 9월).pdf,30,136,내용 보완 검수: 허용 종류로 판별 불가 또는 표 구조 미확인; 번호 직결 인용 없음 또는 문장 조각·중복 배정 제외
통화신용정책보고서 2024년 9월,2024-09-12,통화신용정책보고서(2024년 9월).pdf,35,773,내용 보완 검수: 허용 종류로 판별 불가 또는 표 구조 미확인; 번호 직결 인용 없음 또는 문장 조각·중복 배정 제외
통화신용정책보고서 2024년 9월,2024-09-12,통화신용정책보고서(2024년 9월).pdf,68,394,내용 보완 검수: 허용 종류로 판별 불가 또는 표 구조 미확인; 번호 직결 인용 없음 또는 문장 조각·중복 배정 제외
통화신용정책보고서 2024년 9월,2024-09-12,통화신용정책보고서(2024년 9월).pdf,69,362,내용 보완 검수: 허용 종류로 판별 불가 또는 표 구조 미확인; 번호 직결 인용 없음 또는 문장 조각·중복 배정 제외
통화신용정책보고서 2024년 9월,2024-09-12,통화신용정책보고서(2024년 9월).pdf,70,315,내용 보완 검수: 허용 종류로 판별 불가 또는 표 구조 미확인; 번호 직결 인용 없음 또는 문장 조각·중복 배정 제외
통화신용정책보고서 2024년 9월,2024-09-12,통화신용정책보고서(2024년 9월).pdf,72,154,내용 보완 검수: 허용 종류로 판별 불가 또는 표 구조 미확인; 번호 직결 인용 없음 또는 문장 조각·중복 배정 제외
통화신용정책보고서 2024년 9월,2024-09-12,통화신용정책보고서(2024년 9월).pdf,73,206,내용 보완 검수: 허용 종류로 판별 불가 또는 표 구조 미확인; 번호 직결 인용 없음 또는 문장 조각·중복 배정 제외
통화신용정책보고서 2024년 9월,2024-09-12,통화신용정책보고서(2024년 9월).pdf,74,107,내용 보완 검수: 허용 종류로 판별 불가 또는 표 구조 미확인; 번호 직결 인용 없음 또는 문장 조각·중복 배정 제외
통화신용정책보고서 2024년 9월,2024-09-12,통화신용정책보고서(2024년 9월).pdf,75,558,내용 보완 검수: 허용 종류로 판별 불가 또는 표 구조 미확인; 번호 직결 인용 없음 또는 문장 조각·중복 배정 제외
통화신용정책보고서 2024년 9월,2024-09-12,통화신용정책보고서(2024년 9월).pdf,80,172,내용 보완 검수: 허용 종류로 판별 불가 또는 표 구조 미확인; 번호 직결 인용 없음 또는 문장 조각·중복 배정 제외
통화신용정책보고서 2024년 9월,2024-09-12,통화신용정책보고서(2024년 9월).pdf,92,531,내용 보완 검수: 번호 직결 인용 없음 또는 문장 조각·중복 배정 제외
통화신용정책보고서 2024년 9월,2024-09-12,통화신용정책보고서(2024년 9월).pdf,99,728,내용 보완 검수: 허용 종류로 판별 불가 또는 표 구조 미확인; 번호 직결 인용 없음 또는 문장 조각·중복 배정 제외
통화신용정책보고서 2024년 9월,2024-09-12,통화신용정책보고서(2024년 9월).pdf,100,412,내용 보완 검수: 허용 종류로 판별 불가 또는 표 구조 미확인; 번호 직결 인용 없음 또는 문장 조각·중복 배정 제외
통화신용정책보고서 2024년 9월,2024-09-12,통화신용정책보고서(2024년 9월).pdf,102,1223,내용 보완 검수: 허용 종류로 판별 불가 또는 표 구조 미확인; 번호 직결 인용 없음 또는 문장 조각·중복 배정 제외
통화신용정책보고서 2024년 9월,2024-09-12,통화신용정책보고서(2024년 9월).pdf,104,484,내용 보완 검수: 허용 종류로 판별 불가 또는 표 구조 미확인; 번호 직결 인용 없음 또는 문장 조각·중복 배정 제외
통화신용정책보고서 2025년 3월,2025-03-13,통화신용정책보고서(2025년 3월).pdf,15,556,내용 보완 검수: 번호 직결 인용 없음 또는 문장 조각·중복 배정 제외
통화신용정책보고서 2025년 3월,2025-03-13,통화신용정책보고서(2025년 3월).pdf,19,311,내용 보완 검수: 번호 직결 인용 없음 또는 문장 조각·중복 배정 제외
통화신용정책보고서 2025년 3월,2025-03-13,통화신용정책보고서(2025년 3월).pdf,20,622,내용 보완 검수: 허용 종류로 판별 불가 또는 표 구조 미확인; 번호 직결 인용 없음 또는 문장 조각·중복 배정 제외
통화신용정책보고서 2025년 3월,2025-03-13,통화신용정책보고서(2025년 3월).pdf,22,620,내용 보완 검수: 허용 종류로 판별 불가 또는 표 구조 미확인
통화신용정책보고서 2025년 3월,2025-03-13,통화신용정책보고서(2025년 3월).pdf,23,928,내용 보완 검수: 번호 직결 인용 없음 또는 문장 조각·중복 배정 제외
통화신용정책보고서 2025년 3월,2025-03-13,통화신용정책보고서(2025년 3월).pdf,24,356,내용 보완 검수: 허용 종류로 판별 불가 또는 표 구조 미확인
통화신용정책보고서 2025년 3월,2025-03-13,통화신용정책보고서(2025년 3월).pdf,25,369,내용 보완 검수: 허용 종류로 판별 불가 또는 표 구조 미확인
통화신용정책보고서 2025년 3월,2025-03-13,통화신용정책보고서(2025년 3월).pdf,26,243,내용 보완 검수: 허용 종류로 판별 불가 또는 표 구조 미확인; 번호 직결 인용 없음 또는 문장 조각·중복 배정 제외
통화신용정책보고서 2025년 3월,2025-03-13,통화신용정책보고서(2025년 3월).pdf,26,161,내용 보완 검수: 허용 종류로 판별 불가 또는 표 구조 미확인
통화신용정책보고서 2025년 3월,2025-03-13,통화신용정책보고서(2025년 3월).pdf,28,654,내용 보완 검수: 허용 종류로 판별 불가 또는 표 구조 미확인
통화신용정책보고서 2025년 3월,2025-03-13,통화신용정책보고서(2025년 3월).pdf,30,168,내용 보완 검수: 허용 종류로 판별 불가 또는 표 구조 미확인
통화신용정책보고서 2025년 3월,2025-03-13,통화신용정책보고서(2025년 3월).pdf,30,118,내용 보완 검수: 허용 종류로 판별 불가 또는 표 구조 미확인; 번호 직결 인용 없음 또는 문장 조각·중복 배정 제외
통화신용정책보고서 2025년 3월,2025-03-13,통화신용정책보고서(2025년 3월).pdf,34,655,내용 보완 검수: 번호 직결 인용 없음 또는 문장 조각·중복 배정 제외
통화신용정책보고서 2025년 3월,2025-03-13,통화신용정책보고서(2025년 3월).pdf,37,686,내용 보완 검수: 허용 종류로 판별 불가 또는 표 구조 미확인
통화신용정책보고서 2025년 3월,2025-03-13,통화신용정책보고서(2025년 3월).pdf,38,736,내용 보완 검수: PDF 표 격자 추출; 셀·수치 정확도 검수 필요
통화신용정책보고서 2025년 3월,2025-03-13,통화신용정책보고서(2025년 3월).pdf,71,289,내용 보완 검수: 허용 종류로 판별 불가 또는 표 구조 미확인
통화신용정책보고서 2025년 3월,2025-03-13,통화신용정책보고서(2025년 3월).pdf,72,203,내용 보완 검수: 허용 종류로 판별 불가 또는 표 구조 미확인; 번호 직결 인용 없음 또는 문장 조각·중복 배정 제외
통화신용정책보고서 2025년 3월,2025-03-13,통화신용정책보고서(2025년 3월).pdf,73,248,내용 보완 검수: 허용 종류로 판별 불가 또는 표 구조 미확인; 번호 직결 인용 없음 또는 문장 조각·중복 배정 제외
통화신용정책보고서 2025년 3월,2025-03-13,통화신용정책보고서(2025년 3월).pdf,73,233,내용 보완 검수: 허용 종류로 판별 불가 또는 표 구조 미확인
통화신용정책보고서 2025년 3월,2025-03-13,통화신용정책보고서(2025년 3월).pdf,74,188,내용 보완 검수: 허용 종류로 판별 불가 또는 표 구조 미확인; 번호 직결 인용 없음 또는 문장 조각·중복 배정 제외
통화신용정책보고서 2025년 3월,2025-03-13,통화신용정책보고서(2025년 3월).pdf,75,110,내용 보완 검수: 허용 종류로 판별 불가 또는 표 구조 미확인; 번호 직결 인용 없음 또는 문장 조각·중복 배정 제외
통화신용정책보고서 2025년 3월,2025-03-13,통화신용정책보고서(2025년 3월).pdf,80,230,내용 보완 검수: 허용 종류로 판별 불가 또는 표 구조 미확인; 번호 직결 인용 없음 또는 문장 조각·중복 배정 제외
통화신용정책보고서 2025년 9월,2025-09-11,통화신용정책보고서(2025년 9월.pdf,62,153,내용 보완 검수: 번호 미확인; 캡션 또는 비결과물 오탐 여부 검수; 번호 직결 인용 없음 또는 문장 조각·중복 배정 제외
통화신용정책보고서 2025년 9월,2025-09-11,통화신용정책보고서(2025년 9월.pdf,92,257,내용 보완 검수: 허용 종류로 판별 불가 또는 표 구조 미확인; 번호 직결 인용 없음 또는 문장 조각·중복 배정 제외
통화신용정책보고서 2025년 9월,2025-09-11,통화신용정책보고서(2025년 9월.pdf,93,187,내용 보완 검수: 허용 종류로 판별 불가 또는 표 구조 미확인; 번호 직결 인용 없음 또는 문장 조각·중복 배정 제외
통화신용정책보고서 2025년 9월,2025-09-11,통화신용정책보고서(2025년 9월.pdf,95,497,내용 보완 검수: 허용 종류로 판별 불가 또는 표 구조 미확인; 번호 직결 인용 없음 또는 문장 조각·중복 배정 제외
통화신용정책보고서 2025년 9월,2025-09-11,통화신용정책보고서(2025년 9월.pdf,96,216,내용 보완 검수: 허용 종류로 판별 불가 또는 표 구조 미확인; 번호 직결 인용 없음 또는 문장 조각·중복 배정 제외
통화신용정책보고서 2025년 9월,2025-09-11,통화신용정책보고서(2025년 9월.pdf,97,561,내용 보완 검수: 허용 종류로 판별 불가 또는 표 구조 미확인; 번호 직결 인용 없음 또는 문장 조각·중복 배정 제외
통화신용정책보고서 2025년 9월,2025-09-11,통화신용정책보고서(2025년 9월.pdf,18,276,내용 보완 검수: 번호 미확인; 캡션 또는 비결과물 오탐 여부 검수; 번호 직결 인용 없음 또는 문장 조각·중복 배정 제외
통화신용정책보고서 2026년 3월,2026-03-12,통화신용정책보고서(2026년 3월).pdf,19,281,내용 보완 검수: 번호 미확인; 캡션 또는 비결과물 오탐 여부 검수; 번호 직결 인용 없음 또는 문장 조각·중복 배정 제외
통화신용정책보고서 2026년 9월,2026-09-10,통화신용정책보고서(2026년 9월).pdf,15,596,내용 보완 검수: 번호 직결 인용 없음 또는 문장 조각·중복 배정 제외
통화신용정책보고서 2026년 9월,2026-09-10,통화신용정책보고서(2026년 9월).pdf,19,279,내용 보완 검수: 번호 직결 인용 없음 또는 문장 조각·중복 배정 제외
통화신용정책보고서 2026년 9월,2026-09-10,통화신용정책보고서(2026년 9월).pdf,20,620,내용 보완 검수: 번호 직결 인용 없음 또는 문장 조각·중복 배정 제외
통화신용정책보고서 2026년 9월,2026-09-10,통화신용정책보고서(2026년 9월).pdf,24,268,내용 보완 검수: 번호 직결 인용 없음 또는 문장 조각·중복 배정 제외
통화신용정책보고서 2026년 9월,2026-09-10,통화신용정책보고서(2026년 9월).pdf,25,411,내용 보완 검수: 번호 직결 인용 없음 또는 문장 조각·중복 배정 제외
통화신용정책보고서 2026년 9월,2026-09-10,통화신용정책보고서(2026년 9월).pdf,26,338,내용 보완 검수: 번호 직결 인용 없음 또는 문장 조각·중복 배정 제외
통화신용정책보고서 2026년 9월,2026-09-10,통화신용정책보고서(2026년 9월).pdf,27,363,내용 보완 검수: PDF 표 격자 추출; 셀·수치 정확도 검수 필요
통화신용정책보고서 2026년 9월,2026-09-10,통화신용정책보고서(2026년 9월).pdf,27,253,내용 보완 검수: 번호 직결 인용 없음 또는 문장 조각·중복 배정 제외
통화신용정책보고서 2026년 9월,2026-09-10,통화신용정책보고서(2026년 9월).pdf,27,180,내용 보완 검수: 허용 종류로 판별 불가 또는 표 구조 미확인; 번호 직결 인용 없음 또는 문장 조각·중복 배정 제외
통화신용정책보고서 2026년 9월,2026-09-10,통화신용정책보고서(2026년 9월).pdf,29,1211,내용 보완 검수: 번호 직결 인용 없음 또는 문장 조각·중복 배정 제외
통화신용정책보고서 2026년 9월,2026-09-10,통화신용정책보고서(2026년 9월).pdf,31,176,내용 보완 검수: 번호 직결 인용 없음 또는 문장 조각·중복 배정 제외
통화신용정책보고서 2026년 9월,2026-09-10,통화신용정책보고서(2026년 9월).pdf,31,103,내용 보완 검수: 허용 종류로 판별 불가 또는 표 구조 미확인; 번호 직결 인용 없음 또는 문장 조각·중복 배정 제외
통화신용정책보고서 2026년 9월,2026-09-10,통화신용정책보고서(2026년 9월).pdf,36,661,내용 보완 검수: PDF 표 격자 추출; 셀·수치 정확도 검수 필요
통화신용정책보고서 2026년 9월,2026-09-10,통화신용정책보고서(2026년 9월).pdf,40,713,내용 보완 검수: 허용 종류로 판별 불가 또는 표 구조 미확인; 번호 직결 인용 없음 또는 문장 조각·중복 배정 제외
통화신용정책보고서 2026년 9월,2026-09-10,통화신용정책보고서(2026년 9월).pdf,68,187,내용 보완 검수: 허용 종류로 판별 불가 또는 표 구조 미확인
통화신용정책보고서 2026년 9월,2026-09-10,통화신용정책보고서(2026년 9월).pdf,70,321,내용 보완 검수: 번호 직결 인용 없음 또는 문장 조각·중복 배정 제외
통화신용정책보고서 2026년 9월,2026-09-10,통화신용정책보고서(2026년 9월).pdf,71,162,내용 보완 검수: PDF 표 격자 추출; 셀·수치 정확도 검수 필요
통화신용정책보고서 2026년 9월,2026-09-10,통화신용정책보고서(2026년 9월).pdf,75,122,내용 보완 검수: 허용 종류로 판별 불가 또는 표 구조 미확인; 번호 직결 인용 없음 또는 문장 조각·중복 배정 제외
