결과물ID,보고서,구분,번호,제목,미확인필드,PDF파일,PDF쪽,검수사유
BOK-20231130-4a0e2a7937e7-그림-ee9b8ff5debe1555,경제전망보고서 2023년 11월,그림,1-1,글로벌PMI,단위; 데이터 형태; 설명,research/bok-archive/03-경제전망보고서/2023-11-30_경제전망보고서(2023년 11월)/2023년 11월 경제전망보고서(Indigo Book).pdf,14,번호 직결 인용 없음 또는 문장 조각·중복 배정 제외
BOK-20231130-4a0e2a7937e7-그림-87e5648fe3f9a1f4,경제전망보고서 2023년 11월,그림,1-2,세계 상품교역 및 제조업,단위; 데이터 형태; 통계기법·지수; 설명,research/bok-archive/03-경제전망보고서/2023-11-30_경제전망보고서(2023년 11월)/2023년 11월 경제전망보고서(Indigo Book).pdf,14,번호 직결 인용 없음 또는 문장 조각·중복 배정 제외
BOK-20231130-4a0e2a7937e7-그림-f8b7f3e1f253fc6c,경제전망보고서 2023년 11월,그림,1-3,세계경제 및 교역 성장률1),단위; 데이터 형태; 설명,research/bok-archive/03-경제전망보고서/2023-11-30_경제전망보고서(2023년 11월)/2023년 11월 경제전망보고서(Indigo Book).pdf,14,번호 직결 인용 없음 또는 문장 조각·중복 배정 제외
BOK-20231130-4a0e2a7937e7-그림-b46931d274e2ad18,경제전망보고서 2023년 11월,그림,1-4,미국 GDP 성장률 및 기여도,단위; 데이터 형태; 설명,research/bok-archive/03-경제전망보고서/2023-11-30_경제전망보고서(2023년 11월)/2023년 11월 경제전망보고서(Indigo Book).pdf,15,번호 직결 인용 없음 또는 문장 조각·중복 배정 제외
BOK-20231130-4a0e2a7937e7-그림-53c74a0320f21f2a,경제전망보고서 2023년 11월,그림,1-5,미국 노동시장 상황,단위; 데이터 형태; 설명,research/bok-archive/03-경제전망보고서/2023-11-30_경제전망보고서(2023년 11월)/2023년 11월 경제전망보고서(Indigo Book).pdf,15,번호 직결 인용 없음 또는 문장 조각·중복 배정 제외
BOK-20231130-4a0e2a7937e7-그림-121afdbbee191e39,경제전망보고서 2023년 11월,그림,1-6,미국 물가상승률,단위; 데이터 형태; 설명,research/bok-archive/03-경제전망보고서/2023-11-30_경제전망보고서(2023년 11월)/2023년 11월 경제전망보고서(Indigo Book).pdf,15,번호 직결 인용 없음 또는 문장 조각·중복 배정 제외
BOK-20231130-4a0e2a7937e7-그림-d3af31ef85f96749,경제전망보고서 2023년 11월,그림,1-7,유로지역 GDP 성장률,데이터 형태; 설명,research/bok-archive/03-경제전망보고서/2023-11-30_경제전망보고서(2023년 11월)/2023년 11월 경제전망보고서(Indigo Book).pdf,16,번호 직결 인용 없음 또는 문장 조각·중복 배정 제외
BOK-20231130-4a0e2a7937e7-그림-25e99ff406104793,경제전망보고서 2023년 11월,그림,1-8,유로지역 PMI,단위; 데이터 형태; 설명,research/bok-archive/03-경제전망보고서/2023-11-30_경제전망보고서(2023년 11월)/2023년 11월 경제전망보고서(Indigo Book).pdf,16,번호 직결 인용 없음 또는 문장 조각·중복 배정 제외
BOK-20231130-4a0e2a7937e7-그림-03abe41c656addbf,경제전망보고서 2023년 11월,그림,1-9,유로지역 물가상승률,단위; 데이터 형태; 설명,research/bok-archive/03-경제전망보고서/2023-11-30_경제전망보고서(2023년 11월)/2023년 11월 경제전망보고서(Indigo Book).pdf,16,번호 직결 인용 없음 또는 문장 조각·중복 배정 제외
BOK-20231130-4a0e2a7937e7-그림-759c2be9b644e2fd,경제전망보고서 2023년 11월,그림,1-10,중국 소비 관련 지표,단위; 데이터 형태; 설명,research/bok-archive/03-경제전망보고서/2023-11-30_경제전망보고서(2023년 11월)/2023년 11월 경제전망보고서(Indigo Book).pdf,17,번호 직결 인용 없음 또는 문장 조각·중복 배정 제외
BOK-20231130-4a0e2a7937e7-그림-befbf4e658a4ba5b,경제전망보고서 2023년 11월,그림,1-11,중국 부동산시장 지표1),단위; 데이터 형태; 설명,research/bok-archive/03-경제전망보고서/2023-11-30_경제전망보고서(2023년 11월)/2023년 11월 경제전망보고서(Indigo Book).pdf,17,번호 직결 인용 없음 또는 문장 조각·중복 배정 제외
BOK-20231130-4a0e2a7937e7-그림-4755009e0d51d313,경제전망보고서 2023년 11월,그림,1-12,중국 물가 지표,단위; 데이터 형태; 설명,research/bok-archive/03-경제전망보고서/2023-11-30_경제전망보고서(2023년 11월)/2023년 11월 경제전망보고서(Indigo Book).pdf,17,번호 직결 인용 없음 또는 문장 조각·중복 배정 제외
BOK-20231130-4a0e2a7937e7-그림-8f61b0d5b310743f,경제전망보고서 2023년 11월,그림,1-13,일본 GDP 성장기여도,단위; 데이터 형태; 설명,research/bok-archive/03-경제전망보고서/2023-11-30_경제전망보고서(2023년 11월)/2023년 11월 경제전망보고서(Indigo Book).pdf,18,번호 직결 인용 없음 또는 문장 조각·중복 배정 제외
BOK-20231130-4a0e2a7937e7-그림-bd7ed6bc9f1cabc9,경제전망보고서 2023년 11월,그림,1-14,일본 수출입 및 무역수지,단위; 데이터 형태; 설명,research/bok-archive/03-경제전망보고서/2023-11-30_경제전망보고서(2023년 11월)/2023년 11월 경제전망보고서(Indigo Book).pdf,18,번호 직결 인용 없음 또는 문장 조각·중복 배정 제외
BOK-20231130-4a0e2a7937e7-그림-90453638dea48be9,경제전망보고서 2023년 11월,그림,1-15,일본 소비자물가1),단위; 데이터 형태; 설명,research/bok-archive/03-경제전망보고서/2023-11-30_경제전망보고서(2023년 11월)/2023년 11월 경제전망보고서(Indigo Book).pdf,18,번호 직결 인용 없음 또는 문장 조각·중복 배정 제외
BOK-20231130-4a0e2a7937e7-그림-b98c13dd0d903154,경제전망보고서 2023년 11월,그림,1-16,아세안5 실물경제지표1),단위; 데이터 형태; 설명,research/bok-archive/03-경제전망보고서/2023-11-30_경제전망보고서(2023년 11월)/2023년 11월 경제전망보고서(Indigo Book).pdf,19,번호 직결 인용 없음 또는 문장 조각·중복 배정 제외
BOK-20231130-4a0e2a7937e7-그림-6f805f5b0455e4ef,경제전망보고서 2023년 11월,그림,1-17,인도 지출부문별 성장률,단위; 데이터 형태; 설명,research/bok-archive/03-경제전망보고서/2023-11-30_경제전망보고서(2023년 11월)/2023년 11월 경제전망보고서(Indigo Book).pdf,19,번호 직결 인용 없음 또는 문장 조각·중복 배정 제외
BOK-20231130-4a0e2a7937e7-그림-23a747ac9ad53b5f,경제전망보고서 2023년 11월,그림,1-18,아시아 신흥국,사용 데이터·출처; 단위; 데이터 형태; 분석 목적; 통계기법·지수; 설명,research/bok-archive/03-경제전망보고서/2023-11-30_경제전망보고서(2023년 11월)/2023년 11월 경제전망보고서(Indigo Book).pdf,19,제목·계열·직접 인용의 해석 근거 부족; 번호 직결 인용 없음 또는 문장 조각·중복 배정 제외
BOK-20231130-4a0e2a7937e7-그림-c05b005d1f31f280,경제전망보고서 2023년 11월,그림,1-19,국제유가·천연가스 가격1),데이터 형태; 설명,research/bok-archive/03-경제전망보고서/2023-11-30_경제전망보고서(2023년 11월)/2023년 11월 경제전망보고서(Indigo Book).pdf,20,번호 직결 인용 없음 또는 문장 조각·중복 배정 제외
BOK-20231130-4a0e2a7937e7-그림-555c543622547868,경제전망보고서 2023년 11월,그림,1-20,OECD 상업용원유재고1),단위; 데이터 형태; 설명,research/bok-archive/03-경제전망보고서/2023-11-30_경제전망보고서(2023년 11월)/2023년 11월 경제전망보고서(Indigo Book).pdf,20,번호 직결 인용 없음 또는 문장 조각·중복 배정 제외
BOK-20231130-4a0e2a7937e7-그림-3f192baa867cea31,경제전망보고서 2023년 11월,그림,1-21,EU 가스 비축률1),단위; 데이터 형태; 설명,research/bok-archive/03-경제전망보고서/2023-11-30_경제전망보고서(2023년 11월)/2023년 11월 경제전망보고서(Indigo Book).pdf,20,번호 직결 인용 없음 또는 문장 조각·중복 배정 제외
BOK-20231130-4a0e2a7937e7-그림-e5405230788da557,경제전망보고서 2023년 11월,그림,1-22,통합재정지출 전망,설명,research/bok-archive/03-경제전망보고서/2023-11-30_경제전망보고서(2023년 11월)/2023년 11월 경제전망보고서(Indigo Book).pdf,21,번호 직결 인용 없음 또는 문장 조각·중복 배정 제외
BOK-20231130-4a0e2a7937e7-그림-0923206fd8f130e6,경제전망보고서 2023년 11월,그림,1-23,관리재정수지1),사용 데이터·출처; 데이터 형태; 설명,research/bok-archive/03-경제전망보고서/2023-11-30_경제전망보고서(2023년 11월)/2023년 11월 경제전망보고서(Indigo Book).pdf,21,번호 직결 인용 없음 또는 문장 조각·중복 배정 제외
BOK-20231130-4a0e2a7937e7-그림-90d7e2d9ff527389,경제전망보고서 2023년 11월,그림,1-24,1인당 명목임금 상승률,단위; 데이터 형태; 설명,research/bok-archive/03-경제전망보고서/2023-11-30_경제전망보고서(2023년 11월)/2023년 11월 경제전망보고서(Indigo Book).pdf,22,번호 직결 인용 없음 또는 문장 조각·중복 배정 제외
BOK-20231130-4a0e2a7937e7-그림-134b857e4af3588a,경제전망보고서 2023년 11월,그림,1-25,상용직 정액급여 상승률,사용 데이터·출처; 단위; 데이터 형태; 설명,research/bok-archive/03-경제전망보고서/2023-11-30_경제전망보고서(2023년 11월)/2023년 11월 경제전망보고서(Indigo Book).pdf,22,번호 직결 인용 없음 또는 문장 조각·중복 배정 제외
BOK-20231130-4a0e2a7937e7-그림-3594dd2b37665bee,경제전망보고서 2023년 11월,그림,1-26,매매가격1)과 거래량2),단위; 데이터 형태; 설명,research/bok-archive/03-경제전망보고서/2023-11-30_경제전망보고서(2023년 11월)/2023년 11월 경제전망보고서(Indigo Book).pdf,23,번호 직결 인용 없음 또는 문장 조각·중복 배정 제외
BOK-20231130-4a0e2a7937e7-그림-570c025431a6121e,경제전망보고서 2023년 11월,그림,1-27,지역별·유형별 주택가격1),단위; 데이터 형태; 설명,research/bok-archive/03-경제전망보고서/2023-11-30_경제전망보고서(2023년 11월)/2023년 11월 경제전망보고서(Indigo Book).pdf,23,번호 직결 인용 없음 또는 문장 조각·중복 배정 제외
BOK-20231130-4a0e2a7937e7-그림-09551678520dd41d,경제전망보고서 2023년 11월,그림,1-28,주택유형별 전세가격1),단위; 데이터 형태; 설명,research/bok-archive/03-경제전망보고서/2023-11-30_경제전망보고서(2023년 11월)/2023년 11월 경제전망보고서(Indigo Book).pdf,23,번호 직결 인용 없음 또는 문장 조각·중복 배정 제외
BOK-20231130-4a0e2a7937e7-그림-e605a48d09d747de,경제전망보고서 2023년 11월,그림,1-29,아파트 매도물량1),단위; 데이터 형태; 설명,research/bok-archive/03-경제전망보고서/2023-11-30_경제전망보고서(2023년 11월)/2023년 11월 경제전망보고서(Indigo Book).pdf,23,번호 직결 인용 없음 또는 문장 조각·중복 배정 제외
BOK-20231130-4a0e2a7937e7-그림-277d5480e7f38f3a,경제전망보고서 2023년 11월,그림,1-30,COFIX1) 및 은행채 금리2),단위; 데이터 형태; 설명,research/bok-archive/03-경제전망보고서/2023-11-30_경제전망보고서(2023년 11월)/2023년 11월 경제전망보고서(Indigo Book).pdf,23,번호 직결 인용 없음 또는 문장 조각·중복 배정 제외
BOK-20231130-4a0e2a7937e7-그림-f4d14accadbe487e,경제전망보고서 2023년 11월,그림,1-31,매매‧전세거래량1),단위; 데이터 형태; 설명,research/bok-archive/03-경제전망보고서/2023-11-30_경제전망보고서(2023년 11월)/2023년 11월 경제전망보고서(Indigo Book).pdf,23,번호 직결 인용 없음 또는 문장 조각·중복 배정 제외
BOK-20231130-4a0e2a7937e7-그림-f09792023c9bbd0f,경제전망보고서 2023년 11월,그림,1-32,미 연준 정책금리 기대1),데이터 형태; 설명,research/bok-archive/03-경제전망보고서/2023-11-30_경제전망보고서(2023년 11월)/2023년 11월 경제전망보고서(Indigo Book).pdf,24,번호 직결 인용 없음 또는 문장 조각·중복 배정 제외
BOK-20231130-4a0e2a7937e7-그림-f9ac1f0ff6094ced,경제전망보고서 2023년 11월,그림,1-33,국고채·미 국채 금리,단위; 데이터 형태; 설명,research/bok-archive/03-경제전망보고서/2023-11-30_경제전망보고서(2023년 11월)/2023년 11월 경제전망보고서(Indigo Book).pdf,24,번호 직결 인용 없음 또는 문장 조각·중복 배정 제외
BOK-20231130-4a0e2a7937e7-그림-eaed118efeb20d15,경제전망보고서 2023년 11월,그림,1-34,원/달러환율·미달러화지수,단위; 데이터 형태; 설명,research/bok-archive/03-경제전망보고서/2023-11-30_경제전망보고서(2023년 11월)/2023년 11월 경제전망보고서(Indigo Book).pdf,24,번호 직결 인용 없음 또는 문장 조각·중복 배정 제외
BOK-20231130-4a0e2a7937e7-그림-2ca36d6c5bf74965,경제전망보고서 2023년 11월,그림,1-35,예금은행 가계대출1),단위; 데이터 형태; 설명,research/bok-archive/03-경제전망보고서/2023-11-30_경제전망보고서(2023년 11월)/2023년 11월 경제전망보고서(Indigo Book).pdf,25,번호 직결 인용 없음 또는 문장 조각·중복 배정 제외
BOK-20231130-4a0e2a7937e7-그림-d0b85f8275403418,경제전망보고서 2023년 11월,그림,1-36,예금은행 기업대출1),단위; 데이터 형태; 설명,research/bok-archive/03-경제전망보고서/2023-11-30_경제전망보고서(2023년 11월)/2023년 11월 경제전망보고서(Indigo Book).pdf,25,번호 직결 인용 없음 또는 문장 조각·중복 배정 제외
BOK-20231130-4a0e2a7937e7-그림-6373075c40ba55d2,경제전망보고서 2023년 11월,그림,1-37,대출 연체율,단위; 데이터 형태; 설명,research/bok-archive/03-경제전망보고서/2023-11-30_경제전망보고서(2023년 11월)/2023년 11월 경제전망보고서(Indigo Book).pdf,25,번호 직결 인용 없음 또는 문장 조각·중복 배정 제외
BOK-20231130-4a0e2a7937e7-그림-739786fefc9bb4f3,경제전망보고서 2023년 11월,그림,2-1,수출·소매판매1),단위; 데이터 형태; 설명,research/bok-archive/03-경제전망보고서/2023-11-30_경제전망보고서(2023년 11월)/2023년 11월 경제전망보고서(Indigo Book).pdf,30,번호 직결 인용 없음 또는 문장 조각·중복 배정 제외
BOK-20231130-4a0e2a7937e7-그림-39107e66d0838772,경제전망보고서 2023년 11월,그림,2-2,지출 부문별 기여도,단위; 데이터 형태; 설명,research/bok-archive/03-경제전망보고서/2023-11-30_경제전망보고서(2023년 11월)/2023년 11월 경제전망보고서(Indigo Book).pdf,30,번호 직결 인용 없음 또는 문장 조각·중복 배정 제외
BOK-20231130-4a0e2a7937e7-그림-104b554c070c84b3,경제전망보고서 2023년 11월,그림,2-3,경제성장률 전망경로,단위; 데이터 형태; 설명,research/bok-archive/03-경제전망보고서/2023-11-30_경제전망보고서(2023년 11월)/2023년 11월 경제전망보고서(Indigo Book).pdf,30,번호 직결 인용 없음 또는 문장 조각·중복 배정 제외
BOK-20231130-4a0e2a7937e7-그림-9d1d09d45cf8e0d2,경제전망보고서 2023년 11월,그림,2-4,GDP 민간소비,단위; 데이터 형태; 설명,research/bok-archive/03-경제전망보고서/2023-11-30_경제전망보고서(2023년 11월)/2023년 11월 경제전망보고서(Indigo Book).pdf,31,번호 직결 인용 없음 또는 문장 조각·중복 배정 제외
BOK-20231130-4a0e2a7937e7-그림-0ac50f447e07bd18,경제전망보고서 2023년 11월,그림,2-5,가계 명목 및 실질 구매력 증가율1),단위; 데이터 형태; 설명,research/bok-archive/03-경제전망보고서/2023-11-30_경제전망보고서(2023년 11월)/2023년 11월 경제전망보고서(Indigo Book).pdf,31,번호 직결 인용 없음 또는 문장 조각·중복 배정 제외
BOK-20231130-4a0e2a7937e7-그림-1209a1a5e32cf69b,경제전망보고서 2023년 11월,그림,2-6,GDP 설비투자,단위; 데이터 형태; 설명,research/bok-archive/03-경제전망보고서/2023-11-30_경제전망보고서(2023년 11월)/2023년 11월 경제전망보고서(Indigo Book).pdf,32,번호 직결 인용 없음 또는 문장 조각·중복 배정 제외
BOK-20231130-4a0e2a7937e7-그림-464c022042d045d9,경제전망보고서 2023년 11월,그림,2-7,글로벌 반도체 매출 및 국내 IT기업 투자 전망,단위; 데이터 형태; 설명,research/bok-archive/03-경제전망보고서/2023-11-30_경제전망보고서(2023년 11월)/2023년 11월 경제전망보고서(Indigo Book).pdf,32,번호 직결 인용 없음 또는 문장 조각·중복 배정 제외
BOK-20231130-4a0e2a7937e7-그림-fb537f5d46b88ea9,경제전망보고서 2023년 11월,그림,2-8,GDP 지식재산생산물투자 및 제조업 매출액,단위; 데이터 형태; 설명,research/bok-archive/03-경제전망보고서/2023-11-30_경제전망보고서(2023년 11월)/2023년 11월 경제전망보고서(Indigo Book).pdf,32,번호 직결 인용 없음 또는 문장 조각·중복 배정 제외
BOK-20231130-4a0e2a7937e7-그림-b1d4129c2534909d,경제전망보고서 2023년 11월,그림,2-9,주요 반도체·이차전지 기업1)의 R&D 추이,단위; 데이터 형태; 설명,research/bok-archive/03-경제전망보고서/2023-11-30_경제전망보고서(2023년 11월)/2023년 11월 경제전망보고서(Indigo Book).pdf,32,번호 직결 인용 없음 또는 문장 조각·중복 배정 제외
BOK-20231130-4a0e2a7937e7-그림-2fbfa54d2cdee021,경제전망보고서 2023년 11월,그림,2-10,GDP 건설투자,단위; 데이터 형태; 설명,research/bok-archive/03-경제전망보고서/2023-11-30_경제전망보고서(2023년 11월)/2023년 11월 경제전망보고서(Indigo Book).pdf,33,번호 직결 인용 없음 또는 문장 조각·중복 배정 제외
BOK-20231130-4a0e2a7937e7-그림-a8a15f5940e2cd14,경제전망보고서 2023년 11월,그림,2-11,건설수주 및 주거용건물 착공,단위; 데이터 형태; 설명,research/bok-archive/03-경제전망보고서/2023-11-30_경제전망보고서(2023년 11월)/2023년 11월 경제전망보고서(Indigo Book).pdf,33,번호 직결 인용 없음 또는 문장 조각·중복 배정 제외
BOK-20231130-4a0e2a7937e7-그림-99d1dad44bd9477f,경제전망보고서 2023년 11월,그림,2-12,"재화수출1), 세계교역 증가율",데이터 형태; 설명,research/bok-archive/03-경제전망보고서/2023-11-30_경제전망보고서(2023년 11월)/2023년 11월 경제전망보고서(Indigo Book).pdf,34,번호 직결 인용 없음 또는 문장 조각·중복 배정 제외
BOK-20231130-4a0e2a7937e7-그림-801f1ad9dad84401,경제전망보고서 2023년 11월,그림,2-13,IT 및 비IT 통관수출1),데이터 형태; 설명,research/bok-archive/03-경제전망보고서/2023-11-30_경제전망보고서(2023년 11월)/2023년 11월 경제전망보고서(Indigo Book).pdf,34,번호 직결 인용 없음 또는 문장 조각·중복 배정 제외
BOK-20231130-4a0e2a7937e7-그림-3faed94a629676eb,경제전망보고서 2023년 11월,그림,2-14,D램 수급 및 가격,사용 데이터·출처; 데이터 형태; 설명,research/bok-archive/03-경제전망보고서/2023-11-30_경제전망보고서(2023년 11월)/2023년 11월 경제전망보고서(Indigo Book).pdf,34,번호 직결 인용 없음 또는 문장 조각·중복 배정 제외
BOK-20231130-4a0e2a7937e7-그림-6a273d1809d43265,경제전망보고서 2023년 11월,그림,2-15,지역별 통관수출 증가율,사용 데이터·출처; 단위; 데이터 형태; 설명,research/bok-archive/03-경제전망보고서/2023-11-30_경제전망보고서(2023년 11월)/2023년 11월 경제전망보고서(Indigo Book).pdf,35,번호 직결 인용 없음 또는 문장 조각·중복 배정 제외
BOK-20231130-4a0e2a7937e7-그림-8b3d75bdb1bed1ed,경제전망보고서 2023년 11월,그림,2-16,반도체 수출과 자본재 수입,사용 데이터·출처; 단위; 데이터 형태; 설명,research/bok-archive/03-경제전망보고서/2023-11-30_경제전망보고서(2023년 11월)/2023년 11월 경제전망보고서(Indigo Book).pdf,35,번호 직결 인용 없음 또는 문장 조각·중복 배정 제외
BOK-20231130-4a0e2a7937e7-그림-4b24b8da64ef7aeb,경제전망보고서 2023년 11월,그림,2-17,경상수지 전망경로1),단위; 설명,research/bok-archive/03-경제전망보고서/2023-11-30_경제전망보고서(2023년 11월)/2023년 11월 경제전망보고서(Indigo Book).pdf,36,번호 직결 인용 없음 또는 문장 조각·중복 배정 제외
BOK-20231130-4a0e2a7937e7-그림-b4cfcff912e09ace,경제전망보고서 2023년 11월,그림,2-18,출입국자수 추이,사용 데이터·출처; 데이터 형태; 설명,research/bok-archive/03-경제전망보고서/2023-11-30_경제전망보고서(2023년 11월)/2023년 11월 경제전망보고서(Indigo Book).pdf,36,번호 직결 인용 없음 또는 문장 조각·중복 배정 제외
BOK-20231130-4a0e2a7937e7-그림-7df953b0be673df2,경제전망보고서 2023년 11월,그림,2-19,소비자물가 및 근원물가,데이터 형태; 설명,research/bok-archive/03-경제전망보고서/2023-11-30_경제전망보고서(2023년 11월)/2023년 11월 경제전망보고서(Indigo Book).pdf,37,번호 직결 인용 없음 또는 문장 조각·중복 배정 제외
BOK-20231130-4a0e2a7937e7-그림-788a3c15a7c3c213,경제전망보고서 2023년 11월,그림,2-20,석유류가격 추이,단위; 데이터 형태; 설명,research/bok-archive/03-경제전망보고서/2023-11-30_경제전망보고서(2023년 11월)/2023년 11월 경제전망보고서(Indigo Book).pdf,37,번호 직결 인용 없음 또는 문장 조각·중복 배정 제외
BOK-20231130-4a0e2a7937e7-그림-990c65deac137009,경제전망보고서 2023년 11월,그림,2-21,월별 상승률 차이 분해1),단위; 데이터 형태; 설명,research/bok-archive/03-경제전망보고서/2023-11-30_경제전망보고서(2023년 11월)/2023년 11월 경제전망보고서(Indigo Book).pdf,37,번호 직결 인용 없음 또는 문장 조각·중복 배정 제외
BOK-20231130-4a0e2a7937e7-그림-334d6115fd71e762,경제전망보고서 2023년 11월,그림,2-22,소비자물가 상승률 및 기여도,단위; 데이터 형태; 설명,research/bok-archive/03-경제전망보고서/2023-11-30_경제전망보고서(2023년 11월)/2023년 11월 경제전망보고서(Indigo Book).pdf,38,번호 직결 인용 없음 또는 문장 조각·중복 배정 제외
BOK-20231130-4a0e2a7937e7-그림-8bdf0caaf9e2636e,경제전망보고서 2023년 11월,그림,2-23,근원물가 상승률 및 기여도,단위; 데이터 형태; 설명,research/bok-archive/03-경제전망보고서/2023-11-30_경제전망보고서(2023년 11월)/2023년 11월 경제전망보고서(Indigo Book).pdf,38,번호 직결 인용 없음 또는 문장 조각·중복 배정 제외
BOK-20231130-4a0e2a7937e7-그림-560f8bd67e1fa4df,경제전망보고서 2023년 11월,그림,2-24,근원물가 상승률1),단위; 설명,research/bok-archive/03-경제전망보고서/2023-11-30_경제전망보고서(2023년 11월)/2023년 11월 경제전망보고서(Indigo Book).pdf,38,번호 직결 인용 없음 또는 문장 조각·중복 배정 제외
BOK-20231130-4a0e2a7937e7-그림-702dc19f3ad67732,경제전망보고서 2023년 11월,그림,2-25,농산물가격 상승률1),단위; 설명,research/bok-archive/03-경제전망보고서/2023-11-30_경제전망보고서(2023년 11월)/2023년 11월 경제전망보고서(Indigo Book).pdf,38,번호 직결 인용 없음 또는 문장 조각·중복 배정 제외
BOK-20231130-4a0e2a7937e7-그림-522a0db1ee7139b8,경제전망보고서 2023년 11월,그림,2-26,소비자물가 상승률 전망,단위; 데이터 형태; 설명,research/bok-archive/03-경제전망보고서/2023-11-30_경제전망보고서(2023년 11월)/2023년 11월 경제전망보고서(Indigo Book).pdf,39,번호 직결 인용 없음 또는 문장 조각·중복 배정 제외
BOK-20231130-4a0e2a7937e7-그림-6d7796b5c9ceacea,경제전망보고서 2023년 11월,그림,2-27,근원물가 상승률 전망,단위; 데이터 형태; 설명,research/bok-archive/03-경제전망보고서/2023-11-30_경제전망보고서(2023년 11월)/2023년 11월 경제전망보고서(Indigo Book).pdf,39,번호 직결 인용 없음 또는 문장 조각·중복 배정 제외
BOK-20231130-4a0e2a7937e7-그림-b09e9532774d571e,경제전망보고서 2023년 11월,그림,2-28,주요기관 국제유가 전망1)2),단위; 데이터 형태; 설명,research/bok-archive/03-경제전망보고서/2023-11-30_경제전망보고서(2023년 11월)/2023년 11월 경제전망보고서(Indigo Book).pdf,40,번호 직결 인용 없음 또는 문장 조각·중복 배정 제외
BOK-20231130-4a0e2a7937e7-그림-6a1b6a92783b9a39,경제전망보고서 2023년 11월,그림,2-29,취업자수 증감,단위; 데이터 형태; 설명,research/bok-archive/03-경제전망보고서/2023-11-30_경제전망보고서(2023년 11월)/2023년 11월 경제전망보고서(Indigo Book).pdf,41,번호 직결 인용 없음 또는 문장 조각·중복 배정 제외
BOK-20231130-4a0e2a7937e7-그림-c4cd7654bbed9424,경제전망보고서 2023년 11월,그림,2-30,실업률 및 고용률,단위; 데이터 형태; 설명,research/bok-archive/03-경제전망보고서/2023-11-30_경제전망보고서(2023년 11월)/2023년 11월 경제전망보고서(Indigo Book).pdf,41,번호 직결 인용 없음 또는 문장 조각·중복 배정 제외
BOK-20231130-4a0e2a7937e7-그림-d724d129e1e06835,경제전망보고서 2023년 11월,그림,2-31,성·연령별 취업자수 증감,단위; 데이터 형태; 설명,research/bok-archive/03-경제전망보고서/2023-11-30_경제전망보고서(2023년 11월)/2023년 11월 경제전망보고서(Indigo Book).pdf,41,번호 직결 인용 없음 또는 문장 조각·중복 배정 제외
BOK-20231130-4a0e2a7937e7-그림-4ee294fd2e27760d,경제전망보고서 2023년 11월,그림,2-32,산업별 취업자수 경로,단위; 데이터 형태; 설명,research/bok-archive/03-경제전망보고서/2023-11-30_경제전망보고서(2023년 11월)/2023년 11월 경제전망보고서(Indigo Book).pdf,41,번호 직결 인용 없음 또는 문장 조각·중복 배정 제외
BOK-20231130-4a0e2a7937e7-그림-a397c3c186c5dbc2,경제전망보고서 2023년 11월,그림,2-33,산업별 빈일자리율,단위; 설명,research/bok-archive/03-경제전망보고서/2023-11-30_경제전망보고서(2023년 11월)/2023년 11월 경제전망보고서(Indigo Book).pdf,42,번호 직결 인용 없음 또는 문장 조각·중복 배정 제외
BOK-20231130-4a0e2a7937e7-그림-2ab30800a66af302,경제전망보고서 2023년 11월,그림,2-34,베버리지 곡선1),설명,research/bok-archive/03-경제전망보고서/2023-11-30_경제전망보고서(2023년 11월)/2023년 11월 경제전망보고서(Indigo Book).pdf,42,번호 직결 인용 없음 또는 문장 조각·중복 배정 제외
BOK-20231130-4a0e2a7937e7-그림-40bdc0a580ea95fc,경제전망보고서 2023년 11월,그림,2-35,시나리오별 GDP성장률,단위; 데이터 형태; 설명,research/bok-archive/03-경제전망보고서/2023-11-30_경제전망보고서(2023년 11월)/2023년 11월 경제전망보고서(Indigo Book).pdf,44,번호 직결 인용 없음 또는 문장 조각·중복 배정 제외
BOK-20231130-4a0e2a7937e7-그림-f3d8a602befe5b5e,경제전망보고서 2023년 11월,그림,2-36,시나리오별 물가상승률,단위; 데이터 형태; 설명,research/bok-archive/03-경제전망보고서/2023-11-30_경제전망보고서(2023년 11월)/2023년 11월 경제전망보고서(Indigo Book).pdf,44,번호 직결 인용 없음 또는 문장 조각·중복 배정 제외
BOK-20231130-4a0e2a7937e7-그림-4c58cb31b61f7fdb,경제전망보고서 2023년 11월,그림,3-1,출산율의 확률적 전망1),사용 데이터·출처; 단위; 데이터 형태; 설명,research/bok-archive/03-경제전망보고서/2023-11-30_경제전망보고서(2023년 11월)/2023년 11월 경제전망보고서(Indigo Book).pdf,79,번호 직결 인용 없음 또는 문장 조각·중복 배정 제외
BOK-20231130-4a0e2a7937e7-그림-a762f3a103d818e6,경제전망보고서 2023년 11월,그림,3-2,총인구의 확률적 전망1),사용 데이터·출처; 단위; 데이터 형태; 설명,research/bok-archive/03-경제전망보고서/2023-11-30_경제전망보고서(2023년 11월)/2023년 11월 경제전망보고서(Indigo Book).pdf,79,번호 직결 인용 없음 또는 문장 조각·중복 배정 제외
BOK-20231130-4a0e2a7937e7-그림-e55d950b09682668,경제전망보고서 2023년 11월,그림,3-3,실질GDP의 확률적 추계1),단위; 데이터 형태; 설명,research/bok-archive/03-경제전망보고서/2023-11-30_경제전망보고서(2023년 11월)/2023년 11월 경제전망보고서(Indigo Book).pdf,80,번호 직결 인용 없음 또는 문장 조각·중복 배정 제외
BOK-20231130-4a0e2a7937e7-그림-d50cddb3988d66ca,경제전망보고서 2023년 11월,그림,3-4,추세성장률의 확률적 분포1),사용 데이터·출처; 단위; 데이터 형태,research/bok-archive/03-경제전망보고서/2023-11-30_경제전망보고서(2023년 11월)/2023년 11월 경제전망보고서(Indigo Book).pdf,80,출처·단위·데이터 형태 등 미확인
BOK-20231130-4a0e2a7937e7-그림-2f9fae7e9a7f52d3,경제전망보고서 2023년 11월,그림,3-5,추세성장률 0%이하 확률1),사용 데이터·출처; 단위; 데이터 형태; 설명,research/bok-archive/03-경제전망보고서/2023-11-30_경제전망보고서(2023년 11월)/2023년 11월 경제전망보고서(Indigo Book).pdf,80,번호 직결 인용 없음 또는 문장 조각·중복 배정 제외
BOK-20231130-4a0e2a7937e7-그림-5c04253a0348932e,경제전망보고서 2023년 11월,그림,3-6,연령대별 소득불평등도 추이1),사용 데이터·출처; 단위; 데이터 형태,research/bok-archive/03-경제전망보고서/2023-11-30_경제전망보고서(2023년 11월)/2023년 11월 경제전망보고서(Indigo Book).pdf,81,출처·단위·데이터 형태 등 미확인
BOK-20231130-4a0e2a7937e7-그림-e9abf693ed8a3fd5,경제전망보고서 2023년 11월,그림,3-7,소득불평등1)의 연령효과2),사용 데이터·출처; 단위; 데이터 형태; 설명,research/bok-archive/03-경제전망보고서/2023-11-30_경제전망보고서(2023년 11월)/2023년 11월 경제전망보고서(Indigo Book).pdf,81,번호 직결 인용 없음 또는 문장 조각·중복 배정 제외
BOK-20231130-4a0e2a7937e7-그림-a501a4acd49f97dc,경제전망보고서 2023년 11월,그림,3-8,연령효과에 따른 소득불평등도1) 전망,사용 데이터·출처; 단위; 데이터 형태,research/bok-archive/03-경제전망보고서/2023-11-30_경제전망보고서(2023년 11월)/2023년 11월 경제전망보고서(Indigo Book).pdf,82,출처·단위·데이터 형태 등 미확인
BOK-20231130-4a0e2a7937e7-그림-753e7b5abdc35dcc,경제전망보고서 2023년 11월,그림,4-1,"대졸 신입사원 취업경쟁률(전체 좌측, 규모별 우측)1)",사용 데이터·출처; 단위; 데이터 형태; 설명,research/bok-archive/03-경제전망보고서/2023-11-30_경제전망보고서(2023년 11월)/2023년 11월 경제전망보고서(Indigo Book).pdf,87,번호 직결 인용 없음 또는 문장 조각·중복 배정 제외
BOK-20231130-4a0e2a7937e7-그림-3dddb1d6481976fb,경제전망보고서 2023년 11월,그림,4-2,채용 동향 조사 결과2),사용 데이터·출처; 단위; 데이터 형태; 설명,research/bok-archive/03-경제전망보고서/2023-11-30_경제전망보고서(2023년 11월)/2023년 11월 경제전망보고서(Indigo Book).pdf,87,번호 직결 인용 없음 또는 문장 조각·중복 배정 제외
BOK-20231130-4a0e2a7937e7-그림-439110392c4c19fc,경제전망보고서 2023년 11월,그림,4-3,연령대별 근로소득1),사용 데이터·출처; 단위; 데이터 형태; 설명,research/bok-archive/03-경제전망보고서/2023-11-30_경제전망보고서(2023년 11월)/2023년 11월 경제전망보고서(Indigo Book).pdf,88,번호 직결 인용 없음 또는 문장 조각·중복 배정 제외
BOK-20231130-4a0e2a7937e7-그림-88cd7c48f06d90ac,경제전망보고서 2023년 11월,그림,4-4,연령대별 총부채1),사용 데이터·출처; 단위; 데이터 형태; 설명,research/bok-archive/03-경제전망보고서/2023-11-30_경제전망보고서(2023년 11월)/2023년 11월 경제전망보고서(Indigo Book).pdf,88,번호 직결 인용 없음 또는 문장 조각·중복 배정 제외
BOK-20231130-4a0e2a7937e7-그림-01258bd682790897,경제전망보고서 2023년 11월,그림,4-5,부동산가격 추이2),사용 데이터·출처; 단위; 데이터 형태; 설명,research/bok-archive/03-경제전망보고서/2023-11-30_경제전망보고서(2023년 11월)/2023년 11월 경제전망보고서(Indigo Book).pdf,88,번호 직결 인용 없음 또는 문장 조각·중복 배정 제외
BOK-20231130-4a0e2a7937e7-그림-1e3a8860ebdb16d3,경제전망보고서 2023년 11월,그림,4-6,MZ세대가 가장 우려하는 사항 1~2위1),사용 데이터·출처; 단위; 데이터 형태; 설명,research/bok-archive/03-경제전망보고서/2023-11-30_경제전망보고서(2023년 11월)/2023년 11월 경제전망보고서(Indigo Book).pdf,88,번호 직결 인용 없음 또는 문장 조각·중복 배정 제외
BOK-20231130-4a0e2a7937e7-그림-3cfb7daae9b8156b,경제전망보고서 2023년 11월,그림,4-7,MZ세대의 재정상황 관련 설문 결과1)2),사용 데이터·출처; 단위; 데이터 형태; 설명,research/bok-archive/03-경제전망보고서/2023-11-30_경제전망보고서(2023년 11월)/2023년 11월 경제전망보고서(Indigo Book).pdf,88,번호 직결 인용 없음 또는 문장 조각·중복 배정 제외
BOK-20231130-4a0e2a7937e7-그림-7dd55ac887f756d5,경제전망보고서 2023년 11월,그림,4-8,지난 10년간,단위; 데이터 형태; 분석 목적; 통계기법·지수; 설명,research/bok-archive/03-경제전망보고서/2023-11-30_경제전망보고서(2023년 11월)/2023년 11월 경제전망보고서(Indigo Book).pdf,89,제목·계열·직접 인용의 해석 근거 부족; 번호 직결 인용 없음 또는 문장 조각·중복 배정 제외
BOK-20231130-4a0e2a7937e7-그림-3b76a0a53ae66225,경제전망보고서 2023년 11월,그림,4-9,향후 10년간,단위; 데이터 형태; 분석 목적; 통계기법·지수; 설명,research/bok-archive/03-경제전망보고서/2023-11-30_경제전망보고서(2023년 11월)/2023년 11월 경제전망보고서(Indigo Book).pdf,89,제목·계열·직접 인용의 해석 근거 부족; 번호 직결 인용 없음 또는 문장 조각·중복 배정 제외
BOK-20231130-4a0e2a7937e7-그림-3d2cfc4e0089c8e9,경제전망보고서 2023년 11월,그림,4-10,개인노력에 의한,단위; 데이터 형태; 분석 목적; 통계기법·지수; 설명,research/bok-archive/03-경제전망보고서/2023-11-30_경제전망보고서(2023년 11월)/2023년 11월 경제전망보고서(Indigo Book).pdf,89,제목·계열·직접 인용의 해석 근거 부족; 번호 직결 인용 없음 또는 문장 조각·중복 배정 제외
BOK-20231130-4a0e2a7937e7-그림-2e381e3443f004fa,경제전망보고서 2023년 11월,그림,4-11,자녀세대의,사용 데이터·출처; 단위; 데이터 형태; 분석 목적; 통계기법·지수; 설명,research/bok-archive/03-경제전망보고서/2023-11-30_경제전망보고서(2023년 11월)/2023년 11월 경제전망보고서(Indigo Book).pdf,89,제목·계열·직접 인용의 해석 근거 부족; 번호 직결 인용 없음 또는 문장 조각·중복 배정 제외
BOK-20231130-4a0e2a7937e7-그림-022af6a64f11fb0f,경제전망보고서 2023년 11월,그림,4-12,경쟁압력 체감도별 평균,사용 데이터·출처; 단위; 데이터 형태; 분석 목적; 설명,research/bok-archive/03-경제전망보고서/2023-11-30_경제전망보고서(2023년 11월)/2023년 11월 경제전망보고서(Indigo Book).pdf,90,제목·계열·직접 인용의 해석 근거 부족; 번호 직결 인용 없음 또는 문장 조각·중복 배정 제외
BOK-20231130-4a0e2a7937e7-그림-abce1855b21db146,경제전망보고서 2023년 11월,그림,4-13,무작위통제실험 그룹별 결혼의향자 비중1)2),사용 데이터·출처; 단위; 데이터 형태; 설명,research/bok-archive/03-경제전망보고서/2023-11-30_경제전망보고서(2023년 11월)/2023년 11월 경제전망보고서(Indigo Book).pdf,92,번호 직결 인용 없음 또는 문장 조각·중복 배정 제외
BOK-20231130-4a0e2a7937e7-그림-33b4c13e143f8e3c,경제전망보고서 2023년 11월,그림,4-14,무작위통제실험 그룹별 희망자녀수1)2),사용 데이터·출처; 단위; 데이터 형태; 설명,research/bok-archive/03-경제전망보고서/2023-11-30_경제전망보고서(2023년 11월)/2023년 11월 경제전망보고서(Indigo Book).pdf,92,번호 직결 인용 없음 또는 문장 조각·중복 배정 제외
BOK-20231130-4a0e2a7937e7-그림-fd0ffd186490f303,경제전망보고서 2023년 11월,그림,4-15,고용상태별 결혼의향 비중1)2),사용 데이터·출처; 단위; 데이터 형태; 설명,research/bok-archive/03-경제전망보고서/2023-11-30_경제전망보고서(2023년 11월)/2023년 11월 경제전망보고서(Indigo Book).pdf,93,번호 직결 인용 없음 또는 문장 조각·중복 배정 제외
BOK-20231130-4a0e2a7937e7-그림-97bf5ba5d1acebcb,경제전망보고서 2023년 11월,그림,4-16,자녀지원 의무감 정도에 따른 결혼의향1)2)3)4),사용 데이터·출처; 단위; 데이터 형태; 설명,research/bok-archive/03-경제전망보고서/2023-11-30_경제전망보고서(2023년 11월)/2023년 11월 경제전망보고서(Indigo Book).pdf,94,번호 직결 인용 없음 또는 문장 조각·중복 배정 제외
BOK-20231130-4a0e2a7937e7-그림-1edd340a83873915,경제전망보고서 2023년 11월,그림,4-17,결혼을 하지 않은 가장 주된 이유1)2),사용 데이터·출처; 단위; 데이터 형태; 설명,research/bok-archive/03-경제전망보고서/2023-11-30_경제전망보고서(2023년 11월)/2023년 11월 경제전망보고서(Indigo Book).pdf,95,번호 직결 인용 없음 또는 문장 조각·중복 배정 제외
BOK-20231130-4a0e2a7937e7-그림-2ce23d52552b25bc,경제전망보고서 2023년 11월,그림,4-18,출산을 망설이거나 늦추거나 포기하는,사용 데이터·출처; 단위; 데이터 형태; 설명,research/bok-archive/03-경제전망보고서/2023-11-30_경제전망보고서(2023년 11월)/2023년 11월 경제전망보고서(Indigo Book).pdf,95,번호 직결 인용 없음 또는 문장 조각·중복 배정 제외
BOK-20231130-4a0e2a7937e7-그림-00f4c031d864c413,경제전망보고서 2023년 11월,그림,4-19,시도별 합계출산율(2022년),단위; 데이터 형태; 설명,research/bok-archive/03-경제전망보고서/2023-11-30_경제전망보고서(2023년 11월)/2023년 11월 경제전망보고서(Indigo Book).pdf,96,번호 직결 인용 없음 또는 문장 조각·중복 배정 제외
BOK-20231130-4a0e2a7937e7-그림-93b4d7b422448f64,경제전망보고서 2023년 11월,그림,4-20,시도별 인구밀도와,사용 데이터·출처; 단위; 데이터 형태,research/bok-archive/03-경제전망보고서/2023-11-30_경제전망보고서(2023년 11월)/2023년 11월 경제전망보고서(Indigo Book).pdf,96,출처·단위·데이터 형태 등 미확인
BOK-20231130-4a0e2a7937e7-그림-79c309db3137ba37,경제전망보고서 2023년 11월,그림,4-21,시도별 인구밀도와 합계출산율 간 관계1),단위; 데이터 형태; 설명,research/bok-archive/03-경제전망보고서/2023-11-30_경제전망보고서(2023년 11월)/2023년 11월 경제전망보고서(Indigo Book).pdf,97,번호 직결 인용 없음 또는 문장 조각·중복 배정 제외
BOK-20231130-4a0e2a7937e7-그림-51c71ee01058c6b1,경제전망보고서 2023년 11월,그림,4-22,시도별 주택가격과 합계출산율 간 관계1),단위; 데이터 형태; 설명,research/bok-archive/03-경제전망보고서/2023-11-30_경제전망보고서(2023년 11월)/2023년 11월 경제전망보고서(Indigo Book).pdf,97,번호 직결 인용 없음 또는 문장 조각·중복 배정 제외
BOK-20231130-4a0e2a7937e7-그림-5dbbd9d16d7e49ac,경제전망보고서 2023년 11월,그림,5-1,"한국과 OECD 평균(한국 제외, 분석에 사용된 34개국 평균)의 추이(2000-2019)",데이터 형태; 분석 목적; 설명,research/bok-archive/03-경제전망보고서/2023-11-30_경제전망보고서(2023년 11월)/2023년 11월 경제전망보고서(Indigo Book).pdf,100,제목·계열·직접 인용의 해석 근거 부족; 번호 직결 인용 없음 또는 문장 조각·중복 배정 제외
BOK-20231130-4a0e2a7937e7-그림-608796ef5ab7896e,경제전망보고서 2023년 11월,그림,6-1,GDP 대비 가족 관련 정부지출 비중1),단위; 데이터 형태,research/bok-archive/03-경제전망보고서/2023-11-30_경제전망보고서(2023년 11월)/2023년 11월 경제전망보고서(Indigo Book).pdf,105,출처·단위·데이터 형태 등 미확인
BOK-20231130-4a0e2a7937e7-그림-fa9022f9d4958b72,경제전망보고서 2023년 11월,그림,6-2,GDP 대비 육아휴직 관련 정부지출 비중1),단위; 데이터 형태,research/bok-archive/03-경제전망보고서/2023-11-30_경제전망보고서(2023년 11월)/2023년 11월 경제전망보고서(Indigo Book).pdf,105,출처·단위·데이터 형태 등 미확인
BOK-20231130-4a0e2a7937e7-그림-b4a33afe356ea2b1,경제전망보고서 2023년 11월,그림,6-3,OECD 국가의 법정 육아휴직 기간1),단위; 데이터 형태,research/bok-archive/03-경제전망보고서/2023-11-30_경제전망보고서(2023년 11월)/2023년 11월 경제전망보고서(Indigo Book).pdf,106,출처·단위·데이터 형태 등 미확인
BOK-20231130-4a0e2a7937e7-그림-a6762f99555b66b6,경제전망보고서 2023년 11월,그림,6-4,OECD 국가의 유급 육아휴직 사용률1)2),사용 데이터·출처; 단위; 데이터 형태,research/bok-archive/03-경제전망보고서/2023-11-30_경제전망보고서(2023년 11월)/2023년 11월 경제전망보고서(Indigo Book).pdf,106,출처·단위·데이터 형태 등 미확인
BOK-20231130-4a0e2a7937e7-그림-cf73d79a2824ee5a,경제전망보고서 2023년 11월,그림,6-5,남성의 가사·육아 분담률과 출산율,단위; 데이터 형태,research/bok-archive/03-경제전망보고서/2023-11-30_경제전망보고서(2023년 11월)/2023년 11월 경제전망보고서(Indigo Book).pdf,106,출처·단위·데이터 형태 등 미확인
BOK-20231130-4a0e2a7937e7-그림-4477e7e49aab011a,경제전망보고서 2023년 11월,그림,6-6,2021년 출생연도 육아휴직 사용률,사용 데이터·출처; 단위; 데이터 형태; 설명,research/bok-archive/03-경제전망보고서/2023-11-30_경제전망보고서(2023년 11월)/2023년 11월 경제전망보고서(Indigo Book).pdf,106,번호 직결 인용 없음 또는 문장 조각·중복 배정 제외
BOK-20231130-4a0e2a7937e7-그림-c0ed9c9989b21a8c,경제전망보고서 2023년 11월,그림,6-7,OECD 주요국 출산율 추이,단위; 데이터 형태,research/bok-archive/03-경제전망보고서/2023-11-30_경제전망보고서(2023년 11월)/2023년 11월 경제전망보고서(Indigo Book).pdf,108,출처·단위·데이터 형태 등 미확인
BOK-20231130-4a0e2a7937e7-그림-a816132f6b671251,경제전망보고서 2023년 11월,그림,6-8,OECD 주요국 여성고용률 비교,사용 데이터·출처; 단위; 데이터 형태,research/bok-archive/03-경제전망보고서/2023-11-30_경제전망보고서(2023년 11월)/2023년 11월 경제전망보고서(Indigo Book).pdf,108,출처·단위·데이터 형태 등 미확인
BOK-20231130-4a0e2a7937e7-그림-feb8ba7e7200de04,경제전망보고서 2023년 11월,그림,6-9,고령가구의 자산 구성 국가 비교1)2),단위; 데이터 형태; 설명,research/bok-archive/03-경제전망보고서/2023-11-30_경제전망보고서(2023년 11월)/2023년 11월 경제전망보고서(Indigo Book).pdf,110,번호 직결 인용 없음 또는 문장 조각·중복 배정 제외
BOK-20231130-4a0e2a7937e7-그림-94b18de739722ce1,경제전망보고서 2023년 11월,그림,6-10,자산 소득화에 따른 노인빈곤율1),사용 데이터·출처; 단위; 데이터 형태; 설명,research/bok-archive/03-경제전망보고서/2023-11-30_경제전망보고서(2023년 11월)/2023년 11월 경제전망보고서(Indigo Book).pdf,110,번호 직결 인용 없음 또는 문장 조각·중복 배정 제외
BOK-20231130-4a0e2a7937e7-그림-dbb768a2ec6db14c,경제전망보고서 2023년 11월,그림,6-11,고위추계 적용시 잠재성장률 상승폭(주황색),단위; 데이터 형태,research/bok-archive/03-경제전망보고서/2023-11-30_경제전망보고서(2023년 11월)/2023년 11월 경제전망보고서(Indigo Book).pdf,111,출처·단위·데이터 형태 등 미확인
BOK-20231130-4a0e2a7937e7-표-905e00ee4a7e230e,경제전망보고서 2023년 11월,표,1-1,주요 분야별 재정지출1),사용 데이터·출처; 설명,research/bok-archive/03-경제전망보고서/2023-11-30_경제전망보고서(2023년 11월)/2023년 11월 경제전망보고서(Indigo Book).pdf,21,번호 직결 인용 없음 또는 문장 조각·중복 배정 제외
BOK-20231130-4a0e2a7937e7-표-31cc0e1bb54b52fe,경제전망보고서 2023년 11월,표,1-2,노인빈곤 완화를 위한 정책 방향,사용 데이터·출처; 단위; 데이터 형태; 종류; 설명,research/bok-archive/03-경제전망보고서/2023-11-30_경제전망보고서(2023년 11월)/2023년 11월 경제전망보고서(Indigo Book).pdf,73,허용 종류로 판별 불가 또는 표 구조 미확인; 번호 직결 인용 없음 또는 문장 조각·중복 배정 제외
BOK-20231130-4a0e2a7937e7-표-6aa5a93b9c01b5f5,경제전망보고서 2023년 11월,표,2-1,향후 물가경로의 주요 리스크,사용 데이터·출처; 데이터 형태; 종류; 설명,research/bok-archive/03-경제전망보고서/2023-11-30_경제전망보고서(2023년 11월)/2023년 11월 경제전망보고서(Indigo Book).pdf,40,허용 종류로 판별 불가 또는 표 구조 미확인; 번호 직결 인용 없음 또는 문장 조각·중복 배정 제외
BOK-20231130-4a0e2a7937e7-표-2f488072d17d187c,경제전망보고서 2023년 11월,표,2-2,시나리오별 주요 전제,사용 데이터·출처; 단위; 데이터 형태; 종류; 설명,research/bok-archive/03-경제전망보고서/2023-11-30_경제전망보고서(2023년 11월)/2023년 11월 경제전망보고서(Indigo Book).pdf,43,허용 종류로 판별 불가 또는 표 구조 미확인; 번호 직결 인용 없음 또는 문장 조각·중복 배정 제외
BOK-20231130-4a0e2a7937e7-표-5cb1cf8e0c325479,경제전망보고서 2023년 11월,표,3-1,출산율의 분포 생성 과정,사용 데이터·출처; 단위; 데이터 형태; 종류; 설명,research/bok-archive/03-경제전망보고서/2023-11-30_경제전망보고서(2023년 11월)/2023년 11월 경제전망보고서(Indigo Book).pdf,79,허용 종류로 판별 불가 또는 표 구조 미확인; 번호 직결 인용 없음 또는 문장 조각·중복 배정 제외
BOK-20231130-4a0e2a7937e7-표-f08d65815d0dc684,경제전망보고서 2023년 11월,표,3-2,인구 고령화의 소득불평등1) 변동 기여도,사용 데이터·출처; 단위,research/bok-archive/03-경제전망보고서/2023-11-30_경제전망보고서(2023년 11월)/2023년 11월 경제전망보고서(Indigo Book).pdf,82,출처·단위·데이터 형태 등 미확인
BOK-20231130-4a0e2a7937e7-표-72cf30721a933198,경제전망보고서 2023년 11월,표,4-1,분석결과 주요 내용,사용 데이터·출처; 단위; 데이터 형태; 종류; 분석 목적,research/bok-archive/03-경제전망보고서/2023-11-30_경제전망보고서(2023년 11월)/2023년 11월 경제전망보고서(Indigo Book).pdf,83,허용 종류로 판별 불가 또는 표 구조 미확인; 제목·계열·직접 인용의 해석 근거 부족
BOK-20231130-4a0e2a7937e7-표-df02c6e01aa90d32,경제전망보고서 2023년 11월,표,4-2,청년층(15~29세) 주요 고용 지표(%),사용 데이터·출처; 종류,research/bok-archive/03-경제전망보고서/2023-11-30_경제전망보고서(2023년 11월)/2023년 11월 경제전망보고서(Indigo Book).pdf,85,허용 종류로 판별 불가 또는 표 구조 미확인
BOK-20231130-4a0e2a7937e7-표-27d360b400bdfc10,경제전망보고서 2023년 11월,표,4-3,청년층(15~29세) 대졸자의 졸업 관련 지표 및 우리나라 평균 초혼 연령,사용 데이터·출처; 단위; 종류; 설명,research/bok-archive/03-경제전망보고서/2023-11-30_경제전망보고서(2023년 11월)/2023년 11월 경제전망보고서(Indigo Book).pdf,85,허용 종류로 판별 불가 또는 표 구조 미확인; 번호 직결 인용 없음 또는 문장 조각·중복 배정 제외
BOK-20231130-4a0e2a7937e7-표-f043a636b2cf85d1,경제전망보고서 2023년 11월,표,4-4,연령대별 비정규직 비중 및 임시직 비중(%),사용 데이터·출처; 종류,research/bok-archive/03-경제전망보고서/2023-11-30_경제전망보고서(2023년 11월)/2023년 11월 경제전망보고서(Indigo Book).pdf,86,허용 종류로 판별 불가 또는 표 구조 미확인
BOK-20231130-4a0e2a7937e7-표-2e865baec337e908,경제전망보고서 2023년 11월,표,4-5,"정규직-비정규직, 대기업 중소기업 간 격차(임금 근로자 기준)",사용 데이터·출처; 종류; 설명,research/bok-archive/03-경제전망보고서/2023-11-30_경제전망보고서(2023년 11월)/2023년 11월 경제전망보고서(Indigo Book).pdf,86,허용 종류로 판별 불가 또는 표 구조 미확인; 번호 직결 인용 없음 또는 문장 조각·중복 배정 제외
BOK-20231130-4a0e2a7937e7-표-5d1fd94776463dd9,경제전망보고서 2023년 11월,표,4-6,"임금근로자의 일자리 이행률(%, 전연령 기준)",사용 데이터·출처; 설명,research/bok-archive/03-경제전망보고서/2023-11-30_경제전망보고서(2023년 11월)/2023년 11월 경제전망보고서(Indigo Book).pdf,87,번호 직결 인용 없음 또는 문장 조각·중복 배정 제외
BOK-20231130-4a0e2a7937e7-표-0bce0f8a7260bcbb,경제전망보고서 2023년 11월,표,4-7,취업 스트레스 경험 여부(15~29세 구직자 및 실업자 대상 조사),사용 데이터·출처; 종류; 설명,research/bok-archive/03-경제전망보고서/2023-11-30_경제전망보고서(2023년 11월)/2023년 11월 경제전망보고서(Indigo Book).pdf,88,허용 종류로 판별 불가 또는 표 구조 미확인; 번호 직결 인용 없음 또는 문장 조각·중복 배정 제외
BOK-20231130-4a0e2a7937e7-표-3ccf3d2c93eaefbc,경제전망보고서 2023년 11월,표,4-8,경쟁압력 측정 지표1),사용 데이터·출처; 단위; 데이터 형태; 종류; 설명,research/bok-archive/03-경제전망보고서/2023-11-30_경제전망보고서(2023년 11월)/2023년 11월 경제전망보고서(Indigo Book).pdf,90,허용 종류로 판별 불가 또는 표 구조 미확인; 번호 직결 인용 없음 또는 문장 조각·중복 배정 제외
BOK-20231130-4a0e2a7937e7-표-193f8ad0e01c22e0,경제전망보고서 2023년 11월,표,4-9,회귀분석 결과1)2),사용 데이터·출처; 단위; 데이터 형태; 종류; 설명,research/bok-archive/03-경제전망보고서/2023-11-30_경제전망보고서(2023년 11월)/2023년 11월 경제전망보고서(Indigo Book).pdf,90,허용 종류로 판별 불가 또는 표 구조 미확인; 번호 직결 인용 없음 또는 문장 조각·중복 배정 제외
BOK-20231130-4a0e2a7937e7-표-fc229f8f6eae659a,경제전망보고서 2023년 11월,표,4-10,무작위통제실험 설계1)2),사용 데이터·출처; 단위; 데이터 형태; 종류; 설명,research/bok-archive/03-경제전망보고서/2023-11-30_경제전망보고서(2023년 11월)/2023년 11월 경제전망보고서(Indigo Book).pdf,91,허용 종류로 판별 불가 또는 표 구조 미확인; 번호 직결 인용 없음 또는 문장 조각·중복 배정 제외
BOK-20231130-4a0e2a7937e7-표-a5f98c9877d2eb08,경제전망보고서 2023년 11월,표,4-11,그룹별 처치 내용,사용 데이터·출처; 단위; 데이터 형태; 종류; 설명,research/bok-archive/03-경제전망보고서/2023-11-30_경제전망보고서(2023년 11월)/2023년 11월 경제전망보고서(Indigo Book).pdf,92,허용 종류로 판별 불가 또는 표 구조 미확인; 번호 직결 인용 없음 또는 문장 조각·중복 배정 제외
BOK-20231130-4a0e2a7937e7-표-6befa6cbe3cb8666,경제전망보고서 2023년 11월,표,4-12,회귀분석 결과1)2),사용 데이터·출처; 단위; 데이터 형태; 종류; 설명,research/bok-archive/03-경제전망보고서/2023-11-30_경제전망보고서(2023년 11월)/2023년 11월 경제전망보고서(Indigo Book).pdf,93,허용 종류로 판별 불가 또는 표 구조 미확인; 번호 직결 인용 없음 또는 문장 조각·중복 배정 제외
BOK-20231130-4a0e2a7937e7-표-45bc68851544ef6c,경제전망보고서 2023년 11월,표,4-13,회귀분석 결과1)2)3),사용 데이터·출처; 데이터 형태; 종류; 설명,research/bok-archive/03-경제전망보고서/2023-11-30_경제전망보고서(2023년 11월)/2023년 11월 경제전망보고서(Indigo Book).pdf,94,허용 종류로 판별 불가 또는 표 구조 미확인; 번호 직결 인용 없음 또는 문장 조각·중복 배정 제외
BOK-20231130-4a0e2a7937e7-표-bbede077628e3c76,경제전망보고서 2023년 11월,표,4-14,패널모형 분석결과1)2)3)4)5) (종속변수: 시도별 합계출산율),사용 데이터·출처; 단위; 데이터 형태; 종류; 설명,research/bok-archive/03-경제전망보고서/2023-11-30_경제전망보고서(2023년 11월)/2023년 11월 경제전망보고서(Indigo Book).pdf,97,허용 종류로 판별 불가 또는 표 구조 미확인; 번호 직결 인용 없음 또는 문장 조각·중복 배정 제외
BOK-20231130-4a0e2a7937e7-표-669c5715ae2e5dc4,경제전망보고서 2023년 11월,표,5-1,국가별 분석 이용 데이터,사용 데이터·출처; 단위; 데이터 형태; 종류; 설명,research/bok-archive/03-경제전망보고서/2023-11-30_경제전망보고서(2023년 11월)/2023년 11월 경제전망보고서(Indigo Book).pdf,98,허용 종류로 판별 불가 또는 표 구조 미확인; 번호 직결 인용 없음 또는 문장 조각·중복 배정 제외
BOK-20231130-4a0e2a7937e7-표-b70bee2c4924d978,경제전망보고서 2023년 11월,표,5-2,국가 수준 패널 회귀 모형 추정 결과1)2)3),사용 데이터·출처; 단위; 데이터 형태; 종류; 설명,research/bok-archive/03-경제전망보고서/2023-11-30_경제전망보고서(2023년 11월)/2023년 11월 경제전망보고서(Indigo Book).pdf,99,허용 종류로 판별 불가 또는 표 구조 미확인; 번호 직결 인용 없음 또는 문장 조각·중복 배정 제외
BOK-20231130-4a0e2a7937e7-표-41da5e9c12404ac8,경제전망보고서 2023년 11월,표,5-3,정책 시나리오 분석,사용 데이터·출처; 단위; 데이터 형태; 종류,research/bok-archive/03-경제전망보고서/2023-11-30_경제전망보고서(2023년 11월)/2023년 11월 경제전망보고서(Indigo Book).pdf,101,허용 종류로 판별 불가 또는 표 구조 미확인
BOK-20231130-4a0e2a7937e7-표-5a6242a691c879ad,경제전망보고서 2023년 11월,표,6-1,저출산 완화를 위한 정책 제언과 예상 효과1),사용 데이터·출처; 단위; 데이터 형태; 종류; 설명,research/bok-archive/03-경제전망보고서/2023-11-30_경제전망보고서(2023년 11월)/2023년 11월 경제전망보고서(Indigo Book).pdf,103,허용 종류로 판별 불가 또는 표 구조 미확인; 번호 직결 인용 없음 또는 문장 조각·중복 배정 제외
BOK-20231130-4a0e2a7937e7-표-0bca0fef00f121a0,경제전망보고서 2023년 11월,표,6-2,노인 빈곤 완화를 위한 정책 방향,사용 데이터·출처; 단위; 데이터 형태; 종류; 설명,research/bok-archive/03-경제전망보고서/2023-11-30_경제전망보고서(2023년 11월)/2023년 11월 경제전망보고서(Indigo Book).pdf,110,허용 종류로 판별 불가 또는 표 구조 미확인; 번호 직결 인용 없음 또는 문장 조각·중복 배정 제외
BOK-20231130-4a0e2a7937e7-표-a8dc0fa208bd1a34,경제전망보고서 2023년 11월,표,6-3,인구 추계 시나리오별 합계출산율1),단위; 데이터 형태; 종류; 설명,research/bok-archive/03-경제전망보고서/2023-11-30_경제전망보고서(2023년 11월)/2023년 11월 경제전망보고서(Indigo Book).pdf,111,허용 종류로 판별 불가 또는 표 구조 미확인; 번호 직결 인용 없음 또는 문장 조각·중복 배정 제외
BOK-20241128-e4915bc41ec3-그림-879f1db83236c794,경제전망보고서 2024년 11월,그림,1-1,글로벌PMI,단위; 데이터 형태; 설명,research/bok-archive/03-경제전망보고서/2024-11-28_경제전망보고서(2024년 11월)/2024년 11월 경제전망보고서(Indigo Book)_FFFFF.pdf,14,번호 직결 인용 없음 또는 문장 조각·중복 배정 제외
BOK-20241128-e4915bc41ec3-그림-8370aa9c348dd29f,경제전망보고서 2024년 11월,그림,1-2,주요 전망기관의,사용 데이터·출처; 단위; 데이터 형태; 분석 목적; 통계기법·지수; 설명,research/bok-archive/03-경제전망보고서/2024-11-28_경제전망보고서(2024년 11월)/2024년 11월 경제전망보고서(Indigo Book)_FFFFF.pdf,14,제목·계열·직접 인용의 해석 근거 부족; 번호 직결 인용 없음 또는 문장 조각·중복 배정 제외
BOK-20241128-e4915bc41ec3-그림-f726f3b8d4d06dd4,경제전망보고서 2024년 11월,그림,1-3,무역정책 불확실성 지수(TPU),데이터 형태; 설명,research/bok-archive/03-경제전망보고서/2024-11-28_경제전망보고서(2024년 11월)/2024년 11월 경제전망보고서(Indigo Book)_FFFFF.pdf,14,번호 직결 인용 없음 또는 문장 조각·중복 배정 제외
BOK-20241128-e4915bc41ec3-그림-b4e5161666ee7c9c,경제전망보고서 2024년 11월,그림,1-4,미국 GDP 성장률 및 기여도,단위; 데이터 형태; 설명,research/bok-archive/03-경제전망보고서/2024-11-28_경제전망보고서(2024년 11월)/2024년 11월 경제전망보고서(Indigo Book)_FFFFF.pdf,15,번호 직결 인용 없음 또는 문장 조각·중복 배정 제외
BOK-20241128-e4915bc41ec3-그림-64a6233fb5d59a8f,경제전망보고서 2024년 11월,그림,1-5,정책금리 기대수준 1) 변화,사용 데이터·출처; 단위; 데이터 형태; 설명,research/bok-archive/03-경제전망보고서/2024-11-28_경제전망보고서(2024년 11월)/2024년 11월 경제전망보고서(Indigo Book)_FFFFF.pdf,15,번호 직결 인용 없음 또는 문장 조각·중복 배정 제외
BOK-20241128-e4915bc41ec3-그림-dfeaf20cef499a77,경제전망보고서 2024년 11월,그림,1-6,유로지역 및 주요국 GDP 성장률,단위; 데이터 형태; 설명,research/bok-archive/03-경제전망보고서/2024-11-28_경제전망보고서(2024년 11월)/2024년 11월 경제전망보고서(Indigo Book)_FFFFF.pdf,16,번호 직결 인용 없음 또는 문장 조각·중복 배정 제외
BOK-20241128-e4915bc41ec3-그림-0c5426004e7a2d04,경제전망보고서 2024년 11월,그림,1-7,"유로지역 명목임금 상승률, 물가상승률",사용 데이터·출처; 단위; 데이터 형태; 설명,research/bok-archive/03-경제전망보고서/2024-11-28_경제전망보고서(2024년 11월)/2024년 11월 경제전망보고서(Indigo Book)_FFFFF.pdf,16,번호 직결 인용 없음 또는 문장 조각·중복 배정 제외
BOK-20241128-e4915bc41ec3-그림-5f31d177b8f58e0e,경제전망보고서 2024년 11월,그림,1-8,"중국 소매판매, 수출 및 고정자산투자",단위; 데이터 형태; 설명,research/bok-archive/03-경제전망보고서/2024-11-28_경제전망보고서(2024년 11월)/2024년 11월 경제전망보고서(Indigo Book)_FFFFF.pdf,17,번호 직결 인용 없음 또는 문장 조각·중복 배정 제외
BOK-20241128-e4915bc41ec3-그림-79787ef17e4c28fb,경제전망보고서 2024년 11월,그림,1-9,중국 기준금리 및 지급준비율,단위; 데이터 형태; 설명,research/bok-archive/03-경제전망보고서/2024-11-28_경제전망보고서(2024년 11월)/2024년 11월 경제전망보고서(Indigo Book)_FFFFF.pdf,17,번호 직결 인용 없음 또는 문장 조각·중복 배정 제외
BOK-20241128-e4915bc41ec3-그림-bc30d6e1094b30de,경제전망보고서 2024년 11월,그림,1-10,일본 GDP 성장률 및 기여도,단위; 설명,research/bok-archive/03-경제전망보고서/2024-11-28_경제전망보고서(2024년 11월)/2024년 11월 경제전망보고서(Indigo Book)_FFFFF.pdf,18,번호 직결 인용 없음 또는 문장 조각·중복 배정 제외
BOK-20241128-e4915bc41ec3-그림-7a6251221a6eb38f,경제전망보고서 2024년 11월,그림,1-11,"일본 소비, 명목임금, 소비자물가 상승률",사용 데이터·출처; 단위; 설명,research/bok-archive/03-경제전망보고서/2024-11-28_경제전망보고서(2024년 11월)/2024년 11월 경제전망보고서(Indigo Book)_FFFFF.pdf,18,번호 직결 인용 없음 또는 문장 조각·중복 배정 제외
BOK-20241128-e4915bc41ec3-그림-56f2f9434f637fe4,경제전망보고서 2024년 11월,그림,1-12,인도 지출부문별 기여도,데이터 형태; 설명,research/bok-archive/03-경제전망보고서/2024-11-28_경제전망보고서(2024년 11월)/2024년 11월 경제전망보고서(Indigo Book)_FFFFF.pdf,19,번호 직결 인용 없음 또는 문장 조각·중복 배정 제외
BOK-20241128-e4915bc41ec3-그림-cc74632d43b118ac,경제전망보고서 2024년 11월,그림,1-13,아세안4국1) 지출부문별 기여도,단위; 설명,research/bok-archive/03-경제전망보고서/2024-11-28_경제전망보고서(2024년 11월)/2024년 11월 경제전망보고서(Indigo Book)_FFFFF.pdf,19,번호 직결 인용 없음 또는 문장 조각·중복 배정 제외
BOK-20241128-e4915bc41ec3-그림-75c982959b7fa0ad,경제전망보고서 2024년 11월,그림,1-14,아시아 신흥국 소비자물가 상승률,단위; 설명,research/bok-archive/03-경제전망보고서/2024-11-28_경제전망보고서(2024년 11월)/2024년 11월 경제전망보고서(Indigo Book)_FFFFF.pdf,19,번호 직결 인용 없음 또는 문장 조각·중복 배정 제외
BOK-20241128-e4915bc41ec3-그림-2a9d77b5496c39c7,경제전망보고서 2024년 11월,그림,1-15,국제유가,단위; 데이터 형태; 설명,research/bok-archive/03-경제전망보고서/2024-11-28_경제전망보고서(2024년 11월)/2024년 11월 경제전망보고서(Indigo Book)_FFFFF.pdf,20,번호 직결 인용 없음 또는 문장 조각·중복 배정 제외
BOK-20241128-e4915bc41ec3-그림-ffd787c1389e8318,경제전망보고서 2024년 11월,그림,1-16,국가그룹별 원유생산,단위; 데이터 형태; 설명,research/bok-archive/03-경제전망보고서/2024-11-28_경제전망보고서(2024년 11월)/2024년 11월 경제전망보고서(Indigo Book)_FFFFF.pdf,20,번호 직결 인용 없음 또는 문장 조각·중복 배정 제외
BOK-20241128-e4915bc41ec3-그림-2ac691fa8722dd58,경제전망보고서 2024년 11월,그림,1-17,글로벌 원유수요 전망1) 변화,단위; 데이터 형태; 설명,research/bok-archive/03-경제전망보고서/2024-11-28_경제전망보고서(2024년 11월)/2024년 11월 경제전망보고서(Indigo Book)_FFFFF.pdf,20,번호 직결 인용 없음 또는 문장 조각·중복 배정 제외
BOK-20241128-e4915bc41ec3-그림-84949d53f971b3e7,경제전망보고서 2024년 11월,그림,1-18,통합재정지출1) 전망,설명,research/bok-archive/03-경제전망보고서/2024-11-28_경제전망보고서(2024년 11월)/2024년 11월 경제전망보고서(Indigo Book)_FFFFF.pdf,21,번호 직결 인용 없음 또는 문장 조각·중복 배정 제외
BOK-20241128-e4915bc41ec3-그림-1a9354e97fb30c1d,경제전망보고서 2024년 11월,그림,1-19,관리재정수지1) 전망,사용 데이터·출처; 데이터 형태; 설명,research/bok-archive/03-경제전망보고서/2024-11-28_경제전망보고서(2024년 11월)/2024년 11월 경제전망보고서(Indigo Book)_FFFFF.pdf,21,번호 직결 인용 없음 또는 문장 조각·중복 배정 제외
BOK-20241128-e4915bc41ec3-그림-ae856849a5c66c7e,경제전망보고서 2024년 11월,그림,1-20,아파트 매매가격지수1),단위; 데이터 형태; 설명,research/bok-archive/03-경제전망보고서/2024-11-28_경제전망보고서(2024년 11월)/2024년 11월 경제전망보고서(Indigo Book)_FFFFF.pdf,22,번호 직결 인용 없음 또는 문장 조각·중복 배정 제외
BOK-20241128-e4915bc41ec3-그림-9fde46de2f17a15f,경제전망보고서 2024년 11월,그림,1-21,아파트 전세가격지수 및 전세수급지수,단위; 데이터 형태; 설명,research/bok-archive/03-경제전망보고서/2024-11-28_경제전망보고서(2024년 11월)/2024년 11월 경제전망보고서(Indigo Book)_FFFFF.pdf,22,번호 직결 인용 없음 또는 문장 조각·중복 배정 제외
BOK-20241128-e4915bc41ec3-그림-3edd55051744d771,경제전망보고서 2024년 11월,그림,1-22,은행 대출태도지수1) 및 아파트 매물2) 현황,단위; 데이터 형태; 설명,research/bok-archive/03-경제전망보고서/2024-11-28_경제전망보고서(2024년 11월)/2024년 11월 경제전망보고서(Indigo Book)_FFFFF.pdf,23,번호 직결 인용 없음 또는 문장 조각·중복 배정 제외
BOK-20241128-e4915bc41ec3-그림-ada07312fbd8b71b,경제전망보고서 2024년 11월,그림,1-23,주택가격전망CSI1) 및 가계대출금리2),사용 데이터·출처; 단위; 데이터 형태; 통계기법·지수; 설명,research/bok-archive/03-경제전망보고서/2024-11-28_경제전망보고서(2024년 11월)/2024년 11월 경제전망보고서(Indigo Book)_FFFFF.pdf,23,번호 직결 인용 없음 또는 문장 조각·중복 배정 제외
BOK-20241128-e4915bc41ec3-그림-63467f8f0bc3792c,경제전망보고서 2024년 11월,그림,1-24,1인당 명목임금 상승률,단위; 데이터 형태; 설명,research/bok-archive/03-경제전망보고서/2024-11-28_경제전망보고서(2024년 11월)/2024년 11월 경제전망보고서(Indigo Book)_FFFFF.pdf,24,번호 직결 인용 없음 또는 문장 조각·중복 배정 제외
BOK-20241128-e4915bc41ec3-그림-8d904e253d943959,경제전망보고서 2024년 11월,그림,1-25,상용직 정액급여 상승률,사용 데이터·출처; 단위; 데이터 형태; 설명,research/bok-archive/03-경제전망보고서/2024-11-28_경제전망보고서(2024년 11월)/2024년 11월 경제전망보고서(Indigo Book)_FFFFF.pdf,24,번호 직결 인용 없음 또는 문장 조각·중복 배정 제외
BOK-20241128-e4915bc41ec3-그림-220b716027303a25,경제전망보고서 2024년 11월,그림,1-26,국고채 및 미 국채 금리,데이터 형태; 설명,research/bok-archive/03-경제전망보고서/2024-11-28_경제전망보고서(2024년 11월)/2024년 11월 경제전망보고서(Indigo Book)_FFFFF.pdf,25,번호 직결 인용 없음 또는 문장 조각·중복 배정 제외
BOK-20241128-e4915bc41ec3-그림-2f3bb94cc4479c20,경제전망보고서 2024년 11월,그림,1-27,한국 및 미국 주가,사용 데이터·출처; 데이터 형태; 설명,research/bok-archive/03-경제전망보고서/2024-11-28_경제전망보고서(2024년 11월)/2024년 11월 경제전망보고서(Indigo Book)_FFFFF.pdf,25,번호 직결 인용 없음 또는 문장 조각·중복 배정 제외
BOK-20241128-e4915bc41ec3-그림-21d0232ab6b9591f,경제전망보고서 2024년 11월,그림,1-28,원/달러환율및미달러화지수,데이터 형태; 설명,research/bok-archive/03-경제전망보고서/2024-11-28_경제전망보고서(2024년 11월)/2024년 11월 경제전망보고서(Indigo Book)_FFFFF.pdf,25,번호 직결 인용 없음 또는 문장 조각·중복 배정 제외
BOK-20241128-e4915bc41ec3-그림-576b889d92db0ccd,경제전망보고서 2024년 11월,그림,1-29,가계대출1)2) 증감,단위; 데이터 형태; 통계기법·지수; 설명,research/bok-archive/03-경제전망보고서/2024-11-28_경제전망보고서(2024년 11월)/2024년 11월 경제전망보고서(Indigo Book)_FFFFF.pdf,26,번호 직결 인용 없음 또는 문장 조각·중복 배정 제외
BOK-20241128-e4915bc41ec3-그림-94174e1123457cff,경제전망보고서 2024년 11월,그림,1-30,은행1) 기업대출 증감,단위; 데이터 형태; 통계기법·지수; 설명,research/bok-archive/03-경제전망보고서/2024-11-28_경제전망보고서(2024년 11월)/2024년 11월 경제전망보고서(Indigo Book)_FFFFF.pdf,26,번호 직결 인용 없음 또는 문장 조각·중복 배정 제외
BOK-20241128-e4915bc41ec3-그림-f8bbedc6cbf5593b,경제전망보고서 2024년 11월,그림,1-31,기업 직접금융 조달,사용 데이터·출처; 단위; 데이터 형태; 설명,research/bok-archive/03-경제전망보고서/2024-11-28_경제전망보고서(2024년 11월)/2024년 11월 경제전망보고서(Indigo Book)_FFFFF.pdf,26,번호 직결 인용 없음 또는 문장 조각·중복 배정 제외
BOK-20241128-e4915bc41ec3-그림-1f1189083da0a749,경제전망보고서 2024년 11월,그림,2-1,지출 부문별 기여도,단위; 데이터 형태; 설명,research/bok-archive/03-경제전망보고서/2024-11-28_경제전망보고서(2024년 11월)/2024년 11월 경제전망보고서(Indigo Book)_FFFFF.pdf,30,번호 직결 인용 없음 또는 문장 조각·중복 배정 제외
BOK-20241128-e4915bc41ec3-그림-671d9fea5ccfcb31,경제전망보고서 2024년 11월,그림,2-2,내수·수출 순성장기여도1),단위; 데이터 형태; 설명,research/bok-archive/03-경제전망보고서/2024-11-28_경제전망보고서(2024년 11월)/2024년 11월 경제전망보고서(Indigo Book)_FFFFF.pdf,30,번호 직결 인용 없음 또는 문장 조각·중복 배정 제외
BOK-20241128-e4915bc41ec3-그림-3ec8455c38b35ede,경제전망보고서 2024년 11월,그림,2-3,가계 실질노동소득1),데이터 형태; 설명,research/bok-archive/03-경제전망보고서/2024-11-28_경제전망보고서(2024년 11월)/2024년 11월 경제전망보고서(Indigo Book)_FFFFF.pdf,30,번호 직결 인용 없음 또는 문장 조각·중복 배정 제외
BOK-20241128-e4915bc41ec3-그림-6270dc748ec6c540,경제전망보고서 2024년 11월,그림,2-4,가계부채1) 및 금리2),사용 데이터·출처; 데이터 형태; 통계기법·지수; 설명,research/bok-archive/03-경제전망보고서/2024-11-28_경제전망보고서(2024년 11월)/2024년 11월 경제전망보고서(Indigo Book)_FFFFF.pdf,30,번호 직결 인용 없음 또는 문장 조각·중복 배정 제외
BOK-20241128-e4915bc41ec3-그림-fef6a4015ce8885e,경제전망보고서 2024년 11월,그림,2-5,GDP 건설투자,데이터 형태; 설명,research/bok-archive/03-경제전망보고서/2024-11-28_경제전망보고서(2024년 11월)/2024년 11월 경제전망보고서(Indigo Book)_FFFFF.pdf,31,번호 직결 인용 없음 또는 문장 조각·중복 배정 제외
BOK-20241128-e4915bc41ec3-그림-bcdc4872f55d22b6,경제전망보고서 2024년 11월,그림,2-6,건축수주·착공1),데이터 형태; 설명,research/bok-archive/03-경제전망보고서/2024-11-28_경제전망보고서(2024년 11월)/2024년 11월 경제전망보고서(Indigo Book)_FFFFF.pdf,31,번호 직결 인용 없음 또는 문장 조각·중복 배정 제외
BOK-20241128-e4915bc41ec3-그림-9305bf72de41d8aa,경제전망보고서 2024년 11월,그림,2-7,GDP 설비투자,데이터 형태; 설명,research/bok-archive/03-경제전망보고서/2024-11-28_경제전망보고서(2024년 11월)/2024년 11월 경제전망보고서(Indigo Book)_FFFFF.pdf,32,번호 직결 인용 없음 또는 문장 조각·중복 배정 제외
BOK-20241128-e4915bc41ec3-그림-274c65b6479925c1,경제전망보고서 2024년 11월,그림,2-8,IT 및 비IT 제조업 생산지수,데이터 형태; 설명,research/bok-archive/03-경제전망보고서/2024-11-28_경제전망보고서(2024년 11월)/2024년 11월 경제전망보고서(Indigo Book)_FFFFF.pdf,32,번호 직결 인용 없음 또는 문장 조각·중복 배정 제외
BOK-20241128-e4915bc41ec3-그림-b86531f6ad8f9eb6,경제전망보고서 2024년 11월,그림,2-9,GDP 지식재산생산물투자,데이터 형태; 설명,research/bok-archive/03-경제전망보고서/2024-11-28_경제전망보고서(2024년 11월)/2024년 11월 경제전망보고서(Indigo Book)_FFFFF.pdf,32,번호 직결 인용 없음 또는 문장 조각·중복 배정 제외
BOK-20241128-e4915bc41ec3-그림-a25eacbf2f98f2ae,경제전망보고서 2024년 11월,그림,2-10,정부 연구개발 예산1),단위; 데이터 형태; 설명,research/bok-archive/03-경제전망보고서/2024-11-28_경제전망보고서(2024년 11월)/2024년 11월 경제전망보고서(Indigo Book)_FFFFF.pdf,32,번호 직결 인용 없음 또는 문장 조각·중복 배정 제외
BOK-20241128-e4915bc41ec3-그림-edc8a5f6ad7a6e5a,경제전망보고서 2024년 11월,그림,2-11,재화수출1),단위; 데이터 형태; 설명,research/bok-archive/03-경제전망보고서/2024-11-28_경제전망보고서(2024년 11월)/2024년 11월 경제전망보고서(Indigo Book)_FFFFF.pdf,33,번호 직결 인용 없음 또는 문장 조각·중복 배정 제외
BOK-20241128-e4915bc41ec3-그림-e73ea100279d0dca,경제전망보고서 2024년 11월,그림,2-12,반도체 제품별수요비중1),단위; 데이터 형태; 설명,research/bok-archive/03-경제전망보고서/2024-11-28_경제전망보고서(2024년 11월)/2024년 11월 경제전망보고서(Indigo Book)_FFFFF.pdf,33,번호 직결 인용 없음 또는 문장 조각·중복 배정 제외
BOK-20241128-e4915bc41ec3-그림-b41871995faacc64,경제전망보고서 2024년 11월,그림,2-13,통관수출 품목별 기여도,데이터 형태; 설명,research/bok-archive/03-경제전망보고서/2024-11-28_경제전망보고서(2024년 11월)/2024년 11월 경제전망보고서(Indigo Book)_FFFFF.pdf,34,번호 직결 인용 없음 또는 문장 조각·중복 배정 제외
BOK-20241128-e4915bc41ec3-그림-6b973a420a6211d4,경제전망보고서 2024년 11월,그림,2-14,통관수입 품목별 기여도,사용 데이터·출처; 데이터 형태; 설명,research/bok-archive/03-경제전망보고서/2024-11-28_경제전망보고서(2024년 11월)/2024년 11월 경제전망보고서(Indigo Book)_FFFFF.pdf,34,번호 직결 인용 없음 또는 문장 조각·중복 배정 제외
BOK-20241128-e4915bc41ec3-그림-1da53612c381cef6,경제전망보고서 2024년 11월,그림,2-15,경상수지,단위; 설명,research/bok-archive/03-경제전망보고서/2024-11-28_경제전망보고서(2024년 11월)/2024년 11월 경제전망보고서(Indigo Book)_FFFFF.pdf,36,번호 직결 인용 없음 또는 문장 조각·중복 배정 제외
BOK-20241128-e4915bc41ec3-그림-98935ef725e84f3a,경제전망보고서 2024년 11월,그림,2-16,경상수지 전망경로1)2),사용 데이터·출처; 데이터 형태; 설명,research/bok-archive/03-경제전망보고서/2024-11-28_경제전망보고서(2024년 11월)/2024년 11월 경제전망보고서(Indigo Book)_FFFFF.pdf,36,번호 직결 인용 없음 또는 문장 조각·중복 배정 제외
BOK-20241128-e4915bc41ec3-그림-d62aa5673e588a3e,경제전망보고서 2024년 11월,그림,2-17,소비자물가 및 근원물가,단위; 데이터 형태; 설명,research/bok-archive/03-경제전망보고서/2024-11-28_경제전망보고서(2024년 11월)/2024년 11월 경제전망보고서(Indigo Book)_FFFFF.pdf,37,번호 직결 인용 없음 또는 문장 조각·중복 배정 제외
BOK-20241128-e4915bc41ec3-그림-cbfa6b35773f06fd,경제전망보고서 2024년 11월,그림,2-18,월별 상승률 차이 분해1),단위; 데이터 형태; 설명,research/bok-archive/03-경제전망보고서/2024-11-28_경제전망보고서(2024년 11월)/2024년 11월 경제전망보고서(Indigo Book)_FFFFF.pdf,37,번호 직결 인용 없음 또는 문장 조각·중복 배정 제외
BOK-20241128-e4915bc41ec3-그림-05867f5c19ea8659,경제전망보고서 2024년 11월,그림,2-19,소비자물가 상승률 및 기여도,단위; 데이터 형태; 설명,research/bok-archive/03-경제전망보고서/2024-11-28_경제전망보고서(2024년 11월)/2024년 11월 경제전망보고서(Indigo Book)_FFFFF.pdf,38,번호 직결 인용 없음 또는 문장 조각·중복 배정 제외
BOK-20241128-e4915bc41ec3-그림-e428f5a1200c050d,경제전망보고서 2024년 11월,그림,2-20,근원물가 상승률 및 기여도,단위; 데이터 형태; 설명,research/bok-archive/03-경제전망보고서/2024-11-28_경제전망보고서(2024년 11월)/2024년 11월 경제전망보고서(Indigo Book)_FFFFF.pdf,38,번호 직결 인용 없음 또는 문장 조각·중복 배정 제외
BOK-20241128-e4915bc41ec3-그림-ffaaf898f93d4ccc,경제전망보고서 2024년 11월,그림,2-21,소비자물가 상승률 전망,단위; 데이터 형태; 설명,research/bok-archive/03-경제전망보고서/2024-11-28_경제전망보고서(2024년 11월)/2024년 11월 경제전망보고서(Indigo Book)_FFFFF.pdf,38,번호 직결 인용 없음 또는 문장 조각·중복 배정 제외
BOK-20241128-e4915bc41ec3-그림-388b9e9f6fd2dced,경제전망보고서 2024년 11월,그림,2-22,근원물가 상승률 전망,사용 데이터·출처; 단위; 데이터 형태; 설명,research/bok-archive/03-경제전망보고서/2024-11-28_경제전망보고서(2024년 11월)/2024년 11월 경제전망보고서(Indigo Book)_FFFFF.pdf,38,번호 직결 인용 없음 또는 문장 조각·중복 배정 제외
BOK-20241128-e4915bc41ec3-그림-eae0fee9812252cc,경제전망보고서 2024년 11월,그림,2-23,휘발유 및 경유 가격,단위; 통계기법·지수; 설명,research/bok-archive/03-경제전망보고서/2024-11-28_경제전망보고서(2024년 11월)/2024년 11월 경제전망보고서(Indigo Book)_FFFFF.pdf,39,번호 직결 인용 없음 또는 문장 조각·중복 배정 제외
BOK-20241128-e4915bc41ec3-그림-3866c40f34567a8d,경제전망보고서 2024년 11월,그림,2-24,농산물가격,통계기법·지수; 설명,research/bok-archive/03-경제전망보고서/2024-11-28_경제전망보고서(2024년 11월)/2024년 11월 경제전망보고서(Indigo Book)_FFFFF.pdf,39,번호 직결 인용 없음 또는 문장 조각·중복 배정 제외
BOK-20241128-e4915bc41ec3-그림-eee38eb931ad68dd,경제전망보고서 2024년 11월,그림,2-25,국제유가1)2),사용 데이터·출처; 데이터 형태; 설명,research/bok-archive/03-경제전망보고서/2024-11-28_경제전망보고서(2024년 11월)/2024년 11월 경제전망보고서(Indigo Book)_FFFFF.pdf,39,번호 직결 인용 없음 또는 문장 조각·중복 배정 제외
BOK-20241128-e4915bc41ec3-그림-4089fec698944c0b,경제전망보고서 2024년 11월,그림,2-26,취업자수 증감,단위; 데이터 형태; 설명,research/bok-archive/03-경제전망보고서/2024-11-28_경제전망보고서(2024년 11월)/2024년 11월 경제전망보고서(Indigo Book)_FFFFF.pdf,40,번호 직결 인용 없음 또는 문장 조각·중복 배정 제외
BOK-20241128-e4915bc41ec3-그림-a5ff0267965905ee,경제전망보고서 2024년 11월,그림,2-27,실업률 및 고용률,단위; 데이터 형태; 설명,research/bok-archive/03-경제전망보고서/2024-11-28_경제전망보고서(2024년 11월)/2024년 11월 경제전망보고서(Indigo Book)_FFFFF.pdf,40,번호 직결 인용 없음 또는 문장 조각·중복 배정 제외
BOK-20241128-e4915bc41ec3-그림-aa0aea978ab0a85b,경제전망보고서 2024년 11월,그림,2-28,성·연령별 취업자수 증감1),단위; 데이터 형태; 설명,research/bok-archive/03-경제전망보고서/2024-11-28_경제전망보고서(2024년 11월)/2024년 11월 경제전망보고서(Indigo Book)_FFFFF.pdf,40,번호 직결 인용 없음 또는 문장 조각·중복 배정 제외
BOK-20241128-e4915bc41ec3-그림-c89bf75ee586b6e5,경제전망보고서 2024년 11월,그림,2-29,산업별 취업자수 경로,단위; 데이터 형태; 설명,research/bok-archive/03-경제전망보고서/2024-11-28_경제전망보고서(2024년 11월)/2024년 11월 경제전망보고서(Indigo Book)_FFFFF.pdf,40,번호 직결 인용 없음 또는 문장 조각·중복 배정 제외
BOK-20241128-e4915bc41ec3-그림-b7169e7497cc3f0c,경제전망보고서 2024년 11월,그림,2-30,산업별 빈일자리율,단위; 데이터 형태; 설명,research/bok-archive/03-경제전망보고서/2024-11-28_경제전망보고서(2024년 11월)/2024년 11월 경제전망보고서(Indigo Book)_FFFFF.pdf,41,번호 직결 인용 없음 또는 문장 조각·중복 배정 제외
BOK-20241128-e4915bc41ec3-그림-4a91b93962fa2137,경제전망보고서 2024년 11월,그림,2-31,노동시장 긴장도1),단위; 데이터 형태; 설명,research/bok-archive/03-경제전망보고서/2024-11-28_경제전망보고서(2024년 11월)/2024년 11월 경제전망보고서(Indigo Book)_FFFFF.pdf,41,번호 직결 인용 없음 또는 문장 조각·중복 배정 제외
BOK-20241128-e4915bc41ec3-그림-6ecb4bc523ba772f,경제전망보고서 2024년 11월,그림,2-32,고용의 질 추이1),단위; 설명,research/bok-archive/03-경제전망보고서/2024-11-28_경제전망보고서(2024년 11월)/2024년 11월 경제전망보고서(Indigo Book)_FFFFF.pdf,42,번호 직결 인용 없음 또는 문장 조각·중복 배정 제외
BOK-20241128-e4915bc41ec3-그림-3ba465c6bb4cd659,경제전망보고서 2024년 11월,그림,2-33,연령대별 “쉬었음” 인구 비중1),설명,research/bok-archive/03-경제전망보고서/2024-11-28_경제전망보고서(2024년 11월)/2024년 11월 경제전망보고서(Indigo Book)_FFFFF.pdf,42,번호 직결 인용 없음 또는 문장 조각·중복 배정 제외
BOK-20241128-e4915bc41ec3-그림-9a9250f69b0b30b3,경제전망보고서 2024년 11월,그림,3-1,주요기관의 국내성장률 전망 분포1),사용 데이터·출처; 단위; 데이터 형태; 종류; 설명,research/bok-archive/03-경제전망보고서/2024-11-28_경제전망보고서(2024년 11월)/2024년 11월 경제전망보고서(Indigo Book)_FFFFF.pdf,45,허용 종류로 판별 불가 또는 표 구조 미확인; 번호 직결 인용 없음 또는 문장 조각·중복 배정 제외
BOK-20241128-e4915bc41ec3-그림-f4a946f28349fb41,경제전망보고서 2024년 11월,그림,3-2,지정학적 리스크 지수,단위; 데이터 형태; 설명,research/bok-archive/03-경제전망보고서/2024-11-28_경제전망보고서(2024년 11월)/2024년 11월 경제전망보고서(Indigo Book)_FFFFF.pdf,47,번호 직결 인용 없음 또는 문장 조각·중복 배정 제외
BOK-20241128-e4915bc41ec3-그림-83390263bad589de,경제전망보고서 2024년 11월,그림,3-3,천연가스 가격 및 해상운임 추이,데이터 형태; 통계기법·지수; 설명,research/bok-archive/03-경제전망보고서/2024-11-28_경제전망보고서(2024년 11월)/2024년 11월 경제전망보고서(Indigo Book)_FFFFF.pdf,47,번호 직결 인용 없음 또는 문장 조각·중복 배정 제외
BOK-20241128-e4915bc41ec3-그림-3124b9340af12780,경제전망보고서 2024년 11월,그림,3-4,무역정책 불확실성 지수,사용 데이터·출처; 데이터 형태; 설명,research/bok-archive/03-경제전망보고서/2024-11-28_경제전망보고서(2024년 11월)/2024년 11월 경제전망보고서(Indigo Book)_FFFFF.pdf,48,번호 직결 인용 없음 또는 문장 조각·중복 배정 제외
BOK-20241128-e4915bc41ec3-그림-e11b28a3b679de25,경제전망보고서 2024년 11월,그림,3-5,우리나라 기후테크 특허의 건당 학술문헌 인용건수1),사용 데이터·출처; 단위; 데이터 형태,research/bok-archive/03-경제전망보고서/2024-11-28_경제전망보고서(2024년 11월)/2024년 11월 경제전망보고서(Indigo Book)_FFFFF.pdf,95,출처·단위·데이터 형태 등 미확인
BOK-20241128-e4915bc41ec3-그림-3fc14bc369ea3174,경제전망보고서 2024년 11월,그림,3-6,정부의 전체 R&D지출 중 저탄소에너지기술1)에 대한 비중,사용 데이터·출처; 데이터 형태; 설명,research/bok-archive/03-경제전망보고서/2024-11-28_경제전망보고서(2024년 11월)/2024년 11월 경제전망보고서(Indigo Book)_FFFFF.pdf,95,번호 직결 인용 없음 또는 문장 조각·중복 배정 제외
BOK-20241128-e4915bc41ec3-그림-414d31dbc1765acc,경제전망보고서 2024년 11월,그림,3-7,국가별 유효탄소가격(2023년 기준),사용 데이터·출처,research/bok-archive/03-경제전망보고서/2024-11-28_경제전망보고서(2024년 11월)/2024년 11월 경제전망보고서(Indigo Book)_FFFFF.pdf,96,출처·단위·데이터 형태 등 미확인
BOK-20241128-e4915bc41ec3-그림-d21c4225af5ff540,경제전망보고서 2024년 11월,그림,3-8,탄소배출권 무상할당 비중(2021년 기준),사용 데이터·출처; 데이터 형태,research/bok-archive/03-경제전망보고서/2024-11-28_경제전망보고서(2024년 11월)/2024년 11월 경제전망보고서(Indigo Book)_FFFFF.pdf,96,출처·단위·데이터 형태 등 미확인
BOK-20241128-e4915bc41ec3-그림-4491a3e1ce31a53c,경제전망보고서 2024년 11월,그림,3-9,글로벌 녹색채권 발행규모,단위; 데이터 형태; 설명,research/bok-archive/03-경제전망보고서/2024-11-28_경제전망보고서(2024년 11월)/2024년 11월 경제전망보고서(Indigo Book)_FFFFF.pdf,97,번호 직결 인용 없음 또는 문장 조각·중복 배정 제외
BOK-20241128-e4915bc41ec3-그림-e6040fa3e69e6581,경제전망보고서 2024년 11월,그림,3-10,글로벌 기후테크 벤처캐피탈 투자규모,단위; 데이터 형태; 설명,research/bok-archive/03-경제전망보고서/2024-11-28_경제전망보고서(2024년 11월)/2024년 11월 경제전망보고서(Indigo Book)_FFFFF.pdf,97,번호 직결 인용 없음 또는 문장 조각·중복 배정 제외
BOK-20241128-e4915bc41ec3-그림-12fa35cab5c9dda3,경제전망보고서 2024년 11월,그림,3-11,2016∼23년 글로벌 기후테크1),단위; 데이터 형태,research/bok-archive/03-경제전망보고서/2024-11-28_경제전망보고서(2024년 11월)/2024년 11월 경제전망보고서(Indigo Book)_FFFFF.pdf,98,출처·단위·데이터 형태 등 미확인
BOK-20241128-e4915bc41ec3-그림-275c3999bfe16d24,경제전망보고서 2024년 11월,그림,3-12,2016∼23년 에너지 신생벤처기업의,사용 데이터·출처; 데이터 형태; 통계기법·지수,research/bok-archive/03-경제전망보고서/2024-11-28_경제전망보고서(2024년 11월)/2024년 11월 경제전망보고서(Indigo Book)_FFFFF.pdf,98,출처·단위·데이터 형태 등 미확인
BOK-20241128-e4915bc41ec3-그림-69a6eaaf60f6b34f,경제전망보고서 2024년 11월,그림,4-1,기후테크 혁신정책 간의 상호보완성,사용 데이터·출처; 단위; 데이터 형태; 통계기법·지수,research/bok-archive/03-경제전망보고서/2024-11-28_경제전망보고서(2024년 11월)/2024년 11월 경제전망보고서(Indigo Book)_FFFFF.pdf,100,출처·단위·데이터 형태 등 미확인
BOK-20241128-e4915bc41ec3-그림-1fc3af4e415270fb,경제전망보고서 2024년 11월,그림,4-2,국가별 피인용건수 가중 특허출원건수,단위; 데이터 형태,research/bok-archive/03-경제전망보고서/2024-11-28_경제전망보고서(2024년 11월)/2024년 11월 경제전망보고서(Indigo Book)_FFFFF.pdf,101,출처·단위·데이터 형태 등 미확인
BOK-20241128-e4915bc41ec3-그림-ec415fd219d94f37,경제전망보고서 2024년 11월,그림,4-3,피인용건수 가중 특허출원건수에,사용 데이터·출처; 단위; 데이터 형태,research/bok-archive/03-경제전망보고서/2024-11-28_경제전망보고서(2024년 11월)/2024년 11월 경제전망보고서(Indigo Book)_FFFFF.pdf,101,출처·단위·데이터 형태 등 미확인
BOK-20241128-e4915bc41ec3-그림-910c8c6c21d6935c,경제전망보고서 2024년 11월,그림,4-4,기후테크 혁신정책과 피인용건수 가중 특허출원건수(인구 1인당)1) 간 관계,사용 데이터·출처; 단위; 설명,research/bok-archive/03-경제전망보고서/2024-11-28_경제전망보고서(2024년 11월)/2024년 11월 경제전망보고서(Indigo Book)_FFFFF.pdf,102,번호 직결 인용 없음 또는 문장 조각·중복 배정 제외
BOK-20241128-e4915bc41ec3-표-caa08b9080ba6cda,경제전망보고서 2024년 11월,표,1-1,주요 분야별 재정지출1),사용 데이터·출처; 설명,research/bok-archive/03-경제전망보고서/2024-11-28_경제전망보고서(2024년 11월)/2024년 11월 경제전망보고서(Indigo Book)_FFFFF.pdf,21,번호 직결 인용 없음 또는 문장 조각·중복 배정 제외
BOK-20241128-e4915bc41ec3-표-87903c9b79bb06c9,경제전망보고서 2024년 11월,표,1-2,EU 탄소국경조정제도의 주요 내용,사용 데이터·출처; 단위; 데이터 형태; 종류; 통계기법·지수,research/bok-archive/03-경제전망보고서/2024-11-28_경제전망보고서(2024년 11월)/2024년 11월 경제전망보고서(Indigo Book)_FFFFF.pdf,81,허용 종류로 판별 불가 또는 표 구조 미확인
BOK-20241128-e4915bc41ec3-표-a95dd1931ba760b8,경제전망보고서 2024년 11월,표,2-1,기후테크의 분류,사용 데이터·출처; 데이터 형태; 종류; 통계기법·지수; 설명,research/bok-archive/03-경제전망보고서/2024-11-28_경제전망보고서(2024년 11월)/2024년 11월 경제전망보고서(Indigo Book)_FFFFF.pdf,84,허용 종류로 판별 불가 또는 표 구조 미확인; 번호 직결 인용 없음 또는 문장 조각·중복 배정 제외
BOK-20241128-e4915bc41ec3-표-59d16e52d49ad34b,경제전망보고서 2024년 11월,표,2-2,2011∼21년 우리나라 기후테크 특허출원건수,데이터 형태; 종류,research/bok-archive/03-경제전망보고서/2024-11-28_경제전망보고서(2024년 11월)/2024년 11월 경제전망보고서(Indigo Book)_FFFFF.pdf,87,허용 종류로 판별 불가 또는 표 구조 미확인
BOK-20241128-e4915bc41ec3-표-17f4f0ea631482c1,경제전망보고서 2024년 11월,표,2-3,주요 기후테크 분야 최고 기술보유국과의 기술격차(2022년 기준),사용 데이터·출처; 단위; 데이터 형태; 종류; 설명,research/bok-archive/03-경제전망보고서/2024-11-28_경제전망보고서(2024년 11월)/2024년 11월 경제전망보고서(Indigo Book)_FFFFF.pdf,92,허용 종류로 판별 불가 또는 표 구조 미확인; 번호 직결 인용 없음 또는 문장 조각·중복 배정 제외
BOK-20241128-e4915bc41ec3-표-a7fd0d7aec6320c0,경제전망보고서 2024년 11월,표,3-1,시나리오별 성장·물가 전망,사용 데이터·출처; 데이터 형태; 종류; 설명,research/bok-archive/03-경제전망보고서/2024-11-28_경제전망보고서(2024년 11월)/2024년 11월 경제전망보고서(Indigo Book)_FFFFF.pdf,46,허용 종류로 판별 불가 또는 표 구조 미확인; 번호 직결 인용 없음 또는 문장 조각·중복 배정 제외
BOK-20241128-e4915bc41ec3-표-e544c90421681733,경제전망보고서 2024년 11월,표,3-2,시나리오 1 주요 전제,단위; 데이터 형태; 종류; 설명,research/bok-archive/03-경제전망보고서/2024-11-28_경제전망보고서(2024년 11월)/2024년 11월 경제전망보고서(Indigo Book)_FFFFF.pdf,47,허용 종류로 판별 불가 또는 표 구조 미확인; 번호 직결 인용 없음 또는 문장 조각·중복 배정 제외
BOK-20241128-e4915bc41ec3-표-954ab88b2e0a0a80,경제전망보고서 2024년 11월,표,3-3,기본 및 시나리오 2 관세정책 가정1),단위; 데이터 형태; 종류; 설명,research/bok-archive/03-경제전망보고서/2024-11-28_경제전망보고서(2024년 11월)/2024년 11월 경제전망보고서(Indigo Book)_FFFFF.pdf,48,허용 종류로 판별 불가 또는 표 구조 미확인; 번호 직결 인용 없음 또는 문장 조각·중복 배정 제외
BOK-20241128-e4915bc41ec3-표-2430a1b7669a5cd6,경제전망보고서 2024년 11월,표,3-4,시나리오 2 주요 전제,사용 데이터·출처; 단위; 데이터 형태; 종류,research/bok-archive/03-경제전망보고서/2024-11-28_경제전망보고서(2024년 11월)/2024년 11월 경제전망보고서(Indigo Book)_FFFFF.pdf,48,허용 종류로 판별 불가 또는 표 구조 미확인
BOK-20240222-9ce98d16ec74-그림-d11388c690ad9450,경제전망보고서 2024년 2월,그림,1-1,글로벌 PMI,단위; 데이터 형태; 설명,research/bok-archive/03-경제전망보고서/2024-02-22_경제전망보고서(2024년 2월)/2024년 2월 경제전망보고서(Indigo Book).pdf,11,번호 직결 인용 없음 또는 문장 조각·중복 배정 제외
BOK-20240222-9ce98d16ec74-그림-59ee6550a2b03801,경제전망보고서 2024년 2월,그림,1-2,세계 상품교역량,단위; 데이터 형태; 설명,research/bok-archive/03-경제전망보고서/2024-02-22_경제전망보고서(2024년 2월)/2024년 2월 경제전망보고서(Indigo Book).pdf,11,번호 직결 인용 없음 또는 문장 조각·중복 배정 제외
BOK-20240222-9ce98d16ec74-그림-912b25b5e3dab419,경제전망보고서 2024년 2월,그림,1-3,미국 GDP 성장률 및 기여도,단위; 데이터 형태; 설명,research/bok-archive/03-경제전망보고서/2024-02-22_경제전망보고서(2024년 2월)/2024년 2월 경제전망보고서(Indigo Book).pdf,12,번호 직결 인용 없음 또는 문장 조각·중복 배정 제외
BOK-20240222-9ce98d16ec74-그림-1c99e0b2ff3c15fa,경제전망보고서 2024년 2월,그림,1-4,미국 노동시장 상황,단위; 데이터 형태; 설명,research/bok-archive/03-경제전망보고서/2024-02-22_경제전망보고서(2024년 2월)/2024년 2월 경제전망보고서(Indigo Book).pdf,12,번호 직결 인용 없음 또는 문장 조각·중복 배정 제외
BOK-20240222-9ce98d16ec74-그림-ae47dd8bbf528c82,경제전망보고서 2024년 2월,그림,1-5,유로지역 GDP 성장기여도,단위; 데이터 형태; 설명,research/bok-archive/03-경제전망보고서/2024-02-22_경제전망보고서(2024년 2월)/2024년 2월 경제전망보고서(Indigo Book).pdf,13,번호 직결 인용 없음 또는 문장 조각·중복 배정 제외
BOK-20240222-9ce98d16ec74-그림-ad0f707b1388d416,경제전망보고서 2024년 2월,그림,1-6,유로지역 물가상승률,단위; 데이터 형태; 설명,research/bok-archive/03-경제전망보고서/2024-02-22_경제전망보고서(2024년 2월)/2024년 2월 경제전망보고서(Indigo Book).pdf,13,번호 직결 인용 없음 또는 문장 조각·중복 배정 제외
BOK-20240222-9ce98d16ec74-그림-33a3fd6b97eb35a9,경제전망보고서 2024년 2월,그림,1-7,중국 부동산지표,단위; 데이터 형태; 통계기법·지수; 설명,research/bok-archive/03-경제전망보고서/2024-02-22_경제전망보고서(2024년 2월)/2024년 2월 경제전망보고서(Indigo Book).pdf,13,번호 직결 인용 없음 또는 문장 조각·중복 배정 제외
BOK-20240222-9ce98d16ec74-그림-5a892887a0539f2d,경제전망보고서 2024년 2월,그림,1-8,중국 소비자신뢰지수,사용 데이터·출처; 단위; 데이터 형태; 설명,research/bok-archive/03-경제전망보고서/2024-02-22_경제전망보고서(2024년 2월)/2024년 2월 경제전망보고서(Indigo Book).pdf,13,번호 직결 인용 없음 또는 문장 조각·중복 배정 제외
BOK-20240222-9ce98d16ec74-그림-d20a2d2125539710,경제전망보고서 2024년 2월,그림,1-9,일본 수출 및 수입,단위; 데이터 형태; 통계기법·지수; 설명,research/bok-archive/03-경제전망보고서/2024-02-22_경제전망보고서(2024년 2월)/2024년 2월 경제전망보고서(Indigo Book).pdf,14,번호 직결 인용 없음 또는 문장 조각·중복 배정 제외
BOK-20240222-9ce98d16ec74-그림-64433dba75f3beb4,경제전망보고서 2024년 2월,그림,1-10,일본 소비자물가1),단위; 데이터 형태; 설명,research/bok-archive/03-경제전망보고서/2024-02-22_경제전망보고서(2024년 2월)/2024년 2월 경제전망보고서(Indigo Book).pdf,14,번호 직결 인용 없음 또는 문장 조각·중복 배정 제외
BOK-20240222-9ce98d16ec74-그림-93f8df7e967bd967,경제전망보고서 2024년 2월,그림,1-11,아세안5국 실물지표1)2),단위; 데이터 형태; 설명,research/bok-archive/03-경제전망보고서/2024-02-22_경제전망보고서(2024년 2월)/2024년 2월 경제전망보고서(Indigo Book).pdf,15,번호 직결 인용 없음 또는 문장 조각·중복 배정 제외
BOK-20240222-9ce98d16ec74-그림-bedbfdbc4ca6352a,경제전망보고서 2024년 2월,그림,1-12,인도 지출부문별 성장률,단위; 데이터 형태; 종류; 설명,research/bok-archive/03-경제전망보고서/2024-02-22_경제전망보고서(2024년 2월)/2024년 2월 경제전망보고서(Indigo Book).pdf,15,허용 종류로 판별 불가 또는 표 구조 미확인; 번호 직결 인용 없음 또는 문장 조각·중복 배정 제외
BOK-20240222-9ce98d16ec74-그림-eaefcefadd739b6e,경제전망보고서 2024년 2월,그림,1-13,신흥국 소비자물가 상승률,단위; 데이터 형태; 종류; 설명,research/bok-archive/03-경제전망보고서/2024-02-22_경제전망보고서(2024년 2월)/2024년 2월 경제전망보고서(Indigo Book).pdf,15,허용 종류로 판별 불가 또는 표 구조 미확인; 번호 직결 인용 없음 또는 문장 조각·중복 배정 제외
BOK-20240222-9ce98d16ec74-그림-6d64081f6aec3c35,경제전망보고서 2024년 2월,그림,1-14,국제유가1) 추이,단위; 데이터 형태; 통계기법·지수; 설명,research/bok-archive/03-경제전망보고서/2024-02-22_경제전망보고서(2024년 2월)/2024년 2월 경제전망보고서(Indigo Book).pdf,15,번호 직결 인용 없음 또는 문장 조각·중복 배정 제외
BOK-20240222-9ce98d16ec74-그림-06467f0c8f2ce393,경제전망보고서 2024년 2월,그림,1-15,원유생산 전망1),단위; 데이터 형태; 통계기법·지수; 설명,research/bok-archive/03-경제전망보고서/2024-02-22_경제전망보고서(2024년 2월)/2024년 2월 경제전망보고서(Indigo Book).pdf,15,번호 직결 인용 없음 또는 문장 조각·중복 배정 제외
BOK-20240222-9ce98d16ec74-그림-170254d24655ee84,경제전망보고서 2024년 2월,그림,1-16,글로벌 원유수요1) 전망,단위; 데이터 형태; 통계기법·지수; 설명,research/bok-archive/03-경제전망보고서/2024-02-22_경제전망보고서(2024년 2월)/2024년 2월 경제전망보고서(Indigo Book).pdf,15,번호 직결 인용 없음 또는 문장 조각·중복 배정 제외
BOK-20240222-9ce98d16ec74-그림-6bb9eba17b813c3d,경제전망보고서 2024년 2월,그림,1-17,통합재정지출 전망,단위; 데이터 형태; 설명,research/bok-archive/03-경제전망보고서/2024-02-22_경제전망보고서(2024년 2월)/2024년 2월 경제전망보고서(Indigo Book).pdf,16,번호 직결 인용 없음 또는 문장 조각·중복 배정 제외
BOK-20240222-9ce98d16ec74-그림-7049bdc35362c3f8,경제전망보고서 2024년 2월,그림,1-18,관리재정수지1),사용 데이터·출처; 단위; 데이터 형태; 설명,research/bok-archive/03-경제전망보고서/2024-02-22_경제전망보고서(2024년 2월)/2024년 2월 경제전망보고서(Indigo Book).pdf,16,번호 직결 인용 없음 또는 문장 조각·중복 배정 제외
BOK-20240222-9ce98d16ec74-그림-7e38b2e6f8caf24c,경제전망보고서 2024년 2월,그림,1-19,주택 매매가격1),단위; 데이터 형태; 통계기법·지수; 설명,research/bok-archive/03-경제전망보고서/2024-02-22_경제전망보고서(2024년 2월)/2024년 2월 경제전망보고서(Indigo Book).pdf,17,번호 직결 인용 없음 또는 문장 조각·중복 배정 제외
BOK-20240222-9ce98d16ec74-그림-d2081386b7832b51,경제전망보고서 2024년 2월,그림,1-20,주택 전세가격,단위; 데이터 형태; 통계기법·지수; 설명,research/bok-archive/03-경제전망보고서/2024-02-22_경제전망보고서(2024년 2월)/2024년 2월 경제전망보고서(Indigo Book).pdf,17,번호 직결 인용 없음 또는 문장 조각·중복 배정 제외
BOK-20240222-9ce98d16ec74-그림-ec4c188495f2c18c,경제전망보고서 2024년 2월,그림,1-21,주택가격전망CSI1)과 주택매매수급지수2),단위; 데이터 형태; 설명,research/bok-archive/03-경제전망보고서/2024-02-22_경제전망보고서(2024년 2월)/2024년 2월 경제전망보고서(Indigo Book).pdf,17,번호 직결 인용 없음 또는 문장 조각·중복 배정 제외
BOK-20240222-9ce98d16ec74-그림-15ddbbc0a67b81fc,경제전망보고서 2024년 2월,그림,1-22,미분양과 준공후 미분양,사용 데이터·출처; 단위; 데이터 형태; 설명,research/bok-archive/03-경제전망보고서/2024-02-22_경제전망보고서(2024년 2월)/2024년 2월 경제전망보고서(Indigo Book).pdf,17,번호 직결 인용 없음 또는 문장 조각·중복 배정 제외
BOK-20240222-9ce98d16ec74-그림-116051149f1822c1,경제전망보고서 2024년 2월,그림,1-23,1인당 명목임금 상승률,단위; 데이터 형태; 설명,research/bok-archive/03-경제전망보고서/2024-02-22_경제전망보고서(2024년 2월)/2024년 2월 경제전망보고서(Indigo Book).pdf,18,번호 직결 인용 없음 또는 문장 조각·중복 배정 제외
BOK-20240222-9ce98d16ec74-그림-c11b654e8a8c0ef6,경제전망보고서 2024년 2월,그림,1-24,상용직 정액급여 상승률,단위; 데이터 형태; 설명,research/bok-archive/03-경제전망보고서/2024-02-22_경제전망보고서(2024년 2월)/2024년 2월 경제전망보고서(Indigo Book).pdf,18,번호 직결 인용 없음 또는 문장 조각·중복 배정 제외
BOK-20240222-9ce98d16ec74-그림-0a1336af273c88df,경제전망보고서 2024년 2월,그림,1-25,미 연준 정책금리 기대1),단위; 데이터 형태; 설명,research/bok-archive/03-경제전망보고서/2024-02-22_경제전망보고서(2024년 2월)/2024년 2월 경제전망보고서(Indigo Book).pdf,19,번호 직결 인용 없음 또는 문장 조각·중복 배정 제외
BOK-20240222-9ce98d16ec74-그림-6c83d0946fb405d6,경제전망보고서 2024년 2월,그림,1-26,국고채 및 미 국채 금리,단위; 데이터 형태; 설명,research/bok-archive/03-경제전망보고서/2024-02-22_경제전망보고서(2024년 2월)/2024년 2월 경제전망보고서(Indigo Book).pdf,19,번호 직결 인용 없음 또는 문장 조각·중복 배정 제외
BOK-20240222-9ce98d16ec74-그림-1498b144c4f3fdd4,경제전망보고서 2024년 2월,그림,1-27,원/달러환율및미달러화지수,단위; 데이터 형태; 설명,research/bok-archive/03-경제전망보고서/2024-02-22_경제전망보고서(2024년 2월)/2024년 2월 경제전망보고서(Indigo Book).pdf,19,번호 직결 인용 없음 또는 문장 조각·중복 배정 제외
BOK-20240222-9ce98d16ec74-그림-4f9354ebacf7e15b,경제전망보고서 2024년 2월,그림,1-28,예금은행 가계대출1),단위; 데이터 형태; 설명,research/bok-archive/03-경제전망보고서/2024-02-22_경제전망보고서(2024년 2월)/2024년 2월 경제전망보고서(Indigo Book).pdf,19,번호 직결 인용 없음 또는 문장 조각·중복 배정 제외
BOK-20240222-9ce98d16ec74-그림-56880865911e7c75,경제전망보고서 2024년 2월,그림,1-29,예금은행 기업대출1),단위; 데이터 형태; 설명,research/bok-archive/03-경제전망보고서/2024-02-22_경제전망보고서(2024년 2월)/2024년 2월 경제전망보고서(Indigo Book).pdf,19,번호 직결 인용 없음 또는 문장 조각·중복 배정 제외
BOK-20240222-9ce98d16ec74-그림-788efc7e5ec2069c,경제전망보고서 2024년 2월,그림,2-1,"GDP 민간소비, 건설투자 및 재화수출",단위; 데이터 형태; 통계기법·지수; 설명,research/bok-archive/03-경제전망보고서/2024-02-22_경제전망보고서(2024년 2월)/2024년 2월 경제전망보고서(Indigo Book).pdf,23,번호 직결 인용 없음 또는 문장 조각·중복 배정 제외
BOK-20240222-9ce98d16ec74-그림-e9427e5dbb9fc9e3,경제전망보고서 2024년 2월,그림,2-2,지출 부문별 기여도1),단위; 데이터 형태; 설명,research/bok-archive/03-경제전망보고서/2024-02-22_경제전망보고서(2024년 2월)/2024년 2월 경제전망보고서(Indigo Book).pdf,23,번호 직결 인용 없음 또는 문장 조각·중복 배정 제외
BOK-20240222-9ce98d16ec74-그림-d9b041e09c3a9710,경제전망보고서 2024년 2월,그림,2-3,주요기관의 금년 성장률 전망 분포1),사용 데이터·출처; 단위; 데이터 형태; 종류; 설명,research/bok-archive/03-경제전망보고서/2024-02-22_경제전망보고서(2024년 2월)/2024년 2월 경제전망보고서(Indigo Book).pdf,24,허용 종류로 판별 불가 또는 표 구조 미확인; 번호 직결 인용 없음 또는 문장 조각·중복 배정 제외
BOK-20240222-9ce98d16ec74-그림-56ca366c590a7efc,경제전망보고서 2024년 2월,그림,2-4,가계 실질구매력1) 증가율 및 기여정도,단위; 데이터 형태; 설명,research/bok-archive/03-경제전망보고서/2024-02-22_경제전망보고서(2024년 2월)/2024년 2월 경제전망보고서(Indigo Book).pdf,24,번호 직결 인용 없음 또는 문장 조각·중복 배정 제외
BOK-20240222-9ce98d16ec74-그림-31bebcc99f696844,경제전망보고서 2024년 2월,그림,2-5,가계부채1) 및 금리2),사용 데이터·출처; 단위; 데이터 형태; 통계기법·지수; 설명,research/bok-archive/03-경제전망보고서/2024-02-22_경제전망보고서(2024년 2월)/2024년 2월 경제전망보고서(Indigo Book).pdf,24,번호 직결 인용 없음 또는 문장 조각·중복 배정 제외
BOK-20240222-9ce98d16ec74-그림-d16f480103eaf25e,경제전망보고서 2024년 2월,그림,2-6,글로벌 반도체 매출 및 국내 기업 투자 전망,단위; 데이터 형태; 통계기법·지수; 설명,research/bok-archive/03-경제전망보고서/2024-02-22_경제전망보고서(2024년 2월)/2024년 2월 경제전망보고서(Indigo Book).pdf,25,번호 직결 인용 없음 또는 문장 조각·중복 배정 제외
BOK-20240222-9ce98d16ec74-그림-0b580b3ad0557dcf,경제전망보고서 2024년 2월,그림,2-7,지식재산생산물투자 및 제조업 매출액1),단위; 데이터 형태; 통계기법·지수; 설명,research/bok-archive/03-경제전망보고서/2024-02-22_경제전망보고서(2024년 2월)/2024년 2월 경제전망보고서(Indigo Book).pdf,25,번호 직결 인용 없음 또는 문장 조각·중복 배정 제외
BOK-20240222-9ce98d16ec74-그림-b3da5fac65643df6,경제전망보고서 2024년 2월,그림,2-8,건설 수주 및 신규착공,단위; 데이터 형태; 통계기법·지수; 설명,research/bok-archive/03-경제전망보고서/2024-02-22_경제전망보고서(2024년 2월)/2024년 2월 경제전망보고서(Indigo Book).pdf,26,번호 직결 인용 없음 또는 문장 조각·중복 배정 제외
BOK-20240222-9ce98d16ec74-그림-850386c005d91d6e,경제전망보고서 2024년 2월,그림,2-9,정부 SOC 예산1),사용 데이터·출처; 단위; 데이터 형태; 설명,research/bok-archive/03-경제전망보고서/2024-02-22_경제전망보고서(2024년 2월)/2024년 2월 경제전망보고서(Indigo Book).pdf,26,번호 직결 인용 없음 또는 문장 조각·중복 배정 제외
BOK-20240222-9ce98d16ec74-그림-0e160a8fd921dd05,경제전망보고서 2024년 2월,그림,2-10,IT1) 및 비IT 통관수출2),단위; 데이터 형태; 설명,research/bok-archive/03-경제전망보고서/2024-02-22_경제전망보고서(2024년 2월)/2024년 2월 경제전망보고서(Indigo Book).pdf,27,번호 직결 인용 없음 또는 문장 조각·중복 배정 제외
BOK-20240222-9ce98d16ec74-그림-f69b7d894df85249,경제전망보고서 2024년 2월,그림,2-11,D램 수급 및 가격,사용 데이터·출처; 단위; 데이터 형태; 설명,research/bok-archive/03-경제전망보고서/2024-02-22_경제전망보고서(2024년 2월)/2024년 2월 경제전망보고서(Indigo Book).pdf,27,번호 직결 인용 없음 또는 문장 조각·중복 배정 제외
BOK-20240222-9ce98d16ec74-그림-004afac27dfab297,경제전망보고서 2024년 2월,그림,2-12,품목별 대미수출,사용 데이터·출처; 데이터 형태; 통계기법·지수; 설명,research/bok-archive/03-경제전망보고서/2024-02-22_경제전망보고서(2024년 2월)/2024년 2월 경제전망보고서(Indigo Book).pdf,27,번호 직결 인용 없음 또는 문장 조각·중복 배정 제외
BOK-20240222-9ce98d16ec74-그림-f2d91849b1985314,경제전망보고서 2024년 2월,그림,2-13,지역별 통관수출 증가율,사용 데이터·출처; 단위; 데이터 형태; 설명,research/bok-archive/03-경제전망보고서/2024-02-22_경제전망보고서(2024년 2월)/2024년 2월 경제전망보고서(Indigo Book).pdf,28,번호 직결 인용 없음 또는 문장 조각·중복 배정 제외
BOK-20240222-9ce98d16ec74-그림-4ab166ed47762bef,경제전망보고서 2024년 2월,그림,2-14,반도체 수출과 자본재 수입,사용 데이터·출처; 단위; 데이터 형태; 설명,research/bok-archive/03-경제전망보고서/2024-02-22_경제전망보고서(2024년 2월)/2024년 2월 경제전망보고서(Indigo Book).pdf,28,번호 직결 인용 없음 또는 문장 조각·중복 배정 제외
BOK-20240222-9ce98d16ec74-그림-16f4465e9b3a8d2f,경제전망보고서 2024년 2월,그림,2-15,경상수지 전망경로1)2),단위; 설명,research/bok-archive/03-경제전망보고서/2024-02-22_경제전망보고서(2024년 2월)/2024년 2월 경제전망보고서(Indigo Book).pdf,29,번호 직결 인용 없음 또는 문장 조각·중복 배정 제외
BOK-20240222-9ce98d16ec74-그림-2744715b61fa5879,경제전망보고서 2024년 2월,그림,2-16,출입국자수 추이,데이터 형태; 설명,research/bok-archive/03-경제전망보고서/2024-02-22_경제전망보고서(2024년 2월)/2024년 2월 경제전망보고서(Indigo Book).pdf,29,번호 직결 인용 없음 또는 문장 조각·중복 배정 제외
BOK-20240222-9ce98d16ec74-그림-9ac4058b26d95170,경제전망보고서 2024년 2월,그림,2-17,소비자물가 및 근원물가,단위; 데이터 형태; 설명,research/bok-archive/03-경제전망보고서/2024-02-22_경제전망보고서(2024년 2월)/2024년 2월 경제전망보고서(Indigo Book).pdf,30,번호 직결 인용 없음 또는 문장 조각·중복 배정 제외
BOK-20240222-9ce98d16ec74-그림-f3b47fd6bff74682,경제전망보고서 2024년 2월,그림,2-18,월별 상승률 차이 분해1),단위; 데이터 형태; 설명,research/bok-archive/03-경제전망보고서/2024-02-22_경제전망보고서(2024년 2월)/2024년 2월 경제전망보고서(Indigo Book).pdf,30,번호 직결 인용 없음 또는 문장 조각·중복 배정 제외
BOK-20240222-9ce98d16ec74-그림-6458961e598fa73a,경제전망보고서 2024년 2월,그림,2-19,소비자물가 상승률 및 기여도,단위; 데이터 형태; 설명,research/bok-archive/03-경제전망보고서/2024-02-22_경제전망보고서(2024년 2월)/2024년 2월 경제전망보고서(Indigo Book).pdf,31,번호 직결 인용 없음 또는 문장 조각·중복 배정 제외
BOK-20240222-9ce98d16ec74-그림-ebe3a0df358312da,경제전망보고서 2024년 2월,그림,2-20,근원물가 상승률 및 기여도,단위; 데이터 형태; 설명,research/bok-archive/03-경제전망보고서/2024-02-22_경제전망보고서(2024년 2월)/2024년 2월 경제전망보고서(Indigo Book).pdf,31,번호 직결 인용 없음 또는 문장 조각·중복 배정 제외
BOK-20240222-9ce98d16ec74-그림-7766f6932e244fed,경제전망보고서 2024년 2월,그림,2-21,석유류가격,단위; 통계기법·지수; 설명,research/bok-archive/03-경제전망보고서/2024-02-22_경제전망보고서(2024년 2월)/2024년 2월 경제전망보고서(Indigo Book).pdf,31,번호 직결 인용 없음 또는 문장 조각·중복 배정 제외
BOK-20240222-9ce98d16ec74-그림-1ba3733a97aacba9,경제전망보고서 2024년 2월,그림,2-22,농산물가격 상승률,사용 데이터·출처; 단위; 설명,research/bok-archive/03-경제전망보고서/2024-02-22_경제전망보고서(2024년 2월)/2024년 2월 경제전망보고서(Indigo Book).pdf,31,번호 직결 인용 없음 또는 문장 조각·중복 배정 제외
BOK-20240222-9ce98d16ec74-그림-9f592f6aa404d721,경제전망보고서 2024년 2월,그림,2-23,소비자물가 상승률 전망1),단위; 데이터 형태; 설명,research/bok-archive/03-경제전망보고서/2024-02-22_경제전망보고서(2024년 2월)/2024년 2월 경제전망보고서(Indigo Book).pdf,32,번호 직결 인용 없음 또는 문장 조각·중복 배정 제외
BOK-20240222-9ce98d16ec74-그림-a6822e61d34e18ef,경제전망보고서 2024년 2월,그림,2-24,근원물가 상승률 전망1),단위; 데이터 형태; 설명,research/bok-archive/03-경제전망보고서/2024-02-22_경제전망보고서(2024년 2월)/2024년 2월 경제전망보고서(Indigo Book).pdf,32,번호 직결 인용 없음 또는 문장 조각·중복 배정 제외
BOK-20240222-9ce98d16ec74-그림-78e41c03cfa9d96e,경제전망보고서 2024년 2월,그림,2-25,주요기관 국제유가 전망1)2)3),사용 데이터·출처; 단위; 데이터 형태; 설명,research/bok-archive/03-경제전망보고서/2024-02-22_경제전망보고서(2024년 2월)/2024년 2월 경제전망보고서(Indigo Book).pdf,33,번호 직결 인용 없음 또는 문장 조각·중복 배정 제외
BOK-20240222-9ce98d16ec74-그림-43b5b2e7e26e219e,경제전망보고서 2024년 2월,그림,2-26,취업자수 증감,단위; 데이터 형태; 설명,research/bok-archive/03-경제전망보고서/2024-02-22_경제전망보고서(2024년 2월)/2024년 2월 경제전망보고서(Indigo Book).pdf,34,번호 직결 인용 없음 또는 문장 조각·중복 배정 제외
BOK-20240222-9ce98d16ec74-그림-dc4f79c127c0c875,경제전망보고서 2024년 2월,그림,2-27,실업률 및 고용률,사용 데이터·출처; 단위; 데이터 형태; 설명,research/bok-archive/03-경제전망보고서/2024-02-22_경제전망보고서(2024년 2월)/2024년 2월 경제전망보고서(Indigo Book).pdf,34,번호 직결 인용 없음 또는 문장 조각·중복 배정 제외
BOK-20240222-9ce98d16ec74-그림-28653bec357b7811,경제전망보고서 2024년 2월,그림,2-28,성·연령별 취업자수 증감1),단위; 데이터 형태; 설명,research/bok-archive/03-경제전망보고서/2024-02-22_경제전망보고서(2024년 2월)/2024년 2월 경제전망보고서(Indigo Book).pdf,34,번호 직결 인용 없음 또는 문장 조각·중복 배정 제외
BOK-20240222-9ce98d16ec74-그림-5864d69565dfc6ca,경제전망보고서 2024년 2월,그림,2-29,산업별 취업자수 경로,단위; 데이터 형태; 설명,research/bok-archive/03-경제전망보고서/2024-02-22_경제전망보고서(2024년 2월)/2024년 2월 경제전망보고서(Indigo Book).pdf,34,번호 직결 인용 없음 또는 문장 조각·중복 배정 제외
BOK-20240222-9ce98d16ec74-그림-d898bf02c676e597,경제전망보고서 2024년 2월,그림,2-30,산업별 빈일자리율,단위; 설명,research/bok-archive/03-경제전망보고서/2024-02-22_경제전망보고서(2024년 2월)/2024년 2월 경제전망보고서(Indigo Book).pdf,35,번호 직결 인용 없음 또는 문장 조각·중복 배정 제외
BOK-20240222-9ce98d16ec74-그림-5ea6273fea4b8ea5,경제전망보고서 2024년 2월,그림,2-31,베버리지 곡선1),사용 데이터·출처; 설명,research/bok-archive/03-경제전망보고서/2024-02-22_경제전망보고서(2024년 2월)/2024년 2월 경제전망보고서(Indigo Book).pdf,35,번호 직결 인용 없음 또는 문장 조각·중복 배정 제외
BOK-20240222-9ce98d16ec74-그림-578af5f5f5620b49,경제전망보고서 2024년 2월,그림,2-32,시나리오별 GDP성장률,단위; 데이터 형태; 설명,research/bok-archive/03-경제전망보고서/2024-02-22_경제전망보고서(2024년 2월)/2024년 2월 경제전망보고서(Indigo Book).pdf,36,번호 직결 인용 없음 또는 문장 조각·중복 배정 제외
BOK-20240222-9ce98d16ec74-그림-3965c1719d2699b0,경제전망보고서 2024년 2월,그림,2-33,시나리오별 물가상승률,사용 데이터·출처; 단위; 데이터 형태; 설명,research/bok-archive/03-경제전망보고서/2024-02-22_경제전망보고서(2024년 2월)/2024년 2월 경제전망보고서(Indigo Book).pdf,36,번호 직결 인용 없음 또는 문장 조각·중복 배정 제외
BOK-20240222-9ce98d16ec74-표-0038c443bed4ca33,경제전망보고서 2024년 2월,표,2-1,향후 성장경로의 주요 리스크,단위; 데이터 형태; 종류; 통계기법·지수; 설명,research/bok-archive/03-경제전망보고서/2024-02-22_경제전망보고서(2024년 2월)/2024년 2월 경제전망보고서(Indigo Book).pdf,24,허용 종류로 판별 불가 또는 표 구조 미확인; 번호 직결 인용 없음 또는 문장 조각·중복 배정 제외
BOK-20240222-9ce98d16ec74-표-1e88a30e0d97c28b,경제전망보고서 2024년 2월,표,2-2,향후 물가경로의 주요 리스크,사용 데이터·출처; 데이터 형태; 종류; 설명,research/bok-archive/03-경제전망보고서/2024-02-22_경제전망보고서(2024년 2월)/2024년 2월 경제전망보고서(Indigo Book).pdf,33,허용 종류로 판별 불가 또는 표 구조 미확인; 번호 직결 인용 없음 또는 문장 조각·중복 배정 제외
BOK-20240523-dba6c8b428b7-그림-9b537c766637543f,경제전망보고서 2024년 5월,그림,1-1,글로벌 PMI,단위; 데이터 형태; 설명,research/bok-archive/03-경제전망보고서/2024-05-23_경제전망보고서(2024년 5월)/2024년 5월 경제전망보고서(Indigo Book).pdf,12,번호 직결 인용 없음 또는 문장 조각·중복 배정 제외
BOK-20240523-dba6c8b428b7-그림-8307d5e225feb36b,경제전망보고서 2024년 5월,그림,1-2,세계 상품교역,단위; 데이터 형태; 설명,research/bok-archive/03-경제전망보고서/2024-05-23_경제전망보고서(2024년 5월)/2024년 5월 경제전망보고서(Indigo Book).pdf,12,번호 직결 인용 없음 또는 문장 조각·중복 배정 제외
BOK-20240523-dba6c8b428b7-그림-615ca8af2837cd3b,경제전망보고서 2024년 5월,그림,1-3,미국 GDP 성장률 및 기여도,단위; 데이터 형태; 설명,research/bok-archive/03-경제전망보고서/2024-05-23_경제전망보고서(2024년 5월)/2024년 5월 경제전망보고서(Indigo Book).pdf,12,번호 직결 인용 없음 또는 문장 조각·중복 배정 제외
BOK-20240523-dba6c8b428b7-그림-166b261fd6f6ed4c,경제전망보고서 2024년 5월,그림,1-4,미국 소비자물가상승률 및 기여도,사용 데이터·출처; 단위; 데이터 형태; 설명,research/bok-archive/03-경제전망보고서/2024-05-23_경제전망보고서(2024년 5월)/2024년 5월 경제전망보고서(Indigo Book).pdf,12,번호 직결 인용 없음 또는 문장 조각·중복 배정 제외
BOK-20240523-dba6c8b428b7-그림-a7d7e6da3a326502,경제전망보고서 2024년 5월,그림,1-5,유로지역 GDP 및 PMI,단위; 데이터 형태; 설명,research/bok-archive/03-경제전망보고서/2024-05-23_경제전망보고서(2024년 5월)/2024년 5월 경제전망보고서(Indigo Book).pdf,13,번호 직결 인용 없음 또는 문장 조각·중복 배정 제외
BOK-20240523-dba6c8b428b7-그림-2dd84253b188486d,경제전망보고서 2024년 5월,그림,1-6,유로지역 물가상승률,단위; 데이터 형태; 설명,research/bok-archive/03-경제전망보고서/2024-05-23_경제전망보고서(2024년 5월)/2024년 5월 경제전망보고서(Indigo Book).pdf,13,번호 직결 인용 없음 또는 문장 조각·중복 배정 제외
BOK-20240523-dba6c8b428b7-그림-f6922bc34c45224a,경제전망보고서 2024년 5월,그림,1-7,중국 경제성장률,단위; 데이터 형태; 설명,research/bok-archive/03-경제전망보고서/2024-05-23_경제전망보고서(2024년 5월)/2024년 5월 경제전망보고서(Indigo Book).pdf,14,번호 직결 인용 없음 또는 문장 조각·중복 배정 제외
BOK-20240523-dba6c8b428b7-그림-796e69e401d7bcdd,경제전망보고서 2024년 5월,그림,1-8,중국 부동산 지표,단위; 데이터 형태; 통계기법·지수; 설명,research/bok-archive/03-경제전망보고서/2024-05-23_경제전망보고서(2024년 5월)/2024년 5월 경제전망보고서(Indigo Book).pdf,14,번호 직결 인용 없음 또는 문장 조각·중복 배정 제외
BOK-20240523-dba6c8b428b7-그림-30862fa6f3e37399,경제전망보고서 2024년 5월,그림,1-9,일본 GDP 성장기여도,단위; 데이터 형태; 설명,research/bok-archive/03-경제전망보고서/2024-05-23_경제전망보고서(2024년 5월)/2024년 5월 경제전망보고서(Indigo Book).pdf,15,번호 직결 인용 없음 또는 문장 조각·중복 배정 제외
BOK-20240523-dba6c8b428b7-그림-7f4e4f8d4890b39a,경제전망보고서 2024년 5월,그림,1-10,일본 임금 및 소비자물가,단위; 데이터 형태; 통계기법·지수; 설명,research/bok-archive/03-경제전망보고서/2024-05-23_경제전망보고서(2024년 5월)/2024년 5월 경제전망보고서(Indigo Book).pdf,15,번호 직결 인용 없음 또는 문장 조각·중복 배정 제외
BOK-20240523-dba6c8b428b7-그림-f0bfc205c197c85f,경제전망보고서 2024년 5월,그림,1-11,아세안5국 실물지표1)2),단위; 데이터 형태; 통계기법·지수; 설명,research/bok-archive/03-경제전망보고서/2024-05-23_경제전망보고서(2024년 5월)/2024년 5월 경제전망보고서(Indigo Book).pdf,15,번호 직결 인용 없음 또는 문장 조각·중복 배정 제외
BOK-20240523-dba6c8b428b7-그림-aa6069de3914919c,경제전망보고서 2024년 5월,그림,1-12,인도 지출부문별 성장률,단위; 데이터 형태; 설명,research/bok-archive/03-경제전망보고서/2024-05-23_경제전망보고서(2024년 5월)/2024년 5월 경제전망보고서(Indigo Book).pdf,15,번호 직결 인용 없음 또는 문장 조각·중복 배정 제외
BOK-20240523-dba6c8b428b7-그림-1a160c5af5081fa3,경제전망보고서 2024년 5월,그림,1-13,신흥국 소비자물가 상승률,단위; 데이터 형태; 설명,research/bok-archive/03-경제전망보고서/2024-05-23_경제전망보고서(2024년 5월)/2024년 5월 경제전망보고서(Indigo Book).pdf,15,번호 직결 인용 없음 또는 문장 조각·중복 배정 제외
BOK-20240523-dba6c8b428b7-그림-519dc07f1e114c34,경제전망보고서 2024년 5월,그림,1-14,국제유가와 시장 기대심리30),단위; 데이터 형태; 통계기법·지수; 설명,research/bok-archive/03-경제전망보고서/2024-05-23_경제전망보고서(2024년 5월)/2024년 5월 경제전망보고서(Indigo Book).pdf,16,번호 직결 인용 없음 또는 문장 조각·중복 배정 제외
BOK-20240523-dba6c8b428b7-그림-0ad3eef107da29cb,경제전망보고서 2024년 5월,그림,1-15,그룹별 원유생산 증분 전망,단위; 데이터 형태; 통계기법·지수; 설명,research/bok-archive/03-경제전망보고서/2024-05-23_경제전망보고서(2024년 5월)/2024년 5월 경제전망보고서(Indigo Book).pdf,16,번호 직결 인용 없음 또는 문장 조각·중복 배정 제외
BOK-20240523-dba6c8b428b7-그림-10241abd74d3857f,경제전망보고서 2024년 5월,그림,1-16,천연가스 가격 추이,사용 데이터·출처; 단위; 데이터 형태; 통계기법·지수; 설명,research/bok-archive/03-경제전망보고서/2024-05-23_경제전망보고서(2024년 5월)/2024년 5월 경제전망보고서(Indigo Book).pdf,16,번호 직결 인용 없음 또는 문장 조각·중복 배정 제외
BOK-20240523-dba6c8b428b7-그림-d37cd85d2ada795e,경제전망보고서 2024년 5월,그림,1-17,통합재정지출1) 전망,단위; 데이터 형태; 설명,research/bok-archive/03-경제전망보고서/2024-05-23_경제전망보고서(2024년 5월)/2024년 5월 경제전망보고서(Indigo Book).pdf,17,번호 직결 인용 없음 또는 문장 조각·중복 배정 제외
BOK-20240523-dba6c8b428b7-그림-a2442d402151557e,경제전망보고서 2024년 5월,그림,1-18,1분기 재정집행 및 국세수입 실적1),사용 데이터·출처; 단위; 데이터 형태; 통계기법·지수; 설명,research/bok-archive/03-경제전망보고서/2024-05-23_경제전망보고서(2024년 5월)/2024년 5월 경제전망보고서(Indigo Book).pdf,17,번호 직결 인용 없음 또는 문장 조각·중복 배정 제외
BOK-20240523-dba6c8b428b7-그림-d5218af90f82698f,경제전망보고서 2024년 5월,그림,1-19,주택 매매가격1),단위; 데이터 형태; 통계기법·지수; 설명,research/bok-archive/03-경제전망보고서/2024-05-23_경제전망보고서(2024년 5월)/2024년 5월 경제전망보고서(Indigo Book).pdf,18,번호 직결 인용 없음 또는 문장 조각·중복 배정 제외
BOK-20240523-dba6c8b428b7-그림-4ec1ce8a3aa1b76c,경제전망보고서 2024년 5월,그림,1-20,주택 전세가격,단위; 데이터 형태; 통계기법·지수; 설명,research/bok-archive/03-경제전망보고서/2024-05-23_경제전망보고서(2024년 5월)/2024년 5월 경제전망보고서(Indigo Book).pdf,18,번호 직결 인용 없음 또는 문장 조각·중복 배정 제외
BOK-20240523-dba6c8b428b7-그림-eb31bb0a5ce898c0,경제전망보고서 2024년 5월,그림,1-21,미분양,사용 데이터·출처; 단위; 데이터 형태; 설명,research/bok-archive/03-경제전망보고서/2024-05-23_경제전망보고서(2024년 5월)/2024년 5월 경제전망보고서(Indigo Book).pdf,19,번호 직결 인용 없음 또는 문장 조각·중복 배정 제외
BOK-20240523-dba6c8b428b7-그림-fc7c4d4d9339561d,경제전망보고서 2024년 5월,그림,1-22,주택가격전망CSI1)과 주택매매수급지수2),단위; 데이터 형태; 설명,research/bok-archive/03-경제전망보고서/2024-05-23_경제전망보고서(2024년 5월)/2024년 5월 경제전망보고서(Indigo Book).pdf,19,번호 직결 인용 없음 또는 문장 조각·중복 배정 제외
BOK-20240523-dba6c8b428b7-그림-708b3ccc2b5c9a5a,경제전망보고서 2024년 5월,그림,1-23,1인당 명목임금 상승률,단위; 데이터 형태; 설명,research/bok-archive/03-경제전망보고서/2024-05-23_경제전망보고서(2024년 5월)/2024년 5월 경제전망보고서(Indigo Book).pdf,20,번호 직결 인용 없음 또는 문장 조각·중복 배정 제외
BOK-20240523-dba6c8b428b7-그림-7f8d60b814017a6f,경제전망보고서 2024년 5월,그림,1-24,상용직 정액급여 상승률,단위; 데이터 형태; 설명,research/bok-archive/03-경제전망보고서/2024-05-23_경제전망보고서(2024년 5월)/2024년 5월 경제전망보고서(Indigo Book).pdf,20,번호 직결 인용 없음 또는 문장 조각·중복 배정 제외
BOK-20240523-dba6c8b428b7-그림-9980d8881ba01699,경제전망보고서 2024년 5월,그림,1-25,미 연준 정책금리 기대1),단위; 데이터 형태; 설명,research/bok-archive/03-경제전망보고서/2024-05-23_경제전망보고서(2024년 5월)/2024년 5월 경제전망보고서(Indigo Book).pdf,20,번호 직결 인용 없음 또는 문장 조각·중복 배정 제외
BOK-20240523-dba6c8b428b7-그림-8b726399b138d8bf,경제전망보고서 2024년 5월,그림,1-26,국고채 및 미 국채 금리,단위; 데이터 형태; 설명,research/bok-archive/03-경제전망보고서/2024-05-23_경제전망보고서(2024년 5월)/2024년 5월 경제전망보고서(Indigo Book).pdf,20,번호 직결 인용 없음 또는 문장 조각·중복 배정 제외
BOK-20240523-dba6c8b428b7-그림-a8c34b4a905aef1e,경제전망보고서 2024년 5월,그림,1-27,원/달러환율및미달러화지수,단위; 데이터 형태; 설명,research/bok-archive/03-경제전망보고서/2024-05-23_경제전망보고서(2024년 5월)/2024년 5월 경제전망보고서(Indigo Book).pdf,20,번호 직결 인용 없음 또는 문장 조각·중복 배정 제외
BOK-20240523-dba6c8b428b7-그림-984aaea94a8caa43,경제전망보고서 2024년 5월,그림,1-28,금융기관1) 기업대출2) 증감,단위; 데이터 형태; 통계기법·지수; 설명,research/bok-archive/03-경제전망보고서/2024-05-23_경제전망보고서(2024년 5월)/2024년 5월 경제전망보고서(Indigo Book).pdf,21,번호 직결 인용 없음 또는 문장 조각·중복 배정 제외
BOK-20240523-dba6c8b428b7-그림-ecad5f93c270ea4e,경제전망보고서 2024년 5월,그림,1-29,금융기관1) 가계대출 증감,단위; 데이터 형태; 통계기법·지수; 설명,research/bok-archive/03-경제전망보고서/2024-05-23_경제전망보고서(2024년 5월)/2024년 5월 경제전망보고서(Indigo Book).pdf,21,번호 직결 인용 없음 또는 문장 조각·중복 배정 제외
BOK-20240523-dba6c8b428b7-그림-8fc63df93329f57a,경제전망보고서 2024년 5월,그림,1-30,가계·기업대출 연체율,단위; 데이터 형태; 설명,research/bok-archive/03-경제전망보고서/2024-05-23_경제전망보고서(2024년 5월)/2024년 5월 경제전망보고서(Indigo Book).pdf,21,번호 직결 인용 없음 또는 문장 조각·중복 배정 제외
BOK-20240523-dba6c8b428b7-그림-5f433229760f0f77,경제전망보고서 2024년 5월,그림,2-1,지출 부문별 기여도,단위; 데이터 형태; 설명,research/bok-archive/03-경제전망보고서/2024-05-23_경제전망보고서(2024년 5월)/2024년 5월 경제전망보고서(Indigo Book).pdf,25,번호 직결 인용 없음 또는 문장 조각·중복 배정 제외
BOK-20240523-dba6c8b428b7-그림-2690440d20937bbb,경제전망보고서 2024년 5월,그림,2-2,내수·수출 순성장기여도1),단위; 데이터 형태; 설명,research/bok-archive/03-경제전망보고서/2024-05-23_경제전망보고서(2024년 5월)/2024년 5월 경제전망보고서(Indigo Book).pdf,25,번호 직결 인용 없음 또는 문장 조각·중복 배정 제외
BOK-20240523-dba6c8b428b7-그림-fbf4df83212dc2e4,경제전망보고서 2024년 5월,그림,2-3,24년 성장전망 조정요인1)2),단위; 데이터 형태; 통계기법·지수; 설명,research/bok-archive/03-경제전망보고서/2024-05-23_경제전망보고서(2024년 5월)/2024년 5월 경제전망보고서(Indigo Book).pdf,25,번호 직결 인용 없음 또는 문장 조각·중복 배정 제외
BOK-20240523-dba6c8b428b7-그림-e57961283e829ac2,경제전망보고서 2024년 5월,그림,2-4,재화별 소매판매액,단위; 데이터 형태; 통계기법·지수; 설명,research/bok-archive/03-경제전망보고서/2024-05-23_경제전망보고서(2024년 5월)/2024년 5월 경제전망보고서(Indigo Book).pdf,26,번호 직결 인용 없음 또는 문장 조각·중복 배정 제외
BOK-20240523-dba6c8b428b7-그림-263e201c3384b4ef,경제전망보고서 2024년 5월,그림,2-5,가계 실질노동소득1)과 경기인식2),사용 데이터·출처; 단위; 데이터 형태; 설명,research/bok-archive/03-경제전망보고서/2024-05-23_경제전망보고서(2024년 5월)/2024년 5월 경제전망보고서(Indigo Book).pdf,26,번호 직결 인용 없음 또는 문장 조각·중복 배정 제외
BOK-20240523-dba6c8b428b7-그림-839e947aa9af6166,경제전망보고서 2024년 5월,그림,2-6,GDP 설비투자,단위; 데이터 형태; 설명,research/bok-archive/03-경제전망보고서/2024-05-23_경제전망보고서(2024년 5월)/2024년 5월 경제전망보고서(Indigo Book).pdf,27,번호 직결 인용 없음 또는 문장 조각·중복 배정 제외
BOK-20240523-dba6c8b428b7-그림-35a728bb67678ad3,경제전망보고서 2024년 5월,그림,2-7,글로벌 메모리반도체 매출 및 필라델피아,단위; 데이터 형태; 분석 목적; 통계기법·지수; 설명,research/bok-archive/03-경제전망보고서/2024-05-23_경제전망보고서(2024년 5월)/2024년 5월 경제전망보고서(Indigo Book).pdf,27,제목·계열·직접 인용의 해석 근거 부족; 번호 직결 인용 없음 또는 문장 조각·중복 배정 제외
BOK-20240523-dba6c8b428b7-그림-f011459e454fa945,경제전망보고서 2024년 5월,그림,2-8,GDP 지식재산생산물투자,단위; 데이터 형태; 설명,research/bok-archive/03-경제전망보고서/2024-05-23_경제전망보고서(2024년 5월)/2024년 5월 경제전망보고서(Indigo Book).pdf,27,번호 직결 인용 없음 또는 문장 조각·중복 배정 제외
BOK-20240523-dba6c8b428b7-그림-66aab9161d2e5a30,경제전망보고서 2024년 5월,그림,2-9,지식재산생산물투자 및 제조업 매출액1),단위; 데이터 형태; 통계기법·지수; 설명,research/bok-archive/03-경제전망보고서/2024-05-23_경제전망보고서(2024년 5월)/2024년 5월 경제전망보고서(Indigo Book).pdf,27,번호 직결 인용 없음 또는 문장 조각·중복 배정 제외
BOK-20240523-dba6c8b428b7-그림-4a2144da395b5136,경제전망보고서 2024년 5월,그림,2-10,GDP 건설투자,단위; 데이터 형태; 설명,research/bok-archive/03-경제전망보고서/2024-05-23_경제전망보고서(2024년 5월)/2024년 5월 경제전망보고서(Indigo Book).pdf,28,번호 직결 인용 없음 또는 문장 조각·중복 배정 제외
BOK-20240523-dba6c8b428b7-그림-2a4b31a8fde5281b,경제전망보고서 2024년 5월,그림,2-11,건축착공면적 및 건설수주,단위; 데이터 형태; 통계기법·지수; 설명,research/bok-archive/03-경제전망보고서/2024-05-23_경제전망보고서(2024년 5월)/2024년 5월 경제전망보고서(Indigo Book).pdf,28,번호 직결 인용 없음 또는 문장 조각·중복 배정 제외
BOK-20240523-dba6c8b428b7-그림-e3182f436ad4a3b1,경제전망보고서 2024년 5월,그림,2-12,IT 및 비IT 통관수출1),단위; 데이터 형태; 설명,research/bok-archive/03-경제전망보고서/2024-05-23_경제전망보고서(2024년 5월)/2024년 5월 경제전망보고서(Indigo Book).pdf,29,번호 직결 인용 없음 또는 문장 조각·중복 배정 제외
BOK-20240523-dba6c8b428b7-그림-70781c4ffacb7eec,경제전망보고서 2024년 5월,그림,2-13,주요기관들의 한국,사용 데이터·출처; 데이터 형태; 통계기법·지수; 설명,research/bok-archive/03-경제전망보고서/2024-05-23_경제전망보고서(2024년 5월)/2024년 5월 경제전망보고서(Indigo Book).pdf,29,번호 직결 인용 없음 또는 문장 조각·중복 배정 제외
BOK-20240523-dba6c8b428b7-그림-75d9e7bb91b104e0,경제전망보고서 2024년 5월,그림,2-14,원유·자본재 수입1) 및,데이터 형태; 분석 목적; 통계기법·지수; 설명,research/bok-archive/03-경제전망보고서/2024-05-23_경제전망보고서(2024년 5월)/2024년 5월 경제전망보고서(Indigo Book).pdf,29,제목·계열·직접 인용의 해석 근거 부족; 번호 직결 인용 없음 또는 문장 조각·중복 배정 제외
BOK-20240523-dba6c8b428b7-그림-2d1308f57b9a8107,경제전망보고서 2024년 5월,그림,2-15,통관수출 품목별 기여도,단위; 데이터 형태; 설명,research/bok-archive/03-경제전망보고서/2024-05-23_경제전망보고서(2024년 5월)/2024년 5월 경제전망보고서(Indigo Book).pdf,30,번호 직결 인용 없음 또는 문장 조각·중복 배정 제외
BOK-20240523-dba6c8b428b7-그림-71840cce40c315a1,경제전망보고서 2024년 5월,그림,2-16,통관수입 품목별 기여도,사용 데이터·출처; 단위; 데이터 형태; 설명,research/bok-archive/03-경제전망보고서/2024-05-23_경제전망보고서(2024년 5월)/2024년 5월 경제전망보고서(Indigo Book).pdf,30,번호 직결 인용 없음 또는 문장 조각·중복 배정 제외
BOK-20240523-dba6c8b428b7-그림-6a267a182ef56a19,경제전망보고서 2024년 5월,그림,2-17,경상수지1),설명,research/bok-archive/03-경제전망보고서/2024-05-23_경제전망보고서(2024년 5월)/2024년 5월 경제전망보고서(Indigo Book).pdf,31,번호 직결 인용 없음 또는 문장 조각·중복 배정 제외
BOK-20240523-dba6c8b428b7-그림-76cf6c91faf05bbd,경제전망보고서 2024년 5월,그림,2-18,소비자물가 및 근원물가,단위; 데이터 형태; 설명,research/bok-archive/03-경제전망보고서/2024-05-23_경제전망보고서(2024년 5월)/2024년 5월 경제전망보고서(Indigo Book).pdf,32,번호 직결 인용 없음 또는 문장 조각·중복 배정 제외
BOK-20240523-dba6c8b428b7-그림-669888f2c2519ff6,경제전망보고서 2024년 5월,그림,2-19,월별 상승률 차이 분해1),단위; 데이터 형태; 설명,research/bok-archive/03-경제전망보고서/2024-05-23_경제전망보고서(2024년 5월)/2024년 5월 경제전망보고서(Indigo Book).pdf,32,번호 직결 인용 없음 또는 문장 조각·중복 배정 제외
BOK-20240523-dba6c8b428b7-그림-169b16d0c740f8a5,경제전망보고서 2024년 5월,그림,2-20,소비자물가 상승률 및 기여도,단위; 데이터 형태; 설명,research/bok-archive/03-경제전망보고서/2024-05-23_경제전망보고서(2024년 5월)/2024년 5월 경제전망보고서(Indigo Book).pdf,33,번호 직결 인용 없음 또는 문장 조각·중복 배정 제외
BOK-20240523-dba6c8b428b7-그림-1e84572b18e72810,경제전망보고서 2024년 5월,그림,2-21,근원물가 상승률 및 기여도,단위; 데이터 형태; 설명,research/bok-archive/03-경제전망보고서/2024-05-23_경제전망보고서(2024년 5월)/2024년 5월 경제전망보고서(Indigo Book).pdf,33,번호 직결 인용 없음 또는 문장 조각·중복 배정 제외
BOK-20240523-dba6c8b428b7-그림-6251e13d55b4d310,경제전망보고서 2024년 5월,그림,2-22,소비자물가 상승률 전망,단위; 데이터 형태; 설명,research/bok-archive/03-경제전망보고서/2024-05-23_경제전망보고서(2024년 5월)/2024년 5월 경제전망보고서(Indigo Book).pdf,33,번호 직결 인용 없음 또는 문장 조각·중복 배정 제외
BOK-20240523-dba6c8b428b7-그림-bdf0d5e8748e471e,경제전망보고서 2024년 5월,그림,2-23,근원물가 상승률 전망,단위; 데이터 형태; 설명,research/bok-archive/03-경제전망보고서/2024-05-23_경제전망보고서(2024년 5월)/2024년 5월 경제전망보고서(Indigo Book).pdf,33,번호 직결 인용 없음 또는 문장 조각·중복 배정 제외
BOK-20240523-dba6c8b428b7-그림-201cac832164dfba,경제전망보고서 2024년 5월,그림,2-24,휘발유 및 경유가격,단위; 통계기법·지수; 설명,research/bok-archive/03-경제전망보고서/2024-05-23_경제전망보고서(2024년 5월)/2024년 5월 경제전망보고서(Indigo Book).pdf,34,번호 직결 인용 없음 또는 문장 조각·중복 배정 제외
BOK-20240523-dba6c8b428b7-그림-faad34cd78d57b1e,경제전망보고서 2024년 5월,그림,2-25,농산물가격,통계기법·지수; 설명,research/bok-archive/03-경제전망보고서/2024-05-23_경제전망보고서(2024년 5월)/2024년 5월 경제전망보고서(Indigo Book).pdf,34,번호 직결 인용 없음 또는 문장 조각·중복 배정 제외
BOK-20240523-dba6c8b428b7-그림-5842114c46967ffc,경제전망보고서 2024년 5월,그림,2-26,국제유가1)2),설명,research/bok-archive/03-경제전망보고서/2024-05-23_경제전망보고서(2024년 5월)/2024년 5월 경제전망보고서(Indigo Book).pdf,34,번호 직결 인용 없음 또는 문장 조각·중복 배정 제외
BOK-20240523-dba6c8b428b7-그림-867b89cace735349,경제전망보고서 2024년 5월,그림,2-27,취업자수 증감,단위; 데이터 형태; 설명,research/bok-archive/03-경제전망보고서/2024-05-23_경제전망보고서(2024년 5월)/2024년 5월 경제전망보고서(Indigo Book).pdf,35,번호 직결 인용 없음 또는 문장 조각·중복 배정 제외
BOK-20240523-dba6c8b428b7-그림-db1c8a63d955d0e1,경제전망보고서 2024년 5월,그림,2-28,실업률 및 고용률,사용 데이터·출처; 단위; 데이터 형태; 설명,research/bok-archive/03-경제전망보고서/2024-05-23_경제전망보고서(2024년 5월)/2024년 5월 경제전망보고서(Indigo Book).pdf,35,번호 직결 인용 없음 또는 문장 조각·중복 배정 제외
BOK-20240523-dba6c8b428b7-그림-76da9a0988e298b3,경제전망보고서 2024년 5월,그림,2-29,성·연령별 취업자수 증감1),단위; 데이터 형태; 설명,research/bok-archive/03-경제전망보고서/2024-05-23_경제전망보고서(2024년 5월)/2024년 5월 경제전망보고서(Indigo Book).pdf,35,번호 직결 인용 없음 또는 문장 조각·중복 배정 제외
BOK-20240523-dba6c8b428b7-그림-ed3e4b906948dec0,경제전망보고서 2024년 5월,그림,2-30,산업별 취업자수 경로,단위; 데이터 형태; 설명,research/bok-archive/03-경제전망보고서/2024-05-23_경제전망보고서(2024년 5월)/2024년 5월 경제전망보고서(Indigo Book).pdf,35,번호 직결 인용 없음 또는 문장 조각·중복 배정 제외
BOK-20240523-dba6c8b428b7-그림-bcc8ee3e56f547c8,경제전망보고서 2024년 5월,그림,2-31,산업별 빈일자리율,단위; 설명,research/bok-archive/03-경제전망보고서/2024-05-23_경제전망보고서(2024년 5월)/2024년 5월 경제전망보고서(Indigo Book).pdf,36,번호 직결 인용 없음 또는 문장 조각·중복 배정 제외
BOK-20240523-dba6c8b428b7-그림-565a31563d2e96c4,경제전망보고서 2024년 5월,그림,2-32,베버리지 곡선1),사용 데이터·출처; 설명,research/bok-archive/03-경제전망보고서/2024-05-23_경제전망보고서(2024년 5월)/2024년 5월 경제전망보고서(Indigo Book).pdf,36,번호 직결 인용 없음 또는 문장 조각·중복 배정 제외
BOK-20240523-dba6c8b428b7-그림-87f5c40dde6b5b6c,경제전망보고서 2024년 5월,그림,3-1,주요기관의 2024년 국내성장률 전망 분포1),단위; 데이터 형태; 종류; 설명,research/bok-archive/03-경제전망보고서/2024-05-23_경제전망보고서(2024년 5월)/2024년 5월 경제전망보고서(Indigo Book).pdf,39,허용 종류로 판별 불가 또는 표 구조 미확인; 번호 직결 인용 없음 또는 문장 조각·중복 배정 제외
BOK-20240523-dba6c8b428b7-그림-84edd2c1a7bd6ad8,경제전망보고서 2024년 5월,그림,3-2,지정학적 위험지수1),단위; 데이터 형태; 설명,research/bok-archive/03-경제전망보고서/2024-05-23_경제전망보고서(2024년 5월)/2024년 5월 경제전망보고서(Indigo Book).pdf,40,번호 직결 인용 없음 또는 문장 조각·중복 배정 제외
BOK-20240523-dba6c8b428b7-그림-00c5c30773bafecb,경제전망보고서 2024년 5월,그림,3-3,시장의 주요국 pivot 예상 시점1),단위; 데이터 형태; 통계기법·지수; 설명,research/bok-archive/03-경제전망보고서/2024-05-23_경제전망보고서(2024년 5월)/2024년 5월 경제전망보고서(Indigo Book).pdf,40,번호 직결 인용 없음 또는 문장 조각·중복 배정 제외
BOK-20240523-dba6c8b428b7-그림-b99334927f0bce3e,경제전망보고서 2024년 5월,그림,3-4,R&D와 혁신실적 간 관계1),사용 데이터·출처; 단위; 데이터 형태; 통계기법·지수; 설명,research/bok-archive/03-경제전망보고서/2024-05-23_경제전망보고서(2024년 5월)/2024년 5월 경제전망보고서(Indigo Book).pdf,88,번호 직결 인용 없음 또는 문장 조각·중복 배정 제외
BOK-20240523-dba6c8b428b7-그림-855efe0c2e9aba15,경제전망보고서 2024년 5월,그림,3-5,유형별 R&D와 혁신실적 간 관계 분석결과1),사용 데이터·출처; 단위; 데이터 형태; 통계기법·지수,research/bok-archive/03-경제전망보고서/2024-05-23_경제전망보고서(2024년 5월)/2024년 5월 경제전망보고서(Indigo Book).pdf,89,출처·단위·데이터 형태 등 미확인
BOK-20240523-dba6c8b428b7-그림-d961d6f9fa14bfae,경제전망보고서 2024년 5월,그림,3-6,유형별 R&D와 혁신실적 간 관계 분석결과 – 기업규모별 분석1),사용 데이터·출처; 단위; 데이터 형태; 통계기법·지수,research/bok-archive/03-경제전망보고서/2024-05-23_경제전망보고서(2024년 5월)/2024년 5월 경제전망보고서(Indigo Book).pdf,90,출처·단위·데이터 형태 등 미확인
BOK-20240523-dba6c8b428b7-그림-96a982c8fddbe0ef,경제전망보고서 2024년 5월,그림,3-7,벤처캐피탈 접근성과 혁신실적 간 관계 분석결과,사용 데이터·출처; 단위; 데이터 형태; 통계기법·지수,research/bok-archive/03-경제전망보고서/2024-05-23_경제전망보고서(2024년 5월)/2024년 5월 경제전망보고서(Indigo Book).pdf,92,출처·단위·데이터 형태 등 미확인
BOK-20240523-dba6c8b428b7-그림-d563cd8a488397cb,경제전망보고서 2024년 5월,그림,3-8,벤처캐피탈 접근성과 혁신실적 간 관계 분석결과 – 투자회수시장 규모별 분석,사용 데이터·출처; 단위; 데이터 형태; 통계기법·지수,research/bok-archive/03-경제전망보고서/2024-05-23_경제전망보고서(2024년 5월)/2024년 5월 경제전망보고서(Indigo Book).pdf,93,출처·단위·데이터 형태 등 미확인
BOK-20240523-dba6c8b428b7-그림-c029c77058e54e98,경제전망보고서 2024년 5월,그림,3-9,벤처캐피탈 투자규모와 혁신실적 간 관계 분석결과,사용 데이터·출처; 단위; 데이터 형태; 통계기법·지수,research/bok-archive/03-경제전망보고서/2024-05-23_경제전망보고서(2024년 5월)/2024년 5월 경제전망보고서(Indigo Book).pdf,94,출처·단위·데이터 형태 등 미확인
BOK-20240523-dba6c8b428b7-그림-5130b565947c77e3,경제전망보고서 2024년 5월,그림,3-10,분석대상 집단별 향후 창업 성향1),사용 데이터·출처; 데이터 형태; 통계기법·지수,research/bok-archive/03-경제전망보고서/2024-05-23_경제전망보고서(2024년 5월)/2024년 5월 경제전망보고서(Indigo Book).pdf,96,출처·단위·데이터 형태 등 미확인
BOK-20240523-dba6c8b428b7-그림-e29955301f382f3e,경제전망보고서 2024년 5월,그림,3-11,창업여부 및 창업의향 분석결과,사용 데이터·출처; 데이터 형태; 통계기법·지수,research/bok-archive/03-경제전망보고서/2024-05-23_경제전망보고서(2024년 5월)/2024년 5월 경제전망보고서(Indigo Book).pdf,96,출처·단위·데이터 형태 등 미확인
BOK-20240523-dba6c8b428b7-그림-fb6de9f55fc323f0,경제전망보고서 2024년 5월,그림,4-1,연구활동 지원정책의 경제적 효과,사용 데이터·출처; 단위; 데이터 형태; 통계기법·지수,research/bok-archive/03-경제전망보고서/2024-05-23_경제전망보고서(2024년 5월)/2024년 5월 경제전망보고서(Indigo Book).pdf,100,출처·단위·데이터 형태 등 미확인
BOK-20240523-dba6c8b428b7-그림-c8b77c5f5a057e47,경제전망보고서 2024년 5월,그림,4-2,혁신신생기업 육성정책의 경제적 효과,사용 데이터·출처; 단위; 데이터 형태; 통계기법·지수,research/bok-archive/03-경제전망보고서/2024-05-23_경제전망보고서(2024년 5월)/2024년 5월 경제전망보고서(Indigo Book).pdf,101,출처·단위·데이터 형태 등 미확인
BOK-20240523-dba6c8b428b7-표-fd36bd04e789077d,경제전망보고서 2024년 5월,표,2-1,출입국자수 추이1),종류; 설명,research/bok-archive/03-경제전망보고서/2024-05-23_경제전망보고서(2024년 5월)/2024년 5월 경제전망보고서(Indigo Book).pdf,31,허용 종류로 판별 불가 또는 표 구조 미확인; 번호 직결 인용 없음 또는 문장 조각·중복 배정 제외
BOK-20240523-dba6c8b428b7-표-e90dcc13fb9c8a1f,경제전망보고서 2024년 5월,표,3-1,시나리오별 주요 전제 및 결과,사용 데이터·출처; 데이터 형태; 종류; 설명,research/bok-archive/03-경제전망보고서/2024-05-23_경제전망보고서(2024년 5월)/2024년 5월 경제전망보고서(Indigo Book).pdf,41,허용 종류로 판별 불가 또는 표 구조 미확인; 번호 직결 인용 없음 또는 문장 조각·중복 배정 제외
BOK-20240523-dba6c8b428b7-표-6cbc2345f7c5e043,경제전망보고서 2024년 5월,표,3-2,기업패널분석 변수,사용 데이터·출처; 단위; 데이터 형태; 종류; 설명,research/bok-archive/03-경제전망보고서/2024-05-23_경제전망보고서(2024년 5월)/2024년 5월 경제전망보고서(Indigo Book).pdf,88,허용 종류로 판별 불가 또는 표 구조 미확인; 번호 직결 인용 없음 또는 문장 조각·중복 배정 제외
BOK-20240523-dba6c8b428b7-표-59b8b5f3f0d7e0cd,경제전망보고서 2024년 5월,표,3-3,국가패널분석 변수,사용 데이터·출처; 단위; 데이터 형태; 종류; 설명,research/bok-archive/03-경제전망보고서/2024-05-23_경제전망보고서(2024년 5월)/2024년 5월 경제전망보고서(Indigo Book).pdf,92,허용 종류로 판별 불가 또는 표 구조 미확인; 번호 직결 인용 없음 또는 문장 조각·중복 배정 제외
BOK-20240523-dba6c8b428b7-표-4bc56f67e0662706,경제전망보고서 2024년 5월,표,3-4,기업패널분석 변수,사용 데이터·출처; 단위; 데이터 형태; 종류; 설명,research/bok-archive/03-경제전망보고서/2024-05-23_경제전망보고서(2024년 5월)/2024년 5월 경제전망보고서(Indigo Book).pdf,94,허용 종류로 판별 불가 또는 표 구조 미확인; 번호 직결 인용 없음 또는 문장 조각·중복 배정 제외
BOK-20240523-dba6c8b428b7-표-b41707bd02347781,경제전망보고서 2024년 5월,표,3-5,학생집단별 학업 및 입시 성과,사용 데이터·출처; 단위; 종류; 통계기법·지수,research/bok-archive/03-경제전망보고서/2024-05-23_경제전망보고서(2024년 5월)/2024년 5월 경제전망보고서(Indigo Book).pdf,95,허용 종류로 판별 불가 또는 표 구조 미확인
BOK-20240822-c9e8deb1c2eb-그림-f162afaf71ec42cb,경제전망보고서 2024년 8월,그림,1-1,OECD 종합선행지수·,단위; 데이터 형태; 설명,research/bok-archive/03-경제전망보고서/2024-08-22_경제전망보고서(2024년 8월)/2024년 8월 경제전망보고서(Indigo Book)_241029ff.pdf,12,번호 직결 인용 없음 또는 문장 조각·중복 배정 제외
BOK-20240822-c9e8deb1c2eb-그림-d9122997e872e55e,경제전망보고서 2024년 8월,그림,1-2,글로벌 제조업 신규주문PMI,단위; 데이터 형태; 통계기법·지수; 설명,research/bok-archive/03-경제전망보고서/2024-08-22_경제전망보고서(2024년 8월)/2024년 8월 경제전망보고서(Indigo Book)_241029ff.pdf,12,번호 직결 인용 없음 또는 문장 조각·중복 배정 제외
BOK-20240822-c9e8deb1c2eb-그림-daf68c0fc341c3c3,경제전망보고서 2024년 8월,그림,1-3,국가별 상품교역,사용 데이터·출처; 단위; 데이터 형태; 설명,research/bok-archive/03-경제전망보고서/2024-08-22_경제전망보고서(2024년 8월)/2024년 8월 경제전망보고서(Indigo Book)_241029ff.pdf,12,번호 직결 인용 없음 또는 문장 조각·중복 배정 제외
BOK-20240822-c9e8deb1c2eb-그림-187e7c64a2a8e478,경제전망보고서 2024년 8월,그림,1-4,미국 GDP 성장률 및 기여도,단위; 데이터 형태; 설명,research/bok-archive/03-경제전망보고서/2024-08-22_경제전망보고서(2024년 8월)/2024년 8월 경제전망보고서(Indigo Book)_241029ff.pdf,12,번호 직결 인용 없음 또는 문장 조각·중복 배정 제외
BOK-20240822-c9e8deb1c2eb-그림-3a9f33e0d3c9104c,경제전망보고서 2024년 8월,그림,1-5,미국 소비자물가상승률 및 기여도,사용 데이터·출처; 단위; 데이터 형태; 설명,research/bok-archive/03-경제전망보고서/2024-08-22_경제전망보고서(2024년 8월)/2024년 8월 경제전망보고서(Indigo Book)_241029ff.pdf,12,번호 직결 인용 없음 또는 문장 조각·중복 배정 제외
BOK-20240822-c9e8deb1c2eb-그림-9bbbbeab6ca8d16c,경제전망보고서 2024년 8월,그림,1-6,유로지역 및 주요국 GDP 성장률,단위; 데이터 형태; 설명,research/bok-archive/03-경제전망보고서/2024-08-22_경제전망보고서(2024년 8월)/2024년 8월 경제전망보고서(Indigo Book)_241029ff.pdf,13,번호 직결 인용 없음 또는 문장 조각·중복 배정 제외
BOK-20240822-c9e8deb1c2eb-그림-f886e2cf4a851a1a,경제전망보고서 2024년 8월,그림,1-7,유로지역 물가상승률,사용 데이터·출처; 단위; 데이터 형태; 설명,research/bok-archive/03-경제전망보고서/2024-08-22_경제전망보고서(2024년 8월)/2024년 8월 경제전망보고서(Indigo Book)_241029ff.pdf,13,번호 직결 인용 없음 또는 문장 조각·중복 배정 제외
BOK-20240822-c9e8deb1c2eb-그림-4b691182607d9cd7,경제전망보고서 2024년 8월,그림,1-8,"중국 소매판매, 수출 및 소비자신뢰지수",설명,research/bok-archive/03-경제전망보고서/2024-08-22_경제전망보고서(2024년 8월)/2024년 8월 경제전망보고서(Indigo Book)_241029ff.pdf,14,번호 직결 인용 없음 또는 문장 조각·중복 배정 제외
BOK-20240822-c9e8deb1c2eb-그림-ecdbe2ee61430400,경제전망보고서 2024년 8월,그림,1-9,중국 부문별 고정자산투자1),단위; 통계기법·지수; 설명,research/bok-archive/03-경제전망보고서/2024-08-22_경제전망보고서(2024년 8월)/2024년 8월 경제전망보고서(Indigo Book)_241029ff.pdf,14,번호 직결 인용 없음 또는 문장 조각·중복 배정 제외
BOK-20240822-c9e8deb1c2eb-그림-84976f382f5add13,경제전망보고서 2024년 8월,그림,1-10,일본 GDP 성장률 및 기여도,단위; 데이터 형태; 설명,research/bok-archive/03-경제전망보고서/2024-08-22_경제전망보고서(2024년 8월)/2024년 8월 경제전망보고서(Indigo Book)_241029ff.pdf,15,번호 직결 인용 없음 또는 문장 조각·중복 배정 제외
BOK-20240822-c9e8deb1c2eb-그림-35e9e2fa89a82d36,경제전망보고서 2024년 8월,그림,1-11,일본 임금 및 소비자물가 상승률1),사용 데이터·출처; 단위; 데이터 형태; 설명,research/bok-archive/03-경제전망보고서/2024-08-22_경제전망보고서(2024년 8월)/2024년 8월 경제전망보고서(Indigo Book)_241029ff.pdf,15,번호 직결 인용 없음 또는 문장 조각·중복 배정 제외
BOK-20240822-c9e8deb1c2eb-그림-e35f9876ee601a11,경제전망보고서 2024년 8월,그림,1-12,인도 실물지표,데이터 형태; 통계기법·지수; 설명,research/bok-archive/03-경제전망보고서/2024-08-22_경제전망보고서(2024년 8월)/2024년 8월 경제전망보고서(Indigo Book)_241029ff.pdf,17,번호 직결 인용 없음 또는 문장 조각·중복 배정 제외
BOK-20240822-c9e8deb1c2eb-그림-b8df0a5e4595e9f5,경제전망보고서 2024년 8월,그림,1-13,아세안5국 실물지표1),데이터 형태; 통계기법·지수; 설명,research/bok-archive/03-경제전망보고서/2024-08-22_경제전망보고서(2024년 8월)/2024년 8월 경제전망보고서(Indigo Book)_241029ff.pdf,17,번호 직결 인용 없음 또는 문장 조각·중복 배정 제외
BOK-20240822-c9e8deb1c2eb-그림-313a400ab7b96d9c,경제전망보고서 2024년 8월,그림,1-14,주요 신흥국 소비자물가 상승률1),데이터 형태; 설명,research/bok-archive/03-경제전망보고서/2024-08-22_경제전망보고서(2024년 8월)/2024년 8월 경제전망보고서(Indigo Book)_241029ff.pdf,17,번호 직결 인용 없음 또는 문장 조각·중복 배정 제외
BOK-20240822-c9e8deb1c2eb-그림-8fd1cd13a260433f,경제전망보고서 2024년 8월,그림,1-15,국제유가,단위; 데이터 형태; 설명,research/bok-archive/03-경제전망보고서/2024-08-22_경제전망보고서(2024년 8월)/2024년 8월 경제전망보고서(Indigo Book)_241029ff.pdf,17,번호 직결 인용 없음 또는 문장 조각·중복 배정 제외
BOK-20240822-c9e8deb1c2eb-그림-f2a700e4385ef5d7,경제전망보고서 2024년 8월,그림,1-16,중국 원유수입과 경제성장률,단위; 데이터 형태; 설명,research/bok-archive/03-경제전망보고서/2024-08-22_경제전망보고서(2024년 8월)/2024년 8월 경제전망보고서(Indigo Book)_241029ff.pdf,17,번호 직결 인용 없음 또는 문장 조각·중복 배정 제외
BOK-20240822-c9e8deb1c2eb-그림-10779bbd44c366f8,경제전망보고서 2024년 8월,그림,1-17,글로벌 원유수요 전망(전년대비 증감),단위; 데이터 형태; 통계기법·지수; 설명,research/bok-archive/03-경제전망보고서/2024-08-22_경제전망보고서(2024년 8월)/2024년 8월 경제전망보고서(Indigo Book)_241029ff.pdf,17,번호 직결 인용 없음 또는 문장 조각·중복 배정 제외
BOK-20240822-c9e8deb1c2eb-그림-5eb7b05eb4a7855a,경제전망보고서 2024년 8월,그림,1-18,통합재정지출1)2) 전망,단위; 설명,research/bok-archive/03-경제전망보고서/2024-08-22_경제전망보고서(2024년 8월)/2024년 8월 경제전망보고서(Indigo Book)_241029ff.pdf,18,번호 직결 인용 없음 또는 문장 조각·중복 배정 제외
BOK-20240822-c9e8deb1c2eb-그림-5c0fa5b5faff8816,경제전망보고서 2024년 8월,그림,1-19,분기별 통합재정지출1) 추이,사용 데이터·출처; 단위; 데이터 형태; 통계기법·지수; 설명,research/bok-archive/03-경제전망보고서/2024-08-22_경제전망보고서(2024년 8월)/2024년 8월 경제전망보고서(Indigo Book)_241029ff.pdf,18,번호 직결 인용 없음 또는 문장 조각·중복 배정 제외
BOK-20240822-c9e8deb1c2eb-그림-d0340acc479c6077,경제전망보고서 2024년 8월,그림,1-20,주택 매매가격,단위; 데이터 형태; 통계기법·지수; 설명,research/bok-archive/03-경제전망보고서/2024-08-22_경제전망보고서(2024년 8월)/2024년 8월 경제전망보고서(Indigo Book)_241029ff.pdf,19,번호 직결 인용 없음 또는 문장 조각·중복 배정 제외
BOK-20240822-c9e8deb1c2eb-그림-6cdfd9c6239e2f41,경제전망보고서 2024년 8월,그림,1-21,아파트 매매거래량1),단위; 데이터 형태; 설명,research/bok-archive/03-경제전망보고서/2024-08-22_경제전망보고서(2024년 8월)/2024년 8월 경제전망보고서(Indigo Book)_241029ff.pdf,19,번호 직결 인용 없음 또는 문장 조각·중복 배정 제외
BOK-20240822-c9e8deb1c2eb-그림-00f96fb070ffc5fa,경제전망보고서 2024년 8월,그림,1-22,주택매매수급지수1),단위; 데이터 형태; 설명,research/bok-archive/03-경제전망보고서/2024-08-22_경제전망보고서(2024년 8월)/2024년 8월 경제전망보고서(Indigo Book)_241029ff.pdf,20,번호 직결 인용 없음 또는 문장 조각·중복 배정 제외
BOK-20240822-c9e8deb1c2eb-그림-772b9af72654f8c2,경제전망보고서 2024년 8월,그림,1-23,미분양,단위; 데이터 형태; 설명,research/bok-archive/03-경제전망보고서/2024-08-22_경제전망보고서(2024년 8월)/2024년 8월 경제전망보고서(Indigo Book)_241029ff.pdf,20,번호 직결 인용 없음 또는 문장 조각·중복 배정 제외
BOK-20240822-c9e8deb1c2eb-그림-df54fa57018f57fd,경제전망보고서 2024년 8월,그림,1-24,1인당 명목임금 상승률,단위; 데이터 형태; 설명,research/bok-archive/03-경제전망보고서/2024-08-22_경제전망보고서(2024년 8월)/2024년 8월 경제전망보고서(Indigo Book)_241029ff.pdf,21,번호 직결 인용 없음 또는 문장 조각·중복 배정 제외
BOK-20240822-c9e8deb1c2eb-그림-631622a3ca9f4268,경제전망보고서 2024년 8월,그림,1-25,상용직 정액급여 상승률,단위; 데이터 형태; 설명,research/bok-archive/03-경제전망보고서/2024-08-22_경제전망보고서(2024년 8월)/2024년 8월 경제전망보고서(Indigo Book)_241029ff.pdf,21,번호 직결 인용 없음 또는 문장 조각·중복 배정 제외
BOK-20240822-c9e8deb1c2eb-그림-6427efddaf19c333,경제전망보고서 2024년 8월,그림,1-26,국고채 및 미 국채 금리,데이터 형태; 설명,research/bok-archive/03-경제전망보고서/2024-08-22_경제전망보고서(2024년 8월)/2024년 8월 경제전망보고서(Indigo Book)_241029ff.pdf,21,번호 직결 인용 없음 또는 문장 조각·중복 배정 제외
BOK-20240822-c9e8deb1c2eb-그림-6de32c1b105408c2,경제전망보고서 2024년 8월,그림,1-27,한국 및 미국 주가,사용 데이터·출처; 데이터 형태; 설명,research/bok-archive/03-경제전망보고서/2024-08-22_경제전망보고서(2024년 8월)/2024년 8월 경제전망보고서(Indigo Book)_241029ff.pdf,21,번호 직결 인용 없음 또는 문장 조각·중복 배정 제외
BOK-20240822-c9e8deb1c2eb-그림-c65a689f9e7d3228,경제전망보고서 2024년 8월,그림,1-28,가계대출1)2) 증감,단위; 데이터 형태; 통계기법·지수; 설명,research/bok-archive/03-경제전망보고서/2024-08-22_경제전망보고서(2024년 8월)/2024년 8월 경제전망보고서(Indigo Book)_241029ff.pdf,22,번호 직결 인용 없음 또는 문장 조각·중복 배정 제외
BOK-20240822-c9e8deb1c2eb-그림-f98c60a79fdd6d6f,경제전망보고서 2024년 8월,그림,1-29,은행1) 기업대출 증감,단위; 데이터 형태; 통계기법·지수; 설명,research/bok-archive/03-경제전망보고서/2024-08-22_경제전망보고서(2024년 8월)/2024년 8월 경제전망보고서(Indigo Book)_241029ff.pdf,22,번호 직결 인용 없음 또는 문장 조각·중복 배정 제외
BOK-20240822-c9e8deb1c2eb-그림-7e74efaef3e36219,경제전망보고서 2024년 8월,그림,1-30,기업 직접금융 조달,단위; 데이터 형태; 설명,research/bok-archive/03-경제전망보고서/2024-08-22_경제전망보고서(2024년 8월)/2024년 8월 경제전망보고서(Indigo Book)_241029ff.pdf,22,번호 직결 인용 없음 또는 문장 조각·중복 배정 제외
BOK-20240822-c9e8deb1c2eb-그림-882d4162c4759349,경제전망보고서 2024년 8월,그림,2-1,지출 부문별 기여도,단위; 데이터 형태; 설명,research/bok-archive/03-경제전망보고서/2024-08-22_경제전망보고서(2024년 8월)/2024년 8월 경제전망보고서(Indigo Book)_241029ff.pdf,25,번호 직결 인용 없음 또는 문장 조각·중복 배정 제외
BOK-20240822-c9e8deb1c2eb-그림-a972c86de5f936e8,경제전망보고서 2024년 8월,그림,2-2,내수·수출 순성장기여도1),단위; 데이터 형태; 설명,research/bok-archive/03-경제전망보고서/2024-08-22_경제전망보고서(2024년 8월)/2024년 8월 경제전망보고서(Indigo Book)_241029ff.pdf,25,번호 직결 인용 없음 또는 문장 조각·중복 배정 제외
BOK-20240822-c9e8deb1c2eb-그림-8c826882e6c2fd2b,경제전망보고서 2024년 8월,그림,2-3,24년 성장전망,단위; 데이터 형태; 통계기법·지수; 설명,research/bok-archive/03-경제전망보고서/2024-08-22_경제전망보고서(2024년 8월)/2024년 8월 경제전망보고서(Indigo Book)_241029ff.pdf,25,번호 직결 인용 없음 또는 문장 조각·중복 배정 제외
BOK-20240822-c9e8deb1c2eb-그림-3468650a87fe0e97,경제전망보고서 2024년 8월,그림,2-4,GDP 민간소비와 소비관련 지표,데이터 형태; 통계기법·지수; 설명,research/bok-archive/03-경제전망보고서/2024-08-22_경제전망보고서(2024년 8월)/2024년 8월 경제전망보고서(Indigo Book)_241029ff.pdf,26,번호 직결 인용 없음 또는 문장 조각·중복 배정 제외
BOK-20240822-c9e8deb1c2eb-그림-201fb63b85f21ed3,경제전망보고서 2024년 8월,그림,2-5,가계 실질노동소득1),단위; 데이터 형태; 설명,research/bok-archive/03-경제전망보고서/2024-08-22_경제전망보고서(2024년 8월)/2024년 8월 경제전망보고서(Indigo Book)_241029ff.pdf,26,번호 직결 인용 없음 또는 문장 조각·중복 배정 제외
BOK-20240822-c9e8deb1c2eb-그림-07927bf66b8ebb94,경제전망보고서 2024년 8월,그림,2-6,GDP 건설투자,단위; 데이터 형태; 설명,research/bok-archive/03-경제전망보고서/2024-08-22_경제전망보고서(2024년 8월)/2024년 8월 경제전망보고서(Indigo Book)_241029ff.pdf,27,번호 직결 인용 없음 또는 문장 조각·중복 배정 제외
BOK-20240822-c9e8deb1c2eb-그림-29cab03a70129b79,경제전망보고서 2024년 8월,그림,2-7,건물건설 및 건축수주·착공1),단위; 데이터 형태; 통계기법·지수; 설명,research/bok-archive/03-경제전망보고서/2024-08-22_경제전망보고서(2024년 8월)/2024년 8월 경제전망보고서(Indigo Book)_241029ff.pdf,27,번호 직결 인용 없음 또는 문장 조각·중복 배정 제외
BOK-20240822-c9e8deb1c2eb-그림-cafc093f65874ad1,경제전망보고서 2024년 8월,그림,2-8,GDP 설비투자,단위; 데이터 형태; 설명,research/bok-archive/03-경제전망보고서/2024-08-22_경제전망보고서(2024년 8월)/2024년 8월 경제전망보고서(Indigo Book)_241029ff.pdf,27,번호 직결 인용 없음 또는 문장 조각·중복 배정 제외
BOK-20240822-c9e8deb1c2eb-그림-96d148f288c486da,경제전망보고서 2024년 8월,그림,2-9,자본재 수입가격1) 및 수입액,단위; 데이터 형태; 통계기법·지수; 설명,research/bok-archive/03-경제전망보고서/2024-08-22_경제전망보고서(2024년 8월)/2024년 8월 경제전망보고서(Indigo Book)_241029ff.pdf,27,번호 직결 인용 없음 또는 문장 조각·중복 배정 제외
BOK-20240822-c9e8deb1c2eb-그림-f9c6633c049456ce,경제전망보고서 2024년 8월,그림,2-10,GDP 지식재산생산물투자,단위; 데이터 형태; 설명,research/bok-archive/03-경제전망보고서/2024-08-22_경제전망보고서(2024년 8월)/2024년 8월 경제전망보고서(Indigo Book)_241029ff.pdf,28,번호 직결 인용 없음 또는 문장 조각·중복 배정 제외
BOK-20240822-c9e8deb1c2eb-그림-566834343c258ee5,경제전망보고서 2024년 8월,그림,2-11,소프트웨어 매출액 및 증감률,단위; 데이터 형태; 통계기법·지수; 설명,research/bok-archive/03-경제전망보고서/2024-08-22_경제전망보고서(2024년 8월)/2024년 8월 경제전망보고서(Indigo Book)_241029ff.pdf,28,번호 직결 인용 없음 또는 문장 조각·중복 배정 제외
BOK-20240822-c9e8deb1c2eb-그림-63c59ad1c0cb6eb6,경제전망보고서 2024년 8월,그림,2-12,재화수출 및 재화수입1),단위; 데이터 형태; 통계기법·지수; 설명,research/bok-archive/03-경제전망보고서/2024-08-22_경제전망보고서(2024년 8월)/2024년 8월 경제전망보고서(Indigo Book)_241029ff.pdf,29,번호 직결 인용 없음 또는 문장 조각·중복 배정 제외
BOK-20240822-c9e8deb1c2eb-그림-121cd823f0df5d07,경제전망보고서 2024년 8월,그림,2-13,주요기관들의 한국 반도체,단위; 데이터 형태; 분석 목적; 통계기법·지수; 설명,research/bok-archive/03-경제전망보고서/2024-08-22_경제전망보고서(2024년 8월)/2024년 8월 경제전망보고서(Indigo Book)_241029ff.pdf,29,제목·계열·직접 인용의 해석 근거 부족; 번호 직결 인용 없음 또는 문장 조각·중복 배정 제외
BOK-20240822-c9e8deb1c2eb-그림-ae0b04d03076f3c6,경제전망보고서 2024년 8월,그림,2-14,글로벌 자동차 시장 생산,단위; 데이터 형태; 분석 목적; 통계기법·지수; 설명,research/bok-archive/03-경제전망보고서/2024-08-22_경제전망보고서(2024년 8월)/2024년 8월 경제전망보고서(Indigo Book)_241029ff.pdf,29,제목·계열·직접 인용의 해석 근거 부족; 번호 직결 인용 없음 또는 문장 조각·중복 배정 제외
BOK-20240822-c9e8deb1c2eb-그림-9d65f934e03ea85d,경제전망보고서 2024년 8월,그림,2-15,통관수출 품목별 기여도,단위; 데이터 형태; 설명,research/bok-archive/03-경제전망보고서/2024-08-22_경제전망보고서(2024년 8월)/2024년 8월 경제전망보고서(Indigo Book)_241029ff.pdf,30,번호 직결 인용 없음 또는 문장 조각·중복 배정 제외
BOK-20240822-c9e8deb1c2eb-그림-425259094ef7423e,경제전망보고서 2024년 8월,그림,2-16,통관수입 성질별 기여도,데이터 형태; 설명,research/bok-archive/03-경제전망보고서/2024-08-22_경제전망보고서(2024년 8월)/2024년 8월 경제전망보고서(Indigo Book)_241029ff.pdf,30,번호 직결 인용 없음 또는 문장 조각·중복 배정 제외
BOK-20240822-c9e8deb1c2eb-그림-8a345937e4c743a7,경제전망보고서 2024년 8월,그림,2-17,경상수지,단위; 설명,research/bok-archive/03-경제전망보고서/2024-08-22_경제전망보고서(2024년 8월)/2024년 8월 경제전망보고서(Indigo Book)_241029ff.pdf,31,번호 직결 인용 없음 또는 문장 조각·중복 배정 제외
BOK-20240822-c9e8deb1c2eb-그림-812a9aae4c28de7d,경제전망보고서 2024년 8월,그림,2-18,경상수지1) 전망경로,데이터 형태; 설명,research/bok-archive/03-경제전망보고서/2024-08-22_경제전망보고서(2024년 8월)/2024년 8월 경제전망보고서(Indigo Book)_241029ff.pdf,31,번호 직결 인용 없음 또는 문장 조각·중복 배정 제외
BOK-20240822-c9e8deb1c2eb-그림-91d8b8098dadc4d4,경제전망보고서 2024년 8월,그림,2-19,소비자물가 및 근원물가,단위; 데이터 형태; 설명,research/bok-archive/03-경제전망보고서/2024-08-22_경제전망보고서(2024년 8월)/2024년 8월 경제전망보고서(Indigo Book)_241029ff.pdf,32,번호 직결 인용 없음 또는 문장 조각·중복 배정 제외
BOK-20240822-c9e8deb1c2eb-그림-56fef467d9e9fbe1,경제전망보고서 2024년 8월,그림,2-20,월별 상승률 차이 분해1),단위; 데이터 형태; 설명,research/bok-archive/03-경제전망보고서/2024-08-22_경제전망보고서(2024년 8월)/2024년 8월 경제전망보고서(Indigo Book)_241029ff.pdf,32,번호 직결 인용 없음 또는 문장 조각·중복 배정 제외
BOK-20240822-c9e8deb1c2eb-그림-893b6a9891742d94,경제전망보고서 2024년 8월,그림,2-21,소비자물가 상승률 및 기여도,단위; 데이터 형태; 설명,research/bok-archive/03-경제전망보고서/2024-08-22_경제전망보고서(2024년 8월)/2024년 8월 경제전망보고서(Indigo Book)_241029ff.pdf,33,번호 직결 인용 없음 또는 문장 조각·중복 배정 제외
BOK-20240822-c9e8deb1c2eb-그림-65413abd81a8f35f,경제전망보고서 2024년 8월,그림,2-22,근원물가 상승률 및 기여도,단위; 데이터 형태; 설명,research/bok-archive/03-경제전망보고서/2024-08-22_경제전망보고서(2024년 8월)/2024년 8월 경제전망보고서(Indigo Book)_241029ff.pdf,33,번호 직결 인용 없음 또는 문장 조각·중복 배정 제외
BOK-20240822-c9e8deb1c2eb-그림-3300cda033f0a457,경제전망보고서 2024년 8월,그림,2-23,소비자물가 상승률 전망,단위; 데이터 형태; 설명,research/bok-archive/03-경제전망보고서/2024-08-22_경제전망보고서(2024년 8월)/2024년 8월 경제전망보고서(Indigo Book)_241029ff.pdf,33,번호 직결 인용 없음 또는 문장 조각·중복 배정 제외
BOK-20240822-c9e8deb1c2eb-그림-70df7044fcbaef94,경제전망보고서 2024년 8월,그림,2-24,근원물가 상승률 전망,사용 데이터·출처; 단위; 데이터 형태; 설명,research/bok-archive/03-경제전망보고서/2024-08-22_경제전망보고서(2024년 8월)/2024년 8월 경제전망보고서(Indigo Book)_241029ff.pdf,33,번호 직결 인용 없음 또는 문장 조각·중복 배정 제외
BOK-20240822-c9e8deb1c2eb-그림-8f6b89fad14c471d,경제전망보고서 2024년 8월,그림,2-25,휘발유 및 경유가격,단위; 통계기법·지수; 설명,research/bok-archive/03-경제전망보고서/2024-08-22_경제전망보고서(2024년 8월)/2024년 8월 경제전망보고서(Indigo Book)_241029ff.pdf,34,번호 직결 인용 없음 또는 문장 조각·중복 배정 제외
BOK-20240822-c9e8deb1c2eb-그림-bca160904fd04d46,경제전망보고서 2024년 8월,그림,2-26,농산물가격,통계기법·지수; 설명,research/bok-archive/03-경제전망보고서/2024-08-22_경제전망보고서(2024년 8월)/2024년 8월 경제전망보고서(Indigo Book)_241029ff.pdf,34,번호 직결 인용 없음 또는 문장 조각·중복 배정 제외
BOK-20240822-c9e8deb1c2eb-그림-59b6f2ea8852ccc5,경제전망보고서 2024년 8월,그림,2-27,국제유가1)2),사용 데이터·출처; 데이터 형태; 설명,research/bok-archive/03-경제전망보고서/2024-08-22_경제전망보고서(2024년 8월)/2024년 8월 경제전망보고서(Indigo Book)_241029ff.pdf,34,번호 직결 인용 없음 또는 문장 조각·중복 배정 제외
BOK-20240822-c9e8deb1c2eb-그림-88c0a486c10c52db,경제전망보고서 2024년 8월,그림,2-28,취업자수 증감,단위; 데이터 형태; 설명,research/bok-archive/03-경제전망보고서/2024-08-22_경제전망보고서(2024년 8월)/2024년 8월 경제전망보고서(Indigo Book)_241029ff.pdf,35,번호 직결 인용 없음 또는 문장 조각·중복 배정 제외
BOK-20240822-c9e8deb1c2eb-그림-574f8ce5150d159b,경제전망보고서 2024년 8월,그림,2-29,실업률 및 고용률,사용 데이터·출처; 단위; 데이터 형태; 설명,research/bok-archive/03-경제전망보고서/2024-08-22_경제전망보고서(2024년 8월)/2024년 8월 경제전망보고서(Indigo Book)_241029ff.pdf,35,번호 직결 인용 없음 또는 문장 조각·중복 배정 제외
BOK-20240822-c9e8deb1c2eb-그림-a38f2f6a180c815a,경제전망보고서 2024년 8월,그림,2-30,성·연령별 취업자수 증감1),단위; 데이터 형태; 설명,research/bok-archive/03-경제전망보고서/2024-08-22_경제전망보고서(2024년 8월)/2024년 8월 경제전망보고서(Indigo Book)_241029ff.pdf,35,번호 직결 인용 없음 또는 문장 조각·중복 배정 제외
BOK-20240822-c9e8deb1c2eb-그림-3e67b85769e52cae,경제전망보고서 2024년 8월,그림,2-31,산업별 취업자수 경로,단위; 데이터 형태; 설명,research/bok-archive/03-경제전망보고서/2024-08-22_경제전망보고서(2024년 8월)/2024년 8월 경제전망보고서(Indigo Book)_241029ff.pdf,35,번호 직결 인용 없음 또는 문장 조각·중복 배정 제외
BOK-20240822-c9e8deb1c2eb-그림-e8da6baccd431ff7,경제전망보고서 2024년 8월,그림,2-32,산업별 빈일자리율,단위; 설명,research/bok-archive/03-경제전망보고서/2024-08-22_경제전망보고서(2024년 8월)/2024년 8월 경제전망보고서(Indigo Book)_241029ff.pdf,36,번호 직결 인용 없음 또는 문장 조각·중복 배정 제외
BOK-20240822-c9e8deb1c2eb-그림-0474aded8a96afad,경제전망보고서 2024년 8월,그림,2-33,노동시장 tightness1),설명,research/bok-archive/03-경제전망보고서/2024-08-22_경제전망보고서(2024년 8월)/2024년 8월 경제전망보고서(Indigo Book)_241029ff.pdf,36,번호 직결 인용 없음 또는 문장 조각·중복 배정 제외
BOK-20240822-c9e8deb1c2eb-그림-f04bc54ab0fd68ca,경제전망보고서 2024년 8월,그림,3-1,시장 참가자들의 2024년 국내성장률 전망 분포1),단위; 데이터 형태; 종류; 설명,research/bok-archive/03-경제전망보고서/2024-08-22_경제전망보고서(2024년 8월)/2024년 8월 경제전망보고서(Indigo Book)_241029ff.pdf,39,허용 종류로 판별 불가 또는 표 구조 미확인; 번호 직결 인용 없음 또는 문장 조각·중복 배정 제외
BOK-20240822-c9e8deb1c2eb-그림-d7bc2f6d2aa5e08b,경제전망보고서 2024년 8월,그림,3-2,미국 경기침체 가능성1),단위; 데이터 형태; 통계기법·지수; 설명,research/bok-archive/03-경제전망보고서/2024-08-22_경제전망보고서(2024년 8월)/2024년 8월 경제전망보고서(Indigo Book)_241029ff.pdf,40,번호 직결 인용 없음 또는 문장 조각·중복 배정 제외
BOK-20240822-c9e8deb1c2eb-그림-a73b70a326684e0a,경제전망보고서 2024년 8월,그림,3-3,반도체 가격 및 교역조건,단위; 데이터 형태; 설명,research/bok-archive/03-경제전망보고서/2024-08-22_경제전망보고서(2024년 8월)/2024년 8월 경제전망보고서(Indigo Book)_241029ff.pdf,40,번호 직결 인용 없음 또는 문장 조각·중복 배정 제외
BOK-20240822-c9e8deb1c2eb-표-a38d29f7859795af,경제전망보고서 2024년 8월,표,3-1,시나리오별 주요 전제 및 결과,사용 데이터·출처; 데이터 형태; 종류; 설명,research/bok-archive/03-경제전망보고서/2024-08-22_경제전망보고서(2024년 8월)/2024년 8월 경제전망보고서(Indigo Book)_241029ff.pdf,41,허용 종류로 판별 불가 또는 표 구조 미확인; 번호 직결 인용 없음 또는 문장 조각·중복 배정 제외
BOK-20251127-47f2bbf60a2a-그림-9ddaa9d68c26d082,경제전망보고서 2025년 11월,그림,1-1,글로벌 PMI,단위; 데이터 형태; 설명,research/bok-archive/03-경제전망보고서/2025-11-27_경제전망보고서(2025년 11월)/2025년 11월 경제전망보고서(Indigo Book)_F4.pdf,15,번호 직결 인용 없음 또는 문장 조각·중복 배정 제외
BOK-20251127-47f2bbf60a2a-그림-54c2bc77d2ae9109,경제전망보고서 2025년 11월,그림,1-2,"참고, 11월 현재 13.9%)",단위; 데이터 형태; 종류; 분석 목적,research/bok-archive/03-경제전망보고서/2025-11-27_경제전망보고서(2025년 11월)/2025년 11월 경제전망보고서(Indigo Book)_F4.pdf,14,허용 종류로 판별 불가 또는 표 구조 미확인; 제목·계열·직접 인용의 해석 근거 부족
BOK-20251127-47f2bbf60a2a-그림-59a9498f8cc23cfc,경제전망보고서 2025년 11월,그림,1-3,美빅테크 자본지출 1),단위; 데이터 형태; 설명,research/bok-archive/03-경제전망보고서/2025-11-27_경제전망보고서(2025년 11월)/2025년 11월 경제전망보고서(Indigo Book)_F4.pdf,15,번호 직결 인용 없음 또는 문장 조각·중복 배정 제외
BOK-20251127-47f2bbf60a2a-그림-dc5e6a8c8a4152b7,경제전망보고서 2025년 11월,그림,1-4,D램NAND 수급 전망,단위; 데이터 형태; 통계기법·지수; 설명,research/bok-archive/03-경제전망보고서/2025-11-27_경제전망보고서(2025년 11월)/2025년 11월 경제전망보고서(Indigo Book)_F4.pdf,15,번호 직결 인용 없음 또는 문장 조각·중복 배정 제외
BOK-20251127-47f2bbf60a2a-그림-fca5566455a322ce,경제전망보고서 2025년 11월,그림,1-5,D램NAND 고정가격,단위; 데이터 형태; 통계기법·지수; 설명,research/bok-archive/03-경제전망보고서/2025-11-27_경제전망보고서(2025년 11월)/2025년 11월 경제전망보고서(Indigo Book)_F4.pdf,15,번호 직결 인용 없음 또는 문장 조각·중복 배정 제외
BOK-20251127-47f2bbf60a2a-그림-689d9bcf8440387c,경제전망보고서 2025년 11월,그림,1-6,미국 개인소비 증감률 및 기여도,단위; 데이터 형태; 설명,research/bok-archive/03-경제전망보고서/2025-11-27_경제전망보고서(2025년 11월)/2025년 11월 경제전망보고서(Indigo Book)_F4.pdf,16,번호 직결 인용 없음 또는 문장 조각·중복 배정 제외
BOK-20251127-47f2bbf60a2a-그림-a4549a264605026d,경제전망보고서 2025년 11월,그림,1-7,미국 고용 상황,단위; 데이터 형태; 통계기법·지수; 설명,research/bok-archive/03-경제전망보고서/2025-11-27_경제전망보고서(2025년 11월)/2025년 11월 경제전망보고서(Indigo Book)_F4.pdf,16,번호 직결 인용 없음 또는 문장 조각·중복 배정 제외
BOK-20251127-47f2bbf60a2a-그림-0ad24de226e03559,경제전망보고서 2025년 11월,그림,1-8,유로지역 및 주요국 GDP 성장률,단위; 데이터 형태; 설명,research/bok-archive/03-경제전망보고서/2025-11-27_경제전망보고서(2025년 11월)/2025년 11월 경제전망보고서(Indigo Book)_F4.pdf,20,번호 직결 인용 없음 또는 문장 조각·중복 배정 제외
BOK-20251127-47f2bbf60a2a-그림-86eced881072a40c,경제전망보고서 2025년 11월,그림,1-9,국방증강 대출 임시 배정액,단위; 데이터 형태; 통계기법·지수; 설명,research/bok-archive/03-경제전망보고서/2025-11-27_경제전망보고서(2025년 11월)/2025년 11월 경제전망보고서(Indigo Book)_F4.pdf,20,번호 직결 인용 없음 또는 문장 조각·중복 배정 제외
BOK-20251127-47f2bbf60a2a-그림-d16fbcf2f2c3cf23,경제전망보고서 2025년 11월,그림,1-10,중국 경제성장률 및 부문별 성장기여도,단위; 데이터 형태; 설명,research/bok-archive/03-경제전망보고서/2025-11-27_경제전망보고서(2025년 11월)/2025년 11월 경제전망보고서(Indigo Book)_F4.pdf,21,번호 직결 인용 없음 또는 문장 조각·중복 배정 제외
BOK-20251127-47f2bbf60a2a-그림-f20d7da1cb9b05c7,경제전망보고서 2025년 11월,그림,1-11,"중국 소매판매, 투자, 수출",단위; 데이터 형태; 통계기법·지수; 설명,research/bok-archive/03-경제전망보고서/2025-11-27_경제전망보고서(2025년 11월)/2025년 11월 경제전망보고서(Indigo Book)_F4.pdf,21,번호 직결 인용 없음 또는 문장 조각·중복 배정 제외
BOK-20251127-47f2bbf60a2a-그림-57841f0cc0ad0182,경제전망보고서 2025년 11월,그림,1-12,일본 GDP 성장기여도1),단위; 데이터 형태; 설명,research/bok-archive/03-경제전망보고서/2025-11-27_경제전망보고서(2025년 11월)/2025년 11월 경제전망보고서(Indigo Book)_F4.pdf,22,번호 직결 인용 없음 또는 문장 조각·중복 배정 제외
BOK-20251127-47f2bbf60a2a-그림-037d273fa7bd3fa5,경제전망보고서 2025년 11월,그림,1-13,"실질임금 상승률,",단위; 데이터 형태; 설명,research/bok-archive/03-경제전망보고서/2025-11-27_경제전망보고서(2025년 11월)/2025년 11월 경제전망보고서(Indigo Book)_F4.pdf,22,번호 직결 인용 없음 또는 문장 조각·중복 배정 제외
BOK-20251127-47f2bbf60a2a-그림-0dcbc23e85409073,경제전망보고서 2025년 11월,그림,1-14,일본 통관수출,단위; 데이터 형태; 통계기법·지수; 설명,research/bok-archive/03-경제전망보고서/2025-11-27_경제전망보고서(2025년 11월)/2025년 11월 경제전망보고서(Indigo Book)_F4.pdf,22,번호 직결 인용 없음 또는 문장 조각·중복 배정 제외
BOK-20251127-47f2bbf60a2a-그림-bea191deb23d8121,경제전망보고서 2025년 11월,그림,1-15,인도 지출부문별 성장률,데이터 형태; 설명,research/bok-archive/03-경제전망보고서/2025-11-27_경제전망보고서(2025년 11월)/2025년 11월 경제전망보고서(Indigo Book)_F4.pdf,23,번호 직결 인용 없음 또는 문장 조각·중복 배정 제외
BOK-20251127-47f2bbf60a2a-그림-e069106669c70c87,경제전망보고서 2025년 11월,그림,1-16,아세안5국 통관수출,사용 데이터·출처; 데이터 형태; 통계기법·지수; 설명,research/bok-archive/03-경제전망보고서/2025-11-27_경제전망보고서(2025년 11월)/2025년 11월 경제전망보고서(Indigo Book)_F4.pdf,23,번호 직결 인용 없음 또는 문장 조각·중복 배정 제외
BOK-20251127-47f2bbf60a2a-그림-200601ab8e5a1e93,경제전망보고서 2025년 11월,그림,1-17,"아세안5국 IT, 비IT 수출",사용 데이터·출처; 데이터 형태; 통계기법·지수; 설명,research/bok-archive/03-경제전망보고서/2025-11-27_경제전망보고서(2025년 11월)/2025년 11월 경제전망보고서(Indigo Book)_F4.pdf,23,번호 직결 인용 없음 또는 문장 조각·중복 배정 제외
BOK-20251127-47f2bbf60a2a-그림-30bccd6fceb501c1,경제전망보고서 2025년 11월,그림,1-18,국제유가,단위; 데이터 형태; 설명,research/bok-archive/03-경제전망보고서/2025-11-27_경제전망보고서(2025년 11월)/2025년 11월 경제전망보고서(Indigo Book)_F4.pdf,24,번호 직결 인용 없음 또는 문장 조각·중복 배정 제외
BOK-20251127-47f2bbf60a2a-그림-aecc342e521afeca,경제전망보고서 2025년 11월,그림,1-19,글로벌 원유 초과공급 전망1),단위; 데이터 형태; 통계기법·지수; 설명,research/bok-archive/03-경제전망보고서/2025-11-27_경제전망보고서(2025년 11월)/2025년 11월 경제전망보고서(Indigo Book)_F4.pdf,24,번호 직결 인용 없음 또는 문장 조각·중복 배정 제외
BOK-20251127-47f2bbf60a2a-그림-0b35bf3941475426,경제전망보고서 2025년 11월,그림,1-20,통합재정지출1) 전망,단위; 데이터 형태; 설명,research/bok-archive/03-경제전망보고서/2025-11-27_경제전망보고서(2025년 11월)/2025년 11월 경제전망보고서(Indigo Book)_F4.pdf,25,번호 직결 인용 없음 또는 문장 조각·중복 배정 제외
BOK-20251127-47f2bbf60a2a-그림-2a5c4fc78e16f9a3,경제전망보고서 2025년 11월,그림,1-21,관리재정수지1) 전망,단위; 데이터 형태; 설명,research/bok-archive/03-경제전망보고서/2025-11-27_경제전망보고서(2025년 11월)/2025년 11월 경제전망보고서(Indigo Book)_F4.pdf,25,번호 직결 인용 없음 또는 문장 조각·중복 배정 제외
BOK-20251127-47f2bbf60a2a-그림-eeea9f8fad8a62ca,경제전망보고서 2025년 11월,그림,1-22,주간 아파트 매매가격지수1),단위; 데이터 형태; 설명,research/bok-archive/03-경제전망보고서/2025-11-27_경제전망보고서(2025년 11월)/2025년 11월 경제전망보고서(Indigo Book)_F4.pdf,26,번호 직결 인용 없음 또는 문장 조각·중복 배정 제외
BOK-20251127-47f2bbf60a2a-그림-7d5a71ec771ac828,경제전망보고서 2025년 11월,그림,1-23,주간 아파트 전세가격지수1),단위; 데이터 형태; 설명,research/bok-archive/03-경제전망보고서/2025-11-27_경제전망보고서(2025년 11월)/2025년 11월 경제전망보고서(Indigo Book)_F4.pdf,26,번호 직결 인용 없음 또는 문장 조각·중복 배정 제외
BOK-20251127-47f2bbf60a2a-그림-3d8e0ef26782a6dc,경제전망보고서 2025년 11월,그림,1-24,월간 주택 월세가격지수1),단위; 데이터 형태; 설명,research/bok-archive/03-경제전망보고서/2025-11-27_경제전망보고서(2025년 11월)/2025년 11월 경제전망보고서(Indigo Book)_F4.pdf,26,번호 직결 인용 없음 또는 문장 조각·중복 배정 제외
BOK-20251127-47f2bbf60a2a-그림-ee8c2457ffd54bd4,경제전망보고서 2025년 11월,그림,1-25,주택가격전망CSI 및 주택시장소비심리지수,단위; 데이터 형태; 설명,research/bok-archive/03-경제전망보고서/2025-11-27_경제전망보고서(2025년 11월)/2025년 11월 경제전망보고서(Indigo Book)_F4.pdf,27,번호 직결 인용 없음 또는 문장 조각·중복 배정 제외
BOK-20251127-47f2bbf60a2a-그림-6fdf133ed35a4601,경제전망보고서 2025년 11월,그림,1-26,대출태도지수1)와 주택담보대출금리,사용 데이터·출처; 단위; 데이터 형태; 설명,research/bok-archive/03-경제전망보고서/2025-11-27_경제전망보고서(2025년 11월)/2025년 11월 경제전망보고서(Indigo Book)_F4.pdf,27,번호 직결 인용 없음 또는 문장 조각·중복 배정 제외
BOK-20251127-47f2bbf60a2a-그림-4c8a9bf1522612e8,경제전망보고서 2025년 11월,그림,1-27,명목임금 상승률 기여도1),단위; 데이터 형태; 설명,research/bok-archive/03-경제전망보고서/2025-11-27_경제전망보고서(2025년 11월)/2025년 11월 경제전망보고서(Indigo Book)_F4.pdf,28,번호 직결 인용 없음 또는 문장 조각·중복 배정 제외
BOK-20251127-47f2bbf60a2a-그림-1ce8f139c0302873,경제전망보고서 2025년 11월,그림,1-28,서비스업 업황과 정액급여 상승률1),단위; 데이터 형태; 설명,research/bok-archive/03-경제전망보고서/2025-11-27_경제전망보고서(2025년 11월)/2025년 11월 경제전망보고서(Indigo Book)_F4.pdf,28,번호 직결 인용 없음 또는 문장 조각·중복 배정 제외
BOK-20251127-47f2bbf60a2a-그림-0d0da85180932bb1,경제전망보고서 2025년 11월,그림,1-29,노동시장 긴장도,단위; 데이터 형태; 설명,research/bok-archive/03-경제전망보고서/2025-11-27_경제전망보고서(2025년 11월)/2025년 11월 경제전망보고서(Indigo Book)_F4.pdf,28,번호 직결 인용 없음 또는 문장 조각·중복 배정 제외
BOK-20251127-47f2bbf60a2a-그림-9550687134e51255,경제전망보고서 2025년 11월,그림,1-30,제조업 매출액영업이익률,단위; 데이터 형태; 설명,research/bok-archive/03-경제전망보고서/2025-11-27_경제전망보고서(2025년 11월)/2025년 11월 경제전망보고서(Indigo Book)_F4.pdf,28,번호 직결 인용 없음 또는 문장 조각·중복 배정 제외
BOK-20251127-47f2bbf60a2a-그림-a5a85602d519e895,경제전망보고서 2025년 11월,그림,1-31,국고채 및 美 국채 금리,단위; 데이터 형태; 통계기법·지수; 설명,research/bok-archive/03-경제전망보고서/2025-11-27_경제전망보고서(2025년 11월)/2025년 11월 경제전망보고서(Indigo Book)_F4.pdf,29,번호 직결 인용 없음 또는 문장 조각·중복 배정 제외
BOK-20251127-47f2bbf60a2a-그림-e9f5d5f82596bfbd,경제전망보고서 2025년 11월,그림,1-32,한국 및 미국 주가,사용 데이터·출처; 단위; 데이터 형태; 설명,research/bok-archive/03-경제전망보고서/2025-11-27_경제전망보고서(2025년 11월)/2025년 11월 경제전망보고서(Indigo Book)_F4.pdf,29,번호 직결 인용 없음 또는 문장 조각·중복 배정 제외
BOK-20251127-47f2bbf60a2a-그림-ab838835e025f37e,경제전망보고서 2025년 11월,그림,1-33,"원/달러환율, 미달러화지수",단위; 데이터 형태; 설명,research/bok-archive/03-경제전망보고서/2025-11-27_경제전망보고서(2025년 11월)/2025년 11월 경제전망보고서(Indigo Book)_F4.pdf,29,번호 직결 인용 없음 또는 문장 조각·중복 배정 제외
BOK-20251127-47f2bbf60a2a-그림-f5d8f8ff4d21ae53,경제전망보고서 2025년 11월,그림,1-34,가계대출1)2) 증감,통계기법·지수; 설명,research/bok-archive/03-경제전망보고서/2025-11-27_경제전망보고서(2025년 11월)/2025년 11월 경제전망보고서(Indigo Book)_F4.pdf,30,번호 직결 인용 없음 또는 문장 조각·중복 배정 제외
BOK-20251127-47f2bbf60a2a-그림-f857b3cde594b456,경제전망보고서 2025년 11월,그림,1-35,은행1) 기업대출 증감,사용 데이터·출처; 데이터 형태; 통계기법·지수; 설명,research/bok-archive/03-경제전망보고서/2025-11-27_경제전망보고서(2025년 11월)/2025년 11월 경제전망보고서(Indigo Book)_F4.pdf,30,번호 직결 인용 없음 또는 문장 조각·중복 배정 제외
BOK-20251127-47f2bbf60a2a-그림-98160d552de267a3,경제전망보고서 2025년 11월,그림,1-36,기업 직접금융 조달,데이터 형태; 설명,research/bok-archive/03-경제전망보고서/2025-11-27_경제전망보고서(2025년 11월)/2025년 11월 경제전망보고서(Indigo Book)_F4.pdf,30,번호 직결 인용 없음 또는 문장 조각·중복 배정 제외
BOK-20251127-47f2bbf60a2a-그림-c5ad6f96a16c0523,경제전망보고서 2025년 11월,그림,2-1,지출 부문별 기여도,단위; 데이터 형태; 설명,research/bok-archive/03-경제전망보고서/2025-11-27_경제전망보고서(2025년 11월)/2025년 11월 경제전망보고서(Indigo Book)_F4.pdf,34,번호 직결 인용 없음 또는 문장 조각·중복 배정 제외
BOK-20251127-47f2bbf60a2a-그림-e39593858b0d5f5f,경제전망보고서 2025년 11월,그림,2-2,내수·수출 순성장기여도1),단위; 데이터 형태; 설명,research/bok-archive/03-경제전망보고서/2025-11-27_경제전망보고서(2025년 11월)/2025년 11월 경제전망보고서(Indigo Book)_F4.pdf,34,번호 직결 인용 없음 또는 문장 조각·중복 배정 제외
BOK-20251127-47f2bbf60a2a-그림-4bf178f0b1b81cf9,경제전망보고서 2025년 11월,그림,2-3,26년 성장전망 조정 (요인별 ),사용 데이터·출처; 단위; 데이터 형태; 통계기법·지수; 설명,research/bok-archive/03-경제전망보고서/2025-11-27_경제전망보고서(2025년 11월)/2025년 11월 경제전망보고서(Indigo Book)_F4.pdf,34,번호 직결 인용 없음 또는 문장 조각·중복 배정 제외
BOK-20251127-47f2bbf60a2a-그림-43029cb7ec89e53b,경제전망보고서 2025년 11월,그림,2-4,26년 성장전망 조정 (지출부문별),단위; 데이터 형태; 통계기법·지수; 설명,research/bok-archive/03-경제전망보고서/2025-11-27_경제전망보고서(2025년 11월)/2025년 11월 경제전망보고서(Indigo Book)_F4.pdf,34,번호 직결 인용 없음 또는 문장 조각·중복 배정 제외
BOK-20251127-47f2bbf60a2a-그림-52f72c18b2365f70,경제전망보고서 2025년 11월,그림,2-5,소비심리 및 카드사용액,단위; 데이터 형태; 통계기법·지수; 설명,research/bok-archive/03-경제전망보고서/2025-11-27_경제전망보고서(2025년 11월)/2025년 11월 경제전망보고서(Indigo Book)_F4.pdf,35,번호 직결 인용 없음 또는 문장 조각·중복 배정 제외
BOK-20251127-47f2bbf60a2a-그림-5ad706bb46a83758,경제전망보고서 2025년 11월,그림,2-6,가계저축률 장기 추이1)2),단위; 데이터 형태; 통계기법·지수; 설명,research/bok-archive/03-경제전망보고서/2025-11-27_경제전망보고서(2025년 11월)/2025년 11월 경제전망보고서(Indigo Book)_F4.pdf,35,번호 직결 인용 없음 또는 문장 조각·중복 배정 제외
BOK-20251127-47f2bbf60a2a-그림-635a4627b774044b,경제전망보고서 2025년 11월,그림,2-7,GDP 건설투자,단위; 데이터 형태; 설명,research/bok-archive/03-경제전망보고서/2025-11-27_경제전망보고서(2025년 11월)/2025년 11월 경제전망보고서(Indigo Book)_F4.pdf,40,번호 직결 인용 없음 또는 문장 조각·중복 배정 제외
BOK-20251127-47f2bbf60a2a-그림-251b46b03e0430ab,경제전망보고서 2025년 11월,그림,2-8,건설수주·건축착공·건설투자,단위; 데이터 형태; 통계기법·지수; 설명,research/bok-archive/03-경제전망보고서/2025-11-27_경제전망보고서(2025년 11월)/2025년 11월 경제전망보고서(Indigo Book)_F4.pdf,40,번호 직결 인용 없음 또는 문장 조각·중복 배정 제외
BOK-20251127-47f2bbf60a2a-그림-d10c36d630d11361,경제전망보고서 2025년 11월,그림,2-9,GDP 설비투자1) 및 반도체장비 수입 규모,사용 데이터·출처; 단위; 데이터 형태; 통계기법·지수; 설명,research/bok-archive/03-경제전망보고서/2025-11-27_경제전망보고서(2025년 11월)/2025년 11월 경제전망보고서(Indigo Book)_F4.pdf,41,번호 직결 인용 없음 또는 문장 조각·중복 배정 제외
BOK-20251127-47f2bbf60a2a-그림-2b4839345998a674,경제전망보고서 2025년 11월,그림,2-10,제조업 비IT부문 업황전망BSI,사용 데이터·출처; 단위; 데이터 형태; 통계기법·지수; 설명,research/bok-archive/03-경제전망보고서/2025-11-27_경제전망보고서(2025년 11월)/2025년 11월 경제전망보고서(Indigo Book)_F4.pdf,41,번호 직결 인용 없음 또는 문장 조각·중복 배정 제외
BOK-20251127-47f2bbf60a2a-그림-4ac99fadab95f0f9,경제전망보고서 2025년 11월,그림,2-11,GDP 지식재산생산물투자1),단위; 데이터 형태; 설명,research/bok-archive/03-경제전망보고서/2025-11-27_경제전망보고서(2025년 11월)/2025년 11월 경제전망보고서(Indigo Book)_F4.pdf,41,번호 직결 인용 없음 또는 문장 조각·중복 배정 제외
BOK-20251127-47f2bbf60a2a-그림-77b761b94c8ec710,경제전망보고서 2025년 11월,그림,2-12,정부 연구개발 예산1),단위; 데이터 형태; 설명,research/bok-archive/03-경제전망보고서/2025-11-27_경제전망보고서(2025년 11월)/2025년 11월 경제전망보고서(Indigo Book)_F4.pdf,41,번호 직결 인용 없음 또는 문장 조각·중복 배정 제외
BOK-20251127-47f2bbf60a2a-그림-3de41464317b8343,경제전망보고서 2025년 11월,그림,2-13,국내 주요 반도체 기업의 D램 매출 전망,데이터 형태; 통계기법·지수; 설명,research/bok-archive/03-경제전망보고서/2025-11-27_경제전망보고서(2025년 11월)/2025년 11월 경제전망보고서(Indigo Book)_F4.pdf,42,번호 직결 인용 없음 또는 문장 조각·중복 배정 제외
BOK-20251127-47f2bbf60a2a-그림-2c1f4e6673f47d8c,경제전망보고서 2025년 11월,그림,2-14,재화수출1) 및 세계상품교역(물량)2),단위; 데이터 형태; 통계기법·지수; 설명,research/bok-archive/03-경제전망보고서/2025-11-27_경제전망보고서(2025년 11월)/2025년 11월 경제전망보고서(Indigo Book)_F4.pdf,42,번호 직결 인용 없음 또는 문장 조각·중복 배정 제외
BOK-20251127-47f2bbf60a2a-그림-4a4e066f35b5ed5e,경제전망보고서 2025년 11월,그림,2-15,통관수출 부문별 기여도,단위; 데이터 형태; 설명,research/bok-archive/03-경제전망보고서/2025-11-27_경제전망보고서(2025년 11월)/2025년 11월 경제전망보고서(Indigo Book)_F4.pdf,43,번호 직결 인용 없음 또는 문장 조각·중복 배정 제외
BOK-20251127-47f2bbf60a2a-그림-2e542cd64dfd5100,경제전망보고서 2025년 11월,그림,2-16,통관수입 부문별 기여도,사용 데이터·출처; 단위; 데이터 형태; 설명,research/bok-archive/03-경제전망보고서/2025-11-27_경제전망보고서(2025년 11월)/2025년 11월 경제전망보고서(Indigo Book)_F4.pdf,43,번호 직결 인용 없음 또는 문장 조각·중복 배정 제외
BOK-20251127-47f2bbf60a2a-그림-8dbc34aa909fc8fd,경제전망보고서 2025년 11월,그림,2-17,경상수지,단위; 데이터 형태; 설명,research/bok-archive/03-경제전망보고서/2025-11-27_경제전망보고서(2025년 11월)/2025년 11월 경제전망보고서(Indigo Book)_F4.pdf,45,번호 직결 인용 없음 또는 문장 조각·중복 배정 제외
BOK-20251127-47f2bbf60a2a-그림-6bc1fcb8db919438,경제전망보고서 2025년 11월,그림,2-18,해상운임 vs 운송수지,단위; 데이터 형태; 설명,research/bok-archive/03-경제전망보고서/2025-11-27_경제전망보고서(2025년 11월)/2025년 11월 경제전망보고서(Indigo Book)_F4.pdf,45,번호 직결 인용 없음 또는 문장 조각·중복 배정 제외
BOK-20251127-47f2bbf60a2a-그림-185f7ba99ef8d486,경제전망보고서 2025년 11월,그림,2-19,소비자물가 및 근원물가,단위; 데이터 형태; 설명,research/bok-archive/03-경제전망보고서/2025-11-27_경제전망보고서(2025년 11월)/2025년 11월 경제전망보고서(Indigo Book)_F4.pdf,48,번호 직결 인용 없음 또는 문장 조각·중복 배정 제외
BOK-20251127-47f2bbf60a2a-그림-83796d8593de868a,경제전망보고서 2025년 11월,그림,2-20,월별 상승률 기여도 차이 분해,단위; 데이터 형태; 설명,research/bok-archive/03-경제전망보고서/2025-11-27_경제전망보고서(2025년 11월)/2025년 11월 경제전망보고서(Indigo Book)_F4.pdf,48,번호 직결 인용 없음 또는 문장 조각·중복 배정 제외
BOK-20251127-47f2bbf60a2a-그림-793b6aebc3064d4a,경제전망보고서 2025년 11월,그림,2-21,소비자물가 상승률 및 기여도,데이터 형태; 설명,research/bok-archive/03-경제전망보고서/2025-11-27_경제전망보고서(2025년 11월)/2025년 11월 경제전망보고서(Indigo Book)_F4.pdf,48,번호 직결 인용 없음 또는 문장 조각·중복 배정 제외
BOK-20251127-47f2bbf60a2a-그림-c560d83580257bb5,경제전망보고서 2025년 11월,그림,2-22,근원물가 상승률 및 기여도,사용 데이터·출처; 데이터 형태; 설명,research/bok-archive/03-경제전망보고서/2025-11-27_경제전망보고서(2025년 11월)/2025년 11월 경제전망보고서(Indigo Book)_F4.pdf,48,번호 직결 인용 없음 또는 문장 조각·중복 배정 제외
BOK-20251127-47f2bbf60a2a-그림-39bf4681d3fa2671,경제전망보고서 2025년 11월,그림,2-23,소비자물가 상승률 전망,단위; 데이터 형태; 설명,research/bok-archive/03-경제전망보고서/2025-11-27_경제전망보고서(2025년 11월)/2025년 11월 경제전망보고서(Indigo Book)_F4.pdf,49,번호 직결 인용 없음 또는 문장 조각·중복 배정 제외
BOK-20251127-47f2bbf60a2a-그림-29b9bcc041a29d65,경제전망보고서 2025년 11월,그림,2-24,근원물가 상승률 전망,사용 데이터·출처; 데이터 형태; 설명,research/bok-archive/03-경제전망보고서/2025-11-27_경제전망보고서(2025년 11월)/2025년 11월 경제전망보고서(Indigo Book)_F4.pdf,49,번호 직결 인용 없음 또는 문장 조각·중복 배정 제외
BOK-20251127-47f2bbf60a2a-그림-48a0e54bb45896ad,경제전망보고서 2025년 11월,그림,2-25,취업자수 증감 및 실업률(분기)1),단위; 데이터 형태; 설명,research/bok-archive/03-경제전망보고서/2025-11-27_경제전망보고서(2025년 11월)/2025년 11월 경제전망보고서(Indigo Book)_F4.pdf,50,번호 직결 인용 없음 또는 문장 조각·중복 배정 제외
BOK-20251127-47f2bbf60a2a-그림-691b88bb531c778a,경제전망보고서 2025년 11월,그림,2-26,65세 이상 고령층 취업자수 증감 분해(분기)1),단위; 데이터 형태; 통계기법·지수; 설명,research/bok-archive/03-경제전망보고서/2025-11-27_경제전망보고서(2025년 11월)/2025년 11월 경제전망보고서(Indigo Book)_F4.pdf,50,번호 직결 인용 없음 또는 문장 조각·중복 배정 제외
BOK-20251127-47f2bbf60a2a-그림-702c6d5e8361b948,경제전망보고서 2025년 11월,그림,2-27,30~40대 여성 취업자수 증감 분해(분기)1),단위; 데이터 형태; 통계기법·지수; 설명,research/bok-archive/03-경제전망보고서/2025-11-27_경제전망보고서(2025년 11월)/2025년 11월 경제전망보고서(Indigo Book)_F4.pdf,50,번호 직결 인용 없음 또는 문장 조각·중복 배정 제외
BOK-20251127-47f2bbf60a2a-그림-a78b28c8e404fb69,경제전망보고서 2025년 11월,그림,2-28,베버리지 곡선(분기)1),단위; 데이터 형태; 설명,research/bok-archive/03-경제전망보고서/2025-11-27_경제전망보고서(2025년 11월)/2025년 11월 경제전망보고서(Indigo Book)_F4.pdf,50,번호 직결 인용 없음 또는 문장 조각·중복 배정 제외
BOK-20251127-47f2bbf60a2a-그림-97162eac66deb097,경제전망보고서 2025년 11월,그림,2-29,산업별 취업자수 증감,단위; 데이터 형태; 통계기법·지수; 설명,research/bok-archive/03-경제전망보고서/2025-11-27_경제전망보고서(2025년 11월)/2025년 11월 경제전망보고서(Indigo Book)_F4.pdf,51,번호 직결 인용 없음 또는 문장 조각·중복 배정 제외
BOK-20251127-47f2bbf60a2a-그림-7c79798fe88e9cf9,경제전망보고서 2025년 11월,그림,2-30,성연령별 취업자수(월)1),단위; 데이터 형태; 통계기법·지수; 설명,research/bok-archive/03-경제전망보고서/2025-11-27_경제전망보고서(2025년 11월)/2025년 11월 경제전망보고서(Indigo Book)_F4.pdf,51,번호 직결 인용 없음 또는 문장 조각·중복 배정 제외
BOK-20251127-47f2bbf60a2a-그림-ece2d4cee1df9ed1,경제전망보고서 2025년 11월,그림,2-31,청년층 취업자수 증감(월)1),단위; 데이터 형태; 통계기법·지수; 설명,research/bok-archive/03-경제전망보고서/2025-11-27_경제전망보고서(2025년 11월)/2025년 11월 경제전망보고서(Indigo Book)_F4.pdf,51,번호 직결 인용 없음 또는 문장 조각·중복 배정 제외
BOK-20251127-47f2bbf60a2a-그림-b3c2fbf39926463b,경제전망보고서 2025년 11월,그림,2-32,연령별 쉬었음 인구(분기)1),단위; 데이터 형태; 통계기법·지수; 설명,research/bok-archive/03-경제전망보고서/2025-11-27_경제전망보고서(2025년 11월)/2025년 11월 경제전망보고서(Indigo Book)_F4.pdf,51,번호 직결 인용 없음 또는 문장 조각·중복 배정 제외
BOK-20251127-47f2bbf60a2a-그림-dafab080ca82213f,경제전망보고서 2025년 11월,그림,3-1,"주요 기관의 2025년1), 2026년2) 국내성장률 전망 분포",단위; 데이터 형태; 종류; 설명,research/bok-archive/03-경제전망보고서/2025-11-27_경제전망보고서(2025년 11월)/2025년 11월 경제전망보고서(Indigo Book)_F4.pdf,54,허용 종류로 판별 불가 또는 표 구조 미확인; 번호 직결 인용 없음 또는 문장 조각·중복 배정 제외
BOK-20251127-47f2bbf60a2a-그림-58dff96a1c898f2b,경제전망보고서 2025년 11월,그림,3-2,"주요 기관의 2025년1), 2026년2) 소비자물가 상승률 전망 분포",단위; 데이터 형태; 종류; 설명,research/bok-archive/03-경제전망보고서/2025-11-27_경제전망보고서(2025년 11월)/2025년 11월 경제전망보고서(Indigo Book)_F4.pdf,55,허용 종류로 판별 불가 또는 표 구조 미확인; 번호 직결 인용 없음 또는 문장 조각·중복 배정 제외
BOK-20251127-47f2bbf60a2a-그림-91772e0db525e89e,경제전망보고서 2025년 11월,그림,3-3,美빅테크1) 자본지출 전망,데이터 형태; 설명,research/bok-archive/03-경제전망보고서/2025-11-27_경제전망보고서(2025년 11월)/2025년 11월 경제전망보고서(Indigo Book)_F4.pdf,56,번호 직결 인용 없음 또는 문장 조각·중복 배정 제외
BOK-20251127-47f2bbf60a2a-그림-58e89678f3f78c1d,경제전망보고서 2025년 11월,그림,3-4,우리나라 중소기업 금융지원 체계,단위; 데이터 형태; 통계기법·지수; 설명,research/bok-archive/03-경제전망보고서/2025-11-27_경제전망보고서(2025년 11월)/2025년 11월 경제전망보고서(Indigo Book)_F4.pdf,104,번호 직결 인용 없음 또는 문장 조각·중복 배정 제외
BOK-20251127-47f2bbf60a2a-그림-a2bf0020cdecca89,경제전망보고서 2025년 11월,그림,3-5,GDP대비 정부 보증부 대출 비중1),단위; 데이터 형태,research/bok-archive/03-경제전망보고서/2025-11-27_경제전망보고서(2025년 11월)/2025년 11월 경제전망보고서(Indigo Book)_F4.pdf,104,출처·단위·데이터 형태 등 미확인
BOK-20251127-47f2bbf60a2a-그림-1b14233bfccc1d43,경제전망보고서 2025년 11월,그림,3-6,금융기관 기업대출 중 중소기업 비중1),단위; 데이터 형태,research/bok-archive/03-경제전망보고서/2025-11-27_경제전망보고서(2025년 11월)/2025년 11월 경제전망보고서(Indigo Book)_F4.pdf,104,출처·단위·데이터 형태 등 미확인
BOK-20251127-47f2bbf60a2a-그림-ee83c21cc195b4bc,경제전망보고서 2025년 11월,그림,3-7,중소기업 지원이 매출에,단위; 데이터 형태,research/bok-archive/03-경제전망보고서/2025-11-27_경제전망보고서(2025년 11월)/2025년 11월 경제전망보고서(Indigo Book)_F4.pdf,106,출처·단위·데이터 형태 등 미확인
BOK-20251127-47f2bbf60a2a-그림-03cdf71a9f6924a5,경제전망보고서 2025년 11월,그림,3-8,중소기업 지원이 고용에,사용 데이터·출처; 단위; 데이터 형태; 통계기법·지수; 설명,research/bok-archive/03-경제전망보고서/2025-11-27_경제전망보고서(2025년 11월)/2025년 11월 경제전망보고서(Indigo Book)_F4.pdf,106,번호 직결 인용 없음 또는 문장 조각·중복 배정 제외
BOK-20251127-47f2bbf60a2a-그림-663bda31195b961d,경제전망보고서 2025년 11월,그림,3-9,중소기업 지원이 폐업확률에,사용 데이터·출처; 단위; 데이터 형태; 설명,research/bok-archive/03-경제전망보고서/2025-11-27_경제전망보고서(2025년 11월)/2025년 11월 경제전망보고서(Indigo Book)_F4.pdf,106,번호 직결 인용 없음 또는 문장 조각·중복 배정 제외
BOK-20251127-47f2bbf60a2a-그림-664efc7c5b2eab4f,경제전망보고서 2025년 11월,그림,3-10,"중소기업 지원이 업력별 매출에 미치는 영향1),2)",단위; 데이터 형태; 통계기법·지수,research/bok-archive/03-경제전망보고서/2025-11-27_경제전망보고서(2025년 11월)/2025년 11월 경제전망보고서(Indigo Book)_F4.pdf,106,출처·단위·데이터 형태 등 미확인
BOK-20251127-47f2bbf60a2a-그림-318eba7805b1edd2,경제전망보고서 2025년 11월,그림,3-11,"중소기업 지원이 업력별 고용에 미치는 영향1),2)",사용 데이터·출처; 단위; 데이터 형태; 통계기법·지수; 설명,research/bok-archive/03-경제전망보고서/2025-11-27_경제전망보고서(2025년 11월)/2025년 11월 경제전망보고서(Indigo Book)_F4.pdf,106,번호 직결 인용 없음 또는 문장 조각·중복 배정 제외
BOK-20251127-47f2bbf60a2a-그림-eb47a7efcf666723,경제전망보고서 2025년 11월,그림,3-12,",",사용 데이터·출처; 단위; 데이터 형태; 종류; 분석 목적; 설명,research/bok-archive/03-경제전망보고서/2025-11-27_경제전망보고서(2025년 11월)/2025년 11월 경제전망보고서(Indigo Book)_F4.pdf,107,허용 종류로 판별 불가 또는 표 구조 미확인; 제목·계열·직접 인용의 해석 근거 부족; 번호 직결 인용 없음 또는 문장 조각·중복 배정 제외
BOK-20251127-47f2bbf60a2a-그림-c6dc04d474eb24ad,경제전망보고서 2025년 11월,그림,3-13,은 표본을 한계기업과 정상기업으로 나눈 뒤 같은 회귀모형,사용 데이터·출처; 단위; 데이터 형태; 종류; 분석 목적,research/bok-archive/03-경제전망보고서/2025-11-27_경제전망보고서(2025년 11월)/2025년 11월 경제전망보고서(Indigo Book)_F4.pdf,107,허용 종류로 판별 불가 또는 표 구조 미확인; 제목·계열·직접 인용의 해석 근거 부족
BOK-20251127-47f2bbf60a2a-그림-f25c9714b1081f77,경제전망보고서 2025년 11월,그림,3-14,~,사용 데이터·출처; 단위; 데이터 형태; 종류; 분석 목적; 통계기법·지수; 설명,research/bok-archive/03-경제전망보고서/2025-11-27_경제전망보고서(2025년 11월)/2025년 11월 경제전망보고서(Indigo Book)_F4.pdf,107,허용 종류로 판별 불가 또는 표 구조 미확인; 제목·계열·직접 인용의 해석 근거 부족; 번호 직결 인용 없음 또는 문장 조각·중복 배정 제외
BOK-20251127-47f2bbf60a2a-그림-a385ea6e49210438,경제전망보고서 2025년 11월,그림,3-15,중소기업 지원이,사용 데이터·출처; 단위; 데이터 형태; 종류; 분석 목적; 통계기법·지수; 설명,research/bok-archive/03-경제전망보고서/2025-11-27_경제전망보고서(2025년 11월)/2025년 11월 경제전망보고서(Indigo Book)_F4.pdf,108,허용 종류로 판별 불가 또는 표 구조 미확인; 제목·계열·직접 인용의 해석 근거 부족; 번호 직결 인용 없음 또는 문장 조각·중복 배정 제외
BOK-20251127-47f2bbf60a2a-그림-3032ed0bdc3a9d29,경제전망보고서 2025년 11월,그림,3-16,에,사용 데이터·출처; 단위; 데이터 형태; 종류; 분석 목적,research/bok-archive/03-경제전망보고서/2025-11-27_경제전망보고서(2025년 11월)/2025년 11월 경제전망보고서(Indigo Book)_F4.pdf,107,허용 종류로 판별 불가 또는 표 구조 미확인; 제목·계열·직접 인용의 해석 근거 부족
BOK-20251127-47f2bbf60a2a-그림-b3d7fb31d2549498,경제전망보고서 2025년 11월,그림,3-17,에 따르면 지원액이 1억 원 증가,사용 데이터·출처; 단위; 데이터 형태; 종류; 분석 목적,research/bok-archive/03-경제전망보고서/2025-11-27_경제전망보고서(2025년 11월)/2025년 11월 경제전망보고서(Indigo Book)_F4.pdf,108,허용 종류로 판별 불가 또는 표 구조 미확인; 제목·계열·직접 인용의 해석 근거 부족
BOK-20251127-47f2bbf60a2a-그림-55c9828b4cd9f475,경제전망보고서 2025년 11월,그림,3-18,한계기업 비중의 외부효과,사용 데이터·출처; 단위; 데이터 형태,research/bok-archive/03-경제전망보고서/2025-11-27_경제전망보고서(2025년 11월)/2025년 11월 경제전망보고서(Indigo Book)_F4.pdf,109,출처·단위·데이터 형태 등 미확인
BOK-20251127-47f2bbf60a2a-그림-373493f71af6ba6b,경제전망보고서 2025년 11월,그림,3-19,"기업규모에 따른 정부지원의 매출 증가율 효과1),2),3)",단위; 데이터 형태,research/bok-archive/03-경제전망보고서/2025-11-27_경제전망보고서(2025년 11월)/2025년 11월 경제전망보고서(Indigo Book)_F4.pdf,110,출처·단위·데이터 형태 등 미확인
BOK-20251127-47f2bbf60a2a-그림-3fe97a201b5d7a3f,경제전망보고서 2025년 11월,그림,3-20,"에 따르면, 정부 지원 이력이 있는 중소기업이 성",사용 데이터·출처; 단위; 데이터 형태; 종류; 분석 목적,research/bok-archive/03-경제전망보고서/2025-11-27_경제전망보고서(2025년 11월)/2025년 11월 경제전망보고서(Indigo Book)_F4.pdf,110,허용 종류로 판별 불가 또는 표 구조 미확인; 제목·계열·직접 인용의 해석 근거 부족
BOK-20251127-47f2bbf60a2a-그림-cf16f1e6eac38ed5,경제전망보고서 2025년 11월,그림,3-21,정책금융 이용이 민간금융 이용확률에 미치는 영향1),단위; 데이터 형태,research/bok-archive/03-경제전망보고서/2025-11-27_경제전망보고서(2025년 11월)/2025년 11월 경제전망보고서(Indigo Book)_F4.pdf,112,출처·단위·데이터 형태 등 미확인
BOK-20251127-47f2bbf60a2a-그림-c4efe59c1e12e1c0,경제전망보고서 2025년 11월,그림,3-22,정책금융 이용이 민간금융 이용규모에 미치는 영향2),단위; 데이터 형태,research/bok-archive/03-경제전망보고서/2025-11-27_경제전망보고서(2025년 11월)/2025년 11월 경제전망보고서(Indigo Book)_F4.pdf,112,출처·단위·데이터 형태 등 미확인
BOK-20251127-47f2bbf60a2a-그림-a077d7aac0da4d35,경제전망보고서 2025년 11월,그림,4-1,중소기업 지원제도,데이터 형태,research/bok-archive/03-경제전망보고서/2025-11-27_경제전망보고서(2025년 11월)/2025년 11월 경제전망보고서(Indigo Book)_F4.pdf,115,출처·단위·데이터 형태 등 미확인
BOK-20251127-47f2bbf60a2a-그림-934a733f7f32397d,경제전망보고서 2025년 11월,그림,4-2,기업당 평균 지원금액1),데이터 형태,research/bok-archive/03-경제전망보고서/2025-11-27_경제전망보고서(2025년 11월)/2025년 11월 경제전망보고서(Indigo Book)_F4.pdf,115,출처·단위·데이터 형태 등 미확인
BOK-20251127-47f2bbf60a2a-그림-abe31387042f15ac,경제전망보고서 2025년 11월,그림,4-3,"지원금액 1억원 미만 비중1),2)",데이터 형태; 설명,research/bok-archive/03-경제전망보고서/2025-11-27_경제전망보고서(2025년 11월)/2025년 11월 경제전망보고서(Indigo Book)_F4.pdf,115,번호 직결 인용 없음 또는 문장 조각·중복 배정 제외
BOK-20251127-47f2bbf60a2a-그림-7af32d45c4eed6cf,경제전망보고서 2025년 11월,그림,4-4,에서 알 수,사용 데이터·출처; 단위; 데이터 형태; 종류; 분석 목적,research/bok-archive/03-경제전망보고서/2025-11-27_경제전망보고서(2025년 11월)/2025년 11월 경제전망보고서(Indigo Book)_F4.pdf,115,허용 종류로 판별 불가 또는 표 구조 미확인; 제목·계열·직접 인용의 해석 근거 부족
BOK-20251127-47f2bbf60a2a-그림-a7f08e3f51308c1b,경제전망보고서 2025년 11월,그림,4-5,에서 보이듯이 업력이 낮,사용 데이터·출처; 단위; 데이터 형태; 종류; 분석 목적; 통계기법·지수,research/bok-archive/03-경제전망보고서/2025-11-27_경제전망보고서(2025년 11월)/2025년 11월 경제전망보고서(Indigo Book)_F4.pdf,115,허용 종류로 판별 불가 또는 표 구조 미확인; 제목·계열·직접 인용의 해석 근거 부족
BOK-20251127-47f2bbf60a2a-그림-32124dbb28498e7b,경제전망보고서 2025년 11월,그림,4-6,업력별 평균 정부지원액수1),사용 데이터·출처; 단위; 데이터 형태,research/bok-archive/03-경제전망보고서/2025-11-27_경제전망보고서(2025년 11월)/2025년 11월 경제전망보고서(Indigo Book)_F4.pdf,116,출처·단위·데이터 형태 등 미확인
BOK-20251127-47f2bbf60a2a-그림-bd78441cc2f59f73,경제전망보고서 2025년 11월,그림,4-7,업력별 정부지원 수혜비율1),사용 데이터·출처; 단위; 데이터 형태,research/bok-archive/03-경제전망보고서/2025-11-27_경제전망보고서(2025년 11월)/2025년 11월 경제전망보고서(Indigo Book)_F4.pdf,116,출처·단위·데이터 형태 등 미확인
BOK-20251127-47f2bbf60a2a-그림-1f12d896afefe9c7,경제전망보고서 2025년 11월,그림,4-8,자본생산성 10분위별,단위; 데이터 형태,research/bok-archive/03-경제전망보고서/2025-11-27_경제전망보고서(2025년 11월)/2025년 11월 경제전망보고서(Indigo Book)_F4.pdf,117,출처·단위·데이터 형태 등 미확인
BOK-20251127-47f2bbf60a2a-그림-bd7bb3c9bb5a225c,경제전망보고서 2025년 11월,그림,4-9,ROA 10분위별,단위; 데이터 형태; 설명,research/bok-archive/03-경제전망보고서/2025-11-27_경제전망보고서(2025년 11월)/2025년 11월 경제전망보고서(Indigo Book)_F4.pdf,117,번호 직결 인용 없음 또는 문장 조각·중복 배정 제외
BOK-20251127-47f2bbf60a2a-그림-80223c8ceb7d94e1,경제전망보고서 2025년 11월,그림,4-10,매출증감률 10분위별,사용 데이터·출처; 단위; 데이터 형태,research/bok-archive/03-경제전망보고서/2025-11-27_경제전망보고서(2025년 11월)/2025년 11월 경제전망보고서(Indigo Book)_F4.pdf,117,출처·단위·데이터 형태 등 미확인
BOK-20251127-47f2bbf60a2a-그림-374724212fd16bf3,경제전망보고서 2025년 11월,그림,4-11,매출액 구간별 수혜,단위; 데이터 형태,research/bok-archive/03-경제전망보고서/2025-11-27_경제전망보고서(2025년 11월)/2025년 11월 경제전망보고서(Indigo Book)_F4.pdf,118,출처·단위·데이터 형태 등 미확인
BOK-20251127-47f2bbf60a2a-그림-6521f5da288e74b6,경제전망보고서 2025년 11월,그림,4-12,자산규모에 따른 규제1),단위; 데이터 형태; 통계기법·지수; 설명,research/bok-archive/03-경제전망보고서/2025-11-27_경제전망보고서(2025년 11월)/2025년 11월 경제전망보고서(Indigo Book)_F4.pdf,118,번호 직결 인용 없음 또는 문장 조각·중복 배정 제외
BOK-20251127-47f2bbf60a2a-그림-499cace63fcec7d2,경제전망보고서 2025년 11월,그림,4-13,중소기업 회귀 검토 요인1),단위; 데이터 형태,research/bok-archive/03-경제전망보고서/2025-11-27_경제전망보고서(2025년 11월)/2025년 11월 경제전망보고서(Indigo Book)_F4.pdf,118,출처·단위·데이터 형태 등 미확인
BOK-20251127-47f2bbf60a2a-그림-55ffbb89e255a26c,경제전망보고서 2025년 11월,그림,4-14,구조조정 이상 vs 현실,사용 데이터·출처; 단위; 데이터 형태; 통계기법·지수; 설명,research/bok-archive/03-경제전망보고서/2025-11-27_경제전망보고서(2025년 11월)/2025년 11월 경제전망보고서(Indigo Book)_F4.pdf,119,번호 직결 인용 없음 또는 문장 조각·중복 배정 제외
BOK-20251127-47f2bbf60a2a-그림-15ec664e51d26a58,경제전망보고서 2025년 11월,그림,4-15,한계기업1) 및 영업손실기업2) 정부 지원,단위; 데이터 형태,research/bok-archive/03-경제전망보고서/2025-11-27_경제전망보고서(2025년 11월)/2025년 11월 경제전망보고서(Indigo Book)_F4.pdf,119,출처·단위·데이터 형태 등 미확인
BOK-20251127-47f2bbf60a2a-그림-0787a6b36ce0cf34,경제전망보고서 2025년 11월,그림,5-1,규모 분위별 자본생산성1),사용 데이터·출처; 단위; 데이터 형태,research/bok-archive/03-경제전망보고서/2025-11-27_경제전망보고서(2025년 11월)/2025년 11월 경제전망보고서(Indigo Book)_F4.pdf,122,출처·단위·데이터 형태 등 미확인
BOK-20251127-47f2bbf60a2a-그림-30a91e39da51a8e5,경제전망보고서 2025년 11월,그림,5-2,중소기업 업력별 자본생산성1),사용 데이터·출처; 단위; 데이터 형태; 설명,research/bok-archive/03-경제전망보고서/2025-11-27_경제전망보고서(2025년 11월)/2025년 11월 경제전망보고서(Indigo Book)_F4.pdf,122,번호 직결 인용 없음 또는 문장 조각·중복 배정 제외
BOK-20251127-47f2bbf60a2a-그림-fcb3f87325ebf933,경제전망보고서 2025년 11월,그림,5-3,총생산 변화 분해,사용 데이터·출처; 단위; 데이터 형태; 통계기법·지수,research/bok-archive/03-경제전망보고서/2025-11-27_경제전망보고서(2025년 11월)/2025년 11월 경제전망보고서(Indigo Book)_F4.pdf,123,출처·단위·데이터 형태 등 미확인
BOK-20251127-47f2bbf60a2a-그림-16c44c4942773f11,경제전망보고서 2025년 11월,그림,5-4,총생산 변화 분해,사용 데이터·출처; 단위; 데이터 형태; 통계기법·지수,research/bok-archive/03-경제전망보고서/2025-11-27_경제전망보고서(2025년 11월)/2025년 11월 경제전망보고서(Indigo Book)_F4.pdf,125,출처·단위·데이터 형태 등 미확인
BOK-20251127-47f2bbf60a2a-표-ff3e06dbf4fc2a71,경제전망보고서 2025년 11월,표,2-1,중견기업 신규진입 비율,데이터 형태; 종류,research/bok-archive/03-경제전망보고서/2025-11-27_경제전망보고서(2025년 11월)/2025년 11월 경제전망보고서(Indigo Book)_F4.pdf,100,허용 종류로 판별 불가 또는 표 구조 미확인
BOK-20251127-47f2bbf60a2a-표-f9ce6924ae740bd8,경제전망보고서 2025년 11월,표,3-1,시나리오별 반도체 수출 전제1),사용 데이터·출처; 데이터 형태; 종류; 설명,research/bok-archive/03-경제전망보고서/2025-11-27_경제전망보고서(2025년 11월)/2025년 11월 경제전망보고서(Indigo Book)_F4.pdf,56,허용 종류로 판별 불가 또는 표 구조 미확인; 번호 직결 인용 없음 또는 문장 조각·중복 배정 제외
BOK-20251127-47f2bbf60a2a-표-39584060c5c8d680,경제전망보고서 2025년 11월,표,3-2,시나리오별 성장·물가 전망,사용 데이터·출처; 데이터 형태; 종류; 설명,research/bok-archive/03-경제전망보고서/2025-11-27_경제전망보고서(2025년 11월)/2025년 11월 경제전망보고서(Indigo Book)_F4.pdf,56,허용 종류로 판별 불가 또는 표 구조 미확인; 번호 직결 인용 없음 또는 문장 조각·중복 배정 제외
BOK-20251127-47f2bbf60a2a-표-8dfb659b0bbbb3b5,경제전망보고서 2025년 11월,표,5-1,매출액→업력 기준 변화시 총생산 및 임금 변화,단위; 데이터 형태; 종류; 통계기법·지수,research/bok-archive/03-경제전망보고서/2025-11-27_경제전망보고서(2025년 11월)/2025년 11월 경제전망보고서(Indigo Book)_F4.pdf,123,허용 종류로 판별 불가 또는 표 구조 미확인
BOK-20251127-47f2bbf60a2a-표-75c1e6f2ff0c6e8a,경제전망보고서 2025년 11월,표,5-2,자본 조정 비용 감소시 효과,단위; 데이터 형태; 종류; 통계기법·지수,research/bok-archive/03-경제전망보고서/2025-11-27_경제전망보고서(2025년 11월)/2025년 11월 경제전망보고서(Indigo Book)_F4.pdf,125,허용 종류로 판별 불가 또는 표 구조 미확인
BOK-20250225-b3646968c1bf-그림-5c7dced637ff4a27,경제전망보고서 2025년 2월,그림,1-1,글로벌PMI,데이터 형태; 설명,research/bok-archive/03-경제전망보고서/2025-02-25_경제전망보고서(2025년 2월)/2025년 2월 경제전망보고서(Indigo Book)_FFFF.pdf,14,번호 직결 인용 없음 또는 문장 조각·중복 배정 제외
BOK-20250225-b3646968c1bf-그림-5456d6b37913285f,경제전망보고서 2025년 2월,그림,1-2,주요 전망기관의,데이터 형태; 분석 목적; 통계기법·지수; 설명,research/bok-archive/03-경제전망보고서/2025-02-25_경제전망보고서(2025년 2월)/2025년 2월 경제전망보고서(Indigo Book)_FFFF.pdf,14,제목·계열·직접 인용의 해석 근거 부족; 번호 직결 인용 없음 또는 문장 조각·중복 배정 제외
BOK-20250225-b3646968c1bf-그림-f039f8e34e12d6c5,경제전망보고서 2025년 2월,그림,1-3,무역정책 불확실성 지수(TPU),데이터 형태; 설명,research/bok-archive/03-경제전망보고서/2025-02-25_경제전망보고서(2025년 2월)/2025년 2월 경제전망보고서(Indigo Book)_FFFF.pdf,14,번호 직결 인용 없음 또는 문장 조각·중복 배정 제외
BOK-20250225-b3646968c1bf-그림-ec4fe31a76184064,경제전망보고서 2025년 2월,그림,1-4,미국 GDP 성장률 및 기여도,단위; 데이터 형태; 설명,research/bok-archive/03-경제전망보고서/2025-02-25_경제전망보고서(2025년 2월)/2025년 2월 경제전망보고서(Indigo Book)_FFFF.pdf,15,번호 직결 인용 없음 또는 문장 조각·중복 배정 제외
BOK-20250225-b3646968c1bf-그림-8a4a073287f06b01,경제전망보고서 2025년 2월,그림,1-5,시장의 연준 정책금리 기대수준1),사용 데이터·출처; 단위; 데이터 형태; 통계기법·지수; 설명,research/bok-archive/03-경제전망보고서/2025-02-25_경제전망보고서(2025년 2월)/2025년 2월 경제전망보고서(Indigo Book)_FFFF.pdf,15,번호 직결 인용 없음 또는 문장 조각·중복 배정 제외
BOK-20250225-b3646968c1bf-그림-9592d9761c75afc4,경제전망보고서 2025년 2월,그림,1-6,유로지역 및 주요국 GDP 성장률,단위; 데이터 형태; 설명,research/bok-archive/03-경제전망보고서/2025-02-25_경제전망보고서(2025년 2월)/2025년 2월 경제전망보고서(Indigo Book)_FFFF.pdf,16,번호 직결 인용 없음 또는 문장 조각·중복 배정 제외
BOK-20250225-b3646968c1bf-그림-86f58609ed714bf2,경제전망보고서 2025년 2월,그림,1-7,유로지역 PMI 및 경제심리지수(ESI),사용 데이터·출처; 데이터 형태; 설명,research/bok-archive/03-경제전망보고서/2025-02-25_경제전망보고서(2025년 2월)/2025년 2월 경제전망보고서(Indigo Book)_FFFF.pdf,16,번호 직결 인용 없음 또는 문장 조각·중복 배정 제외
BOK-20250225-b3646968c1bf-그림-bf395d1d4d068288,경제전망보고서 2025년 2월,그림,1-8,"중국 제조업 생산, 수출 및 무역수지",단위; 데이터 형태; 설명,research/bok-archive/03-경제전망보고서/2025-02-25_경제전망보고서(2025년 2월)/2025년 2월 경제전망보고서(Indigo Book)_FFFF.pdf,17,번호 직결 인용 없음 또는 문장 조각·중복 배정 제외
BOK-20250225-b3646968c1bf-그림-9df7e8cdcab5e0a3,경제전망보고서 2025년 2월,그림,1-9,중국의 품목별 소매판매1) 기여도,단위; 데이터 형태; 설명,research/bok-archive/03-경제전망보고서/2025-02-25_경제전망보고서(2025년 2월)/2025년 2월 경제전망보고서(Indigo Book)_FFFF.pdf,17,번호 직결 인용 없음 또는 문장 조각·중복 배정 제외
BOK-20250225-b3646968c1bf-그림-8432aa1533d6fb80,경제전망보고서 2025년 2월,그림,1-10,일본 GDP 성장률 및 기여도,데이터 형태; 설명,research/bok-archive/03-경제전망보고서/2025-02-25_경제전망보고서(2025년 2월)/2025년 2월 경제전망보고서(Indigo Book)_FFFF.pdf,18,번호 직결 인용 없음 또는 문장 조각·중복 배정 제외
BOK-20250225-b3646968c1bf-그림-c63d11c91448eeb5,경제전망보고서 2025년 2월,그림,1-11,일본 소비자물가 및 임금 상승률,사용 데이터·출처; 설명,research/bok-archive/03-경제전망보고서/2025-02-25_경제전망보고서(2025년 2월)/2025년 2월 경제전망보고서(Indigo Book)_FFFF.pdf,18,번호 직결 인용 없음 또는 문장 조각·중복 배정 제외
BOK-20250225-b3646968c1bf-그림-4fa84f168a665a54,경제전망보고서 2025년 2월,그림,1-12,인도 GDP 성장률,설명,research/bok-archive/03-경제전망보고서/2025-02-25_경제전망보고서(2025년 2월)/2025년 2월 경제전망보고서(Indigo Book)_FFFF.pdf,19,번호 직결 인용 없음 또는 문장 조각·중복 배정 제외
BOK-20250225-b3646968c1bf-그림-b7381d9d28d3de62,경제전망보고서 2025년 2월,그림,1-13,아세안4국1) GDP 성장률,사용 데이터·출처; 단위; 설명,research/bok-archive/03-경제전망보고서/2025-02-25_경제전망보고서(2025년 2월)/2025년 2월 경제전망보고서(Indigo Book)_FFFF.pdf,19,번호 직결 인용 없음 또는 문장 조각·중복 배정 제외
BOK-20250225-b3646968c1bf-그림-a01f0841f62d938f,경제전망보고서 2025년 2월,그림,1-14,주요국1)의 對미·對중 수출비중2),단위; 설명,research/bok-archive/03-경제전망보고서/2025-02-25_경제전망보고서(2025년 2월)/2025년 2월 경제전망보고서(Indigo Book)_FFFF.pdf,19,번호 직결 인용 없음 또는 문장 조각·중복 배정 제외
BOK-20250225-b3646968c1bf-그림-491b4f19872cd817,경제전망보고서 2025년 2월,그림,1-15,국제유가,단위; 데이터 형태; 설명,research/bok-archive/03-경제전망보고서/2025-02-25_경제전망보고서(2025년 2월)/2025년 2월 경제전망보고서(Indigo Book)_FFFF.pdf,20,번호 직결 인용 없음 또는 문장 조각·중복 배정 제외
BOK-20250225-b3646968c1bf-그림-8489ad7d98c46fdd,경제전망보고서 2025년 2월,그림,1-16,미국 원유생산 추이,단위; 데이터 형태; 통계기법·지수; 설명,research/bok-archive/03-경제전망보고서/2025-02-25_경제전망보고서(2025년 2월)/2025년 2월 경제전망보고서(Indigo Book)_FFFF.pdf,20,번호 직결 인용 없음 또는 문장 조각·중복 배정 제외
BOK-20250225-b3646968c1bf-그림-47c4e5ab4394ab72,경제전망보고서 2025년 2월,그림,1-17,글로벌 원유 수급 전망1),단위; 데이터 형태; 통계기법·지수; 설명,research/bok-archive/03-경제전망보고서/2025-02-25_경제전망보고서(2025년 2월)/2025년 2월 경제전망보고서(Indigo Book)_FFFF.pdf,20,번호 직결 인용 없음 또는 문장 조각·중복 배정 제외
BOK-20250225-b3646968c1bf-그림-47db7fab9d7c77fb,경제전망보고서 2025년 2월,그림,1-18,통합재정지출1) 전망,단위; 데이터 형태; 설명,research/bok-archive/03-경제전망보고서/2025-02-25_경제전망보고서(2025년 2월)/2025년 2월 경제전망보고서(Indigo Book)_FFFF.pdf,21,번호 직결 인용 없음 또는 문장 조각·중복 배정 제외
BOK-20250225-b3646968c1bf-그림-45980f301128576e,경제전망보고서 2025년 2월,그림,1-19,관리재정수지1) 전망,사용 데이터·출처; 단위; 데이터 형태; 설명,research/bok-archive/03-경제전망보고서/2025-02-25_경제전망보고서(2025년 2월)/2025년 2월 경제전망보고서(Indigo Book)_FFFF.pdf,21,번호 직결 인용 없음 또는 문장 조각·중복 배정 제외
BOK-20250225-b3646968c1bf-그림-06d6ca798e4b4a34,경제전망보고서 2025년 2월,그림,1-20,주택 매매가격지수1),단위; 데이터 형태; 설명,research/bok-archive/03-경제전망보고서/2025-02-25_경제전망보고서(2025년 2월)/2025년 2월 경제전망보고서(Indigo Book)_FFFF.pdf,22,번호 직결 인용 없음 또는 문장 조각·중복 배정 제외
BOK-20250225-b3646968c1bf-그림-f0cf89844f8fa734,경제전망보고서 2025년 2월,그림,1-21,주택 전세 및 월세가격지수1),단위; 데이터 형태; 설명,research/bok-archive/03-경제전망보고서/2025-02-25_경제전망보고서(2025년 2월)/2025년 2월 경제전망보고서(Indigo Book)_FFFF.pdf,22,번호 직결 인용 없음 또는 문장 조각·중복 배정 제외
BOK-20250225-b3646968c1bf-그림-95aca5b8e5cb9f68,경제전망보고서 2025년 2월,그림,1-22,대출태도지수1) 및 주택담보대출금리2),단위; 데이터 형태; 설명,research/bok-archive/03-경제전망보고서/2025-02-25_경제전망보고서(2025년 2월)/2025년 2월 경제전망보고서(Indigo Book)_FFFF.pdf,23,번호 직결 인용 없음 또는 문장 조각·중복 배정 제외
BOK-20250225-b3646968c1bf-그림-a875258c3e76be2f,경제전망보고서 2025년 2월,그림,1-23,아파트매매거래량 및 준공후미분양주택수,단위; 데이터 형태; 설명,research/bok-archive/03-경제전망보고서/2025-02-25_경제전망보고서(2025년 2월)/2025년 2월 경제전망보고서(Indigo Book)_FFFF.pdf,23,번호 직결 인용 없음 또는 문장 조각·중복 배정 제외
BOK-20250225-b3646968c1bf-그림-fe6bb9efccf5e173,경제전망보고서 2025년 2월,그림,1-24,산업별 빈일자리율,단위; 데이터 형태; 설명,research/bok-archive/03-경제전망보고서/2025-02-25_경제전망보고서(2025년 2월)/2025년 2월 경제전망보고서(Indigo Book)_FFFF.pdf,24,번호 직결 인용 없음 또는 문장 조각·중복 배정 제외
BOK-20250225-b3646968c1bf-그림-cdfcd0e25366d7d0,경제전망보고서 2025년 2월,그림,1-25,노동시장 긴장도 분해,단위; 데이터 형태; 설명,research/bok-archive/03-경제전망보고서/2025-02-25_경제전망보고서(2025년 2월)/2025년 2월 경제전망보고서(Indigo Book)_FFFF.pdf,24,번호 직결 인용 없음 또는 문장 조각·중복 배정 제외
BOK-20250225-b3646968c1bf-그림-708c6ec90b702783,경제전망보고서 2025년 2월,그림,1-26,실업률 변동 요인(취직률1) 및 실직률2)),단위; 데이터 형태; 설명,research/bok-archive/03-경제전망보고서/2025-02-25_경제전망보고서(2025년 2월)/2025년 2월 경제전망보고서(Indigo Book)_FFFF.pdf,24,번호 직결 인용 없음 또는 문장 조각·중복 배정 제외
BOK-20250225-b3646968c1bf-그림-14555ffe08255118,경제전망보고서 2025년 2월,그림,1-27,노동시장 긴장도1),단위; 데이터 형태; 설명,research/bok-archive/03-경제전망보고서/2025-02-25_경제전망보고서(2025년 2월)/2025년 2월 경제전망보고서(Indigo Book)_FFFF.pdf,24,번호 직결 인용 없음 또는 문장 조각·중복 배정 제외
BOK-20250225-b3646968c1bf-그림-336508a864a2acda,경제전망보고서 2025년 2월,그림,1-28,상용직 임금상승률,단위; 설명,research/bok-archive/03-경제전망보고서/2025-02-25_경제전망보고서(2025년 2월)/2025년 2월 경제전망보고서(Indigo Book)_FFFF.pdf,25,번호 직결 인용 없음 또는 문장 조각·중복 배정 제외
BOK-20250225-b3646968c1bf-그림-890b22044890cc55,경제전망보고서 2025년 2월,그림,1-29,상용 정액급여 및,사용 데이터·출처; 단위; 설명,research/bok-archive/03-경제전망보고서/2025-02-25_경제전망보고서(2025년 2월)/2025년 2월 경제전망보고서(Indigo Book)_FFFF.pdf,25,번호 직결 인용 없음 또는 문장 조각·중복 배정 제외
BOK-20250225-b3646968c1bf-그림-f278397e34f4d3de,경제전망보고서 2025년 2월,그림,1-30,상용직 특별급여 및 기업,사용 데이터·출처; 단위; 분석 목적; 통계기법·지수; 설명,research/bok-archive/03-경제전망보고서/2025-02-25_경제전망보고서(2025년 2월)/2025년 2월 경제전망보고서(Indigo Book)_FFFF.pdf,25,제목·계열·직접 인용의 해석 근거 부족; 번호 직결 인용 없음 또는 문장 조각·중복 배정 제외
BOK-20250225-b3646968c1bf-그림-d503cb5085f9b30d,경제전망보고서 2025년 2월,그림,1-31,국고채 및 美국채 금리,단위; 데이터 형태; 통계기법·지수; 설명,research/bok-archive/03-경제전망보고서/2025-02-25_경제전망보고서(2025년 2월)/2025년 2월 경제전망보고서(Indigo Book)_FFFF.pdf,26,번호 직결 인용 없음 또는 문장 조각·중복 배정 제외
BOK-20250225-b3646968c1bf-그림-e7ac79bf5f2f91fd,경제전망보고서 2025년 2월,그림,1-32,한국 및 미국 주가,사용 데이터·출처; 단위; 데이터 형태; 설명,research/bok-archive/03-경제전망보고서/2025-02-25_경제전망보고서(2025년 2월)/2025년 2월 경제전망보고서(Indigo Book)_FFFF.pdf,26,번호 직결 인용 없음 또는 문장 조각·중복 배정 제외
BOK-20250225-b3646968c1bf-그림-a706e7133c14a9cd,경제전망보고서 2025년 2월,그림,1-33,원/달러환율및美달러화지수,단위; 데이터 형태; 설명,research/bok-archive/03-경제전망보고서/2025-02-25_경제전망보고서(2025년 2월)/2025년 2월 경제전망보고서(Indigo Book)_FFFF.pdf,26,번호 직결 인용 없음 또는 문장 조각·중복 배정 제외
BOK-20250225-b3646968c1bf-그림-fd2aeacea3193760,경제전망보고서 2025년 2월,그림,1-34,가계대출1)2) 증감,단위; 데이터 형태; 통계기법·지수; 설명,research/bok-archive/03-경제전망보고서/2025-02-25_경제전망보고서(2025년 2월)/2025년 2월 경제전망보고서(Indigo Book)_FFFF.pdf,27,번호 직결 인용 없음 또는 문장 조각·중복 배정 제외
BOK-20250225-b3646968c1bf-그림-a5c5026fb403992a,경제전망보고서 2025년 2월,그림,1-35,은행1) 기업대출 증감,단위; 데이터 형태; 통계기법·지수; 설명,research/bok-archive/03-경제전망보고서/2025-02-25_경제전망보고서(2025년 2월)/2025년 2월 경제전망보고서(Indigo Book)_FFFF.pdf,27,번호 직결 인용 없음 또는 문장 조각·중복 배정 제외
BOK-20250225-b3646968c1bf-그림-5077d8b191d32465,경제전망보고서 2025년 2월,그림,1-36,기업 직접금융 조달,사용 데이터·출처; 단위; 데이터 형태; 설명,research/bok-archive/03-경제전망보고서/2025-02-25_경제전망보고서(2025년 2월)/2025년 2월 경제전망보고서(Indigo Book)_FFFF.pdf,27,번호 직결 인용 없음 또는 문장 조각·중복 배정 제외
BOK-20250225-b3646968c1bf-그림-acc2b98d2bef3573,경제전망보고서 2025년 2월,그림,2-1,지출 부문별 기여도,단위; 데이터 형태; 설명,research/bok-archive/03-경제전망보고서/2025-02-25_경제전망보고서(2025년 2월)/2025년 2월 경제전망보고서(Indigo Book)_FFFF.pdf,31,번호 직결 인용 없음 또는 문장 조각·중복 배정 제외
BOK-20250225-b3646968c1bf-그림-ba306a3329cf9a04,경제전망보고서 2025년 2월,그림,2-2,내수·수출 순성장기여도1),단위; 데이터 형태; 설명,research/bok-archive/03-경제전망보고서/2025-02-25_경제전망보고서(2025년 2월)/2025년 2월 경제전망보고서(Indigo Book)_FFFF.pdf,31,번호 직결 인용 없음 또는 문장 조각·중복 배정 제외
BOK-20250225-b3646968c1bf-그림-b00c8f7cfa5ca4c0,경제전망보고서 2025년 2월,그림,2-3,최근 소매판매와 대면서비스 추이,단위; 데이터 형태; 통계기법·지수; 설명,research/bok-archive/03-경제전망보고서/2025-02-25_경제전망보고서(2025년 2월)/2025년 2월 경제전망보고서(Indigo Book)_FFFF.pdf,32,번호 직결 인용 없음 또는 문장 조각·중복 배정 제외
BOK-20250225-b3646968c1bf-그림-8d150252e6028f9f,경제전망보고서 2025년 2월,그림,2-4,가계 실질노동소득1),사용 데이터·출처; 단위; 데이터 형태; 설명,research/bok-archive/03-경제전망보고서/2025-02-25_경제전망보고서(2025년 2월)/2025년 2월 경제전망보고서(Indigo Book)_FFFF.pdf,32,번호 직결 인용 없음 또는 문장 조각·중복 배정 제외
BOK-20250225-b3646968c1bf-그림-9ba66e8ac9004fea,경제전망보고서 2025년 2월,그림,2-5,GDP 건설투자1) 및 건축·토목 기성1),단위; 데이터 형태; 통계기법·지수; 설명,research/bok-archive/03-경제전망보고서/2025-02-25_경제전망보고서(2025년 2월)/2025년 2월 경제전망보고서(Indigo Book)_FFFF.pdf,33,번호 직결 인용 없음 또는 문장 조각·중복 배정 제외
BOK-20250225-b3646968c1bf-그림-b8acc3189b072463,경제전망보고서 2025년 2월,그림,2-6,건설수주1),단위; 데이터 형태; 설명,research/bok-archive/03-경제전망보고서/2025-02-25_경제전망보고서(2025년 2월)/2025년 2월 경제전망보고서(Indigo Book)_FFFF.pdf,33,번호 직결 인용 없음 또는 문장 조각·중복 배정 제외
BOK-20250225-b3646968c1bf-그림-c382be3ce4b5f317,경제전망보고서 2025년 2월,그림,2-7,GDP 설비투자1) 및 자본재 수입액2),단위; 데이터 형태; 통계기법·지수; 설명,research/bok-archive/03-경제전망보고서/2025-02-25_경제전망보고서(2025년 2월)/2025년 2월 경제전망보고서(Indigo Book)_FFFF.pdf,34,번호 직결 인용 없음 또는 문장 조각·중복 배정 제외
BOK-20250225-b3646968c1bf-그림-ad430c0ba92cac6a,경제전망보고서 2025년 2월,그림,2-8,"환율, 자본재 수입가격 및 제조업 BSI",단위; 데이터 형태; 설명,research/bok-archive/03-경제전망보고서/2025-02-25_경제전망보고서(2025년 2월)/2025년 2월 경제전망보고서(Indigo Book)_FFFF.pdf,34,번호 직결 인용 없음 또는 문장 조각·중복 배정 제외
BOK-20250225-b3646968c1bf-그림-021264f8d4d8fe44,경제전망보고서 2025년 2월,그림,2-9,상위 5개기업1) R&D 지출,단위; 데이터 형태; 통계기법·지수; 설명,research/bok-archive/03-경제전망보고서/2025-02-25_경제전망보고서(2025년 2월)/2025년 2월 경제전망보고서(Indigo Book)_FFFF.pdf,35,번호 직결 인용 없음 또는 문장 조각·중복 배정 제외
BOK-20250225-b3646968c1bf-그림-ef9748d62da12a89,경제전망보고서 2025년 2월,그림,2-10,정부 연구개발 예산,단위; 데이터 형태; 설명,research/bok-archive/03-경제전망보고서/2025-02-25_경제전망보고서(2025년 2월)/2025년 2월 경제전망보고서(Indigo Book)_FFFF.pdf,35,번호 직결 인용 없음 또는 문장 조각·중복 배정 제외
BOK-20250225-b3646968c1bf-그림-b1116e999ce259e3,경제전망보고서 2025년 2월,그림,2-11,주요 품목 수출물량1),단위; 데이터 형태; 설명,research/bok-archive/03-경제전망보고서/2025-02-25_경제전망보고서(2025년 2월)/2025년 2월 경제전망보고서(Indigo Book)_FFFF.pdf,36,번호 직결 인용 없음 또는 문장 조각·중복 배정 제외
BOK-20250225-b3646968c1bf-그림-090fb58a25025e0f,경제전망보고서 2025년 2월,그림,2-12,미국의 평균관세율1),단위; 데이터 형태; 설명,research/bok-archive/03-경제전망보고서/2025-02-25_경제전망보고서(2025년 2월)/2025년 2월 경제전망보고서(Indigo Book)_FFFF.pdf,36,번호 직결 인용 없음 또는 문장 조각·중복 배정 제외
BOK-20250225-b3646968c1bf-그림-0d21f6dfc64f45b4,경제전망보고서 2025년 2월,그림,2-13,통관수출 품목별 기여도,단위; 데이터 형태; 설명,research/bok-archive/03-경제전망보고서/2025-02-25_경제전망보고서(2025년 2월)/2025년 2월 경제전망보고서(Indigo Book)_FFFF.pdf,37,번호 직결 인용 없음 또는 문장 조각·중복 배정 제외
BOK-20250225-b3646968c1bf-그림-474394ffc24624bb,경제전망보고서 2025년 2월,그림,2-14,통관수입 품목별 기여도,사용 데이터·출처; 데이터 형태; 설명,research/bok-archive/03-경제전망보고서/2025-02-25_경제전망보고서(2025년 2월)/2025년 2월 경제전망보고서(Indigo Book)_FFFF.pdf,37,번호 직결 인용 없음 또는 문장 조각·중복 배정 제외
BOK-20250225-b3646968c1bf-그림-d980094b4f90a243,경제전망보고서 2025년 2월,그림,2-15,경상수지,단위; 데이터 형태; 설명,research/bok-archive/03-경제전망보고서/2025-02-25_경제전망보고서(2025년 2월)/2025년 2월 경제전망보고서(Indigo Book)_FFFF.pdf,38,번호 직결 인용 없음 또는 문장 조각·중복 배정 제외
BOK-20250225-b3646968c1bf-그림-018dfa1d08183f5b,경제전망보고서 2025년 2월,그림,2-16,경상수지 전망경로1)2),사용 데이터·출처; 단위; 데이터 형태; 설명,research/bok-archive/03-경제전망보고서/2025-02-25_경제전망보고서(2025년 2월)/2025년 2월 경제전망보고서(Indigo Book)_FFFF.pdf,38,번호 직결 인용 없음 또는 문장 조각·중복 배정 제외
BOK-20250225-b3646968c1bf-그림-69a4cd0d96cbe842,경제전망보고서 2025년 2월,그림,2-17,소비자물가 및 근원물가,단위; 데이터 형태; 설명,research/bok-archive/03-경제전망보고서/2025-02-25_경제전망보고서(2025년 2월)/2025년 2월 경제전망보고서(Indigo Book)_FFFF.pdf,39,번호 직결 인용 없음 또는 문장 조각·중복 배정 제외
BOK-20250225-b3646968c1bf-그림-b3e77a4ed73e92f2,경제전망보고서 2025년 2월,그림,2-18,월별 상승률 기여도 차이 분해,사용 데이터·출처; 단위; 데이터 형태; 설명,research/bok-archive/03-경제전망보고서/2025-02-25_경제전망보고서(2025년 2월)/2025년 2월 경제전망보고서(Indigo Book)_FFFF.pdf,39,번호 직결 인용 없음 또는 문장 조각·중복 배정 제외
BOK-20250225-b3646968c1bf-그림-4311185a1288a003,경제전망보고서 2025년 2월,그림,2-19,소비자물가 상승률 및 기여도,단위; 설명,research/bok-archive/03-경제전망보고서/2025-02-25_경제전망보고서(2025년 2월)/2025년 2월 경제전망보고서(Indigo Book)_FFFF.pdf,40,번호 직결 인용 없음 또는 문장 조각·중복 배정 제외
BOK-20250225-b3646968c1bf-그림-8e38c1d2e6e3cb63,경제전망보고서 2025년 2월,그림,2-20,근원물가 상승률 및 기여도,단위; 설명,research/bok-archive/03-경제전망보고서/2025-02-25_경제전망보고서(2025년 2월)/2025년 2월 경제전망보고서(Indigo Book)_FFFF.pdf,40,번호 직결 인용 없음 또는 문장 조각·중복 배정 제외
BOK-20250225-b3646968c1bf-그림-a2a88d85bc2ca4fc,경제전망보고서 2025년 2월,그림,2-21,소비자물가 상승률 전망,단위; 데이터 형태; 설명,research/bok-archive/03-경제전망보고서/2025-02-25_경제전망보고서(2025년 2월)/2025년 2월 경제전망보고서(Indigo Book)_FFFF.pdf,41,번호 직결 인용 없음 또는 문장 조각·중복 배정 제외
BOK-20250225-b3646968c1bf-그림-dbd28782f97220cf,경제전망보고서 2025년 2월,그림,2-22,근원물가 상승률 전망,사용 데이터·출처; 데이터 형태; 설명,research/bok-archive/03-경제전망보고서/2025-02-25_경제전망보고서(2025년 2월)/2025년 2월 경제전망보고서(Indigo Book)_FFFF.pdf,41,번호 직결 인용 없음 또는 문장 조각·중복 배정 제외
BOK-20250225-b3646968c1bf-그림-341ee8f61f5e0139,경제전망보고서 2025년 2월,그림,2-23,취업자수 증감,단위; 데이터 형태; 설명,research/bok-archive/03-경제전망보고서/2025-02-25_경제전망보고서(2025년 2월)/2025년 2월 경제전망보고서(Indigo Book)_FFFF.pdf,42,번호 직결 인용 없음 또는 문장 조각·중복 배정 제외
BOK-20250225-b3646968c1bf-그림-eab0d541a02affe2,경제전망보고서 2025년 2월,그림,2-24,실업률 및 고용률,단위; 데이터 형태; 설명,research/bok-archive/03-경제전망보고서/2025-02-25_경제전망보고서(2025년 2월)/2025년 2월 경제전망보고서(Indigo Book)_FFFF.pdf,42,번호 직결 인용 없음 또는 문장 조각·중복 배정 제외
BOK-20250225-b3646968c1bf-그림-dbc05565959fadaf,경제전망보고서 2025년 2월,그림,2-25,산업별 취업자수 증감,단위; 데이터 형태; 통계기법·지수; 설명,research/bok-archive/03-경제전망보고서/2025-02-25_경제전망보고서(2025년 2월)/2025년 2월 경제전망보고서(Indigo Book)_FFFF.pdf,42,번호 직결 인용 없음 또는 문장 조각·중복 배정 제외
BOK-20250225-b3646968c1bf-그림-d207f59a60f4bfd1,경제전망보고서 2025년 2월,그림,2-26,성별·연령별 취업자수 증감,사용 데이터·출처; 단위; 데이터 형태; 통계기법·지수; 설명,research/bok-archive/03-경제전망보고서/2025-02-25_경제전망보고서(2025년 2월)/2025년 2월 경제전망보고서(Indigo Book)_FFFF.pdf,42,번호 직결 인용 없음 또는 문장 조각·중복 배정 제외
BOK-20250225-b3646968c1bf-그림-af828678871f905d,경제전망보고서 2025년 2월,그림,2-27,고용의 질 추이1),단위; 설명,research/bok-archive/03-경제전망보고서/2025-02-25_경제전망보고서(2025년 2월)/2025년 2월 경제전망보고서(Indigo Book)_FFFF.pdf,43,번호 직결 인용 없음 또는 문장 조각·중복 배정 제외
BOK-20250225-b3646968c1bf-그림-7da0b810750861d0,경제전망보고서 2025년 2월,그림,2-28,최저임금 근로자 비중별 취업자수 증감1)2),설명,research/bok-archive/03-경제전망보고서/2025-02-25_경제전망보고서(2025년 2월)/2025년 2월 경제전망보고서(Indigo Book)_FFFF.pdf,43,번호 직결 인용 없음 또는 문장 조각·중복 배정 제외
BOK-20250225-b3646968c1bf-그림-063c5670d1b44747,경제전망보고서 2025년 2월,그림,3-1,주요기관의 2025년 국내성장률 전망 분포1),단위; 데이터 형태; 종류; 설명,research/bok-archive/03-경제전망보고서/2025-02-25_경제전망보고서(2025년 2월)/2025년 2월 경제전망보고서(Indigo Book)_FFFF.pdf,45,허용 종류로 판별 불가 또는 표 구조 미확인; 번호 직결 인용 없음 또는 문장 조각·중복 배정 제외
BOK-20250225-b3646968c1bf-그림-56cff46191987040,경제전망보고서 2025년 2월,그림,3-2,무역정책 불확실성 지수,사용 데이터·출처; 데이터 형태; 설명,research/bok-archive/03-경제전망보고서/2025-02-25_경제전망보고서(2025년 2월)/2025년 2월 경제전망보고서(Indigo Book)_FFFF.pdf,47,번호 직결 인용 없음 또는 문장 조각·중복 배정 제외
BOK-20250225-b3646968c1bf-표-8a2aed041088a720,경제전망보고서 2025년 2월,표,3-1,관세정책 가정,단위; 데이터 형태; 종류; 통계기법·지수; 설명,research/bok-archive/03-경제전망보고서/2025-02-25_경제전망보고서(2025년 2월)/2025년 2월 경제전망보고서(Indigo Book)_FFFF.pdf,47,허용 종류로 판별 불가 또는 표 구조 미확인; 번호 직결 인용 없음 또는 문장 조각·중복 배정 제외
BOK-20250529-2d31c1efeb6b-그림-aabdea89f1efbb2f,경제전망보고서 2025년 5월,그림,1-1,美평균관세율,단위; 데이터 형태; 설명,research/bok-archive/03-경제전망보고서/2025-05-29_경제전망보고서(2025년 5월)/2025년 5월 경제전망보고서(Indigo Book)_FFF.pdf,15,번호 직결 인용 없음 또는 문장 조각·중복 배정 제외
BOK-20250529-2d31c1efeb6b-그림-b015c95d975afd79,경제전망보고서 2025년 5월,그림,1-2,세계경제 및 세계교역 전망,사용 데이터·출처; 단위; 데이터 형태; 통계기법·지수; 설명,research/bok-archive/03-경제전망보고서/2025-05-29_경제전망보고서(2025년 5월)/2025년 5월 경제전망보고서(Indigo Book)_FFF.pdf,15,번호 직결 인용 없음 또는 문장 조각·중복 배정 제외
BOK-20250529-2d31c1efeb6b-그림-a5d36e601f79b6b4,경제전망보고서 2025년 5월,그림,1-3,미 빅테크 기업 자본적지출 1),단위; 데이터 형태; 설명,research/bok-archive/03-경제전망보고서/2025-05-29_경제전망보고서(2025년 5월)/2025년 5월 경제전망보고서(Indigo Book)_FFF.pdf,16,번호 직결 인용 없음 또는 문장 조각·중복 배정 제외
BOK-20250529-2d31c1efeb6b-그림-55c731f23ad6c2d6,경제전망보고서 2025년 5월,그림,1-4,DRAM 가격,단위; 데이터 형태; 통계기법·지수; 설명,research/bok-archive/03-경제전망보고서/2025-05-29_경제전망보고서(2025년 5월)/2025년 5월 경제전망보고서(Indigo Book)_FFF.pdf,16,번호 직결 인용 없음 또는 문장 조각·중복 배정 제외
BOK-20250529-2d31c1efeb6b-그림-b3477d5be0157e05,경제전망보고서 2025년 5월,그림,1-5,미국 GDP 성장률 및 기여도,단위; 데이터 형태; 설명,research/bok-archive/03-경제전망보고서/2025-05-29_경제전망보고서(2025년 5월)/2025년 5월 경제전망보고서(Indigo Book)_FFF.pdf,17,번호 직결 인용 없음 또는 문장 조각·중복 배정 제외
BOK-20250529-2d31c1efeb6b-그림-bf8d6356748a392a,경제전망보고서 2025년 5월,그림,1-6,시장의 연준 정책금리 기대 수준1),사용 데이터·출처; 단위; 데이터 형태; 통계기법·지수; 설명,research/bok-archive/03-경제전망보고서/2025-05-29_경제전망보고서(2025년 5월)/2025년 5월 경제전망보고서(Indigo Book)_FFF.pdf,17,번호 직결 인용 없음 또는 문장 조각·중복 배정 제외
BOK-20250529-2d31c1efeb6b-그림-f266ef1ac0c278f2,경제전망보고서 2025년 5월,그림,1-7,유로지역 및 주요국 GDP 성장률,단위; 데이터 형태; 설명,research/bok-archive/03-경제전망보고서/2025-05-29_경제전망보고서(2025년 5월)/2025년 5월 경제전망보고서(Indigo Book)_FFF.pdf,19,번호 직결 인용 없음 또는 문장 조각·중복 배정 제외
BOK-20250529-2d31c1efeb6b-그림-5675e26dbf0c7f0d,경제전망보고서 2025년 5월,그림,1-8,시장의 ECB 정책금리 기대 수준1),사용 데이터·출처; 단위; 데이터 형태; 통계기법·지수; 설명,research/bok-archive/03-경제전망보고서/2025-05-29_경제전망보고서(2025년 5월)/2025년 5월 경제전망보고서(Indigo Book)_FFF.pdf,19,번호 직결 인용 없음 또는 문장 조각·중복 배정 제외
BOK-20250529-2d31c1efeb6b-그림-96f611fb305531ee,경제전망보고서 2025년 5월,그림,1-9,중국 GDP 성장률 및 기여도,단위; 데이터 형태; 설명,research/bok-archive/03-경제전망보고서/2025-05-29_경제전망보고서(2025년 5월)/2025년 5월 경제전망보고서(Indigo Book)_FFF.pdf,20,번호 직결 인용 없음 또는 문장 조각·중복 배정 제외
BOK-20250529-2d31c1efeb6b-그림-480c9ca4d59690bd,경제전망보고서 2025년 5월,그림,1-10,중국 국가별 수출,사용 데이터·출처; 단위; 통계기법·지수; 설명,research/bok-archive/03-경제전망보고서/2025-05-29_경제전망보고서(2025년 5월)/2025년 5월 경제전망보고서(Indigo Book)_FFF.pdf,20,번호 직결 인용 없음 또는 문장 조각·중복 배정 제외
BOK-20250529-2d31c1efeb6b-그림-4dc8a07518d75ea4,경제전망보고서 2025년 5월,그림,1-11,일본 GDP 성장률 및 기여도,단위; 데이터 형태; 설명,research/bok-archive/03-경제전망보고서/2025-05-29_경제전망보고서(2025년 5월)/2025년 5월 경제전망보고서(Indigo Book)_FFF.pdf,21,번호 직결 인용 없음 또는 문장 조각·중복 배정 제외
BOK-20250529-2d31c1efeb6b-그림-1a5e2f31bb606a33,경제전망보고서 2025년 5월,그림,1-12,일본 對美 통관수출,단위; 데이터 형태; 통계기법·지수; 설명,research/bok-archive/03-경제전망보고서/2025-05-29_경제전망보고서(2025년 5월)/2025년 5월 경제전망보고서(Indigo Book)_FFF.pdf,21,번호 직결 인용 없음 또는 문장 조각·중복 배정 제외
BOK-20250529-2d31c1efeb6b-그림-149b38e004c7cd2b,경제전망보고서 2025년 5월,그림,1-13,인도 GDP 성장률,단위; 데이터 형태; 설명,research/bok-archive/03-경제전망보고서/2025-05-29_경제전망보고서(2025년 5월)/2025년 5월 경제전망보고서(Indigo Book)_FFF.pdf,22,번호 직결 인용 없음 또는 문장 조각·중복 배정 제외
BOK-20250529-2d31c1efeb6b-그림-0c0a2661a3b6946e,경제전망보고서 2025년 5월,그림,1-14,아세안4국1) GDP 성장률,사용 데이터·출처; 단위; 데이터 형태; 설명,research/bok-archive/03-경제전망보고서/2025-05-29_경제전망보고서(2025년 5월)/2025년 5월 경제전망보고서(Indigo Book)_FFF.pdf,22,번호 직결 인용 없음 또는 문장 조각·중복 배정 제외
BOK-20250529-2d31c1efeb6b-그림-119d23153aec5a8c,경제전망보고서 2025년 5월,그림,1-15,아세안5국 실물지표1)2),사용 데이터·출처; 단위; 데이터 형태; 통계기법·지수; 설명,research/bok-archive/03-경제전망보고서/2025-05-29_경제전망보고서(2025년 5월)/2025년 5월 경제전망보고서(Indigo Book)_FFF.pdf,22,번호 직결 인용 없음 또는 문장 조각·중복 배정 제외
BOK-20250529-2d31c1efeb6b-그림-bfdb2aaf52163484,경제전망보고서 2025년 5월,그림,1-16,국제유가,단위; 데이터 형태; 설명,research/bok-archive/03-경제전망보고서/2025-05-29_경제전망보고서(2025년 5월)/2025년 5월 경제전망보고서(Indigo Book)_FFF.pdf,23,번호 직결 인용 없음 또는 문장 조각·중복 배정 제외
BOK-20250529-2d31c1efeb6b-그림-34527bcc931296a0,경제전망보고서 2025년 5월,그림,1-17,25년 글로벌 원유 수요 전망,데이터 형태; 통계기법·지수; 설명,research/bok-archive/03-경제전망보고서/2025-05-29_경제전망보고서(2025년 5월)/2025년 5월 경제전망보고서(Indigo Book)_FFF.pdf,23,번호 직결 인용 없음 또는 문장 조각·중복 배정 제외
BOK-20250529-2d31c1efeb6b-그림-97de2f7efe2ad9ed,경제전망보고서 2025년 5월,그림,1-18,미국 원유 생산 전망,데이터 형태; 통계기법·지수; 설명,research/bok-archive/03-경제전망보고서/2025-05-29_경제전망보고서(2025년 5월)/2025년 5월 경제전망보고서(Indigo Book)_FFF.pdf,23,번호 직결 인용 없음 또는 문장 조각·중복 배정 제외
BOK-20250529-2d31c1efeb6b-그림-b5d988b2c031f9cc,경제전망보고서 2025년 5월,그림,1-19,통합재정지출1) 전망,단위; 데이터 형태; 설명,research/bok-archive/03-경제전망보고서/2025-05-29_경제전망보고서(2025년 5월)/2025년 5월 경제전망보고서(Indigo Book)_FFF.pdf,24,번호 직결 인용 없음 또는 문장 조각·중복 배정 제외
BOK-20250529-2d31c1efeb6b-그림-8c699dac2c776c90,경제전망보고서 2025년 5월,그림,1-20,관리재정수지1) 전망,사용 데이터·출처; 단위; 데이터 형태; 설명,research/bok-archive/03-경제전망보고서/2025-05-29_경제전망보고서(2025년 5월)/2025년 5월 경제전망보고서(Indigo Book)_FFF.pdf,24,번호 직결 인용 없음 또는 문장 조각·중복 배정 제외
BOK-20250529-2d31c1efeb6b-그림-257e0d42022dafc9,경제전망보고서 2025년 5월,그림,1-21,주택매매가격지수1),단위; 데이터 형태; 설명,research/bok-archive/03-경제전망보고서/2025-05-29_경제전망보고서(2025년 5월)/2025년 5월 경제전망보고서(Indigo Book)_FFF.pdf,25,번호 직결 인용 없음 또는 문장 조각·중복 배정 제외
BOK-20250529-2d31c1efeb6b-그림-34a5cab2b2583f5a,경제전망보고서 2025년 5월,그림,1-22,주택 전월세가격지수1),단위; 데이터 형태; 설명,research/bok-archive/03-경제전망보고서/2025-05-29_경제전망보고서(2025년 5월)/2025년 5월 경제전망보고서(Indigo Book)_FFF.pdf,25,번호 직결 인용 없음 또는 문장 조각·중복 배정 제외
BOK-20250529-2d31c1efeb6b-그림-6cc77287f184e0f9,경제전망보고서 2025년 5월,그림,1-23,대출태도지수1) 및 주택담보대출금리,단위; 데이터 형태; 설명,research/bok-archive/03-경제전망보고서/2025-05-29_경제전망보고서(2025년 5월)/2025년 5월 경제전망보고서(Indigo Book)_FFF.pdf,26,번호 직결 인용 없음 또는 문장 조각·중복 배정 제외
BOK-20250529-2d31c1efeb6b-그림-214fa763507becde,경제전망보고서 2025년 5월,그림,1-24,지역별 주택매매가격지수,단위; 데이터 형태; 설명,research/bok-archive/03-경제전망보고서/2025-05-29_경제전망보고서(2025년 5월)/2025년 5월 경제전망보고서(Indigo Book)_FFF.pdf,26,번호 직결 인용 없음 또는 문장 조각·중복 배정 제외
BOK-20250529-2d31c1efeb6b-그림-65b105f7ddd7c19d,경제전망보고서 2025년 5월,그림,1-25,산업별 빈일자리율,단위; 데이터 형태; 설명,research/bok-archive/03-경제전망보고서/2025-05-29_경제전망보고서(2025년 5월)/2025년 5월 경제전망보고서(Indigo Book)_FFF.pdf,26,번호 직결 인용 없음 또는 문장 조각·중복 배정 제외
BOK-20250529-2d31c1efeb6b-그림-47b54206befc604b,경제전망보고서 2025년 5월,그림,1-26,노동시장 긴장도,단위; 데이터 형태; 설명,research/bok-archive/03-경제전망보고서/2025-05-29_경제전망보고서(2025년 5월)/2025년 5월 경제전망보고서(Indigo Book)_FFF.pdf,26,번호 직결 인용 없음 또는 문장 조각·중복 배정 제외
BOK-20250529-2d31c1efeb6b-그림-a0acf06203dc18ed,경제전망보고서 2025년 5월,그림,1-27,임금 상승률 기여도 분해,단위; 데이터 형태; 설명,research/bok-archive/03-경제전망보고서/2025-05-29_경제전망보고서(2025년 5월)/2025년 5월 경제전망보고서(Indigo Book)_FFF.pdf,27,번호 직결 인용 없음 또는 문장 조각·중복 배정 제외
BOK-20250529-2d31c1efeb6b-그림-faa626a2fd868ea3,경제전망보고서 2025년 5월,그림,1-28,특히 건설업에서의 빈일자리율,단위; 데이터 형태; 종류; 분석 목적; 통계기법·지수; 설명,research/bok-archive/03-경제전망보고서/2025-05-29_경제전망보고서(2025년 5월)/2025년 5월 경제전망보고서(Indigo Book)_FFF.pdf,26,허용 종류로 판별 불가 또는 표 구조 미확인; 제목·계열·직접 인용의 해석 근거 부족; 번호 직결 인용 없음 또는 문장 조각·중복 배정 제외
BOK-20250529-2d31c1efeb6b-그림-49856270ab501781,경제전망보고서 2025년 5월,그림,1-29,빈일자리율 하락세 지속 노동시장 긴장도 장기평균 하회,단위; 데이터 형태; 종류; 분석 목적; 설명,research/bok-archive/03-경제전망보고서/2025-05-29_경제전망보고서(2025년 5월)/2025년 5월 경제전망보고서(Indigo Book)_FFF.pdf,26,허용 종류로 판별 불가 또는 표 구조 미확인; 제목·계열·직접 인용의 해석 근거 부족; 번호 직결 인용 없음 또는 문장 조각·중복 배정 제외
BOK-20250529-2d31c1efeb6b-그림-24ab70275c6ab417,경제전망보고서 2025년 5월,그림,1-30,국고채 및 美국채 금리,단위; 데이터 형태; 통계기법·지수; 설명,research/bok-archive/03-경제전망보고서/2025-05-29_경제전망보고서(2025년 5월)/2025년 5월 경제전망보고서(Indigo Book)_FFF.pdf,28,번호 직결 인용 없음 또는 문장 조각·중복 배정 제외
BOK-20250529-2d31c1efeb6b-그림-068d4d24437ce7b5,경제전망보고서 2025년 5월,그림,1-31,한국 및 미국 주가,단위; 데이터 형태; 설명,research/bok-archive/03-경제전망보고서/2025-05-29_경제전망보고서(2025년 5월)/2025년 5월 경제전망보고서(Indigo Book)_FFF.pdf,28,번호 직결 인용 없음 또는 문장 조각·중복 배정 제외
BOK-20250529-2d31c1efeb6b-그림-c2f57e2627d3051b,경제전망보고서 2025년 5월,그림,1-32,원/달러환율및미달러화지수,단위; 데이터 형태; 설명,research/bok-archive/03-경제전망보고서/2025-05-29_경제전망보고서(2025년 5월)/2025년 5월 경제전망보고서(Indigo Book)_FFF.pdf,28,번호 직결 인용 없음 또는 문장 조각·중복 배정 제외
BOK-20250529-2d31c1efeb6b-그림-c7a88160a776cb2b,경제전망보고서 2025년 5월,그림,1-33,가계대출1)2) 증감,단위; 데이터 형태; 통계기법·지수; 설명,research/bok-archive/03-경제전망보고서/2025-05-29_경제전망보고서(2025년 5월)/2025년 5월 경제전망보고서(Indigo Book)_FFF.pdf,28,번호 직결 인용 없음 또는 문장 조각·중복 배정 제외
BOK-20250529-2d31c1efeb6b-그림-5ddb508320a37697,경제전망보고서 2025년 5월,그림,1-34,은행1) 기업대출 증감,단위; 데이터 형태; 통계기법·지수; 설명,research/bok-archive/03-경제전망보고서/2025-05-29_경제전망보고서(2025년 5월)/2025년 5월 경제전망보고서(Indigo Book)_FFF.pdf,28,번호 직결 인용 없음 또는 문장 조각·중복 배정 제외
BOK-20250529-2d31c1efeb6b-그림-15b66ce44c53bfd2,경제전망보고서 2025년 5월,그림,1-35,기업 직접금융 조달,사용 데이터·출처; 단위; 데이터 형태; 설명,research/bok-archive/03-경제전망보고서/2025-05-29_경제전망보고서(2025년 5월)/2025년 5월 경제전망보고서(Indigo Book)_FFF.pdf,28,번호 직결 인용 없음 또는 문장 조각·중복 배정 제외
BOK-20250529-2d31c1efeb6b-그림-c76d80ed2ef2577f,경제전망보고서 2025년 5월,그림,2-1,지출 부문별 기여도,단위; 데이터 형태; 설명,research/bok-archive/03-경제전망보고서/2025-05-29_경제전망보고서(2025년 5월)/2025년 5월 경제전망보고서(Indigo Book)_FFF.pdf,31,번호 직결 인용 없음 또는 문장 조각·중복 배정 제외
BOK-20250529-2d31c1efeb6b-그림-290d3be669313fd6,경제전망보고서 2025년 5월,그림,2-2,내수·수출 순성장기여도1),단위; 데이터 형태; 설명,research/bok-archive/03-경제전망보고서/2025-05-29_경제전망보고서(2025년 5월)/2025년 5월 경제전망보고서(Indigo Book)_FFF.pdf,31,번호 직결 인용 없음 또는 문장 조각·중복 배정 제외
BOK-20250529-2d31c1efeb6b-그림-3d9c796b2a67f715,경제전망보고서 2025년 5월,그림,2-3,소비심리 및 카드사용액,데이터 형태; 통계기법·지수; 설명,research/bok-archive/03-경제전망보고서/2025-05-29_경제전망보고서(2025년 5월)/2025년 5월 경제전망보고서(Indigo Book)_FFF.pdf,32,번호 직결 인용 없음 또는 문장 조각·중복 배정 제외
BOK-20250529-2d31c1efeb6b-그림-3f63658ab544fb53,경제전망보고서 2025년 5월,그림,2-4,가계 실질노동소득 및 카드채 금리,단위; 데이터 형태; 설명,research/bok-archive/03-경제전망보고서/2025-05-29_경제전망보고서(2025년 5월)/2025년 5월 경제전망보고서(Indigo Book)_FFF.pdf,32,번호 직결 인용 없음 또는 문장 조각·중복 배정 제외
BOK-20250529-2d31c1efeb6b-그림-97d4723d0ab9a2f6,경제전망보고서 2025년 5월,그림,2-5,공종별 건설기성1) 기여도,단위; 데이터 형태; 설명,research/bok-archive/03-경제전망보고서/2025-05-29_경제전망보고서(2025년 5월)/2025년 5월 경제전망보고서(Indigo Book)_FFF.pdf,32,번호 직결 인용 없음 또는 문장 조각·중복 배정 제외
BOK-20250529-2d31c1efeb6b-그림-8f3450c808871326,경제전망보고서 2025년 5월,그림,2-6,아파트분양물량1),단위; 데이터 형태; 통계기법·지수; 설명,research/bok-archive/03-경제전망보고서/2025-05-29_경제전망보고서(2025년 5월)/2025년 5월 경제전망보고서(Indigo Book)_FFF.pdf,32,번호 직결 인용 없음 또는 문장 조각·중복 배정 제외
BOK-20250529-2d31c1efeb6b-그림-951d3ff3696663a3,경제전망보고서 2025년 5월,그림,2-7,GDP 설비투자1) 및 기여도2),단위; 데이터 형태; 설명,research/bok-archive/03-경제전망보고서/2025-05-29_경제전망보고서(2025년 5월)/2025년 5월 경제전망보고서(Indigo Book)_FFF.pdf,33,번호 직결 인용 없음 또는 문장 조각·중복 배정 제외
BOK-20250529-2d31c1efeb6b-그림-f51aa6b00fccf284,경제전망보고서 2025년 5월,그림,2-8,부문별 기계류 설비투자지수,단위; 데이터 형태; 설명,research/bok-archive/03-경제전망보고서/2025-05-29_경제전망보고서(2025년 5월)/2025년 5월 경제전망보고서(Indigo Book)_FFF.pdf,33,번호 직결 인용 없음 또는 문장 조각·중복 배정 제외
BOK-20250529-2d31c1efeb6b-그림-f666e801d221a54c,경제전망보고서 2025년 5월,그림,2-9,국내 기업용 소프트웨어 지출,단위; 데이터 형태; 통계기법·지수; 설명,research/bok-archive/03-경제전망보고서/2025-05-29_경제전망보고서(2025년 5월)/2025년 5월 경제전망보고서(Indigo Book)_FFF.pdf,34,번호 직결 인용 없음 또는 문장 조각·중복 배정 제외
BOK-20250529-2d31c1efeb6b-그림-70852cdeb6587923,경제전망보고서 2025년 5월,그림,2-10,상위 5개기업1) R&D 지출,사용 데이터·출처; 단위; 데이터 형태; 통계기법·지수; 설명,research/bok-archive/03-경제전망보고서/2025-05-29_경제전망보고서(2025년 5월)/2025년 5월 경제전망보고서(Indigo Book)_FFF.pdf,34,번호 직결 인용 없음 또는 문장 조각·중복 배정 제외
BOK-20250529-2d31c1efeb6b-그림-919d09b748cfbf6b,경제전망보고서 2025년 5월,그림,2-11,반도체 수출금액 증가율 분해,단위; 데이터 형태; 설명,research/bok-archive/03-경제전망보고서/2025-05-29_경제전망보고서(2025년 5월)/2025년 5월 경제전망보고서(Indigo Book)_FFF.pdf,35,번호 직결 인용 없음 또는 문장 조각·중복 배정 제외
BOK-20250529-2d31c1efeb6b-그림-31d4b764fed4f815,경제전망보고서 2025년 5월,그림,2-12,지역별 일평균 수출금액,단위; 데이터 형태; 설명,research/bok-archive/03-경제전망보고서/2025-05-29_경제전망보고서(2025년 5월)/2025년 5월 경제전망보고서(Indigo Book)_FFF.pdf,35,번호 직결 인용 없음 또는 문장 조각·중복 배정 제외
BOK-20250529-2d31c1efeb6b-그림-8604a0ab0730b6e1,경제전망보고서 2025년 5월,그림,2-13,통관수출 부문별 기여도,단위; 데이터 형태; 설명,research/bok-archive/03-경제전망보고서/2025-05-29_경제전망보고서(2025년 5월)/2025년 5월 경제전망보고서(Indigo Book)_FFF.pdf,35,번호 직결 인용 없음 또는 문장 조각·중복 배정 제외
BOK-20250529-2d31c1efeb6b-그림-4c9871f57987d85e,경제전망보고서 2025년 5월,그림,2-14,통관수입 금액·단가 및 국제유가,단위; 데이터 형태; 통계기법·지수; 설명,research/bok-archive/03-경제전망보고서/2025-05-29_경제전망보고서(2025년 5월)/2025년 5월 경제전망보고서(Indigo Book)_FFF.pdf,35,번호 직결 인용 없음 또는 문장 조각·중복 배정 제외
BOK-20250529-2d31c1efeb6b-그림-5db0e6761dfc656f,경제전망보고서 2025년 5월,그림,2-15,경상수지,단위; 데이터 형태; 설명,research/bok-archive/03-경제전망보고서/2025-05-29_경제전망보고서(2025년 5월)/2025년 5월 경제전망보고서(Indigo Book)_FFF.pdf,37,번호 직결 인용 없음 또는 문장 조각·중복 배정 제외
BOK-20250529-2d31c1efeb6b-그림-44d408da08b2f94d,경제전망보고서 2025년 5월,그림,2-16,본원소득수지,사용 데이터·출처; 데이터 형태; 설명,research/bok-archive/03-경제전망보고서/2025-05-29_경제전망보고서(2025년 5월)/2025년 5월 경제전망보고서(Indigo Book)_FFF.pdf,37,번호 직결 인용 없음 또는 문장 조각·중복 배정 제외
BOK-20250529-2d31c1efeb6b-그림-df3afcdcaa340f68,경제전망보고서 2025년 5월,그림,2-17,소비자물가 및 근원물가,단위; 데이터 형태; 설명,research/bok-archive/03-경제전망보고서/2025-05-29_경제전망보고서(2025년 5월)/2025년 5월 경제전망보고서(Indigo Book)_FFF.pdf,38,번호 직결 인용 없음 또는 문장 조각·중복 배정 제외
BOK-20250529-2d31c1efeb6b-그림-dce02966d7148dfc,경제전망보고서 2025년 5월,그림,2-18,월별 상승률 기여도 차이 분해,단위; 데이터 형태; 설명,research/bok-archive/03-경제전망보고서/2025-05-29_경제전망보고서(2025년 5월)/2025년 5월 경제전망보고서(Indigo Book)_FFF.pdf,38,번호 직결 인용 없음 또는 문장 조각·중복 배정 제외
BOK-20250529-2d31c1efeb6b-그림-02e9f9dd22cf3113,경제전망보고서 2025년 5월,그림,2-19,소비자물가 상승률 및 기여도,데이터 형태; 설명,research/bok-archive/03-경제전망보고서/2025-05-29_경제전망보고서(2025년 5월)/2025년 5월 경제전망보고서(Indigo Book)_FFF.pdf,38,번호 직결 인용 없음 또는 문장 조각·중복 배정 제외
BOK-20250529-2d31c1efeb6b-그림-21312c3637b7c946,경제전망보고서 2025년 5월,그림,2-20,근원물가 상승률 및 기여도,사용 데이터·출처; 데이터 형태; 설명,research/bok-archive/03-경제전망보고서/2025-05-29_경제전망보고서(2025년 5월)/2025년 5월 경제전망보고서(Indigo Book)_FFF.pdf,38,번호 직결 인용 없음 또는 문장 조각·중복 배정 제외
BOK-20250529-2d31c1efeb6b-그림-048ebac84d55a1ec,경제전망보고서 2025년 5월,그림,2-21,소비자물가 상승률 전망,단위; 설명,research/bok-archive/03-경제전망보고서/2025-05-29_경제전망보고서(2025년 5월)/2025년 5월 경제전망보고서(Indigo Book)_FFF.pdf,39,번호 직결 인용 없음 또는 문장 조각·중복 배정 제외
BOK-20250529-2d31c1efeb6b-그림-b2e16fb57b59f591,경제전망보고서 2025년 5월,그림,2-22,근원물가 상승률 전망,사용 데이터·출처; 설명,research/bok-archive/03-경제전망보고서/2025-05-29_경제전망보고서(2025년 5월)/2025년 5월 경제전망보고서(Indigo Book)_FFF.pdf,39,번호 직결 인용 없음 또는 문장 조각·중복 배정 제외
BOK-20250529-2d31c1efeb6b-그림-d31ff07dd183ad29,경제전망보고서 2025년 5월,그림,2-23,취업자수 증감,단위; 데이터 형태; 설명,research/bok-archive/03-경제전망보고서/2025-05-29_경제전망보고서(2025년 5월)/2025년 5월 경제전망보고서(Indigo Book)_FFF.pdf,40,번호 직결 인용 없음 또는 문장 조각·중복 배정 제외
BOK-20250529-2d31c1efeb6b-그림-055b4672c5e323ec,경제전망보고서 2025년 5월,그림,2-24,실업률 및 고용률,단위; 데이터 형태; 설명,research/bok-archive/03-경제전망보고서/2025-05-29_경제전망보고서(2025년 5월)/2025년 5월 경제전망보고서(Indigo Book)_FFF.pdf,40,번호 직결 인용 없음 또는 문장 조각·중복 배정 제외
BOK-20250529-2d31c1efeb6b-그림-7fb14ac84503dd48,경제전망보고서 2025년 5월,그림,2-25,산업별 취업자수1),단위; 데이터 형태; 통계기법·지수; 설명,research/bok-archive/03-경제전망보고서/2025-05-29_경제전망보고서(2025년 5월)/2025년 5월 경제전망보고서(Indigo Book)_FFF.pdf,40,번호 직결 인용 없음 또는 문장 조각·중복 배정 제외
BOK-20250529-2d31c1efeb6b-그림-0b3e170f03a05498,경제전망보고서 2025년 5월,그림,2-26,청년층 고용률 및 실업률,단위; 데이터 형태; 설명,research/bok-archive/03-경제전망보고서/2025-05-29_경제전망보고서(2025년 5월)/2025년 5월 경제전망보고서(Indigo Book)_FFF.pdf,40,번호 직결 인용 없음 또는 문장 조각·중복 배정 제외
BOK-20250529-2d31c1efeb6b-그림-2e26bef8de95e7bb,경제전망보고서 2025년 5월,그림,2-27,비자발적 단시간 근로자1) 증감,단위; 통계기법·지수; 설명,research/bok-archive/03-경제전망보고서/2025-05-29_경제전망보고서(2025년 5월)/2025년 5월 경제전망보고서(Indigo Book)_FFF.pdf,41,번호 직결 인용 없음 또는 문장 조각·중복 배정 제외
BOK-20250529-2d31c1efeb6b-그림-2104bb291b159f0d,경제전망보고서 2025년 5월,그림,2-28,저임금 근로자 비중별 취업자수 증감1)2),설명,research/bok-archive/03-경제전망보고서/2025-05-29_경제전망보고서(2025년 5월)/2025년 5월 경제전망보고서(Indigo Book)_FFF.pdf,41,번호 직결 인용 없음 또는 문장 조각·중복 배정 제외
BOK-20250529-2d31c1efeb6b-그림-017c1026600db177,경제전망보고서 2025년 5월,그림,3-1,주요 기관의 25년 국내 성장률1) 및 물가상승률2) 전망 분포,단위; 데이터 형태; 종류; 설명,research/bok-archive/03-경제전망보고서/2025-05-29_경제전망보고서(2025년 5월)/2025년 5월 경제전망보고서(Indigo Book)_FFF.pdf,47,허용 종류로 판별 불가 또는 표 구조 미확인; 번호 직결 인용 없음 또는 문장 조각·중복 배정 제외
BOK-20250529-2d31c1efeb6b-그림-1091cd2d90223de9,경제전망보고서 2025년 5월,그림,3-2,주요 기관의 향후 1년간 국내 성장률1) 및 물가상승률2) 전망 분포3),단위; 데이터 형태; 종류; 설명,research/bok-archive/03-경제전망보고서/2025-05-29_경제전망보고서(2025년 5월)/2025년 5월 경제전망보고서(Indigo Book)_FFF.pdf,48,허용 종류로 판별 불가 또는 표 구조 미확인; 번호 직결 인용 없음 또는 문장 조각·중복 배정 제외
BOK-20250529-2d31c1efeb6b-그림-fca8c42cc598aa7f,경제전망보고서 2025년 5월,그림,3-3,시나리오별 평균관세율1)2) 경로,사용 데이터·출처; 단위; 데이터 형태; 설명,research/bok-archive/03-경제전망보고서/2025-05-29_경제전망보고서(2025년 5월)/2025년 5월 경제전망보고서(Indigo Book)_FFF.pdf,49,번호 직결 인용 없음 또는 문장 조각·중복 배정 제외
BOK-20250529-2d31c1efeb6b-그림-67fbfee8bb792447,경제전망보고서 2025년 5월,그림,4-1,고령화지수와 1인당,사용 데이터·출처; 단위; 데이터 형태; 설명,research/bok-archive/03-경제전망보고서/2025-05-29_경제전망보고서(2025년 5월)/2025년 5월 경제전망보고서(Indigo Book)_FFF.pdf,93,번호 직결 인용 없음 또는 문장 조각·중복 배정 제외
BOK-20250529-2d31c1efeb6b-그림-2ded61cc39964299,경제전망보고서 2025년 5월,그림,4-2,고령화지수와 실질금리,사용 데이터·출처; 단위; 데이터 형태; 설명,research/bok-archive/03-경제전망보고서/2025-05-29_경제전망보고서(2025년 5월)/2025년 5월 경제전망보고서(Indigo Book)_FFF.pdf,93,번호 직결 인용 없음 또는 문장 조각·중복 배정 제외
BOK-20250529-2d31c1efeb6b-그림-364c17915e14be1c,경제전망보고서 2025년 5월,그림,4-3,고령화지수와 주택가격,사용 데이터·출처; 단위; 데이터 형태; 설명,research/bok-archive/03-경제전망보고서/2025-05-29_경제전망보고서(2025년 5월)/2025년 5월 경제전망보고서(Indigo Book)_FFF.pdf,93,번호 직결 인용 없음 또는 문장 조각·중복 배정 제외
BOK-20250529-2d31c1efeb6b-그림-ff4c4fbc7bcb6d9a,경제전망보고서 2025년 5월,그림,4-4,부동산 부문 신용잔액,단위; 데이터 형태; 설명,research/bok-archive/03-경제전망보고서/2025-05-29_경제전망보고서(2025년 5월)/2025년 5월 경제전망보고서(Indigo Book)_FFF.pdf,98,번호 직결 인용 없음 또는 문장 조각·중복 배정 제외
BOK-20250529-2d31c1efeb6b-그림-bfa54ee1d719545d,경제전망보고서 2025년 5월,그림,4-5,GDP 대비 부채 비율,사용 데이터·출처; 단위; 데이터 형태; 설명,research/bok-archive/03-경제전망보고서/2025-05-29_경제전망보고서(2025년 5월)/2025년 5월 경제전망보고서(Indigo Book)_FFF.pdf,98,번호 직결 인용 없음 또는 문장 조각·중복 배정 제외
BOK-20250529-2d31c1efeb6b-그림-4aaf5c63c87d37d2,경제전망보고서 2025년 5월,그림,4-6,부동산 신용 증감,사용 데이터·출처; 단위; 데이터 형태; 통계기법·지수; 설명,research/bok-archive/03-경제전망보고서/2025-05-29_경제전망보고서(2025년 5월)/2025년 5월 경제전망보고서(Indigo Book)_FFF.pdf,98,번호 직결 인용 없음 또는 문장 조각·중복 배정 제외
BOK-20250529-2d31c1efeb6b-그림-dd2c12182b6f4779,경제전망보고서 2025년 5월,그림,5-1,한국 실질금리 추이,사용 데이터·출처; 단위; 데이터 형태,research/bok-archive/03-경제전망보고서/2025-05-29_경제전망보고서(2025년 5월)/2025년 5월 경제전망보고서(Indigo Book)_FFF.pdf,100,출처·단위·데이터 형태 등 미확인
BOK-20250529-2d31c1efeb6b-그림-56570819bd670679,경제전망보고서 2025년 5월,그림,5-2,한국 성장률 추이(5개년 평균),사용 데이터·출처; 단위; 데이터 형태; 설명,research/bok-archive/03-경제전망보고서/2025-05-29_경제전망보고서(2025년 5월)/2025년 5월 경제전망보고서(Indigo Book)_FFF.pdf,100,번호 직결 인용 없음 또는 문장 조각·중복 배정 제외
BOK-20250529-2d31c1efeb6b-표-a82517711ee6a127,경제전망보고서 2025년 5월,표,1-1,연구 질문과 핵심 결과,사용 데이터·출처; 단위; 데이터 형태; 종류; 통계기법·지수,research/bok-archive/03-경제전망보고서/2025-05-29_경제전망보고서(2025년 5월)/2025년 5월 경제전망보고서(Indigo Book)_FFF.pdf,80,허용 종류로 판별 불가 또는 표 구조 미확인
BOK-20250529-2d31c1efeb6b-표-562033f2d434b733,경제전망보고서 2025년 5월,표,2-1,본고의 개방경제 생애주기모형 가정 및 특징,사용 데이터·출처; 단위; 데이터 형태; 종류; 설명,research/bok-archive/03-경제전망보고서/2025-05-29_경제전망보고서(2025년 5월)/2025년 5월 경제전망보고서(Indigo Book)_FFF.pdf,82,허용 종류로 판별 불가 또는 표 구조 미확인; 번호 직결 인용 없음 또는 문장 조각·중복 배정 제외
BOK-20250529-2d31c1efeb6b-표-ab2c86084e58bba9,경제전망보고서 2025년 5월,표,2-2,"실질금리 비교(%, %p)",사용 데이터·출처; 데이터 형태,research/bok-archive/03-경제전망보고서/2025-05-29_경제전망보고서(2025년 5월)/2025년 5월 경제전망보고서(Indigo Book)_FFF.pdf,83,출처·단위·데이터 형태 등 미확인
BOK-20250529-2d31c1efeb6b-표-41c7f93f5488b7c8,경제전망보고서 2025년 5월,표,3-1,관세정책 가정,사용 데이터·출처; 단위; 데이터 형태; 종류; 통계기법·지수; 설명,research/bok-archive/03-경제전망보고서/2025-05-29_경제전망보고서(2025년 5월)/2025년 5월 경제전망보고서(Indigo Book)_FFF.pdf,49,허용 종류로 판별 불가 또는 표 구조 미확인; 번호 직결 인용 없음 또는 문장 조각·중복 배정 제외
BOK-20250529-2d31c1efeb6b-표-43b564172c3281af,경제전망보고서 2025년 5월,표,3-2,시나리오별,데이터 형태; 분석 목적; 통계기법·지수; 설명,research/bok-archive/03-경제전망보고서/2025-05-29_경제전망보고서(2025년 5월)/2025년 5월 경제전망보고서(Indigo Book)_FFF.pdf,49,제목·계열·직접 인용의 해석 근거 부족; 번호 직결 인용 없음 또는 문장 조각·중복 배정 제외
BOK-20250529-2d31c1efeb6b-표-6bca24cbdb0d088d,경제전망보고서 2025년 5월,표,3-3,시나리오별 국내 성장·물가 전망,사용 데이터·출처; 데이터 형태; 설명,research/bok-archive/03-경제전망보고서/2025-05-29_경제전망보고서(2025년 5월)/2025년 5월 경제전망보고서(Indigo Book)_FFF.pdf,49,번호 직결 인용 없음 또는 문장 조각·중복 배정 제외
BOK-20250529-2d31c1efeb6b-표-44d6a104890f84d9,경제전망보고서 2025년 5월,표,4-1,고령화의 금융안정에 대한 영향 요약,사용 데이터·출처; 단위; 데이터 형태; 종류; 통계기법·지수; 설명,research/bok-archive/03-경제전망보고서/2025-05-29_경제전망보고서(2025년 5월)/2025년 5월 경제전망보고서(Indigo Book)_FFF.pdf,92,허용 종류로 판별 불가 또는 표 구조 미확인; 번호 직결 인용 없음 또는 문장 조각·중복 배정 제외
BOK-20250529-2d31c1efeb6b-표-4da545ff0c80bd4c,경제전망보고서 2025년 5월,표,4-2,에,사용 데이터·출처; 단위; 데이터 형태; 종류; 분석 목적; 통계기법·지수,research/bok-archive/03-경제전망보고서/2025-05-29_경제전망보고서(2025년 5월)/2025년 5월 경제전망보고서(Indigo Book)_FFF.pdf,94,허용 종류로 판별 불가 또는 표 구조 미확인; 제목·계열·직접 인용의 해석 근거 부족
BOK-20250529-2d31c1efeb6b-표-2c602920f33ea8bf,경제전망보고서 2025년 5월,표,4-3,고령화지표와 은행 수익성,단위; 데이터 형태; 종류,research/bok-archive/03-경제전망보고서/2025-05-29_경제전망보고서(2025년 5월)/2025년 5월 경제전망보고서(Indigo Book)_FFF.pdf,96,허용 종류로 판별 불가 또는 표 구조 미확인
BOK-20250529-2d31c1efeb6b-표-71fbecf2d4a33f1b,경제전망보고서 2025년 5월,표,4-4,고령화지표와 은행의 위험추구행태1),사용 데이터·출처; 단위; 데이터 형태; 종류,research/bok-archive/03-경제전망보고서/2025-05-29_경제전망보고서(2025년 5월)/2025년 5월 경제전망보고서(Indigo Book)_FFF.pdf,96,허용 종류로 판별 불가 또는 표 구조 미확인
BOK-20250529-2d31c1efeb6b-표-4baac7916d1be358,경제전망보고서 2025년 5월,표,4-5,는 전체 대출 중 부동산 담보,단위; 데이터 형태; 종류; 분석 목적,research/bok-archive/03-경제전망보고서/2025-05-29_경제전망보고서(2025년 5월)/2025년 5월 경제전망보고서(Indigo Book)_FFF.pdf,97,허용 종류로 판별 불가 또는 표 구조 미확인; 제목·계열·직접 인용의 해석 근거 부족
BOK-20250828-33955b374af6-그림-09214cd4cefd173f,경제전망보고서 2025년 8월,그림,1-1,글로벌 PMI,단위; 데이터 형태; 설명,research/bok-archive/03-경제전망보고서/2025-08-28_경제전망보고서(2025년 8월)/2025년 8월 경제전망보고서(Indigo Book)_fff.pdf,14,번호 직결 인용 없음 또는 문장 조각·중복 배정 제외
BOK-20250828-33955b374af6-그림-2ba4ca4ef71b0698,경제전망보고서 2025년 8월,그림,1-2,美평균관세율 추이1),사용 데이터·출처; 단위; 데이터 형태; 설명,research/bok-archive/03-경제전망보고서/2025-08-28_경제전망보고서(2025년 8월)/2025년 8월 경제전망보고서(Indigo Book)_fff.pdf,14,번호 직결 인용 없음 또는 문장 조각·중복 배정 제외
BOK-20250828-33955b374af6-그림-1a78d99d206307fb,경제전망보고서 2025년 8월,그림,1-3,미 빅테크 기업 자본적 지출 1),단위; 데이터 형태; 설명,research/bok-archive/03-경제전망보고서/2025-08-28_경제전망보고서(2025년 8월)/2025년 8월 경제전망보고서(Indigo Book)_fff.pdf,15,번호 직결 인용 없음 또는 문장 조각·중복 배정 제외
BOK-20250828-33955b374af6-그림-f4684d0e43c6a5b7,경제전망보고서 2025년 8월,그림,1-4,DRAM 가격,단위; 데이터 형태; 통계기법·지수; 설명,research/bok-archive/03-경제전망보고서/2025-08-28_경제전망보고서(2025년 8월)/2025년 8월 경제전망보고서(Indigo Book)_fff.pdf,15,번호 직결 인용 없음 또는 문장 조각·중복 배정 제외
BOK-20250828-33955b374af6-그림-4a34a4425608f339,경제전망보고서 2025년 8월,그림,1-5,미국 GDP 성장률 및 기여도,데이터 형태; 설명,research/bok-archive/03-경제전망보고서/2025-08-28_경제전망보고서(2025년 8월)/2025년 8월 경제전망보고서(Indigo Book)_fff.pdf,16,번호 직결 인용 없음 또는 문장 조각·중복 배정 제외
BOK-20250828-33955b374af6-그림-c0bb59c237e00cde,경제전망보고서 2025년 8월,그림,1-6,미국 근원상품 소비자물가 상승률 및 기여도,데이터 형태; 설명,research/bok-archive/03-경제전망보고서/2025-08-28_경제전망보고서(2025년 8월)/2025년 8월 경제전망보고서(Indigo Book)_fff.pdf,16,번호 직결 인용 없음 또는 문장 조각·중복 배정 제외
BOK-20250828-33955b374af6-그림-7aa0f0d216333b29,경제전망보고서 2025년 8월,그림,1-7,유로지역 및 주요국 GDP 성장률,단위; 데이터 형태; 설명,research/bok-archive/03-경제전망보고서/2025-08-28_경제전망보고서(2025년 8월)/2025년 8월 경제전망보고서(Indigo Book)_fff.pdf,19,번호 직결 인용 없음 또는 문장 조각·중복 배정 제외
BOK-20250828-33955b374af6-그림-485d008f86b3d3c5,경제전망보고서 2025년 8월,그림,1-8,유로지역 고용상황,사용 데이터·출처; 단위; 데이터 형태; 통계기법·지수; 설명,research/bok-archive/03-경제전망보고서/2025-08-28_경제전망보고서(2025년 8월)/2025년 8월 경제전망보고서(Indigo Book)_fff.pdf,19,번호 직결 인용 없음 또는 문장 조각·중복 배정 제외
BOK-20250828-33955b374af6-그림-3c644b151914e294,경제전망보고서 2025년 8월,그림,1-9,중국 경제성장률 및 부문별 성장기여도,단위; 데이터 형태; 설명,research/bok-archive/03-경제전망보고서/2025-08-28_경제전망보고서(2025년 8월)/2025년 8월 경제전망보고서(Indigo Book)_fff.pdf,20,번호 직결 인용 없음 또는 문장 조각·중복 배정 제외
BOK-20250828-33955b374af6-그림-949d46c969d5f187,경제전망보고서 2025년 8월,그림,1-10,중국 수출증가율 및 對미 수출비중1),단위; 데이터 형태; 설명,research/bok-archive/03-경제전망보고서/2025-08-28_경제전망보고서(2025년 8월)/2025년 8월 경제전망보고서(Indigo Book)_fff.pdf,20,번호 직결 인용 없음 또는 문장 조각·중복 배정 제외
BOK-20250828-33955b374af6-그림-3d5646f3325222db,경제전망보고서 2025년 8월,그림,1-11,일본 GDP 성장률 및 기여도,단위; 데이터 형태; 설명,research/bok-archive/03-경제전망보고서/2025-08-28_경제전망보고서(2025년 8월)/2025년 8월 경제전망보고서(Indigo Book)_fff.pdf,22,번호 직결 인용 없음 또는 문장 조각·중복 배정 제외
BOK-20250828-33955b374af6-그림-179942bf6944224c,경제전망보고서 2025년 8월,그림,1-12,"일본 실질임금, 소비자물가, 소비지표",사용 데이터·출처; 단위; 데이터 형태; 설명,research/bok-archive/03-경제전망보고서/2025-08-28_경제전망보고서(2025년 8월)/2025년 8월 경제전망보고서(Indigo Book)_fff.pdf,22,번호 직결 인용 없음 또는 문장 조각·중복 배정 제외
BOK-20250828-33955b374af6-그림-8010a30f09312b8e,경제전망보고서 2025년 8월,그림,1-13,인도 GDP 성장률,데이터 형태; 설명,research/bok-archive/03-경제전망보고서/2025-08-28_경제전망보고서(2025년 8월)/2025년 8월 경제전망보고서(Indigo Book)_fff.pdf,23,번호 직결 인용 없음 또는 문장 조각·중복 배정 제외
BOK-20250828-33955b374af6-그림-1565ebc06a5f3036,경제전망보고서 2025년 8월,그림,1-14,아세안4국1) GDP 성장률,단위; 데이터 형태; 설명,research/bok-archive/03-경제전망보고서/2025-08-28_경제전망보고서(2025년 8월)/2025년 8월 경제전망보고서(Indigo Book)_fff.pdf,23,번호 직결 인용 없음 또는 문장 조각·중복 배정 제외
BOK-20250828-33955b374af6-그림-bfa91cc23d60022e,경제전망보고서 2025년 8월,그림,1-15,"아세안5국 對中수입, 對美수출",단위; 데이터 형태; 통계기법·지수; 설명,research/bok-archive/03-경제전망보고서/2025-08-28_경제전망보고서(2025년 8월)/2025년 8월 경제전망보고서(Indigo Book)_fff.pdf,23,번호 직결 인용 없음 또는 문장 조각·중복 배정 제외
BOK-20250828-33955b374af6-그림-cd08527a207d6880,경제전망보고서 2025년 8월,그림,1-16,국제유가,단위; 데이터 형태; 설명,research/bok-archive/03-경제전망보고서/2025-08-28_경제전망보고서(2025년 8월)/2025년 8월 경제전망보고서(Indigo Book)_fff.pdf,24,번호 직결 인용 없음 또는 문장 조각·중복 배정 제외
BOK-20250828-33955b374af6-그림-6f592016b0892fde,경제전망보고서 2025년 8월,그림,1-17,25년 및 26년 글로벌 원유 초과공급 전망,단위; 데이터 형태; 통계기법·지수; 설명,research/bok-archive/03-경제전망보고서/2025-08-28_경제전망보고서(2025년 8월)/2025년 8월 경제전망보고서(Indigo Book)_fff.pdf,24,번호 직결 인용 없음 또는 문장 조각·중복 배정 제외
BOK-20250828-33955b374af6-그림-f6e361de37761cc0,경제전망보고서 2025년 8월,그림,1-18,통합재정지출1) 전망,단위; 데이터 형태; 설명,research/bok-archive/03-경제전망보고서/2025-08-28_경제전망보고서(2025년 8월)/2025년 8월 경제전망보고서(Indigo Book)_fff.pdf,25,번호 직결 인용 없음 또는 문장 조각·중복 배정 제외
BOK-20250828-33955b374af6-그림-5a0e09bc43239ca7,경제전망보고서 2025년 8월,그림,1-19,관리재정수지1) 전망,단위; 데이터 형태; 설명,research/bok-archive/03-경제전망보고서/2025-08-28_경제전망보고서(2025년 8월)/2025년 8월 경제전망보고서(Indigo Book)_fff.pdf,25,번호 직결 인용 없음 또는 문장 조각·중복 배정 제외
BOK-20250828-33955b374af6-그림-9fb9a6ff65511b4b,경제전망보고서 2025년 8월,그림,1-20,주택매매가격지수1),단위; 데이터 형태; 설명,research/bok-archive/03-경제전망보고서/2025-08-28_경제전망보고서(2025년 8월)/2025년 8월 경제전망보고서(Indigo Book)_fff.pdf,26,번호 직결 인용 없음 또는 문장 조각·중복 배정 제외
BOK-20250828-33955b374af6-그림-5830ceb75f0ae0f2,경제전망보고서 2025년 8월,그림,1-21,주택 전월세가격지수1),단위; 데이터 형태; 설명,research/bok-archive/03-경제전망보고서/2025-08-28_경제전망보고서(2025년 8월)/2025년 8월 경제전망보고서(Indigo Book)_fff.pdf,26,번호 직결 인용 없음 또는 문장 조각·중복 배정 제외
BOK-20250828-33955b374af6-그림-c4df29661668c680,경제전망보고서 2025년 8월,그림,1-22,주택가격전망CSI와 주택시장소비심리지수,단위; 데이터 형태; 설명,research/bok-archive/03-경제전망보고서/2025-08-28_경제전망보고서(2025년 8월)/2025년 8월 경제전망보고서(Indigo Book)_fff.pdf,27,번호 직결 인용 없음 또는 문장 조각·중복 배정 제외
BOK-20250828-33955b374af6-그림-ac81846ddbb37f18,경제전망보고서 2025년 8월,그림,1-23,대출수요지수와 대출태도지수1),사용 데이터·출처; 단위; 데이터 형태; 설명,research/bok-archive/03-경제전망보고서/2025-08-28_경제전망보고서(2025년 8월)/2025년 8월 경제전망보고서(Indigo Book)_fff.pdf,27,번호 직결 인용 없음 또는 문장 조각·중복 배정 제외
BOK-20250828-33955b374af6-그림-f89be50d3bb9c662,경제전망보고서 2025년 8월,그림,1-24,산업별 빈일자리율,단위; 데이터 형태; 설명,research/bok-archive/03-경제전망보고서/2025-08-28_경제전망보고서(2025년 8월)/2025년 8월 경제전망보고서(Indigo Book)_fff.pdf,28,번호 직결 인용 없음 또는 문장 조각·중복 배정 제외
BOK-20250828-33955b374af6-그림-102298a2765ba241,경제전망보고서 2025년 8월,그림,1-25,노동시장 긴장도,단위; 데이터 형태; 설명,research/bok-archive/03-경제전망보고서/2025-08-28_경제전망보고서(2025년 8월)/2025년 8월 경제전망보고서(Indigo Book)_fff.pdf,28,번호 직결 인용 없음 또는 문장 조각·중복 배정 제외
BOK-20250828-33955b374af6-그림-b8abe79170162e14,경제전망보고서 2025년 8월,그림,1-26,임금 상승률 기여도 분해,데이터 형태; 설명,research/bok-archive/03-경제전망보고서/2025-08-28_경제전망보고서(2025년 8월)/2025년 8월 경제전망보고서(Indigo Book)_fff.pdf,28,번호 직결 인용 없음 또는 문장 조각·중복 배정 제외
BOK-20250828-33955b374af6-그림-f7910d99c9a95263,경제전망보고서 2025년 8월,그림,1-27,빈일자리율은 모든 산업에서 하락세를 이어가고 있다.그 결과 노동시장이 타이트한,사용 데이터·출처; 데이터 형태; 종류; 분석 목적; 통계기법·지수; 설명,research/bok-archive/03-경제전망보고서/2025-08-28_경제전망보고서(2025년 8월)/2025년 8월 경제전망보고서(Indigo Book)_fff.pdf,28,허용 종류로 판별 불가 또는 표 구조 미확인; 제목·계열·직접 인용의 해석 근거 부족; 번호 직결 인용 없음 또는 문장 조각·중복 배정 제외
BOK-20250828-33955b374af6-그림-80999e5425026b8c,경제전망보고서 2025년 8월,그림,1-28,약2분기,사용 데이터·출처; 데이터 형태; 종류; 분석 목적; 통계기법·지수; 설명,research/bok-archive/03-경제전망보고서/2025-08-28_경제전망보고서(2025년 8월)/2025년 8월 경제전망보고서(Indigo Book)_fff.pdf,28,허용 종류로 판별 불가 또는 표 구조 미확인; 제목·계열·직접 인용의 해석 근거 부족; 번호 직결 인용 없음 또는 문장 조각·중복 배정 제외
BOK-20250828-33955b374af6-그림-4d40ded673255ffe,경제전망보고서 2025년 8월,그림,1-29,국고채 및 美 국채 금리,단위; 데이터 형태; 통계기법·지수; 설명,research/bok-archive/03-경제전망보고서/2025-08-28_경제전망보고서(2025년 8월)/2025년 8월 경제전망보고서(Indigo Book)_fff.pdf,29,번호 직결 인용 없음 또는 문장 조각·중복 배정 제외
BOK-20250828-33955b374af6-그림-7f0d5c4789e9f67b,경제전망보고서 2025년 8월,그림,1-30,한국 및 미국 주가,단위; 데이터 형태; 설명,research/bok-archive/03-경제전망보고서/2025-08-28_경제전망보고서(2025년 8월)/2025년 8월 경제전망보고서(Indigo Book)_fff.pdf,29,번호 직결 인용 없음 또는 문장 조각·중복 배정 제외
BOK-20250828-33955b374af6-그림-49a863a4daed8e5c,경제전망보고서 2025년 8월,그림,1-31,원/달러환율및미달러화지수,단위; 데이터 형태; 설명,research/bok-archive/03-경제전망보고서/2025-08-28_경제전망보고서(2025년 8월)/2025년 8월 경제전망보고서(Indigo Book)_fff.pdf,29,번호 직결 인용 없음 또는 문장 조각·중복 배정 제외
BOK-20250828-33955b374af6-그림-f11784a82b5a835e,경제전망보고서 2025년 8월,그림,1-32,가계대출1)2) 증감,단위; 데이터 형태; 통계기법·지수; 설명,research/bok-archive/03-경제전망보고서/2025-08-28_경제전망보고서(2025년 8월)/2025년 8월 경제전망보고서(Indigo Book)_fff.pdf,30,번호 직결 인용 없음 또는 문장 조각·중복 배정 제외
BOK-20250828-33955b374af6-그림-3c2f872c3bdb5dc5,경제전망보고서 2025년 8월,그림,1-33,은행1) 기업대출 증감,단위; 데이터 형태; 통계기법·지수; 설명,research/bok-archive/03-경제전망보고서/2025-08-28_경제전망보고서(2025년 8월)/2025년 8월 경제전망보고서(Indigo Book)_fff.pdf,30,번호 직결 인용 없음 또는 문장 조각·중복 배정 제외
BOK-20250828-33955b374af6-그림-4763d23949886c45,경제전망보고서 2025년 8월,그림,1-34,기업 직접금융 조달,사용 데이터·출처; 단위; 데이터 형태; 설명,research/bok-archive/03-경제전망보고서/2025-08-28_경제전망보고서(2025년 8월)/2025년 8월 경제전망보고서(Indigo Book)_fff.pdf,30,번호 직결 인용 없음 또는 문장 조각·중복 배정 제외
BOK-20250828-33955b374af6-그림-f8bb984dbd812c6f,경제전망보고서 2025년 8월,그림,2-1,지출 부문별 기여도,사용 데이터·출처; 단위; 데이터 형태; 설명,research/bok-archive/03-경제전망보고서/2025-08-28_경제전망보고서(2025년 8월)/2025년 8월 경제전망보고서(Indigo Book)_fff.pdf,34,번호 직결 인용 없음 또는 문장 조각·중복 배정 제외
BOK-20250828-33955b374af6-그림-db194e590f4b549d,경제전망보고서 2025년 8월,그림,2-2,내수·수출 순성장기여도1),사용 데이터·출처; 단위; 데이터 형태; 설명,research/bok-archive/03-경제전망보고서/2025-08-28_경제전망보고서(2025년 8월)/2025년 8월 경제전망보고서(Indigo Book)_fff.pdf,34,번호 직결 인용 없음 또는 문장 조각·중복 배정 제외
BOK-20250828-33955b374af6-그림-3c79f34492fc1ccf,경제전망보고서 2025년 8월,그림,2-3,25년 성장전망 조정(요인별 ),단위; 데이터 형태; 통계기법·지수; 설명,research/bok-archive/03-경제전망보고서/2025-08-28_경제전망보고서(2025년 8월)/2025년 8월 경제전망보고서(Indigo Book)_fff.pdf,34,번호 직결 인용 없음 또는 문장 조각·중복 배정 제외
BOK-20250828-33955b374af6-그림-429537fce2396608,경제전망보고서 2025년 8월,그림,2-4,25년 성장전망 조정 (지출부문별),단위; 데이터 형태; 통계기법·지수; 설명,research/bok-archive/03-경제전망보고서/2025-08-28_경제전망보고서(2025년 8월)/2025년 8월 경제전망보고서(Indigo Book)_fff.pdf,34,번호 직결 인용 없음 또는 문장 조각·중복 배정 제외
BOK-20250828-33955b374af6-그림-42ed525e1415c5f5,경제전망보고서 2025년 8월,그림,2-5,소비심리 및 카드사용액,단위; 데이터 형태; 통계기법·지수; 설명,research/bok-archive/03-경제전망보고서/2025-08-28_경제전망보고서(2025년 8월)/2025년 8월 경제전망보고서(Indigo Book)_fff.pdf,35,번호 직결 인용 없음 또는 문장 조각·중복 배정 제외
BOK-20250828-33955b374af6-그림-a0499345052c1be7,경제전망보고서 2025년 8월,그림,2-6,가계 실질노동소득 및 대출금리,사용 데이터·출처; 단위; 데이터 형태; 설명,research/bok-archive/03-경제전망보고서/2025-08-28_경제전망보고서(2025년 8월)/2025년 8월 경제전망보고서(Indigo Book)_fff.pdf,35,번호 직결 인용 없음 또는 문장 조각·중복 배정 제외
BOK-20250828-33955b374af6-그림-bcb0ae260dec6852,경제전망보고서 2025년 8월,그림,2-7,GDP 건설투자,단위; 데이터 형태; 설명,research/bok-archive/03-경제전망보고서/2025-08-28_경제전망보고서(2025년 8월)/2025년 8월 경제전망보고서(Indigo Book)_fff.pdf,36,번호 직결 인용 없음 또는 문장 조각·중복 배정 제외
BOK-20250828-33955b374af6-그림-9490b95b4e117e25,경제전망보고서 2025년 8월,그림,2-8,"건설투자, 건설기성, 건축착공1)",단위; 데이터 형태; 통계기법·지수; 설명,research/bok-archive/03-경제전망보고서/2025-08-28_경제전망보고서(2025년 8월)/2025년 8월 경제전망보고서(Indigo Book)_fff.pdf,36,번호 직결 인용 없음 또는 문장 조각·중복 배정 제외
BOK-20250828-33955b374af6-그림-6164e0bee93710c2,경제전망보고서 2025년 8월,그림,2-9,반도체장비 수입 규모 및 증가율,단위; 데이터 형태; 설명,research/bok-archive/03-경제전망보고서/2025-08-28_경제전망보고서(2025년 8월)/2025년 8월 경제전망보고서(Indigo Book)_fff.pdf,36,번호 직결 인용 없음 또는 문장 조각·중복 배정 제외
BOK-20250828-33955b374af6-그림-187389b357699c11,경제전망보고서 2025년 8월,그림,2-10,제조업 부문별 생산지수,단위; 데이터 형태; 설명,research/bok-archive/03-경제전망보고서/2025-08-28_경제전망보고서(2025년 8월)/2025년 8월 경제전망보고서(Indigo Book)_fff.pdf,36,번호 직결 인용 없음 또는 문장 조각·중복 배정 제외
BOK-20250828-33955b374af6-그림-9e598bbacdc3969a,경제전망보고서 2025년 8월,그림,2-11,GDP 지식재산생산물투자,단위; 데이터 형태; 설명,research/bok-archive/03-경제전망보고서/2025-08-28_경제전망보고서(2025년 8월)/2025년 8월 경제전망보고서(Indigo Book)_fff.pdf,37,번호 직결 인용 없음 또는 문장 조각·중복 배정 제외
BOK-20250828-33955b374af6-그림-d9131f61a8e1c686,경제전망보고서 2025년 8월,그림,2-12,상위 6개 기업1) R&D 지출,단위; 데이터 형태; 통계기법·지수; 설명,research/bok-archive/03-경제전망보고서/2025-08-28_경제전망보고서(2025년 8월)/2025년 8월 경제전망보고서(Indigo Book)_fff.pdf,37,번호 직결 인용 없음 또는 문장 조각·중복 배정 제외
BOK-20250828-33955b374af6-그림-a19a3ebbc39a5606,경제전망보고서 2025년 8월,그림,2-13,對미수출액1) 추이,단위; 데이터 형태; 통계기법·지수; 설명,research/bok-archive/03-경제전망보고서/2025-08-28_경제전망보고서(2025년 8월)/2025년 8월 경제전망보고서(Indigo Book)_fff.pdf,38,번호 직결 인용 없음 또는 문장 조각·중복 배정 제외
BOK-20250828-33955b374af6-그림-cc9d56e956b65bf6,경제전망보고서 2025년 8월,그림,2-14,국내 반도체 주요 기업의 매출 전망,단위; 데이터 형태; 통계기법·지수; 설명,research/bok-archive/03-경제전망보고서/2025-08-28_경제전망보고서(2025년 8월)/2025년 8월 경제전망보고서(Indigo Book)_fff.pdf,38,번호 직결 인용 없음 또는 문장 조각·중복 배정 제외
BOK-20250828-33955b374af6-그림-19115d4edd60be46,경제전망보고서 2025년 8월,그림,2-15,통관수출 부문별 기여도,단위; 데이터 형태; 설명,research/bok-archive/03-경제전망보고서/2025-08-28_경제전망보고서(2025년 8월)/2025년 8월 경제전망보고서(Indigo Book)_fff.pdf,39,번호 직결 인용 없음 또는 문장 조각·중복 배정 제외
BOK-20250828-33955b374af6-그림-2d0866d55f8a29f4,경제전망보고서 2025년 8월,그림,2-16,통관수입 부문별 기여도,사용 데이터·출처; 단위; 데이터 형태; 설명,research/bok-archive/03-경제전망보고서/2025-08-28_경제전망보고서(2025년 8월)/2025년 8월 경제전망보고서(Indigo Book)_fff.pdf,39,번호 직결 인용 없음 또는 문장 조각·중복 배정 제외
BOK-20250828-33955b374af6-그림-eebbef888257019e,경제전망보고서 2025년 8월,그림,2-17,경상수지,단위; 데이터 형태; 설명,research/bok-archive/03-경제전망보고서/2025-08-28_경제전망보고서(2025년 8월)/2025년 8월 경제전망보고서(Indigo Book)_fff.pdf,41,번호 직결 인용 없음 또는 문장 조각·중복 배정 제외
BOK-20250828-33955b374af6-그림-a98e9d7e46bd3043,경제전망보고서 2025년 8월,그림,2-18,본원소득수입과 대외금융자산,사용 데이터·출처; 단위; 데이터 형태; 설명,research/bok-archive/03-경제전망보고서/2025-08-28_경제전망보고서(2025년 8월)/2025년 8월 경제전망보고서(Indigo Book)_fff.pdf,41,번호 직결 인용 없음 또는 문장 조각·중복 배정 제외
BOK-20250828-33955b374af6-그림-8417be5d44406095,경제전망보고서 2025년 8월,그림,2-19,소비자물가 및 근원물가,단위; 데이터 형태; 설명,research/bok-archive/03-경제전망보고서/2025-08-28_경제전망보고서(2025년 8월)/2025년 8월 경제전망보고서(Indigo Book)_fff.pdf,42,번호 직결 인용 없음 또는 문장 조각·중복 배정 제외
BOK-20250828-33955b374af6-그림-9f8566f7f840b493,경제전망보고서 2025년 8월,그림,2-20,월별 상승률 기여도 차이 분해,단위; 데이터 형태; 설명,research/bok-archive/03-경제전망보고서/2025-08-28_경제전망보고서(2025년 8월)/2025년 8월 경제전망보고서(Indigo Book)_fff.pdf,42,번호 직결 인용 없음 또는 문장 조각·중복 배정 제외
BOK-20250828-33955b374af6-그림-016d31d33cc4228f,경제전망보고서 2025년 8월,그림,2-21,소비자물가 상승률 및 기여도,단위; 데이터 형태; 설명,research/bok-archive/03-경제전망보고서/2025-08-28_경제전망보고서(2025년 8월)/2025년 8월 경제전망보고서(Indigo Book)_fff.pdf,42,번호 직결 인용 없음 또는 문장 조각·중복 배정 제외
BOK-20250828-33955b374af6-그림-57572f69e92210fe,경제전망보고서 2025년 8월,그림,2-22,근원물가 상승률 및 기여도,단위; 데이터 형태; 설명,research/bok-archive/03-경제전망보고서/2025-08-28_경제전망보고서(2025년 8월)/2025년 8월 경제전망보고서(Indigo Book)_fff.pdf,42,번호 직결 인용 없음 또는 문장 조각·중복 배정 제외
BOK-20250828-33955b374af6-그림-9d2a62fade0b0ed3,경제전망보고서 2025년 8월,그림,2-23,소비자물가 상승률 전망,단위; 설명,research/bok-archive/03-경제전망보고서/2025-08-28_경제전망보고서(2025년 8월)/2025년 8월 경제전망보고서(Indigo Book)_fff.pdf,43,번호 직결 인용 없음 또는 문장 조각·중복 배정 제외
BOK-20250828-33955b374af6-그림-aeae317c081f7291,경제전망보고서 2025년 8월,그림,2-24,근원물가 상승률 전망,사용 데이터·출처; 설명,research/bok-archive/03-경제전망보고서/2025-08-28_경제전망보고서(2025년 8월)/2025년 8월 경제전망보고서(Indigo Book)_fff.pdf,43,번호 직결 인용 없음 또는 문장 조각·중복 배정 제외
BOK-20250828-33955b374af6-그림-48b98ed247ab4eb4,경제전망보고서 2025년 8월,그림,2-25,공공·보건복지 제외 취업자수,단위; 데이터 형태; 통계기법·지수; 설명,research/bok-archive/03-경제전망보고서/2025-08-28_경제전망보고서(2025년 8월)/2025년 8월 경제전망보고서(Indigo Book)_fff.pdf,44,번호 직결 인용 없음 또는 문장 조각·중복 배정 제외
BOK-20250828-33955b374af6-그림-c02864b847ecc5db,경제전망보고서 2025년 8월,그림,2-26,산업별 취업자수,단위; 데이터 형태; 통계기법·지수; 설명,research/bok-archive/03-경제전망보고서/2025-08-28_경제전망보고서(2025년 8월)/2025년 8월 경제전망보고서(Indigo Book)_fff.pdf,44,번호 직결 인용 없음 또는 문장 조각·중복 배정 제외
BOK-20250828-33955b374af6-그림-3179e918c91b9e5e,경제전망보고서 2025년 8월,그림,2-27,성·연령별 취업자수,데이터 형태; 통계기법·지수; 설명,research/bok-archive/03-경제전망보고서/2025-08-28_경제전망보고서(2025년 8월)/2025년 8월 경제전망보고서(Indigo Book)_fff.pdf,44,번호 직결 인용 없음 또는 문장 조각·중복 배정 제외
BOK-20250828-33955b374af6-그림-f3429778b3e47ad9,경제전망보고서 2025년 8월,그림,2-28,청년층 실업률 및 20대 쉬었음,사용 데이터·출처; 데이터 형태; 설명,research/bok-archive/03-경제전망보고서/2025-08-28_경제전망보고서(2025년 8월)/2025년 8월 경제전망보고서(Indigo Book)_fff.pdf,44,번호 직결 인용 없음 또는 문장 조각·중복 배정 제외
BOK-20250828-33955b374af6-그림-56a4c7b09d44be4e,경제전망보고서 2025년 8월,그림,2-29,저임금 일자리 증가로 인한 고용 증가,사용 데이터·출처; 단위; 데이터 형태; 종류; 분석 목적; 통계기법·지수; 설명,research/bok-archive/03-경제전망보고서/2025-08-28_경제전망보고서(2025년 8월)/2025년 8월 경제전망보고서(Indigo Book)_fff.pdf,45,허용 종류로 판별 불가 또는 표 구조 미확인; 제목·계열·직접 인용의 해석 근거 부족; 번호 직결 인용 없음 또는 문장 조각·중복 배정 제외
BOK-20250828-33955b374af6-그림-5480f0f41b01b504,경제전망보고서 2025년 8월,그림,2-30,향후에도 고용의 질은 단시간･저임금 일자리가 높은 증,사용 데이터·출처; 단위; 데이터 형태; 종류; 분석 목적; 통계기법·지수; 설명,research/bok-archive/03-경제전망보고서/2025-08-28_경제전망보고서(2025년 8월)/2025년 8월 경제전망보고서(Indigo Book)_fff.pdf,45,허용 종류로 판별 불가 또는 표 구조 미확인; 제목·계열·직접 인용의 해석 근거 부족; 번호 직결 인용 없음 또는 문장 조각·중복 배정 제외
BOK-20250828-33955b374af6-그림-11e9a6099f94941b,경제전망보고서 2025년 8월,그림,3,X표식] 가능성도 높아지는 것으로 나타났다. 반면 집중호우 빈도,사용 데이터·출처; 단위; 데이터 형태; 종류; 분석 목적; 통계기법·지수,research/bok-archive/03-경제전망보고서/2025-08-28_경제전망보고서(2025년 8월)/2025년 8월 경제전망보고서(Indigo Book)_fff.pdf,68,허용 종류로 판별 불가 또는 표 구조 미확인; 제목·계열·직접 인용의 해석 근거 부족
BOK-20250828-33955b374af6-그림-749b749efdf8c589,경제전망보고서 2025년 8월,그림,3-1,주요 기관의 25년 국내성장률1) 및 물가상승률2) 전망 분포,단위; 데이터 형태; 종류; 설명,research/bok-archive/03-경제전망보고서/2025-08-28_경제전망보고서(2025년 8월)/2025년 8월 경제전망보고서(Indigo Book)_fff.pdf,52,허용 종류로 판별 불가 또는 표 구조 미확인; 번호 직결 인용 없음 또는 문장 조각·중복 배정 제외
BOK-20250828-33955b374af6-그림-70e8de6f8f306460,경제전망보고서 2025년 8월,그림,3-2,주요 기관의 향후 1년간 국내성장률1) 및 물가상승률2) 전망 분포3),단위; 데이터 형태; 종류; 설명,research/bok-archive/03-경제전망보고서/2025-08-28_경제전망보고서(2025년 8월)/2025년 8월 경제전망보고서(Indigo Book)_fff.pdf,53,허용 종류로 판별 불가 또는 표 구조 미확인; 번호 직결 인용 없음 또는 문장 조각·중복 배정 제외
BOK-20250828-33955b374af6-그림-414f15b6642d75ef,경제전망보고서 2025년 8월,그림,4-1,은 공사 중단 등에 따라 단기적으로 상당폭 감소한다.15) 농림어업,사용 데이터·출처; 데이터 형태; 종류; 분석 목적; 통계기법·지수; 설명,research/bok-archive/03-경제전망보고서/2025-08-28_경제전망보고서(2025년 8월)/2025년 8월 경제전망보고서(Indigo Book)_fff.pdf,62,허용 종류로 판별 불가 또는 표 구조 미확인; 제목·계열·직접 인용의 해석 근거 부족; 번호 직결 인용 없음 또는 문장 조각·중복 배정 제외
BOK-20250828-33955b374af6-그림-06d5f4655675fe5f,경제전망보고서 2025년 8월,그림,4-2,"도 농경지 침수·가축 폐사 등으로 직접적인 피해16)가 발생하는데, 분석 결과17)",사용 데이터·출처; 데이터 형태; 종류; 분석 목적,research/bok-archive/03-경제전망보고서/2025-08-28_경제전망보고서(2025년 8월)/2025년 8월 경제전망보고서(Indigo Book)_fff.pdf,62,허용 종류로 판별 불가 또는 표 구조 미확인; 제목·계열·직접 인용의 해석 근거 부족
BOK-20250828-33955b374af6-그림-b5edae998391facb,경제전망보고서 2025년 8월,그림,4-3,는 음식·숙박업을 중심으로 부정적 영향이 나타난다. 특,사용 데이터·출처; 데이터 형태; 종류; 분석 목적; 통계기법·지수,research/bok-archive/03-경제전망보고서/2025-08-28_경제전망보고서(2025년 8월)/2025년 8월 경제전망보고서(Indigo Book)_fff.pdf,62,허용 종류로 판별 불가 또는 표 구조 미확인; 제목·계열·직접 인용의 해석 근거 부족
BOK-20250828-33955b374af6-그림-756187c68d7d5932,경제전망보고서 2025년 8월,그림,5-1,"은 당기 영향은 크지 않으나, 폭염으로 인한 작업 속도 저하가 누적되",사용 데이터·출처; 데이터 형태; 종류; 분석 목적; 통계기법·지수,research/bok-archive/03-경제전망보고서/2025-08-28_경제전망보고서(2025년 8월)/2025년 8월 경제전망보고서(Indigo Book)_fff.pdf,63,허용 종류로 판별 불가 또는 표 구조 미확인; 제목·계열·직접 인용의 해석 근거 부족
BOK-20250828-33955b374af6-그림-940da8ca2e6609e9,경제전망보고서 2025년 8월,그림,5-2,"는 단기 영향이 제한적이지만, 집중호우의 경우와 마찬가지로 물",사용 데이터·출처; 데이터 형태; 종류; 분석 목적; 통계기법·지수,research/bok-archive/03-경제전망보고서/2025-08-28_경제전망보고서(2025년 8월)/2025년 8월 경제전망보고서(Indigo Book)_fff.pdf,63,허용 종류로 판별 불가 또는 표 구조 미확인; 제목·계열·직접 인용의 해석 근거 부족
BOK-20250828-33955b374af6-그림-34ed0ff73eef8833,경제전망보고서 2025년 8월,그림,5-3,"의 경우, 냉방가전",사용 데이터·출처; 데이터 형태; 종류; 분석 목적; 통계기법·지수,research/bok-archive/03-경제전망보고서/2025-08-28_경제전망보고서(2025년 8월)/2025년 8월 경제전망보고서(Indigo Book)_fff.pdf,63,허용 종류로 판별 불가 또는 표 구조 미확인; 제목·계열·직접 인용의 해석 근거 부족
BOK-20250828-33955b374af6-그림-f9a28543cea17df3,경제전망보고서 2025년 8월,그림,5-4,은,사용 데이터·출처; 데이터 형태; 종류; 분석 목적; 통계기법·지수,research/bok-archive/03-경제전망보고서/2025-08-28_경제전망보고서(2025년 8월)/2025년 8월 경제전망보고서(Indigo Book)_fff.pdf,63,허용 종류로 판별 불가 또는 표 구조 미확인; 제목·계열·직접 인용의 해석 근거 부족
BOK-20250828-33955b374af6-그림-270bf1d42e55ee89,경제전망보고서 2025년 8월,그림,8-1,GDP,사용 데이터·출처; 데이터 형태; 분석 목적; 통계기법·지수; 설명,research/bok-archive/03-경제전망보고서/2025-08-28_경제전망보고서(2025년 8월)/2025년 8월 경제전망보고서(Indigo Book)_fff.pdf,96,제목·계열·직접 인용의 해석 근거 부족; 번호 직결 인용 없음 또는 문장 조각·중복 배정 제외
BOK-20250828-33955b374af6-그림-590c677cbae359de,경제전망보고서 2025년 8월,그림,8-2,무역수지 비중,사용 데이터·출처; 데이터 형태; 설명,research/bok-archive/03-경제전망보고서/2025-08-28_경제전망보고서(2025년 8월)/2025년 8월 경제전망보고서(Indigo Book)_fff.pdf,96,번호 직결 인용 없음 또는 문장 조각·중복 배정 제외
BOK-20250828-33955b374af6-그림-b5a82087f008ff0e,경제전망보고서 2025년 8월,그림,8-3,근원물가상승률,사용 데이터·출처; 데이터 형태; 설명,research/bok-archive/03-경제전망보고서/2025-08-28_경제전망보고서(2025년 8월)/2025년 8월 경제전망보고서(Indigo Book)_fff.pdf,96,번호 직결 인용 없음 또는 문장 조각·중복 배정 제외
BOK-20250828-33955b374af6-그림-dce2ae50ee41910d,경제전망보고서 2025년 8월,그림,8-4,정책금리,사용 데이터·출처; 데이터 형태; 분석 목적; 통계기법·지수; 설명,research/bok-archive/03-경제전망보고서/2025-08-28_경제전망보고서(2025년 8월)/2025년 8월 경제전망보고서(Indigo Book)_fff.pdf,96,제목·계열·직접 인용의 해석 근거 부족; 번호 직결 인용 없음 또는 문장 조각·중복 배정 제외
BOK-20250828-33955b374af6-그림-1cb90e73c70c185d,경제전망보고서 2025년 8월,그림,9-1,GDP,사용 데이터·출처; 데이터 형태; 분석 목적; 통계기법·지수; 설명,research/bok-archive/03-경제전망보고서/2025-08-28_경제전망보고서(2025년 8월)/2025년 8월 경제전망보고서(Indigo Book)_fff.pdf,97,제목·계열·직접 인용의 해석 근거 부족; 번호 직결 인용 없음 또는 문장 조각·중복 배정 제외
BOK-20250828-33955b374af6-그림-0479118b802fa32c,경제전망보고서 2025년 8월,그림,9-2,무역수지 비중,사용 데이터·출처; 데이터 형태; 설명,research/bok-archive/03-경제전망보고서/2025-08-28_경제전망보고서(2025년 8월)/2025년 8월 경제전망보고서(Indigo Book)_fff.pdf,97,번호 직결 인용 없음 또는 문장 조각·중복 배정 제외
BOK-20250828-33955b374af6-그림-bd392bfb79ebd337,경제전망보고서 2025년 8월,그림,9-3,근원물가상승률,사용 데이터·출처; 데이터 형태; 설명,research/bok-archive/03-경제전망보고서/2025-08-28_경제전망보고서(2025년 8월)/2025년 8월 경제전망보고서(Indigo Book)_fff.pdf,97,번호 직결 인용 없음 또는 문장 조각·중복 배정 제외
BOK-20250828-33955b374af6-그림-674bbf6cfedabd24,경제전망보고서 2025년 8월,그림,9-4,정책금리,사용 데이터·출처; 데이터 형태; 분석 목적; 통계기법·지수; 설명,research/bok-archive/03-경제전망보고서/2025-08-28_경제전망보고서(2025년 8월)/2025년 8월 경제전망보고서(Indigo Book)_fff.pdf,97,제목·계열·직접 인용의 해석 근거 부족; 번호 직결 인용 없음 또는 문장 조각·중복 배정 제외
BOK-20250828-33955b374af6-그림-945c1db9b0dacbd2,경제전망보고서 2025년 8월,그림,10-1,GDP,사용 데이터·출처; 데이터 형태; 분석 목적; 통계기법·지수; 설명,research/bok-archive/03-경제전망보고서/2025-08-28_경제전망보고서(2025년 8월)/2025년 8월 경제전망보고서(Indigo Book)_fff.pdf,97,제목·계열·직접 인용의 해석 근거 부족; 번호 직결 인용 없음 또는 문장 조각·중복 배정 제외
BOK-20250828-33955b374af6-그림-e1edfb156b2ae80d,경제전망보고서 2025년 8월,그림,10-2,수출증가율,사용 데이터·출처; 데이터 형태; 설명,research/bok-archive/03-경제전망보고서/2025-08-28_경제전망보고서(2025년 8월)/2025년 8월 경제전망보고서(Indigo Book)_fff.pdf,97,번호 직결 인용 없음 또는 문장 조각·중복 배정 제외
BOK-20250828-33955b374af6-그림-cfae45195116d9e0,경제전망보고서 2025년 8월,그림,10-3,근원물가상승률,사용 데이터·출처; 데이터 형태; 설명,research/bok-archive/03-경제전망보고서/2025-08-28_경제전망보고서(2025년 8월)/2025년 8월 경제전망보고서(Indigo Book)_fff.pdf,97,번호 직결 인용 없음 또는 문장 조각·중복 배정 제외
BOK-20250828-33955b374af6-그림-1372aed6c4237e3e,경제전망보고서 2025년 8월,그림,11-1,GDP,사용 데이터·출처; 데이터 형태; 분석 목적; 통계기법·지수; 설명,research/bok-archive/03-경제전망보고서/2025-08-28_경제전망보고서(2025년 8월)/2025년 8월 경제전망보고서(Indigo Book)_fff.pdf,98,제목·계열·직접 인용의 해석 근거 부족; 번호 직결 인용 없음 또는 문장 조각·중복 배정 제외
BOK-20250828-33955b374af6-그림-86589d050b159537,경제전망보고서 2025년 8월,그림,11-2,수출증가율,사용 데이터·출처; 데이터 형태; 설명,research/bok-archive/03-경제전망보고서/2025-08-28_경제전망보고서(2025년 8월)/2025년 8월 경제전망보고서(Indigo Book)_fff.pdf,98,번호 직결 인용 없음 또는 문장 조각·중복 배정 제외
BOK-20250828-33955b374af6-그림-b4373083afa76171,경제전망보고서 2025년 8월,그림,11-3,근원물가상승률,사용 데이터·출처; 데이터 형태; 설명,research/bok-archive/03-경제전망보고서/2025-08-28_경제전망보고서(2025년 8월)/2025년 8월 경제전망보고서(Indigo Book)_fff.pdf,98,번호 직결 인용 없음 또는 문장 조각·중복 배정 제외
BOK-20250828-33955b374af6-그림-8b83000fabcb340b,경제전망보고서 2025년 8월,그림,12-1,GDP,사용 데이터·출처; 데이터 형태; 분석 목적; 통계기법·지수; 설명,research/bok-archive/03-경제전망보고서/2025-08-28_경제전망보고서(2025년 8월)/2025년 8월 경제전망보고서(Indigo Book)_fff.pdf,98,제목·계열·직접 인용의 해석 근거 부족; 번호 직결 인용 없음 또는 문장 조각·중복 배정 제외
BOK-20250828-33955b374af6-그림-4ef41f5335ea7f0a,경제전망보고서 2025년 8월,그림,12-2,수출증가율,사용 데이터·출처; 데이터 형태; 설명,research/bok-archive/03-경제전망보고서/2025-08-28_경제전망보고서(2025년 8월)/2025년 8월 경제전망보고서(Indigo Book)_fff.pdf,98,번호 직결 인용 없음 또는 문장 조각·중복 배정 제외
BOK-20250828-33955b374af6-그림-35bfcf2eb295f3fb,경제전망보고서 2025년 8월,그림,12-3,근원물가상승률,사용 데이터·출처; 데이터 형태; 설명,research/bok-archive/03-경제전망보고서/2025-08-28_경제전망보고서(2025년 8월)/2025년 8월 경제전망보고서(Indigo Book)_fff.pdf,98,번호 직결 인용 없음 또는 문장 조각·중복 배정 제외
BOK-20250828-33955b374af6-표-aba8ef1150c3960a,경제전망보고서 2025년 8월,표,3-1,관세정책 가정1),사용 데이터·출처; 단위; 데이터 형태; 종류; 통계기법·지수; 설명,research/bok-archive/03-경제전망보고서/2025-08-28_경제전망보고서(2025년 8월)/2025년 8월 경제전망보고서(Indigo Book)_fff.pdf,54,허용 종류로 판별 불가 또는 표 구조 미확인; 번호 직결 인용 없음 또는 문장 조각·중복 배정 제외
BOK-20250828-33955b374af6-표-500d2f0a92cc2f84,경제전망보고서 2025년 8월,표,3-2,시나리오별,데이터 형태; 종류; 분석 목적; 통계기법·지수; 설명,research/bok-archive/03-경제전망보고서/2025-08-28_경제전망보고서(2025년 8월)/2025년 8월 경제전망보고서(Indigo Book)_fff.pdf,54,허용 종류로 판별 불가 또는 표 구조 미확인; 제목·계열·직접 인용의 해석 근거 부족; 번호 직결 인용 없음 또는 문장 조각·중복 배정 제외
BOK-20250828-33955b374af6-표-6c97de32b7c58478,경제전망보고서 2025년 8월,표,3-3,시나리오별 국내성장·물가 전망,사용 데이터·출처; 데이터 형태; 종류; 설명,research/bok-archive/03-경제전망보고서/2025-08-28_경제전망보고서(2025년 8월)/2025년 8월 경제전망보고서(Indigo Book)_fff.pdf,54,허용 종류로 판별 불가 또는 표 구조 미확인; 번호 직결 인용 없음 또는 문장 조각·중복 배정 제외
BOK-20260226-9544719e9ad0-그림-54601c7fbf89f806,경제전망보고서 2026년 2월,그림,1-1,美빅테크1) 자본지출2),사용 데이터·출처; 설명,research/bok-archive/03-경제전망보고서/2026-02-26_경제전망보고서(2026년 2월)/2026년 2월 경제전망보고서(Indigo Book)_FFF.pdf,17,번호 직결 인용 없음 또는 문장 조각·중복 배정 제외
BOK-20260226-9544719e9ad0-그림-8c164e9776862e77,경제전망보고서 2026년 2월,그림,1-2,주요국 기초재정수지1),사용 데이터·출처; 단위; 데이터 형태; 설명,research/bok-archive/03-경제전망보고서/2026-02-26_경제전망보고서(2026년 2월)/2026년 2월 경제전망보고서(Indigo Book)_FFF.pdf,17,번호 직결 인용 없음 또는 문장 조각·중복 배정 제외
BOK-20260226-9544719e9ad0-그림-dafefb0f7c77f548,경제전망보고서 2026년 2월,그림,1-3,2000년 이후 반도체 확장기1),단위; 데이터 형태; 통계기법·지수; 설명,research/bok-archive/03-경제전망보고서/2026-02-26_경제전망보고서(2026년 2월)/2026년 2월 경제전망보고서(Indigo Book)_FFF.pdf,18,번호 직결 인용 없음 또는 문장 조각·중복 배정 제외
BOK-20260226-9544719e9ad0-그림-dadef625aadc3594,경제전망보고서 2026년 2월,그림,1-4,메모리 반도체 가격,사용 데이터·출처; 단위; 데이터 형태; 통계기법·지수; 설명,research/bok-archive/03-경제전망보고서/2026-02-26_경제전망보고서(2026년 2월)/2026년 2월 경제전망보고서(Indigo Book)_FFF.pdf,18,번호 직결 인용 없음 또는 문장 조각·중복 배정 제외
BOK-20260226-9544719e9ad0-그림-a65a3b7ef7e2f2b4,경제전망보고서 2026년 2월,그림,1-5,국내 반도체 재고비율1),사용 데이터·출처; 단위; 데이터 형태; 설명,research/bok-archive/03-경제전망보고서/2026-02-26_경제전망보고서(2026년 2월)/2026년 2월 경제전망보고서(Indigo Book)_FFF.pdf,18,번호 직결 인용 없음 또는 문장 조각·중복 배정 제외
BOK-20260226-9544719e9ad0-그림-8b9760fa50cbe86a,경제전망보고서 2026년 2월,그림,1-6,미국 GDP 성장률 및 기여도,단위; 데이터 형태; 설명,research/bok-archive/03-경제전망보고서/2026-02-26_경제전망보고서(2026년 2월)/2026년 2월 경제전망보고서(Indigo Book)_FFF.pdf,22,번호 직결 인용 없음 또는 문장 조각·중복 배정 제외
BOK-20260226-9544719e9ad0-그림-47b4391fbf6aec38,경제전망보고서 2026년 2월,그림,1-7,정책금리 기대수준 1) 변화,사용 데이터·출처; 단위; 데이터 형태; 설명,research/bok-archive/03-경제전망보고서/2026-02-26_경제전망보고서(2026년 2월)/2026년 2월 경제전망보고서(Indigo Book)_FFF.pdf,22,번호 직결 인용 없음 또는 문장 조각·중복 배정 제외
BOK-20260226-9544719e9ad0-그림-b5afe04f69755f51,경제전망보고서 2026년 2월,그림,1-8,유로지역 GDP 및 PMI,단위; 데이터 형태; 설명,research/bok-archive/03-경제전망보고서/2026-02-26_경제전망보고서(2026년 2월)/2026년 2월 경제전망보고서(Indigo Book)_FFF.pdf,23,번호 직결 인용 없음 또는 문장 조각·중복 배정 제외
BOK-20260226-9544719e9ad0-그림-7d5c51881910ec8f,경제전망보고서 2026년 2월,그림,1-9,유로지역 국방∙인프라 지출의 성장 기여 전망1),단위; 데이터 형태; 통계기법·지수; 설명,research/bok-archive/03-경제전망보고서/2026-02-26_경제전망보고서(2026년 2월)/2026년 2월 경제전망보고서(Indigo Book)_FFF.pdf,23,번호 직결 인용 없음 또는 문장 조각·중복 배정 제외
BOK-20260226-9544719e9ad0-그림-76217617402cf3c5,경제전망보고서 2026년 2월,그림,1-10,중국 경제성장률1) 및 부문별 성장기여도,단위; 데이터 형태; 설명,research/bok-archive/03-경제전망보고서/2026-02-26_경제전망보고서(2026년 2월)/2026년 2월 경제전망보고서(Indigo Book)_FFF.pdf,24,번호 직결 인용 없음 또는 문장 조각·중복 배정 제외
BOK-20260226-9544719e9ad0-그림-3595265d7b5de559,경제전망보고서 2026년 2월,그림,1-11,"중국 소매판매, 투자, 수출",단위; 데이터 형태; 통계기법·지수; 설명,research/bok-archive/03-경제전망보고서/2026-02-26_경제전망보고서(2026년 2월)/2026년 2월 경제전망보고서(Indigo Book)_FFF.pdf,24,번호 직결 인용 없음 또는 문장 조각·중복 배정 제외
BOK-20260226-9544719e9ad0-그림-3c1819d163a125e9,경제전망보고서 2026년 2월,그림,1-12,일본 경제성장률 및 기여도,데이터 형태; 설명,research/bok-archive/03-경제전망보고서/2026-02-26_경제전망보고서(2026년 2월)/2026년 2월 경제전망보고서(Indigo Book)_FFF.pdf,25,번호 직결 인용 없음 또는 문장 조각·중복 배정 제외
BOK-20260226-9544719e9ad0-그림-ed47a1872eac0cd3,경제전망보고서 2026년 2월,그림,1-13,일본 소비자물가 및 임금 상승률,사용 데이터·출처; 데이터 형태; 설명,research/bok-archive/03-경제전망보고서/2026-02-26_경제전망보고서(2026년 2월)/2026년 2월 경제전망보고서(Indigo Book)_FFF.pdf,25,번호 직결 인용 없음 또는 문장 조각·중복 배정 제외
BOK-20260226-9544719e9ad0-그림-333a8a2e96951c20,경제전망보고서 2026년 2월,그림,1-14,인도 지출부문별 성장률,단위; 데이터 형태; 설명,research/bok-archive/03-경제전망보고서/2026-02-26_경제전망보고서(2026년 2월)/2026년 2월 경제전망보고서(Indigo Book)_FFF.pdf,26,번호 직결 인용 없음 또는 문장 조각·중복 배정 제외
BOK-20260226-9544719e9ad0-그림-94aa007c29b99668,경제전망보고서 2026년 2월,그림,1-15,아세안4국1) 경제성장률,단위; 데이터 형태; 설명,research/bok-archive/03-경제전망보고서/2026-02-26_경제전망보고서(2026년 2월)/2026년 2월 경제전망보고서(Indigo Book)_FFF.pdf,26,번호 직결 인용 없음 또는 문장 조각·중복 배정 제외
BOK-20260226-9544719e9ad0-그림-1397cca90ca9b974,경제전망보고서 2026년 2월,그림,1-16,아세안5국 대미·대중 무역수지1),단위; 데이터 형태; 설명,research/bok-archive/03-경제전망보고서/2026-02-26_경제전망보고서(2026년 2월)/2026년 2월 경제전망보고서(Indigo Book)_FFF.pdf,26,번호 직결 인용 없음 또는 문장 조각·중복 배정 제외
BOK-20260226-9544719e9ad0-그림-c38ae1123dd51d66,경제전망보고서 2026년 2월,그림,1-17,국제유가,단위; 데이터 형태; 설명,research/bok-archive/03-경제전망보고서/2026-02-26_경제전망보고서(2026년 2월)/2026년 2월 경제전망보고서(Indigo Book)_FFF.pdf,27,번호 직결 인용 없음 또는 문장 조각·중복 배정 제외
BOK-20260226-9544719e9ad0-그림-922371675cefb130,경제전망보고서 2026년 2월,그림,1-18,글로벌 원유 초과공급 전망1),단위; 데이터 형태; 통계기법·지수; 설명,research/bok-archive/03-경제전망보고서/2026-02-26_경제전망보고서(2026년 2월)/2026년 2월 경제전망보고서(Indigo Book)_FFF.pdf,27,번호 직결 인용 없음 또는 문장 조각·중복 배정 제외
BOK-20260226-9544719e9ad0-그림-865e2e135e8781cf,경제전망보고서 2026년 2월,그림,1-19,통합재정지출1) 전망,사용 데이터·출처; 단위; 데이터 형태; 설명,research/bok-archive/03-경제전망보고서/2026-02-26_경제전망보고서(2026년 2월)/2026년 2월 경제전망보고서(Indigo Book)_FFF.pdf,28,번호 직결 인용 없음 또는 문장 조각·중복 배정 제외
BOK-20260226-9544719e9ad0-그림-6c22bde8813dd19b,경제전망보고서 2026년 2월,그림,1-20,관리재정수지1) 전망,사용 데이터·출처; 단위; 데이터 형태; 설명,research/bok-archive/03-경제전망보고서/2026-02-26_경제전망보고서(2026년 2월)/2026년 2월 경제전망보고서(Indigo Book)_FFF.pdf,28,번호 직결 인용 없음 또는 문장 조각·중복 배정 제외
BOK-20260226-9544719e9ad0-그림-b8cd0fa41b510c3a,경제전망보고서 2026년 2월,그림,1-21,주택 매매가격지수1),단위; 데이터 형태; 설명,research/bok-archive/03-경제전망보고서/2026-02-26_경제전망보고서(2026년 2월)/2026년 2월 경제전망보고서(Indigo Book)_FFF.pdf,29,번호 직결 인용 없음 또는 문장 조각·중복 배정 제외
BOK-20260226-9544719e9ad0-그림-68cb7a2b8f7c892d,경제전망보고서 2026년 2월,그림,1-22,주택 전월세가격지수1),단위; 데이터 형태; 설명,research/bok-archive/03-경제전망보고서/2026-02-26_경제전망보고서(2026년 2월)/2026년 2월 경제전망보고서(Indigo Book)_FFF.pdf,29,번호 직결 인용 없음 또는 문장 조각·중복 배정 제외
BOK-20260226-9544719e9ad0-그림-05719091b7861459,경제전망보고서 2026년 2월,그림,1-23,주택가격전망CSI와 심리지수,단위; 데이터 형태; 설명,research/bok-archive/03-경제전망보고서/2026-02-26_경제전망보고서(2026년 2월)/2026년 2월 경제전망보고서(Indigo Book)_FFF.pdf,30,번호 직결 인용 없음 또는 문장 조각·중복 배정 제외
BOK-20260226-9544719e9ad0-그림-9976b3948af8db6e,경제전망보고서 2026년 2월,그림,1-24,대출금리와 대출태도1),단위; 데이터 형태; 설명,research/bok-archive/03-경제전망보고서/2026-02-26_경제전망보고서(2026년 2월)/2026년 2월 경제전망보고서(Indigo Book)_FFF.pdf,30,번호 직결 인용 없음 또는 문장 조각·중복 배정 제외
BOK-20260226-9544719e9ad0-그림-6006557411c29cce,경제전망보고서 2026년 2월,그림,1-25,주택준공과 준공후 미분양주택,단위; 데이터 형태; 설명,research/bok-archive/03-경제전망보고서/2026-02-26_경제전망보고서(2026년 2월)/2026년 2월 경제전망보고서(Indigo Book)_FFF.pdf,30,번호 직결 인용 없음 또는 문장 조각·중복 배정 제외
BOK-20260226-9544719e9ad0-그림-81bfceebc7ea60ef,경제전망보고서 2026년 2월,그림,1-26,명목임금 상승률 기여도,단위; 데이터 형태; 설명,research/bok-archive/03-경제전망보고서/2026-02-26_경제전망보고서(2026년 2월)/2026년 2월 경제전망보고서(Indigo Book)_FFF.pdf,31,번호 직결 인용 없음 또는 문장 조각·중복 배정 제외
BOK-20260226-9544719e9ad0-그림-987082fd19bbd396,경제전망보고서 2026년 2월,그림,1-27,노동시장 긴장도 및 정액급여 상승률,단위; 데이터 형태; 설명,research/bok-archive/03-경제전망보고서/2026-02-26_경제전망보고서(2026년 2월)/2026년 2월 경제전망보고서(Indigo Book)_FFF.pdf,31,번호 직결 인용 없음 또는 문장 조각·중복 배정 제외
BOK-20260226-9544719e9ad0-그림-3e7c3c399276116e,경제전망보고서 2026년 2월,그림,1-28,서비스업 상용직,사용 데이터·출처; 단위; 데이터 형태; 설명,research/bok-archive/03-경제전망보고서/2026-02-26_경제전망보고서(2026년 2월)/2026년 2월 경제전망보고서(Indigo Book)_FFF.pdf,31,번호 직결 인용 없음 또는 문장 조각·중복 배정 제외
BOK-20260226-9544719e9ad0-그림-3e75dc649e001bf1,경제전망보고서 2026년 2월,그림,1-29,서비스업 성장과 상용직,사용 데이터·출처; 단위; 데이터 형태; 설명,research/bok-archive/03-경제전망보고서/2026-02-26_경제전망보고서(2026년 2월)/2026년 2월 경제전망보고서(Indigo Book)_FFF.pdf,31,번호 직결 인용 없음 또는 문장 조각·중복 배정 제외
BOK-20260226-9544719e9ad0-그림-05426bdc41f23904,경제전망보고서 2026년 2월,그림,1-30,부문별 영업이익률 전망,단위; 데이터 형태; 설명,research/bok-archive/03-경제전망보고서/2026-02-26_경제전망보고서(2026년 2월)/2026년 2월 경제전망보고서(Indigo Book)_FFF.pdf,31,번호 직결 인용 없음 또는 문장 조각·중복 배정 제외
BOK-20260226-9544719e9ad0-그림-9a47e599167727e0,경제전망보고서 2026년 2월,그림,1-31,국고채 및 美 국채 금리,데이터 형태; 통계기법·지수; 설명,research/bok-archive/03-경제전망보고서/2026-02-26_경제전망보고서(2026년 2월)/2026년 2월 경제전망보고서(Indigo Book)_FFF.pdf,32,번호 직결 인용 없음 또는 문장 조각·중복 배정 제외
BOK-20260226-9544719e9ad0-그림-9ea2b96731fd3614,경제전망보고서 2026년 2월,그림,1-32,한국 및 미국 주가,사용 데이터·출처; 단위; 데이터 형태; 설명,research/bok-archive/03-경제전망보고서/2026-02-26_경제전망보고서(2026년 2월)/2026년 2월 경제전망보고서(Indigo Book)_FFF.pdf,32,번호 직결 인용 없음 또는 문장 조각·중복 배정 제외
BOK-20260226-9544719e9ad0-그림-3ef1fbdc71466a5a,경제전망보고서 2026년 2월,그림,1-33,"원/달러 환율, 미달러화지수",단위; 데이터 형태; 설명,research/bok-archive/03-경제전망보고서/2026-02-26_경제전망보고서(2026년 2월)/2026년 2월 경제전망보고서(Indigo Book)_FFF.pdf,32,번호 직결 인용 없음 또는 문장 조각·중복 배정 제외
BOK-20260226-9544719e9ad0-그림-4eabdde4d62995df,경제전망보고서 2026년 2월,그림,1-34,가계대출1)2) 증감,단위; 데이터 형태; 통계기법·지수; 설명,research/bok-archive/03-경제전망보고서/2026-02-26_경제전망보고서(2026년 2월)/2026년 2월 경제전망보고서(Indigo Book)_FFF.pdf,33,번호 직결 인용 없음 또는 문장 조각·중복 배정 제외
BOK-20260226-9544719e9ad0-그림-0ec163c8f4d1ef6b,경제전망보고서 2026년 2월,그림,1-35,은행1) 기업대출 증감,단위; 데이터 형태; 통계기법·지수; 설명,research/bok-archive/03-경제전망보고서/2026-02-26_경제전망보고서(2026년 2월)/2026년 2월 경제전망보고서(Indigo Book)_FFF.pdf,33,번호 직결 인용 없음 또는 문장 조각·중복 배정 제외
BOK-20260226-9544719e9ad0-그림-46d635273422fad1,경제전망보고서 2026년 2월,그림,1-36,기업 직접금융 조달,단위; 데이터 형태; 설명,research/bok-archive/03-경제전망보고서/2026-02-26_경제전망보고서(2026년 2월)/2026년 2월 경제전망보고서(Indigo Book)_FFF.pdf,33,번호 직결 인용 없음 또는 문장 조각·중복 배정 제외
BOK-20260226-9544719e9ad0-그림-1943592f16afd988,경제전망보고서 2026년 2월,그림,2-1,GDP 전망경로,단위; 데이터 형태; 설명,research/bok-archive/03-경제전망보고서/2026-02-26_경제전망보고서(2026년 2월)/2026년 2월 경제전망보고서(Indigo Book)_FFF.pdf,36,번호 직결 인용 없음 또는 문장 조각·중복 배정 제외
BOK-20260226-9544719e9ad0-그림-db36b16b8ac30e17,경제전망보고서 2026년 2월,그림,2-2,지출 부문별 기여도,단위; 데이터 형태; 설명,research/bok-archive/03-경제전망보고서/2026-02-26_경제전망보고서(2026년 2월)/2026년 2월 경제전망보고서(Indigo Book)_FFF.pdf,36,번호 직결 인용 없음 또는 문장 조각·중복 배정 제외
BOK-20260226-9544719e9ad0-그림-4ce8ede8c8ebb71f,경제전망보고서 2026년 2월,그림,2-3,내수·수출 순성장기여도1),단위; 데이터 형태; 설명,research/bok-archive/03-경제전망보고서/2026-02-26_경제전망보고서(2026년 2월)/2026년 2월 경제전망보고서(Indigo Book)_FFF.pdf,36,번호 직결 인용 없음 또는 문장 조각·중복 배정 제외
BOK-20260226-9544719e9ad0-그림-cee1363cfee1ace3,경제전망보고서 2026년 2월,그림,2-4,26년 성장전망 조정 (요인별 ),사용 데이터·출처; 단위; 데이터 형태; 통계기법·지수; 설명,research/bok-archive/03-경제전망보고서/2026-02-26_경제전망보고서(2026년 2월)/2026년 2월 경제전망보고서(Indigo Book)_FFF.pdf,37,번호 직결 인용 없음 또는 문장 조각·중복 배정 제외
BOK-20260226-9544719e9ad0-그림-fa77764ee2ef9673,경제전망보고서 2026년 2월,그림,2-5,26년 성장전망 조정 (지출부문별),사용 데이터·출처; 단위; 데이터 형태; 통계기법·지수; 설명,research/bok-archive/03-경제전망보고서/2026-02-26_경제전망보고서(2026년 2월)/2026년 2월 경제전망보고서(Indigo Book)_FFF.pdf,37,번호 직결 인용 없음 또는 문장 조각·중복 배정 제외
BOK-20260226-9544719e9ad0-그림-666a5c3cc5f57a4d,경제전망보고서 2026년 2월,그림,2-6,소비심리 및 카드사용액,사용 데이터·출처; 단위; 데이터 형태; 통계기법·지수; 설명,research/bok-archive/03-경제전망보고서/2026-02-26_경제전망보고서(2026년 2월)/2026년 2월 경제전망보고서(Indigo Book)_FFF.pdf,37,번호 직결 인용 없음 또는 문장 조각·중복 배정 제외
BOK-20260226-9544719e9ad0-그림-b01deb8d1c7de74f,경제전망보고서 2026년 2월,그림,2-7,가계 실질노동소득 및 민간소비,단위; 데이터 형태; 설명,research/bok-archive/03-경제전망보고서/2026-02-26_경제전망보고서(2026년 2월)/2026년 2월 경제전망보고서(Indigo Book)_FFF.pdf,37,번호 직결 인용 없음 또는 문장 조각·중복 배정 제외
BOK-20260226-9544719e9ad0-그림-56452b357e90c1b0,경제전망보고서 2026년 2월,그림,2-8,"공사비지수, 중간재물가지수, 인건비1)",단위; 데이터 형태; 설명,research/bok-archive/03-경제전망보고서/2026-02-26_경제전망보고서(2026년 2월)/2026년 2월 경제전망보고서(Indigo Book)_FFF.pdf,39,번호 직결 인용 없음 또는 문장 조각·중복 배정 제외
BOK-20260226-9544719e9ad0-그림-97bca1a7afb8ccf9,경제전망보고서 2026년 2월,그림,2-9,주택 수주·착공,단위; 데이터 형태; 통계기법·지수; 설명,research/bok-archive/03-경제전망보고서/2026-02-26_경제전망보고서(2026년 2월)/2026년 2월 경제전망보고서(Indigo Book)_FFF.pdf,39,번호 직결 인용 없음 또는 문장 조각·중복 배정 제외
BOK-20260226-9544719e9ad0-그림-2020cd3a1c453edc,경제전망보고서 2026년 2월,그림,2-10,GDP설비투자1) 및 반도체장비 수입 규모,사용 데이터·출처; 단위; 데이터 형태; 통계기법·지수; 설명,research/bok-archive/03-경제전망보고서/2026-02-26_경제전망보고서(2026년 2월)/2026년 2월 경제전망보고서(Indigo Book)_FFF.pdf,40,번호 직결 인용 없음 또는 문장 조각·중복 배정 제외
BOK-20260226-9544719e9ad0-그림-f6712dfc7f18ced8,경제전망보고서 2026년 2월,그림,2-11,주요 국내 기업의 업종별 Capex1) 전망,사용 데이터·출처; 단위; 데이터 형태; 설명,research/bok-archive/03-경제전망보고서/2026-02-26_경제전망보고서(2026년 2월)/2026년 2월 경제전망보고서(Indigo Book)_FFF.pdf,40,번호 직결 인용 없음 또는 문장 조각·중복 배정 제외
BOK-20260226-9544719e9ad0-그림-32069eea6c98e3f7,경제전망보고서 2026년 2월,그림,2-12,연구개발투자 및 제조업 매출액 전망1),단위; 데이터 형태; 통계기법·지수; 설명,research/bok-archive/03-경제전망보고서/2026-02-26_경제전망보고서(2026년 2월)/2026년 2월 경제전망보고서(Indigo Book)_FFF.pdf,41,번호 직결 인용 없음 또는 문장 조각·중복 배정 제외
BOK-20260226-9544719e9ad0-그림-31250a9bb7cfbf92,경제전망보고서 2026년 2월,그림,2-13,정부 연구개발 예산1),단위; 데이터 형태; 설명,research/bok-archive/03-경제전망보고서/2026-02-26_경제전망보고서(2026년 2월)/2026년 2월 경제전망보고서(Indigo Book)_FFF.pdf,41,번호 직결 인용 없음 또는 문장 조각·중복 배정 제외
BOK-20260226-9544719e9ad0-그림-beb005857fee9150,경제전망보고서 2026년 2월,그림,2-14,반도체 수출 금액 증가율1) 분해,단위; 데이터 형태; 설명,research/bok-archive/03-경제전망보고서/2026-02-26_경제전망보고서(2026년 2월)/2026년 2월 경제전망보고서(Indigo Book)_FFF.pdf,42,번호 직결 인용 없음 또는 문장 조각·중복 배정 제외
BOK-20260226-9544719e9ad0-그림-d9ae4cba916f9094,경제전망보고서 2026년 2월,그림,2-15,주요 비IT 품목 수출 물량∙단가 증가율1),단위; 데이터 형태; 설명,research/bok-archive/03-경제전망보고서/2026-02-26_경제전망보고서(2026년 2월)/2026년 2월 경제전망보고서(Indigo Book)_FFF.pdf,42,번호 직결 인용 없음 또는 문장 조각·중복 배정 제외
BOK-20260226-9544719e9ad0-그림-7bb9813d051794b7,경제전망보고서 2026년 2월,그림,2-16,통관수출 부문별 기여도,단위; 데이터 형태; 설명,research/bok-archive/03-경제전망보고서/2026-02-26_경제전망보고서(2026년 2월)/2026년 2월 경제전망보고서(Indigo Book)_FFF.pdf,43,번호 직결 인용 없음 또는 문장 조각·중복 배정 제외
BOK-20260226-9544719e9ad0-그림-cfd7a47df08fff31,경제전망보고서 2026년 2월,그림,2-17,통관수출 IT / 비IT1),단위; 데이터 형태; 통계기법·지수; 설명,research/bok-archive/03-경제전망보고서/2026-02-26_경제전망보고서(2026년 2월)/2026년 2월 경제전망보고서(Indigo Book)_FFF.pdf,43,번호 직결 인용 없음 또는 문장 조각·중복 배정 제외
BOK-20260226-9544719e9ad0-그림-e09db0c2c2bba07d,경제전망보고서 2026년 2월,그림,2-18,경상수지,단위; 데이터 형태; 설명,research/bok-archive/03-경제전망보고서/2026-02-26_경제전망보고서(2026년 2월)/2026년 2월 경제전망보고서(Indigo Book)_FFF.pdf,45,번호 직결 인용 없음 또는 문장 조각·중복 배정 제외
BOK-20260226-9544719e9ad0-그림-54ad451176ecd0b2,경제전망보고서 2026년 2월,그림,2-19,상품수지 및 상품가격,단위; 데이터 형태; 설명,research/bok-archive/03-경제전망보고서/2026-02-26_경제전망보고서(2026년 2월)/2026년 2월 경제전망보고서(Indigo Book)_FFF.pdf,45,번호 직결 인용 없음 또는 문장 조각·중복 배정 제외
BOK-20260226-9544719e9ad0-그림-e613daba9c514b22,경제전망보고서 2026년 2월,그림,2-20,소비자물가 및 근원물가,단위; 데이터 형태; 설명,research/bok-archive/03-경제전망보고서/2026-02-26_경제전망보고서(2026년 2월)/2026년 2월 경제전망보고서(Indigo Book)_FFF.pdf,47,번호 직결 인용 없음 또는 문장 조각·중복 배정 제외
BOK-20260226-9544719e9ad0-그림-10b8a3e7a4d5abbb,경제전망보고서 2026년 2월,그림,2-21,월별 상승률 기여도 차이 분해,단위; 데이터 형태; 설명,research/bok-archive/03-경제전망보고서/2026-02-26_경제전망보고서(2026년 2월)/2026년 2월 경제전망보고서(Indigo Book)_FFF.pdf,47,번호 직결 인용 없음 또는 문장 조각·중복 배정 제외
BOK-20260226-9544719e9ad0-그림-5d73368da325aa27,경제전망보고서 2026년 2월,그림,2-22,소비자물가 상승률 및 기여도,데이터 형태; 설명,research/bok-archive/03-경제전망보고서/2026-02-26_경제전망보고서(2026년 2월)/2026년 2월 경제전망보고서(Indigo Book)_FFF.pdf,47,번호 직결 인용 없음 또는 문장 조각·중복 배정 제외
BOK-20260226-9544719e9ad0-그림-51eb92166c3f836b,경제전망보고서 2026년 2월,그림,2-23,근원물가 상승률 및 기여도,사용 데이터·출처; 데이터 형태; 설명,research/bok-archive/03-경제전망보고서/2026-02-26_경제전망보고서(2026년 2월)/2026년 2월 경제전망보고서(Indigo Book)_FFF.pdf,47,번호 직결 인용 없음 또는 문장 조각·중복 배정 제외
BOK-20260226-9544719e9ad0-그림-926046dde184b074,경제전망보고서 2026년 2월,그림,2-24,소비자물가 상승률 전망,단위; 데이터 형태; 설명,research/bok-archive/03-경제전망보고서/2026-02-26_경제전망보고서(2026년 2월)/2026년 2월 경제전망보고서(Indigo Book)_FFF.pdf,48,번호 직결 인용 없음 또는 문장 조각·중복 배정 제외
BOK-20260226-9544719e9ad0-그림-816c0a1bd51fbd92,경제전망보고서 2026년 2월,그림,2-25,근원물가 상승률 전망,사용 데이터·출처; 데이터 형태; 설명,research/bok-archive/03-경제전망보고서/2026-02-26_경제전망보고서(2026년 2월)/2026년 2월 경제전망보고서(Indigo Book)_FFF.pdf,48,번호 직결 인용 없음 또는 문장 조각·중복 배정 제외
BOK-20260226-9544719e9ad0-그림-978b386701a5944a,경제전망보고서 2026년 2월,그림,2-26,취업자수 증감 및 실업률(분기)1),단위; 데이터 형태; 설명,research/bok-archive/03-경제전망보고서/2026-02-26_경제전망보고서(2026년 2월)/2026년 2월 경제전망보고서(Indigo Book)_FFF.pdf,49,번호 직결 인용 없음 또는 문장 조각·중복 배정 제외
BOK-20260226-9544719e9ad0-그림-edad35f4c606a360,경제전망보고서 2026년 2월,그림,2-27,산업별1) 취업자수 증감(월),단위; 데이터 형태; 통계기법·지수; 설명,research/bok-archive/03-경제전망보고서/2026-02-26_경제전망보고서(2026년 2월)/2026년 2월 경제전망보고서(Indigo Book)_FFF.pdf,49,번호 직결 인용 없음 또는 문장 조각·중복 배정 제외
BOK-20260226-9544719e9ad0-그림-b50d8743962565a8,경제전망보고서 2026년 2월,그림,2-28,청년층 연령별 고용률(월),단위; 데이터 형태; 설명,research/bok-archive/03-경제전망보고서/2026-02-26_경제전망보고서(2026년 2월)/2026년 2월 경제전망보고서(Indigo Book)_FFF.pdf,50,번호 직결 인용 없음 또는 문장 조각·중복 배정 제외
BOK-20260226-9544719e9ad0-그림-7aa51aa59db08a4a,경제전망보고서 2026년 2월,그림,2-29,20-24세 산업별 취업자수 증감(월),단위; 데이터 형태; 통계기법·지수; 설명,research/bok-archive/03-경제전망보고서/2026-02-26_경제전망보고서(2026년 2월)/2026년 2월 경제전망보고서(Indigo Book)_FFF.pdf,50,번호 직결 인용 없음 또는 문장 조각·중복 배정 제외
BOK-20260226-9544719e9ad0-그림-c0297b3e42cd3900,경제전망보고서 2026년 2월,그림,2-30,25-29세 산업별 취업자수 증감(월),단위; 데이터 형태; 통계기법·지수; 설명,research/bok-archive/03-경제전망보고서/2026-02-26_경제전망보고서(2026년 2월)/2026년 2월 경제전망보고서(Indigo Book)_FFF.pdf,50,번호 직결 인용 없음 또는 문장 조각·중복 배정 제외
BOK-20260226-9544719e9ad0-그림-55b7ccb9575355d9,경제전망보고서 2026년 2월,그림,2-31,연령별 쉬었음 증감(월),사용 데이터·출처; 단위; 데이터 형태; 통계기법·지수; 설명,research/bok-archive/03-경제전망보고서/2026-02-26_경제전망보고서(2026년 2월)/2026년 2월 경제전망보고서(Indigo Book)_FFF.pdf,50,번호 직결 인용 없음 또는 문장 조각·중복 배정 제외
BOK-20260226-9544719e9ad0-그림-67aac3ed27c390f5,경제전망보고서 2026년 2월,그림,3-1,2026년 국내 성장률1) 전망 분포,사용 데이터·출처; 단위; 데이터 형태; 종류; 설명,research/bok-archive/03-경제전망보고서/2026-02-26_경제전망보고서(2026년 2월)/2026년 2월 경제전망보고서(Indigo Book)_FFF.pdf,54,허용 종류로 판별 불가 또는 표 구조 미확인; 번호 직결 인용 없음 또는 문장 조각·중복 배정 제외
BOK-20260226-9544719e9ad0-그림-a594f02633fb5482,경제전망보고서 2026년 2월,그림,3-2,2026년 물가상승률2) 전망 분포,사용 데이터·출처; 단위; 데이터 형태; 종류; 설명,research/bok-archive/03-경제전망보고서/2026-02-26_경제전망보고서(2026년 2월)/2026년 2월 경제전망보고서(Indigo Book)_FFF.pdf,54,허용 종류로 판별 불가 또는 표 구조 미확인; 번호 직결 인용 없음 또는 문장 조각·중복 배정 제외
BOK-20260226-9544719e9ad0-그림-f8f1073791f0a9c4,경제전망보고서 2026년 2월,그림,7-1,소비자물가 상승률,사용 데이터·출처; 단위; 데이터 형태; 종류; 설명,research/bok-archive/03-경제전망보고서/2026-02-26_경제전망보고서(2026년 2월)/2026년 2월 경제전망보고서(Indigo Book)_FFF.pdf,82,허용 종류로 판별 불가 또는 표 구조 미확인; 번호 직결 인용 없음 또는 문장 조각·중복 배정 제외
BOK-20260226-9544719e9ad0-그림-be0490ad5a7a9e78,경제전망보고서 2026년 2월,그림,7-2,한국은행의 연간 성장∙물가 전망의 정확도는 국내외 주요 예측기관과 비교해 양호한 편,단위; 데이터 형태; 분석 목적; 통계기법·지수; 설명,research/bok-archive/03-경제전망보고서/2026-02-26_경제전망보고서(2026년 2월)/2026년 2월 경제전망보고서(Indigo Book)_FFF.pdf,82,제목·계열·직접 인용의 해석 근거 부족; 번호 직결 인용 없음 또는 문장 조각·중복 배정 제외
BOK-20260226-9544719e9ad0-그림-10c88e93187ad7e7,경제전망보고서 2026년 2월,그림,9-1,물가 전망의 경우에는,사용 데이터·출처; 단위; 데이터 형태; 종류; 분석 목적; 통계기법·지수; 설명,research/bok-archive/03-경제전망보고서/2026-02-26_경제전망보고서(2026년 2월)/2026년 2월 경제전망보고서(Indigo Book)_FFF.pdf,83,허용 종류로 판별 불가 또는 표 구조 미확인; 제목·계열·직접 인용의 해석 근거 부족; 번호 직결 인용 없음 또는 문장 조각·중복 배정 제외
BOK-20260226-9544719e9ad0-그림-8d7f65c7c1197133,경제전망보고서 2026년 2월,그림,9-2,"한편, 성장전망 오차에 대한 지출부문별",사용 데이터·출처; 단위; 데이터 형태; 종류; 분석 목적; 통계기법·지수; 설명,research/bok-archive/03-경제전망보고서/2026-02-26_경제전망보고서(2026년 2월)/2026년 2월 경제전망보고서(Indigo Book)_FFF.pdf,83,허용 종류로 판별 불가 또는 표 구조 미확인; 제목·계열·직접 인용의 해석 근거 부족; 번호 직결 인용 없음 또는 문장 조각·중복 배정 제외
BOK-20260226-9544719e9ad0-표-1c939689f0d77a8b,경제전망보고서 2026년 2월,표,3-1,시나리오별 반도체 수출물량 전제,사용 데이터·출처; 데이터 형태; 종류; 설명,research/bok-archive/03-경제전망보고서/2026-02-26_경제전망보고서(2026년 2월)/2026년 2월 경제전망보고서(Indigo Book)_FFF.pdf,55,허용 종류로 판별 불가 또는 표 구조 미확인; 번호 직결 인용 없음 또는 문장 조각·중복 배정 제외
BOK-20260226-9544719e9ad0-표-de98eb14221e21d9,경제전망보고서 2026년 2월,표,3-2,시나리오별 성장·물가 전망,사용 데이터·출처; 데이터 형태; 종류; 설명,research/bok-archive/03-경제전망보고서/2026-02-26_경제전망보고서(2026년 2월)/2026년 2월 경제전망보고서(Indigo Book)_FFF.pdf,55,허용 종류로 판별 불가 또는 표 구조 미확인; 번호 직결 인용 없음 또는 문장 조각·중복 배정 제외
BOK-20260528-3111c6be704b-그림-83b295cc59cd84c3,경제전망보고서 2026년 5월,그림,1-1,세계성장률,데이터 형태; 설명,research/bok-archive/03-경제전망보고서/2026-05-28_경제전망보고서(2026년 5월)/2026년 5월 경제전망보고서(Indigo Book)_F4.pdf,19,번호 직결 인용 없음 또는 문장 조각·중복 배정 제외
BOK-20260528-3111c6be704b-그림-9e4c9c9a62d0ed47,경제전망보고서 2026년 5월,그림,1-2,글로벌 공급망 압력지수1),단위; 데이터 형태; 설명,research/bok-archive/03-경제전망보고서/2026-05-28_경제전망보고서(2026년 5월)/2026년 5월 경제전망보고서(Indigo Book)_F4.pdf,19,번호 직결 인용 없음 또는 문장 조각·중복 배정 제외
BOK-20260528-3111c6be704b-그림-52ea41e4f9feabef,경제전망보고서 2026년 5월,그림,1-3,2000년 이후 반도체 확장기1),단위; 데이터 형태; 통계기법·지수; 설명,research/bok-archive/03-경제전망보고서/2026-05-28_경제전망보고서(2026년 5월)/2026년 5월 경제전망보고서(Indigo Book)_F4.pdf,20,번호 직결 인용 없음 또는 문장 조각·중복 배정 제외
BOK-20260528-3111c6be704b-그림-58a821a0346a60c2,경제전망보고서 2026년 5월,그림,1-4,메모리반도체 가격1),사용 데이터·출처; 단위; 데이터 형태; 통계기법·지수; 설명,research/bok-archive/03-경제전망보고서/2026-05-28_경제전망보고서(2026년 5월)/2026년 5월 경제전망보고서(Indigo Book)_F4.pdf,20,번호 직결 인용 없음 또는 문장 조각·중복 배정 제외
BOK-20260528-3111c6be704b-그림-1cc1a20f8d4bda47,경제전망보고서 2026년 5월,그림,1-5,美빅테크 CapEx1) 전망,단위; 데이터 형태; 설명,research/bok-archive/03-경제전망보고서/2026-05-28_경제전망보고서(2026년 5월)/2026년 5월 경제전망보고서(Indigo Book)_F4.pdf,20,번호 직결 인용 없음 또는 문장 조각·중복 배정 제외
BOK-20260528-3111c6be704b-그림-55ed5685d79eff4d,경제전망보고서 2026년 5월,그림,1-6,미국 GDP 성장률 및 기여도,단위; 데이터 형태; 설명,research/bok-archive/03-경제전망보고서/2026-05-28_경제전망보고서(2026년 5월)/2026년 5월 경제전망보고서(Indigo Book)_F4.pdf,21,번호 직결 인용 없음 또는 문장 조각·중복 배정 제외
BOK-20260528-3111c6be704b-그림-03560184cc9002d3,경제전망보고서 2026년 5월,그림,1-7,미국 물가 상황,사용 데이터·출처; 설명,research/bok-archive/03-경제전망보고서/2026-05-28_경제전망보고서(2026년 5월)/2026년 5월 경제전망보고서(Indigo Book)_F4.pdf,21,번호 직결 인용 없음 또는 문장 조각·중복 배정 제외
BOK-20260528-3111c6be704b-그림-93e31267f85ea3e8,경제전망보고서 2026년 5월,그림,1-8,유로지역 GDP 성장률 및 기여도1),데이터 형태; 설명,research/bok-archive/03-경제전망보고서/2026-05-28_경제전망보고서(2026년 5월)/2026년 5월 경제전망보고서(Indigo Book)_F4.pdf,22,번호 직결 인용 없음 또는 문장 조각·중복 배정 제외
BOK-20260528-3111c6be704b-그림-1ee7d872658ed925,경제전망보고서 2026년 5월,그림,1-9,유로지역 석유제품 및 천연가스 가격1),사용 데이터·출처; 단위; 통계기법·지수; 설명,research/bok-archive/03-경제전망보고서/2026-05-28_경제전망보고서(2026년 5월)/2026년 5월 경제전망보고서(Indigo Book)_F4.pdf,22,번호 직결 인용 없음 또는 문장 조각·중복 배정 제외
BOK-20260528-3111c6be704b-그림-c1772db5aeb07d52,경제전망보고서 2026년 5월,그림,1-10,중국 경제성장률1) 및 부문별 성장기여도,데이터 형태; 설명,research/bok-archive/03-경제전망보고서/2026-05-28_경제전망보고서(2026년 5월)/2026년 5월 경제전망보고서(Indigo Book)_F4.pdf,23,번호 직결 인용 없음 또는 문장 조각·중복 배정 제외
BOK-20260528-3111c6be704b-그림-bf136ca344a89ab3,경제전망보고서 2026년 5월,그림,1-11,중국 품목별 수출,사용 데이터·출처; 데이터 형태; 통계기법·지수; 설명,research/bok-archive/03-경제전망보고서/2026-05-28_경제전망보고서(2026년 5월)/2026년 5월 경제전망보고서(Indigo Book)_F4.pdf,23,번호 직결 인용 없음 또는 문장 조각·중복 배정 제외
BOK-20260528-3111c6be704b-그림-9fdbbd75a4913d76,경제전망보고서 2026년 5월,그림,1-12,일본 GDP 성장률 및 기여도,사용 데이터·출처; 데이터 형태; 설명,research/bok-archive/03-경제전망보고서/2026-05-28_경제전망보고서(2026년 5월)/2026년 5월 경제전망보고서(Indigo Book)_F4.pdf,26,번호 직결 인용 없음 또는 문장 조각·중복 배정 제외
BOK-20260528-3111c6be704b-그림-41d51aeed7f017e0,경제전망보고서 2026년 5월,그림,1-13,일본 소비자물가 및 실질임금 상승률,사용 데이터·출처; 설명,research/bok-archive/03-경제전망보고서/2026-05-28_경제전망보고서(2026년 5월)/2026년 5월 경제전망보고서(Indigo Book)_F4.pdf,26,번호 직결 인용 없음 또는 문장 조각·중복 배정 제외
BOK-20260528-3111c6be704b-그림-3aa4ae4efeb7a85b,경제전망보고서 2026년 5월,그림,1-14,인도 경제성장률,데이터 형태; 설명,research/bok-archive/03-경제전망보고서/2026-05-28_경제전망보고서(2026년 5월)/2026년 5월 경제전망보고서(Indigo Book)_F4.pdf,27,번호 직결 인용 없음 또는 문장 조각·중복 배정 제외
BOK-20260528-3111c6be704b-그림-56311d13bd8169de,경제전망보고서 2026년 5월,그림,1-15,아세안 경제성장률,데이터 형태; 설명,research/bok-archive/03-경제전망보고서/2026-05-28_경제전망보고서(2026년 5월)/2026년 5월 경제전망보고서(Indigo Book)_F4.pdf,27,번호 직결 인용 없음 또는 문장 조각·중복 배정 제외
BOK-20260528-3111c6be704b-그림-fe57b59374df190d,경제전망보고서 2026년 5월,그림,1-16,아시아 신흥국 생산자물가 상승률,사용 데이터·출처; 설명,research/bok-archive/03-경제전망보고서/2026-05-28_경제전망보고서(2026년 5월)/2026년 5월 경제전망보고서(Indigo Book)_F4.pdf,27,번호 직결 인용 없음 또는 문장 조각·중복 배정 제외
BOK-20260528-3111c6be704b-그림-50bcd53302066870,경제전망보고서 2026년 5월,그림,1-17,아시아 신흥국 소비자물가 상승률,사용 데이터·출처; 데이터 형태; 설명,research/bok-archive/03-경제전망보고서/2026-05-28_경제전망보고서(2026년 5월)/2026년 5월 경제전망보고서(Indigo Book)_F4.pdf,27,번호 직결 인용 없음 또는 문장 조각·중복 배정 제외
BOK-20260528-3111c6be704b-그림-4b050d6c7b6d99c6,경제전망보고서 2026년 5월,그림,1-18,국제유가,단위; 데이터 형태; 설명,research/bok-archive/03-경제전망보고서/2026-05-28_경제전망보고서(2026년 5월)/2026년 5월 경제전망보고서(Indigo Book)_F4.pdf,28,번호 직결 인용 없음 또는 문장 조각·중복 배정 제외
BOK-20260528-3111c6be704b-그림-62d73c86a6bdba55,경제전망보고서 2026년 5월,그림,1-19,호르무즈 통항 선박수1),단위; 데이터 형태; 설명,research/bok-archive/03-경제전망보고서/2026-05-28_경제전망보고서(2026년 5월)/2026년 5월 경제전망보고서(Indigo Book)_F4.pdf,28,번호 직결 인용 없음 또는 문장 조각·중복 배정 제외
BOK-20260528-3111c6be704b-그림-31cec179e5437316,경제전망보고서 2026년 5월,그림,1-20,통합재정지출 전망,사용 데이터·출처; 데이터 형태; 설명,research/bok-archive/03-경제전망보고서/2026-05-28_경제전망보고서(2026년 5월)/2026년 5월 경제전망보고서(Indigo Book)_F4.pdf,31,번호 직결 인용 없음 또는 문장 조각·중복 배정 제외
BOK-20260528-3111c6be704b-그림-b2c455e0f82dd410,경제전망보고서 2026년 5월,그림,1-21,분기별 통합재정지출 추이,사용 데이터·출처; 통계기법·지수; 설명,research/bok-archive/03-경제전망보고서/2026-05-28_경제전망보고서(2026년 5월)/2026년 5월 경제전망보고서(Indigo Book)_F4.pdf,31,번호 직결 인용 없음 또는 문장 조각·중복 배정 제외
BOK-20260528-3111c6be704b-그림-7b35ebf2e7dd58b0,경제전망보고서 2026년 5월,그림,1-22,주간 아파트 매매가격지수1),단위; 데이터 형태; 설명,research/bok-archive/03-경제전망보고서/2026-05-28_경제전망보고서(2026년 5월)/2026년 5월 경제전망보고서(Indigo Book)_F4.pdf,32,번호 직결 인용 없음 또는 문장 조각·중복 배정 제외
BOK-20260528-3111c6be704b-그림-75e3bdd75c22e570,경제전망보고서 2026년 5월,그림,1-23,서울 권역별 매매가격지수1),단위; 데이터 형태; 설명,research/bok-archive/03-경제전망보고서/2026-05-28_경제전망보고서(2026년 5월)/2026년 5월 경제전망보고서(Indigo Book)_F4.pdf,32,번호 직결 인용 없음 또는 문장 조각·중복 배정 제외
BOK-20260528-3111c6be704b-그림-29e2ccca33320140,경제전망보고서 2026년 5월,그림,1-24,주간 아파트 전세가격지수1),단위; 데이터 형태; 설명,research/bok-archive/03-경제전망보고서/2026-05-28_경제전망보고서(2026년 5월)/2026년 5월 경제전망보고서(Indigo Book)_F4.pdf,32,번호 직결 인용 없음 또는 문장 조각·중복 배정 제외
BOK-20260528-3111c6be704b-그림-9e9ded3eca94c6d4,경제전망보고서 2026년 5월,그림,1-25,주택가격전망CSI와 주택시장심리지수,단위; 설명,research/bok-archive/03-경제전망보고서/2026-05-28_경제전망보고서(2026년 5월)/2026년 5월 경제전망보고서(Indigo Book)_F4.pdf,32,번호 직결 인용 없음 또는 문장 조각·중복 배정 제외
BOK-20260528-3111c6be704b-그림-8def408f5209cd36,경제전망보고서 2026년 5월,그림,1-26,대출태도지수1)와 대출금리,사용 데이터·출처; 설명,research/bok-archive/03-경제전망보고서/2026-05-28_경제전망보고서(2026년 5월)/2026년 5월 경제전망보고서(Indigo Book)_F4.pdf,32,번호 직결 인용 없음 또는 문장 조각·중복 배정 제외
BOK-20260528-3111c6be704b-그림-03d4efff9296720f,경제전망보고서 2026년 5월,그림,1-27,분기별 명목임금 상승률,데이터 형태; 설명,research/bok-archive/03-경제전망보고서/2026-05-28_경제전망보고서(2026년 5월)/2026년 5월 경제전망보고서(Indigo Book)_F4.pdf,33,번호 직결 인용 없음 또는 문장 조각·중복 배정 제외
BOK-20260528-3111c6be704b-그림-4eb3e3a7e9bc7734,경제전망보고서 2026년 5월,그림,1-28,분기별 특별급여 상승률,데이터 형태; 설명,research/bok-archive/03-경제전망보고서/2026-05-28_경제전망보고서(2026년 5월)/2026년 5월 경제전망보고서(Indigo Book)_F4.pdf,33,번호 직결 인용 없음 또는 문장 조각·중복 배정 제외
BOK-20260528-3111c6be704b-그림-cb5823fd56ee0315,경제전망보고서 2026년 5월,그림,1-29,연도별 1~2월중 IT1) 부문,단위; 데이터 형태; 분석 목적; 통계기법·지수; 설명,research/bok-archive/03-경제전망보고서/2026-05-28_경제전망보고서(2026년 5월)/2026년 5월 경제전망보고서(Indigo Book)_F4.pdf,33,제목·계열·직접 인용의 해석 근거 부족; 번호 직결 인용 없음 또는 문장 조각·중복 배정 제외
BOK-20260528-3111c6be704b-그림-4279b131cd9ef7cb,경제전망보고서 2026년 5월,그림,1-30,산업별 빈일자리율,데이터 형태; 설명,research/bok-archive/03-경제전망보고서/2026-05-28_경제전망보고서(2026년 5월)/2026년 5월 경제전망보고서(Indigo Book)_F4.pdf,34,번호 직결 인용 없음 또는 문장 조각·중복 배정 제외
BOK-20260528-3111c6be704b-그림-668e880920e5686d,경제전망보고서 2026년 5월,그림,1-31,삼성전자 및 SK하이닉스 영업이익 전망 분포1),단위; 데이터 형태; 종류; 설명,research/bok-archive/03-경제전망보고서/2026-05-28_경제전망보고서(2026년 5월)/2026년 5월 경제전망보고서(Indigo Book)_F4.pdf,34,허용 종류로 판별 불가 또는 표 구조 미확인; 번호 직결 인용 없음 또는 문장 조각·중복 배정 제외
BOK-20260528-3111c6be704b-그림-f3a07ab591ad2a35,경제전망보고서 2026년 5월,그림,1-32,국고채 및 美 국채 금리,통계기법·지수; 설명,research/bok-archive/03-경제전망보고서/2026-05-28_경제전망보고서(2026년 5월)/2026년 5월 경제전망보고서(Indigo Book)_F4.pdf,35,번호 직결 인용 없음 또는 문장 조각·중복 배정 제외
BOK-20260528-3111c6be704b-그림-81406524d0331fe1,경제전망보고서 2026년 5월,그림,1-33,한국 및 미국 주가,사용 데이터·출처; 설명,research/bok-archive/03-경제전망보고서/2026-05-28_경제전망보고서(2026년 5월)/2026년 5월 경제전망보고서(Indigo Book)_F4.pdf,35,번호 직결 인용 없음 또는 문장 조각·중복 배정 제외
BOK-20260528-3111c6be704b-그림-2f440c2bcbd2544c,경제전망보고서 2026년 5월,그림,1-34,"원/달러 환율, 미달러화지수",데이터 형태; 설명,research/bok-archive/03-경제전망보고서/2026-05-28_경제전망보고서(2026년 5월)/2026년 5월 경제전망보고서(Indigo Book)_F4.pdf,35,번호 직결 인용 없음 또는 문장 조각·중복 배정 제외
BOK-20260528-3111c6be704b-그림-8847c9d40e2184b5,경제전망보고서 2026년 5월,그림,1-35,가계대출1)2) 증감,단위; 통계기법·지수; 설명,research/bok-archive/03-경제전망보고서/2026-05-28_경제전망보고서(2026년 5월)/2026년 5월 경제전망보고서(Indigo Book)_F4.pdf,36,번호 직결 인용 없음 또는 문장 조각·중복 배정 제외
BOK-20260528-3111c6be704b-그림-25898fb807a36e09,경제전망보고서 2026년 5월,그림,1-36,은행1) 기업대출 증감,단위; 통계기법·지수; 설명,research/bok-archive/03-경제전망보고서/2026-05-28_경제전망보고서(2026년 5월)/2026년 5월 경제전망보고서(Indigo Book)_F4.pdf,36,번호 직결 인용 없음 또는 문장 조각·중복 배정 제외
BOK-20260528-3111c6be704b-그림-e131982e66171e52,경제전망보고서 2026년 5월,그림,1-37,기업 직접금융 조달,단위; 설명,research/bok-archive/03-경제전망보고서/2026-05-28_경제전망보고서(2026년 5월)/2026년 5월 경제전망보고서(Indigo Book)_F4.pdf,36,번호 직결 인용 없음 또는 문장 조각·중복 배정 제외
BOK-20260528-3111c6be704b-그림-4fd34fc9d2ae6269,경제전망보고서 2026년 5월,그림,2-1,GDP 전망경로,데이터 형태; 설명,research/bok-archive/03-경제전망보고서/2026-05-28_경제전망보고서(2026년 5월)/2026년 5월 경제전망보고서(Indigo Book)_F4.pdf,40,번호 직결 인용 없음 또는 문장 조각·중복 배정 제외
BOK-20260528-3111c6be704b-그림-52939cd828bbea4c,경제전망보고서 2026년 5월,그림,2-2,지출 부문별 기여도,사용 데이터·출처; 데이터 형태; 설명,research/bok-archive/03-경제전망보고서/2026-05-28_경제전망보고서(2026년 5월)/2026년 5월 경제전망보고서(Indigo Book)_F4.pdf,40,번호 직결 인용 없음 또는 문장 조각·중복 배정 제외
BOK-20260528-3111c6be704b-그림-4afe85d9fa5b1643,경제전망보고서 2026년 5월,그림,2-3,내수·수출 순성장기여도1),데이터 형태; 설명,research/bok-archive/03-경제전망보고서/2026-05-28_경제전망보고서(2026년 5월)/2026년 5월 경제전망보고서(Indigo Book)_F4.pdf,40,번호 직결 인용 없음 또는 문장 조각·중복 배정 제외
BOK-20260528-3111c6be704b-그림-c2a2af5e6970c430,경제전망보고서 2026년 5월,그림,2-4,26년 성장전망 조정 (요인별 ),사용 데이터·출처; 데이터 형태; 통계기법·지수; 설명,research/bok-archive/03-경제전망보고서/2026-05-28_경제전망보고서(2026년 5월)/2026년 5월 경제전망보고서(Indigo Book)_F4.pdf,41,번호 직결 인용 없음 또는 문장 조각·중복 배정 제외
BOK-20260528-3111c6be704b-그림-f6cbc4df303a7341,경제전망보고서 2026년 5월,그림,2-5,26년 성장전망 조정 (지출부문별),사용 데이터·출처; 데이터 형태; 통계기법·지수; 설명,research/bok-archive/03-경제전망보고서/2026-05-28_경제전망보고서(2026년 5월)/2026년 5월 경제전망보고서(Indigo Book)_F4.pdf,41,번호 직결 인용 없음 또는 문장 조각·중복 배정 제외
BOK-20260528-3111c6be704b-그림-bd0ded8d09a46b46,경제전망보고서 2026년 5월,그림,2-6,소비심리 및 카드사용액1),데이터 형태; 통계기법·지수; 설명,research/bok-archive/03-경제전망보고서/2026-05-28_경제전망보고서(2026년 5월)/2026년 5월 경제전망보고서(Indigo Book)_F4.pdf,41,번호 직결 인용 없음 또는 문장 조각·중복 배정 제외
BOK-20260528-3111c6be704b-그림-0d135f4d4e190243,경제전망보고서 2026년 5월,그림,2-7,반도체 수출-민간소비 간 시차상관계수1),단위; 데이터 형태; 설명,research/bok-archive/03-경제전망보고서/2026-05-28_경제전망보고서(2026년 5월)/2026년 5월 경제전망보고서(Indigo Book)_F4.pdf,41,번호 직결 인용 없음 또는 문장 조각·중복 배정 제외
BOK-20260528-3111c6be704b-그림-5a94bff4c6964f40,경제전망보고서 2026년 5월,그림,2-8,건설투자1),단위; 데이터 형태; 설명,research/bok-archive/03-경제전망보고서/2026-05-28_경제전망보고서(2026년 5월)/2026년 5월 경제전망보고서(Indigo Book)_F4.pdf,42,번호 직결 인용 없음 또는 문장 조각·중복 배정 제외
BOK-20260528-3111c6be704b-그림-1fc2b3b58fe739da,경제전망보고서 2026년 5월,그림,2-9,국제유가와 공사비,단위; 데이터 형태; 통계기법·지수; 설명,research/bok-archive/03-경제전망보고서/2026-05-28_경제전망보고서(2026년 5월)/2026년 5월 경제전망보고서(Indigo Book)_F4.pdf,42,번호 직결 인용 없음 또는 문장 조각·중복 배정 제외
BOK-20260528-3111c6be704b-그림-0450f5f9d7c5cdb7,경제전망보고서 2026년 5월,그림,2-10,반도체장비·전기전자기기 수입액 및,사용 데이터·출처; 단위; 데이터 형태; 분석 목적; 통계기법·지수; 설명,research/bok-archive/03-경제전망보고서/2026-05-28_경제전망보고서(2026년 5월)/2026년 5월 경제전망보고서(Indigo Book)_F4.pdf,46,제목·계열·직접 인용의 해석 근거 부족; 번호 직결 인용 없음 또는 문장 조각·중복 배정 제외
BOK-20260528-3111c6be704b-그림-c598fb36dea56a1c,경제전망보고서 2026년 5월,그림,2-11,주요 국내 기업의 업종별1) CapEx2) 전망,사용 데이터·출처; 단위; 데이터 형태; 설명,research/bok-archive/03-경제전망보고서/2026-05-28_경제전망보고서(2026년 5월)/2026년 5월 경제전망보고서(Indigo Book)_F4.pdf,46,번호 직결 인용 없음 또는 문장 조각·중복 배정 제외
BOK-20260528-3111c6be704b-그림-9e83709834a6626c,경제전망보고서 2026년 5월,그림,2-12,반도체기업1) 매출액 전망2) 및 연구개발투자,단위; 데이터 형태; 통계기법·지수; 설명,research/bok-archive/03-경제전망보고서/2026-05-28_경제전망보고서(2026년 5월)/2026년 5월 경제전망보고서(Indigo Book)_F4.pdf,47,번호 직결 인용 없음 또는 문장 조각·중복 배정 제외
BOK-20260528-3111c6be704b-그림-1a4e71579be5ff4b,경제전망보고서 2026년 5월,그림,2-13,국내 기업의 소프트웨어투자 전망,사용 데이터·출처; 단위; 데이터 형태; 통계기법·지수; 설명,research/bok-archive/03-경제전망보고서/2026-05-28_경제전망보고서(2026년 5월)/2026년 5월 경제전망보고서(Indigo Book)_F4.pdf,47,번호 직결 인용 없음 또는 문장 조각·중복 배정 제외
BOK-20260528-3111c6be704b-그림-b29bee8dbe5a8d5f,경제전망보고서 2026년 5월,그림,2-14,수출물량지수,단위; 데이터 형태; 설명,research/bok-archive/03-경제전망보고서/2026-05-28_경제전망보고서(2026년 5월)/2026년 5월 경제전망보고서(Indigo Book)_F4.pdf,48,번호 직결 인용 없음 또는 문장 조각·중복 배정 제외
BOK-20260528-3111c6be704b-그림-7d338f9bfaae4ac7,경제전망보고서 2026년 5월,그림,2-15,반도체 수출물량지수,데이터 형태; 설명,research/bok-archive/03-경제전망보고서/2026-05-28_경제전망보고서(2026년 5월)/2026년 5월 경제전망보고서(Indigo Book)_F4.pdf,48,번호 직결 인용 없음 또는 문장 조각·중복 배정 제외
BOK-20260528-3111c6be704b-그림-55765d839e9a12b9,경제전망보고서 2026년 5월,그림,2-16,통관수출 부문별 기여도,데이터 형태; 설명,research/bok-archive/03-경제전망보고서/2026-05-28_경제전망보고서(2026년 5월)/2026년 5월 경제전망보고서(Indigo Book)_F4.pdf,49,번호 직결 인용 없음 또는 문장 조각·중복 배정 제외
BOK-20260528-3111c6be704b-그림-70a43037e93226e2,경제전망보고서 2026년 5월,그림,2-17,통관수출 전망,데이터 형태; 통계기법·지수; 설명,research/bok-archive/03-경제전망보고서/2026-05-28_경제전망보고서(2026년 5월)/2026년 5월 경제전망보고서(Indigo Book)_F4.pdf,49,번호 직결 인용 없음 또는 문장 조각·중복 배정 제외
BOK-20260528-3111c6be704b-그림-2a85cd577001a06a,경제전망보고서 2026년 5월,그림,2-18,경상수지,데이터 형태; 설명,research/bok-archive/03-경제전망보고서/2026-05-28_경제전망보고서(2026년 5월)/2026년 5월 경제전망보고서(Indigo Book)_F4.pdf,53,번호 직결 인용 없음 또는 문장 조각·중복 배정 제외
BOK-20260528-3111c6be704b-그림-f19e815edffa5539,경제전망보고서 2026년 5월,그림,2-19,외국인 관광객과 국민해외관광객,데이터 형태; 설명,research/bok-archive/03-경제전망보고서/2026-05-28_경제전망보고서(2026년 5월)/2026년 5월 경제전망보고서(Indigo Book)_F4.pdf,53,번호 직결 인용 없음 또는 문장 조각·중복 배정 제외
BOK-20260528-3111c6be704b-그림-338264b0d60f476e,경제전망보고서 2026년 5월,그림,2-20,소비자물가 및 근원물가,단위; 설명,research/bok-archive/03-경제전망보고서/2026-05-28_경제전망보고서(2026년 5월)/2026년 5월 경제전망보고서(Indigo Book)_F4.pdf,55,번호 직결 인용 없음 또는 문장 조각·중복 배정 제외
BOK-20260528-3111c6be704b-그림-407d7599c5b5cc5a,경제전망보고서 2026년 5월,그림,2-21,월별 상승률 기여도 차이 분해,단위; 데이터 형태; 설명,research/bok-archive/03-경제전망보고서/2026-05-28_경제전망보고서(2026년 5월)/2026년 5월 경제전망보고서(Indigo Book)_F4.pdf,55,번호 직결 인용 없음 또는 문장 조각·중복 배정 제외
BOK-20260528-3111c6be704b-그림-4ceb6d53dffe060e,경제전망보고서 2026년 5월,그림,2-22,소비자물가 상승률 및 기여도,설명,research/bok-archive/03-경제전망보고서/2026-05-28_경제전망보고서(2026년 5월)/2026년 5월 경제전망보고서(Indigo Book)_F4.pdf,55,번호 직결 인용 없음 또는 문장 조각·중복 배정 제외
BOK-20260528-3111c6be704b-그림-3fd2687dad41c92f,경제전망보고서 2026년 5월,그림,2-23,근원물가 상승률 및 기여도,사용 데이터·출처; 설명,research/bok-archive/03-경제전망보고서/2026-05-28_경제전망보고서(2026년 5월)/2026년 5월 경제전망보고서(Indigo Book)_F4.pdf,55,번호 직결 인용 없음 또는 문장 조각·중복 배정 제외
BOK-20260528-3111c6be704b-그림-ff3048d7f5a9dc4f,경제전망보고서 2026년 5월,그림,2-24,소비자물가 상승률 전망,데이터 형태; 설명,research/bok-archive/03-경제전망보고서/2026-05-28_경제전망보고서(2026년 5월)/2026년 5월 경제전망보고서(Indigo Book)_F4.pdf,56,번호 직결 인용 없음 또는 문장 조각·중복 배정 제외
BOK-20260528-3111c6be704b-그림-6e2b82bf2bd3e05f,경제전망보고서 2026년 5월,그림,2-25,근원물가 상승률 전망,데이터 형태; 설명,research/bok-archive/03-경제전망보고서/2026-05-28_경제전망보고서(2026년 5월)/2026년 5월 경제전망보고서(Indigo Book)_F4.pdf,56,번호 직결 인용 없음 또는 문장 조각·중복 배정 제외
BOK-20260528-3111c6be704b-그림-b119bfe57e48481e,경제전망보고서 2026년 5월,그림,2-26,산업별 취업자수(월),단위; 데이터 형태; 통계기법·지수; 설명,research/bok-archive/03-경제전망보고서/2026-05-28_경제전망보고서(2026년 5월)/2026년 5월 경제전망보고서(Indigo Book)_F4.pdf,57,번호 직결 인용 없음 또는 문장 조각·중복 배정 제외
BOK-20260528-3111c6be704b-그림-0a1c1d368af8475a,경제전망보고서 2026년 5월,그림,2-27,보건복지 취업자수 증감(월),단위; 데이터 형태; 통계기법·지수; 설명,research/bok-archive/03-경제전망보고서/2026-05-28_경제전망보고서(2026년 5월)/2026년 5월 경제전망보고서(Indigo Book)_F4.pdf,57,번호 직결 인용 없음 또는 문장 조각·중복 배정 제외
BOK-20260528-3111c6be704b-그림-307ab3fb7c8e1401,경제전망보고서 2026년 5월,그림,2-28,월별 민간 취업자수1) 수준,데이터 형태; 통계기법·지수; 설명,research/bok-archive/03-경제전망보고서/2026-05-28_경제전망보고서(2026년 5월)/2026년 5월 경제전망보고서(Indigo Book)_F4.pdf,57,번호 직결 인용 없음 또는 문장 조각·중복 배정 제외
BOK-20260528-3111c6be704b-그림-72c9e318d398bac8,경제전망보고서 2026년 5월,그림,2-29,월별 공공일자리1) 수준,데이터 형태; 통계기법·지수; 설명,research/bok-archive/03-경제전망보고서/2026-05-28_경제전망보고서(2026년 5월)/2026년 5월 경제전망보고서(Indigo Book)_F4.pdf,57,번호 직결 인용 없음 또는 문장 조각·중복 배정 제외
BOK-20260528-3111c6be704b-그림-9eb4b85d419eab8f,경제전망보고서 2026년 5월,그림,3-1,2026년 국내성장률1) 전망 분포,사용 데이터·출처; 데이터 형태; 종류; 설명,research/bok-archive/03-경제전망보고서/2026-05-28_경제전망보고서(2026년 5월)/2026년 5월 경제전망보고서(Indigo Book)_F4.pdf,60,허용 종류로 판별 불가 또는 표 구조 미확인; 번호 직결 인용 없음 또는 문장 조각·중복 배정 제외
BOK-20260528-3111c6be704b-그림-31e874c3d53eaaf9,경제전망보고서 2026년 5월,그림,3-2,2026년 물가상승률2) 전망 분포,사용 데이터·출처; 데이터 형태; 종류; 설명,research/bok-archive/03-경제전망보고서/2026-05-28_경제전망보고서(2026년 5월)/2026년 5월 경제전망보고서(Indigo Book)_F4.pdf,60,허용 종류로 판별 불가 또는 표 구조 미확인; 번호 직결 인용 없음 또는 문장 조각·중복 배정 제외
BOK-20260528-3111c6be704b-그림-576a3124d967051d,경제전망보고서 2026년 5월,그림,3-3,빅테크 자본지출1) 전망,설명,research/bok-archive/03-경제전망보고서/2026-05-28_경제전망보고서(2026년 5월)/2026년 5월 경제전망보고서(Indigo Book)_F4.pdf,61,번호 직결 인용 없음 또는 문장 조각·중복 배정 제외
BOK-20260528-3111c6be704b-그림-80a3341db8faf465,경제전망보고서 2026년 5월,그림,3-4,메모리반도체 가격1),통계기법·지수; 설명,research/bok-archive/03-경제전망보고서/2026-05-28_경제전망보고서(2026년 5월)/2026년 5월 경제전망보고서(Indigo Book)_F4.pdf,61,번호 직결 인용 없음 또는 문장 조각·중복 배정 제외
BOK-20260528-3111c6be704b-그림-390ccc2aba489289,경제전망보고서 2026년 5월,그림,3-5,반도체 수출물량지수 추이,설명,research/bok-archive/03-경제전망보고서/2026-05-28_경제전망보고서(2026년 5월)/2026년 5월 경제전망보고서(Indigo Book)_F4.pdf,61,번호 직결 인용 없음 또는 문장 조각·중복 배정 제외
BOK-20260528-3111c6be704b-그림-6fa24766869cd492,경제전망보고서 2026년 5월,그림,3-6,호르무즈 해협 통항량 전제,설명,research/bok-archive/03-경제전망보고서/2026-05-28_경제전망보고서(2026년 5월)/2026년 5월 경제전망보고서(Indigo Book)_F4.pdf,62,번호 직결 인용 없음 또는 문장 조각·중복 배정 제외
BOK-20260528-3111c6be704b-그림-e7cae052d2dabcdc,경제전망보고서 2026년 5월,그림,3-7,국제유가 전제,단위; 데이터 형태; 통계기법·지수; 설명,research/bok-archive/03-경제전망보고서/2026-05-28_경제전망보고서(2026년 5월)/2026년 5월 경제전망보고서(Indigo Book)_F4.pdf,62,번호 직결 인용 없음 또는 문장 조각·중복 배정 제외
BOK-20260528-3111c6be704b-그림-4642f545a577c419,경제전망보고서 2026년 5월,그림,3-8,테스트베드 및 공용장비 수요1),데이터 형태; 통계기법·지수,research/bok-archive/03-경제전망보고서/2026-05-28_경제전망보고서(2026년 5월)/2026년 5월 경제전망보고서(Indigo Book)_F4.pdf,124,출처·단위·데이터 형태 등 미확인
BOK-20260528-3111c6be704b-그림-5cc9b0632ab20eb3,경제전망보고서 2026년 5월,그림,3-9,테스트베드 및 실증인프라 접근의 어려움1),통계기법·지수,research/bok-archive/03-경제전망보고서/2026-05-28_경제전망보고서(2026년 5월)/2026년 5월 경제전망보고서(Indigo Book)_F4.pdf,124,출처·단위·데이터 형태 등 미확인
BOK-20260528-3111c6be704b-그림-75b26136148de896,경제전망보고서 2026년 5월,그림,3-10,대학 혁신창업 성장 단계와 두 번의 죽음의 계곡,사용 데이터·출처; 단위; 데이터 형태; 통계기법·지수,research/bok-archive/03-경제전망보고서/2026-05-28_경제전망보고서(2026년 5월)/2026년 5월 경제전망보고서(Indigo Book)_F4.pdf,125,출처·단위·데이터 형태 등 미확인
BOK-20260528-3111c6be704b-그림-cfea10e798b2a2ce,경제전망보고서 2026년 5월,그림,3-11,대학 창업 시 어려운,통계기법·지수; 설명,research/bok-archive/03-경제전망보고서/2026-05-28_경제전망보고서(2026년 5월)/2026년 5월 경제전망보고서(Indigo Book)_F4.pdf,125,번호 직결 인용 없음 또는 문장 조각·중복 배정 제외
BOK-20260528-3111c6be704b-그림-9fd8f03afc18da6d,경제전망보고서 2026년 5월,그림,3-12,대학 창업,분석 목적; 통계기법·지수,research/bok-archive/03-경제전망보고서/2026-05-28_경제전망보고서(2026년 5월)/2026년 5월 경제전망보고서(Indigo Book)_F4.pdf,125,제목·계열·직접 인용의 해석 근거 부족
BOK-20260528-3111c6be704b-그림-e30e85b64f5aa178,경제전망보고서 2026년 5월,그림,3-13,대학 창업 기업의,분석 목적; 통계기법·지수,research/bok-archive/03-경제전망보고서/2026-05-28_경제전망보고서(2026년 5월)/2026년 5월 경제전망보고서(Indigo Book)_F4.pdf,125,제목·계열·직접 인용의 해석 근거 부족
BOK-20260528-3111c6be704b-그림-444509abf368028a,경제전망보고서 2026년 5월,그림,3-14,국내 투자 회수 현황,데이터 형태; 통계기법·지수; 설명,research/bok-archive/03-경제전망보고서/2026-05-28_경제전망보고서(2026년 5월)/2026년 5월 경제전망보고서(Indigo Book)_F4.pdf,127,번호 직결 인용 없음 또는 문장 조각·중복 배정 제외
BOK-20260528-3111c6be704b-그림-35d6ccc78ee0d574,경제전망보고서 2026년 5월,그림,3-15,미국 투자 회수 현황,데이터 형태; 통계기법·지수; 설명,research/bok-archive/03-경제전망보고서/2026-05-28_경제전망보고서(2026년 5월)/2026년 5월 경제전망보고서(Indigo Book)_F4.pdf,127,번호 직결 인용 없음 또는 문장 조각·중복 배정 제외
BOK-20260528-3111c6be704b-그림-bfd0605c98ba3483,경제전망보고서 2026년 5월,그림,3-16,미국 투자 회수 현황,데이터 형태; 통계기법·지수; 설명,research/bok-archive/03-경제전망보고서/2026-05-28_경제전망보고서(2026년 5월)/2026년 5월 경제전망보고서(Indigo Book)_F4.pdf,127,번호 직결 인용 없음 또는 문장 조각·중복 배정 제외
BOK-20260528-3111c6be704b-그림-b60ef70a24ba6fd2,경제전망보고서 2026년 5월,그림,3-17,우리나라 투자 주체별 현황,사용 데이터·출처; 데이터 형태; 통계기법·지수; 설명,research/bok-archive/03-경제전망보고서/2026-05-28_경제전망보고서(2026년 5월)/2026년 5월 경제전망보고서(Indigo Book)_F4.pdf,128,번호 직결 인용 없음 또는 문장 조각·중복 배정 제외
BOK-20260528-3111c6be704b-그림-d5f80339b132fe7e,경제전망보고서 2026년 5월,그림,3-18,미국 투자 주체별 현황1),사용 데이터·출처; 데이터 형태; 통계기법·지수; 설명,research/bok-archive/03-경제전망보고서/2026-05-28_경제전망보고서(2026년 5월)/2026년 5월 경제전망보고서(Indigo Book)_F4.pdf,128,번호 직결 인용 없음 또는 문장 조각·중복 배정 제외
BOK-20260528-3111c6be704b-그림-be5b557e0a3c69ec,경제전망보고서 2026년 5월,그림,4-1,단계별 정책 체계와 단계 간 연계 축,사용 데이터·출처; 단위; 데이터 형태; 통계기법·지수,research/bok-archive/03-경제전망보고서/2026-05-28_경제전망보고서(2026년 5월)/2026년 5월 경제전망보고서(Indigo Book)_F4.pdf,132,출처·단위·데이터 형태 등 미확인
BOK-20260528-3111c6be704b-그림-1e29dfb52207a0be,경제전망보고서 2026년 5월,그림,4-2,역할 분리형 창업 모델 비교,사용 데이터·출처; 데이터 형태; 통계기법·지수; 설명,research/bok-archive/03-경제전망보고서/2026-05-28_경제전망보고서(2026년 5월)/2026년 5월 경제전망보고서(Indigo Book)_F4.pdf,135,번호 직결 인용 없음 또는 문장 조각·중복 배정 제외
BOK-20260528-3111c6be704b-그림-429825ceaf6eba47,경제전망보고서 2026년 5월,그림,4-3,촉매형 스케일업 투자 구조 – Yozma 메커니즘,사용 데이터·출처; 단위; 데이터 형태; 통계기법·지수; 설명,research/bok-archive/03-경제전망보고서/2026-05-28_경제전망보고서(2026년 5월)/2026년 5월 경제전망보고서(Indigo Book)_F4.pdf,137,번호 직결 인용 없음 또는 문장 조각·중복 배정 제외
BOK-20260528-3111c6be704b-표-c8b1c52803ecdf84,경제전망보고서 2026년 5월,표,1-1,시가총액 10대 기업 중 대학 창업 기업 수(`26.5월말 기준),사용 데이터·출처; 단위; 데이터 형태; 종류; 통계기법·지수,research/bok-archive/03-경제전망보고서/2026-05-28_경제전망보고서(2026년 5월)/2026년 5월 경제전망보고서(Indigo Book)_F4.pdf,108,허용 종류로 판별 불가 또는 표 구조 미확인
BOK-20260528-3111c6be704b-표-62551bb91211d296,경제전망보고서 2026년 5월,표,3-1,중동상황 시나리오별 주요 전제,사용 데이터·출처; 단위; 데이터 형태; 설명,research/bok-archive/03-경제전망보고서/2026-05-28_경제전망보고서(2026년 5월)/2026년 5월 경제전망보고서(Indigo Book)_F4.pdf,62,번호 직결 인용 없음 또는 문장 조각·중복 배정 제외
BOK-20260528-3111c6be704b-표-b7251f6d1da1b07b,경제전망보고서 2026년 5월,표,3-2,시나리오별 성장·물가 전망,사용 데이터·출처; 데이터 형태; 종류; 설명,research/bok-archive/03-경제전망보고서/2026-05-28_경제전망보고서(2026년 5월)/2026년 5월 경제전망보고서(Indigo Book)_F4.pdf,63,허용 종류로 판별 불가 또는 표 구조 미확인; 번호 직결 인용 없음 또는 문장 조각·중복 배정 제외
BOK-20260528-3111c6be704b-표-417e48498b60939e,경제전망보고서 2026년 5월,표,4-1,창업 단계별 정책 제언,사용 데이터·출처; 단위; 데이터 형태; 종류; 통계기법·지수; 설명,research/bok-archive/03-경제전망보고서/2026-05-28_경제전망보고서(2026년 5월)/2026년 5월 경제전망보고서(Indigo Book)_F4.pdf,131,허용 종류로 판별 불가 또는 표 구조 미확인; 번호 직결 인용 없음 또는 문장 조각·중복 배정 제외
BOK-20260827-854227050356-그림-396a843307e8e551,경제전망보고서 2026년 8월,그림,1-1,주요국 PMI1) 추이,단위; 데이터 형태; 통계기법·지수; 설명,research/bok-archive/03-경제전망보고서/2026-08-27_경제전망보고서(2026년 8월)/2026년 8월 경제전망보고서_FF.pdf,18,번호 직결 인용 없음 또는 문장 조각·중복 배정 제외
BOK-20260827-854227050356-그림-9b7a28ef6e486eb7,경제전망보고서 2026년 8월,그림,1-2,세계상품교역량 및 증감률1),사용 데이터·출처; 단위; 통계기법·지수; 설명,research/bok-archive/03-경제전망보고서/2026-08-27_경제전망보고서(2026년 8월)/2026년 8월 경제전망보고서_FF.pdf,18,번호 직결 인용 없음 또는 문장 조각·중복 배정 제외
BOK-20260827-854227050356-그림-a8be1bae44d71260,경제전망보고서 2026년 8월,그림,1-3,국제유가,단위; 데이터 형태; 설명,research/bok-archive/03-경제전망보고서/2026-08-27_경제전망보고서(2026년 8월)/2026년 8월 경제전망보고서_FF.pdf,23,번호 직결 인용 없음 또는 문장 조각·중복 배정 제외
BOK-20260827-854227050356-그림-34bae5e8741fef18,경제전망보고서 2026년 8월,그림,1-4,글로벌 원유수급 전망1),사용 데이터·출처; 단위; 데이터 형태; 통계기법·지수; 설명,research/bok-archive/03-경제전망보고서/2026-08-27_경제전망보고서(2026년 8월)/2026년 8월 경제전망보고서_FF.pdf,23,번호 직결 인용 없음 또는 문장 조각·중복 배정 제외
BOK-20260827-854227050356-그림-c85ae729332bbe4b,경제전망보고서 2026년 8월,그림,1-5,글로벌 반도체 매출 증가율 및 계약가격1),설명,research/bok-archive/03-경제전망보고서/2026-08-27_경제전망보고서(2026년 8월)/2026년 8월 경제전망보고서_FF.pdf,23,번호 직결 인용 없음 또는 문장 조각·중복 배정 제외
BOK-20260827-854227050356-그림-c729d735d597d0d8,경제전망보고서 2026년 8월,그림,1-6,美 빅테크 CAPEX 전망,사용 데이터·출처; 설명,research/bok-archive/03-경제전망보고서/2026-08-27_경제전망보고서(2026년 8월)/2026년 8월 경제전망보고서_FF.pdf,23,번호 직결 인용 없음 또는 문장 조각·중복 배정 제외
BOK-20260827-854227050356-그림-18c2322679b4c8cf,경제전망보고서 2026년 8월,그림,1-7,통합재정지출 규모 및 증가율,데이터 형태; 설명,research/bok-archive/03-경제전망보고서/2026-08-27_경제전망보고서(2026년 8월)/2026년 8월 경제전망보고서_FF.pdf,25,번호 직결 인용 없음 또는 문장 조각·중복 배정 제외
BOK-20260827-854227050356-그림-83dc0708090111fe,경제전망보고서 2026년 8월,그림,1-8,분기별 통합재정지출 추이,사용 데이터·출처; 통계기법·지수; 설명,research/bok-archive/03-경제전망보고서/2026-08-27_경제전망보고서(2026년 8월)/2026년 8월 경제전망보고서_FF.pdf,25,번호 직결 인용 없음 또는 문장 조각·중복 배정 제외
BOK-20260827-854227050356-그림-d26f4df81c096d90,경제전망보고서 2026년 8월,그림,1-9,월간 주택 매매가격지수1),단위; 데이터 형태; 설명,research/bok-archive/03-경제전망보고서/2026-08-27_경제전망보고서(2026년 8월)/2026년 8월 경제전망보고서_FF.pdf,26,번호 직결 인용 없음 또는 문장 조각·중복 배정 제외
BOK-20260827-854227050356-그림-42586e04c80c589d,경제전망보고서 2026년 8월,그림,1-10,주택가격전망CSI와 주택매매시장심리지수,단위; 데이터 형태; 설명,research/bok-archive/03-경제전망보고서/2026-08-27_경제전망보고서(2026년 8월)/2026년 8월 경제전망보고서_FF.pdf,26,번호 직결 인용 없음 또는 문장 조각·중복 배정 제외
BOK-20260827-854227050356-그림-89c650ea893a1b21,경제전망보고서 2026년 8월,그림,1-11,명목임금 상승률 기여도,사용 데이터·출처; 단위; 데이터 형태; 설명,research/bok-archive/03-경제전망보고서/2026-08-27_경제전망보고서(2026년 8월)/2026년 8월 경제전망보고서_FF.pdf,26,번호 직결 인용 없음 또는 문장 조각·중복 배정 제외
BOK-20260827-854227050356-그림-5c8e371bcce50b0c,경제전망보고서 2026년 8월,그림,1-12,삼성전자 및 SK하이닉스 영업이익 전망 분포1)2),사용 데이터·출처; 단위; 데이터 형태; 종류; 설명,research/bok-archive/03-경제전망보고서/2026-08-27_경제전망보고서(2026년 8월)/2026년 8월 경제전망보고서_FF.pdf,26,허용 종류로 판별 불가 또는 표 구조 미확인; 번호 직결 인용 없음 또는 문장 조각·중복 배정 제외
BOK-20260827-854227050356-그림-5f5266583a1e54b1,경제전망보고서 2026년 8월,그림,2-1,GDP 전망경로,단위; 데이터 형태; 설명,research/bok-archive/03-경제전망보고서/2026-08-27_경제전망보고서(2026년 8월)/2026년 8월 경제전망보고서_FF.pdf,28,번호 직결 인용 없음 또는 문장 조각·중복 배정 제외
BOK-20260827-854227050356-그림-a0cfe653badba93e,경제전망보고서 2026년 8월,그림,2-2,지출부문별 기여도,단위; 데이터 형태; 설명,research/bok-archive/03-경제전망보고서/2026-08-27_경제전망보고서(2026년 8월)/2026년 8월 경제전망보고서_FF.pdf,28,번호 직결 인용 없음 또는 문장 조각·중복 배정 제외
BOK-20260827-854227050356-그림-dc5573597e0673db,경제전망보고서 2026년 8월,그림,2-3,내수·수출 순성장기여도1),단위; 데이터 형태; 설명,research/bok-archive/03-경제전망보고서/2026-08-27_경제전망보고서(2026년 8월)/2026년 8월 경제전망보고서_FF.pdf,28,번호 직결 인용 없음 또는 문장 조각·중복 배정 제외
BOK-20260827-854227050356-그림-2184965d75ec6832,경제전망보고서 2026년 8월,그림,2-4,26년 성장전망 조정(요인별 ),사용 데이터·출처; 단위; 데이터 형태; 통계기법·지수; 설명,research/bok-archive/03-경제전망보고서/2026-08-27_경제전망보고서(2026년 8월)/2026년 8월 경제전망보고서_FF.pdf,29,번호 직결 인용 없음 또는 문장 조각·중복 배정 제외
BOK-20260827-854227050356-그림-99777c48081b352d,경제전망보고서 2026년 8월,그림,2-5,26년 성장전망 조정(지출부문별),사용 데이터·출처; 단위; 데이터 형태; 통계기법·지수; 설명,research/bok-archive/03-경제전망보고서/2026-08-27_경제전망보고서(2026년 8월)/2026년 8월 경제전망보고서_FF.pdf,29,번호 직결 인용 없음 또는 문장 조각·중복 배정 제외
BOK-20260827-854227050356-그림-92bbf5582a3575b3,경제전망보고서 2026년 8월,그림,2-6,소비심리 및 카드사용액1)2),사용 데이터·출처; 단위; 데이터 형태; 통계기법·지수; 설명,research/bok-archive/03-경제전망보고서/2026-08-27_경제전망보고서(2026년 8월)/2026년 8월 경제전망보고서_FF.pdf,29,번호 직결 인용 없음 또는 문장 조각·중복 배정 제외
BOK-20260827-854227050356-그림-3c8f700c2ce1579f,경제전망보고서 2026년 8월,그림,2-7,소득여건 및 민간소비,사용 데이터·출처; 단위; 데이터 형태; 통계기법·지수; 설명,research/bok-archive/03-경제전망보고서/2026-08-27_경제전망보고서(2026년 8월)/2026년 8월 경제전망보고서_FF.pdf,29,번호 직결 인용 없음 또는 문장 조각·중복 배정 제외
BOK-20260827-854227050356-그림-fe100bab968b8579,경제전망보고서 2026년 8월,그림,2-8,부문별 건설기성 기여도,설명,research/bok-archive/03-경제전망보고서/2026-08-27_경제전망보고서(2026년 8월)/2026년 8월 경제전망보고서_FF.pdf,32,번호 직결 인용 없음 또는 문장 조각·중복 배정 제외
BOK-20260827-854227050356-그림-0c80efc0604bee30,경제전망보고서 2026년 8월,그림,2-9,유형별 건축착공,사용 데이터·출처; 데이터 형태; 통계기법·지수; 설명,research/bok-archive/03-경제전망보고서/2026-08-27_경제전망보고서(2026년 8월)/2026년 8월 경제전망보고서_FF.pdf,32,번호 직결 인용 없음 또는 문장 조각·중복 배정 제외
BOK-20260827-854227050356-그림-082fe511a34ba324,경제전망보고서 2026년 8월,그림,2-10,기계류 설비투자1),사용 데이터·출처; 단위; 데이터 형태; 통계기법·지수; 설명,research/bok-archive/03-경제전망보고서/2026-08-27_경제전망보고서(2026년 8월)/2026년 8월 경제전망보고서_FF.pdf,32,번호 직결 인용 없음 또는 문장 조각·중복 배정 제외
BOK-20260827-854227050356-그림-70e802649af1cf97,경제전망보고서 2026년 8월,그림,2-11,주요 반도체 기업 국내 생산능력 전망1),단위; 데이터 형태; 통계기법·지수; 설명,research/bok-archive/03-경제전망보고서/2026-08-27_경제전망보고서(2026년 8월)/2026년 8월 경제전망보고서_FF.pdf,32,번호 직결 인용 없음 또는 문장 조각·중복 배정 제외
BOK-20260827-854227050356-그림-9b0bb753bf3ad704,경제전망보고서 2026년 8월,그림,2-12,상위 5대기업1) 매출액 추이 및 전망,데이터 형태; 통계기법·지수; 설명,research/bok-archive/03-경제전망보고서/2026-08-27_경제전망보고서(2026년 8월)/2026년 8월 경제전망보고서_FF.pdf,33,번호 직결 인용 없음 또는 문장 조각·중복 배정 제외
BOK-20260827-854227050356-그림-d69977297e043489,경제전망보고서 2026년 8월,그림,2-13,국내 기업의 소프트웨어투자 전망,데이터 형태; 통계기법·지수; 설명,research/bok-archive/03-경제전망보고서/2026-08-27_경제전망보고서(2026년 8월)/2026년 8월 경제전망보고서_FF.pdf,33,번호 직결 인용 없음 또는 문장 조각·중복 배정 제외
BOK-20260827-854227050356-그림-eb6481680a747152,경제전망보고서 2026년 8월,그림,2-14,국내 주요 반도체 기업의 매출 전망,단위; 데이터 형태; 통계기법·지수; 설명,research/bok-archive/03-경제전망보고서/2026-08-27_경제전망보고서(2026년 8월)/2026년 8월 경제전망보고서_FF.pdf,34,번호 직결 인용 없음 또는 문장 조각·중복 배정 제외
BOK-20260827-854227050356-그림-14221473ccd8512f,경제전망보고서 2026년 8월,그림,2-15,석유제품·화공품 수출물량지수,단위; 데이터 형태; 설명,research/bok-archive/03-경제전망보고서/2026-08-27_경제전망보고서(2026년 8월)/2026년 8월 경제전망보고서_FF.pdf,34,번호 직결 인용 없음 또는 문장 조각·중복 배정 제외
BOK-20260827-854227050356-그림-45b7e5f38d293784,경제전망보고서 2026년 8월,그림,2-16,통관수출 품목별 기여도,설명,research/bok-archive/03-경제전망보고서/2026-08-27_경제전망보고서(2026년 8월)/2026년 8월 경제전망보고서_FF.pdf,35,번호 직결 인용 없음 또는 문장 조각·중복 배정 제외
BOK-20260827-854227050356-그림-d7e0479daf491431,경제전망보고서 2026년 8월,그림,2-17,통관수입 품목별 기여도,사용 데이터·출처; 설명,research/bok-archive/03-경제전망보고서/2026-08-27_경제전망보고서(2026년 8월)/2026년 8월 경제전망보고서_FF.pdf,35,번호 직결 인용 없음 또는 문장 조각·중복 배정 제외
BOK-20260827-854227050356-그림-8b964828e9408a2b,경제전망보고서 2026년 8월,그림,2-18,상품수출과 반도체 수출물가지수,설명,research/bok-archive/03-경제전망보고서/2026-08-27_경제전망보고서(2026년 8월)/2026년 8월 경제전망보고서_FF.pdf,36,번호 직결 인용 없음 또는 문장 조각·중복 배정 제외
BOK-20260827-854227050356-그림-154891484fe7ec2b,경제전망보고서 2026년 8월,그림,2-19,경상수지,사용 데이터·출처; 데이터 형태; 설명,research/bok-archive/03-경제전망보고서/2026-08-27_경제전망보고서(2026년 8월)/2026년 8월 경제전망보고서_FF.pdf,36,번호 직결 인용 없음 또는 문장 조각·중복 배정 제외
BOK-20260827-854227050356-그림-221407e5a01d3f28,경제전망보고서 2026년 8월,그림,2-20,소비자물가 및 근원물가,단위; 설명,research/bok-archive/03-경제전망보고서/2026-08-27_경제전망보고서(2026년 8월)/2026년 8월 경제전망보고서_FF.pdf,37,번호 직결 인용 없음 또는 문장 조각·중복 배정 제외
BOK-20260827-854227050356-그림-3eebfc8b1e54c2d9,경제전망보고서 2026년 8월,그림,2-21,월별 상승률 기여도 차이 분해,사용 데이터·출처; 단위; 데이터 형태; 설명,research/bok-archive/03-경제전망보고서/2026-08-27_경제전망보고서(2026년 8월)/2026년 8월 경제전망보고서_FF.pdf,37,번호 직결 인용 없음 또는 문장 조각·중복 배정 제외
BOK-20260827-854227050356-그림-3a9db9935fd63aa2,경제전망보고서 2026년 8월,그림,2-22,소비자물가 상승률 및 기여도,단위; 설명,research/bok-archive/03-경제전망보고서/2026-08-27_경제전망보고서(2026년 8월)/2026년 8월 경제전망보고서_FF.pdf,37,번호 직결 인용 없음 또는 문장 조각·중복 배정 제외
BOK-20260827-854227050356-그림-542faa3c98fd51e1,경제전망보고서 2026년 8월,그림,2-23,근원물가 상승률 및 기여도,사용 데이터·출처; 단위; 설명,research/bok-archive/03-경제전망보고서/2026-08-27_경제전망보고서(2026년 8월)/2026년 8월 경제전망보고서_FF.pdf,37,번호 직결 인용 없음 또는 문장 조각·중복 배정 제외
BOK-20260827-854227050356-그림-7c33a263e2806d59,경제전망보고서 2026년 8월,그림,2-24,소비자물가 상승률 전망,단위; 데이터 형태; 설명,research/bok-archive/03-경제전망보고서/2026-08-27_경제전망보고서(2026년 8월)/2026년 8월 경제전망보고서_FF.pdf,38,번호 직결 인용 없음 또는 문장 조각·중복 배정 제외
BOK-20260827-854227050356-그림-8b2071c928208e91,경제전망보고서 2026년 8월,그림,2-25,근원물가 상승률 전망,사용 데이터·출처; 데이터 형태; 설명,research/bok-archive/03-경제전망보고서/2026-08-27_경제전망보고서(2026년 8월)/2026년 8월 경제전망보고서_FF.pdf,38,번호 직결 인용 없음 또는 문장 조각·중복 배정 제외
BOK-20260827-854227050356-그림-5947f2d40d6919c9,경제전망보고서 2026년 8월,그림,2-26,산업·규모별 취업자수,단위; 통계기법·지수; 설명,research/bok-archive/03-경제전망보고서/2026-08-27_경제전망보고서(2026년 8월)/2026년 8월 경제전망보고서_FF.pdf,39,번호 직결 인용 없음 또는 문장 조각·중복 배정 제외
BOK-20260827-854227050356-그림-bc8215f8907c8848,경제전망보고서 2026년 8월,그림,2-27,종사상 지위별 취업자수,사용 데이터·출처; 통계기법·지수; 설명,research/bok-archive/03-경제전망보고서/2026-08-27_경제전망보고서(2026년 8월)/2026년 8월 경제전망보고서_FF.pdf,39,번호 직결 인용 없음 또는 문장 조각·중복 배정 제외
BOK-20260827-854227050356-그림-4e3ad455fc34a2c5,경제전망보고서 2026년 8월,그림,3-1,2026년 국내성장률 전망 분포1),사용 데이터·출처; 데이터 형태; 종류; 설명,research/bok-archive/03-경제전망보고서/2026-08-27_경제전망보고서(2026년 8월)/2026년 8월 경제전망보고서_FF.pdf,42,허용 종류로 판별 불가 또는 표 구조 미확인; 번호 직결 인용 없음 또는 문장 조각·중복 배정 제외
BOK-20260827-854227050356-그림-f014b57eb2076981,경제전망보고서 2026년 8월,그림,3-2,2026년 물가상승률 전망 분포1),사용 데이터·출처; 데이터 형태; 종류; 설명,research/bok-archive/03-경제전망보고서/2026-08-27_경제전망보고서(2026년 8월)/2026년 8월 경제전망보고서_FF.pdf,42,허용 종류로 판별 불가 또는 표 구조 미확인; 번호 직결 인용 없음 또는 문장 조각·중복 배정 제외
BOK-20260827-854227050356-그림-e9c72a0e720b9857,경제전망보고서 2026년 8월,그림,3-3,빅테크 자본지출1) 전망,설명,research/bok-archive/03-경제전망보고서/2026-08-27_경제전망보고서(2026년 8월)/2026년 8월 경제전망보고서_FF.pdf,43,번호 직결 인용 없음 또는 문장 조각·중복 배정 제외
BOK-20260827-854227050356-그림-2e6551fb674b277d,경제전망보고서 2026년 8월,그림,3-4,메모리반도체 가격1),사용 데이터·출처; 데이터 형태; 통계기법·지수; 설명,research/bok-archive/03-경제전망보고서/2026-08-27_경제전망보고서(2026년 8월)/2026년 8월 경제전망보고서_FF.pdf,43,번호 직결 인용 없음 또는 문장 조각·중복 배정 제외
BOK-20260827-854227050356-그림-bc2c518dc4357733,경제전망보고서 2026년 8월,그림,3-5,반도체 수출물량지수 추이,설명,research/bok-archive/03-경제전망보고서/2026-08-27_경제전망보고서(2026년 8월)/2026년 8월 경제전망보고서_FF.pdf,43,번호 직결 인용 없음 또는 문장 조각·중복 배정 제외
BOK-20260827-854227050356-그림-dda6fad161f4b6ef,경제전망보고서 2026년 8월,그림,3-6,호르무즈 통과·우회 물량1),단위; 데이터 형태; 설명,research/bok-archive/03-경제전망보고서/2026-08-27_경제전망보고서(2026년 8월)/2026년 8월 경제전망보고서_FF.pdf,44,번호 직결 인용 없음 또는 문장 조각·중복 배정 제외
BOK-20260827-854227050356-그림-6381b9515d7294f8,경제전망보고서 2026년 8월,그림,3-7,국제유가 전제,사용 데이터·출처; 단위; 데이터 형태; 통계기법·지수; 설명,research/bok-archive/03-경제전망보고서/2026-08-27_경제전망보고서(2026년 8월)/2026년 8월 경제전망보고서_FF.pdf,44,번호 직결 인용 없음 또는 문장 조각·중복 배정 제외
BOK-20260827-854227050356-표-21a31b7f11431f37,경제전망보고서 2026년 8월,표,3-1,중동상황 시나리오별 주요 전제,사용 데이터·출처; 단위; 데이터 형태; 설명,research/bok-archive/03-경제전망보고서/2026-08-27_경제전망보고서(2026년 8월)/2026년 8월 경제전망보고서_FF.pdf,44,번호 직결 인용 없음 또는 문장 조각·중복 배정 제외
BOK-20260827-854227050356-표-a676a799826971db,경제전망보고서 2026년 8월,표,3-2,시나리오별 성장·물가 전망1),사용 데이터·출처; 데이터 형태; 종류; 설명,research/bok-archive/03-경제전망보고서/2026-08-27_경제전망보고서(2026년 8월)/2026년 8월 경제전망보고서_FF.pdf,45,허용 종류로 판별 불가 또는 표 구조 미확인; 번호 직결 인용 없음 또는 문장 조각·중복 배정 제외
BOK-20231228-62758008cadf-그림-c7ad9b7ff92b10fd,금융안정보고서 2023년 12월,그림,I-1,신용시장 상황 변화 지도1),데이터 형태; 종류; 통계기법·지수,research/bok-archive/02-금융안정보고서/2023-12-28_금융안정보고서(2023년 12월)/금융안정보고서(2023년 12월).pdf,19,허용 종류로 판별 불가 또는 표 구조 미확인
BOK-20231228-62758008cadf-그림-1cd0a5dd9a49e1ae,금융안정보고서 2023년 12월,그림,I-2,"코로나19 이후 금융업권별 기업대출 추이 1,500 85 300 90 근",분석 목적; 통계기법·지수; 설명,research/bok-archive/02-금융안정보고서/2023-12-28_금융안정보고서(2023년 12월)/현안 1. 최근 기업신용 확대 관련 리스크 점검 및 정책적 시사점 (1).pdf,3,제목·계열·직접 인용의 해석 근거 부족; 번호 직결 인용 없음 또는 문장 조각·중복 배정 제외
BOK-20231228-62758008cadf-그림-3aa23d974864697b,금융안정보고서 2023년 12월,그림,I-3,대출유형별 가계대출 변동,통계기법·지수; 설명,research/bok-archive/02-금융안정보고서/2023-12-28_금융안정보고서(2023년 12월)/금융안정보고서(2023년 12월).pdf,20,번호 직결 인용 없음 또는 문장 조각·중복 배정 제외
BOK-20231228-62758008cadf-그림-c756c8f2953a928d,금융안정보고서 2023년 12월,그림,I-4,금융업권별 가계대출 변동,통계기법·지수; 설명,research/bok-archive/02-금융안정보고서/2023-12-28_금융안정보고서(2023년 12월)/금융안정보고서(2023년 12월).pdf,20,번호 직결 인용 없음 또는 문장 조각·중복 배정 제외
BOK-20231228-62758008cadf-그림-207f3c7a06ad0e6c,금융안정보고서 2023년 12월,그림,I-4,코로나19 이후 주요 업종별 기업대출1) 증감2),데이터 형태; 통계기법·지수,research/bok-archive/02-금융안정보고서/2023-12-28_금융안정보고서(2023년 12월)/현안 1. 최근 기업신용 확대 관련 리스크 점검 및 정책적 시사점 (1).pdf,4,출처·단위·데이터 형태 등 미확인
BOK-20231228-62758008cadf-그림-3f49f3efd16fe87c,금융안정보고서 2023년 12월,그림,I-6,금융자산 대비 금융부채 비율,설명,research/bok-archive/02-금융안정보고서/2023-12-28_금융안정보고서(2023년 12월)/금융안정보고서(2023년 12월).pdf,21,번호 직결 인용 없음 또는 문장 조각·중복 배정 제외
BOK-20231228-62758008cadf-그림-ea919d79acf9cedb,금융안정보고서 2023년 12월,그림,I-6,은행 기업대출1)의 잔존만기 구간별 잔액 (2012년 1/4분기~2019년 4/4분기) Ⅰ,데이터 형태; 설명,research/bok-archive/02-금융안정보고서/2023-12-28_금융안정보고서(2023년 12월)/현안 1. 최근 기업신용 확대 관련 리스크 점검 및 정책적 시사점 (1).pdf,5,번호 직결 인용 없음 또는 문장 조각·중복 배정 제외
BOK-20231228-62758008cadf-그림-25bb9d9e9a37bb36,금융안정보고서 2023년 12월,그림,I-9,은행 및 비은행금융기관 가계대출 연체율,설명,research/bok-archive/02-금융안정보고서/2023-12-28_금융안정보고서(2023년 12월)/금융안정보고서(2023년 12월).pdf,23,번호 직결 인용 없음 또는 문장 조각·중복 배정 제외
BOK-20231228-62758008cadf-그림-64aeb29778400749,금융안정보고서 2023년 12월,그림,I-10,금융기관 기업대출,통계기법·지수; 설명,research/bok-archive/02-금융안정보고서/2023-12-28_금융안정보고서(2023년 12월)/금융안정보고서(2023년 12월).pdf,24,번호 직결 인용 없음 또는 문장 조각·중복 배정 제외
BOK-20231228-62758008cadf-그림-7ca15240ecffb36a,금융안정보고서 2023년 12월,그림,I-12,주요 업종별 금융기관 기업대출 증가율,설명,research/bok-archive/02-금융안정보고서/2023-12-28_금융안정보고서(2023년 12월)/금융안정보고서(2023년 12월).pdf,25,번호 직결 인용 없음 또는 문장 조각·중복 배정 제외
BOK-20231228-62758008cadf-그림-5eba5137d68c00df,금융안정보고서 2023년 12월,그림,I-12,차입금상환배율1) 구간별 기업 차입금 분포2) 가 큰 일부 에너지 공기업들의 부채비율이 크게,분석 목적,research/bok-archive/02-금융안정보고서/2023-12-28_금융안정보고서(2023년 12월)/현안 1. 최근 기업신용 확대 관련 리스크 점검 및 정책적 시사점 (1).pdf,8,제목·계열·직접 인용의 해석 근거 부족
BOK-20231228-62758008cadf-그림-b92ced3721ae0e8f,금융안정보고서 2023년 12월,그림,I-13,여신전문금융회사 손실흡수력 지표,통계기법·지수; 설명,research/bok-archive/02-금융안정보고서/2023-12-28_금융안정보고서(2023년 12월)/금융안정보고서(2023년 12월).pdf,82,번호 직결 인용 없음 또는 문장 조각·중복 배정 제외
BOK-20231228-62758008cadf-그림-8db8ea96e4aa8b87,금융안정보고서 2023년 12월,그림,I-14,기업의 직접금융시장 조달 동향,설명,research/bok-archive/02-금융안정보고서/2023-12-28_금융안정보고서(2023년 12월)/금융안정보고서(2023년 12월).pdf,26,번호 직결 인용 없음 또는 문장 조각·중복 배정 제외
BOK-20231228-62758008cadf-그림-1d37a7782b47098a,금융안정보고서 2023년 12월,그림,I-16,기업규모별 매출액 증가율 및 매출액영업이익률,설명,research/bok-archive/02-금융안정보고서/2023-12-28_금융안정보고서(2023년 12월)/금융안정보고서(2023년 12월).pdf,27,번호 직결 인용 없음 또는 문장 조각·중복 배정 제외
BOK-20231228-62758008cadf-그림-06ea2da6509881f9,금융안정보고서 2023년 12월,그림,I-16,부실위험1) 수준별 기업 차입금 분포2),데이터 형태,research/bok-archive/02-금융안정보고서/2023-12-28_금융안정보고서(2023년 12월)/현안 1. 최근 기업신용 확대 관련 리스크 점검 및 정책적 시사점 (1).pdf,10,출처·단위·데이터 형태 등 미확인
BOK-20231228-62758008cadf-그림-e8d6a9e6b834c7dd,금융안정보고서 2023년 12월,그림,I-17,기업규모별 이자보상배율,설명,research/bok-archive/02-금융안정보고서/2023-12-28_금융안정보고서(2023년 12월)/금융안정보고서(2023년 12월).pdf,27,번호 직결 인용 없음 또는 문장 조각·중복 배정 제외
BOK-20231228-62758008cadf-그림-2606132b003415b6,금융안정보고서 2023년 12월,그림,I-18,산업별 기업1) 부실위험2) 비교,데이터 형태; 통계기법·지수,research/bok-archive/02-금융안정보고서/2023-12-28_금융안정보고서(2023년 12월)/현안 1. 최근 기업신용 확대 관련 리스크 점검 및 정책적 시사점 (1).pdf,11,출처·단위·데이터 형태 등 미확인
BOK-20231228-62758008cadf-그림-6d208d3f4d2c373a,금융안정보고서 2023년 12월,그림,I-20,부문별 민간신용/명목GDP 비율 및 갭,설명,research/bok-archive/02-금융안정보고서/2023-12-28_금융안정보고서(2023년 12월)/금융안정보고서(2023년 12월).pdf,29,번호 직결 인용 없음 또는 문장 조각·중복 배정 제외
BOK-20231228-62758008cadf-그림-b452c8213861d764,금융안정보고서 2023년 12월,그림,I-21,부실위험기업 수 및 차입금 비중 비교1) 차입금의 비중도 기업의 이익과 보유 자산을 모,분석 목적; 설명,research/bok-archive/02-금융안정보고서/2023-12-28_금융안정보고서(2023년 12월)/현안 1. 최근 기업신용 확대 관련 리스크 점검 및 정책적 시사점 (1).pdf,13,제목·계열·직접 인용의 해석 근거 부족; 번호 직결 인용 없음 또는 문장 조각·중복 배정 제외
BOK-20231228-62758008cadf-그림-55fbd17f54003ab1,금융안정보고서 2023년 12월,그림,II-1,시장금리와 예금 및 대출 금리,데이터 형태; 통계기법·지수,research/bok-archive/02-금융안정보고서/2023-12-28_금융안정보고서(2023년 12월)/현안 2. 은행 및 비은행 예금취급기관의 주요 리스크 점검 (1).pdf,2,출처·단위·데이터 형태 등 미확인
BOK-20231228-62758008cadf-그림-ad9562fa2e2a9275,금융안정보고서 2023년 12월,그림,II-1,자산시장 상황 변화 지도1) 가지표 예상치 하회에 따른 연준 금리인상 종료,단위; 데이터 형태; 종류; 분석 목적; 통계기법·지수; 설명,research/bok-archive/02-금융안정보고서/2023-12-28_금융안정보고서(2023년 12월)/금융안정보고서(2023년 12월).pdf,37,허용 종류로 판별 불가 또는 표 구조 미확인; 제목·계열·직접 인용의 해석 근거 부족; 번호 직결 인용 없음 또는 문장 조각·중복 배정 제외
BOK-20231228-62758008cadf-그림-19fc5483a3fdb45c,금융안정보고서 2023년 12월,그림,II-2,국고채 및 미국 국채 금리,설명,research/bok-archive/02-금융안정보고서/2023-12-28_금융안정보고서(2023년 12월)/금융안정보고서(2023년 12월).pdf,38,번호 직결 인용 없음 또는 문장 조각·중복 배정 제외
BOK-20231228-62758008cadf-그림-f560a319cbca7358,금융안정보고서 2023년 12월,그림,II-2,"예금취급기관의 자금조달 구조1) 은행(좌축) 비은행비중(우축) (전년동기대비예금증가율차, %p)",분석 목적,research/bok-archive/02-금융안정보고서/2023-12-28_금융안정보고서(2023년 12월)/현안 2. 은행 및 비은행 예금취급기관의 주요 리스크 점검 (1).pdf,3,제목·계열·직접 인용의 해석 근거 부족
BOK-20231228-62758008cadf-그림-455ce577efd56fdc,금융안정보고서 2023년 12월,그림,II-3,기준금리 및 국고채 금리,통계기법·지수; 설명,research/bok-archive/02-금융안정보고서/2023-12-28_금융안정보고서(2023년 12월)/금융안정보고서(2023년 12월).pdf,38,번호 직결 인용 없음 또는 문장 조각·중복 배정 제외
BOK-20231228-62758008cadf-그림-0072c00736559181,금융안정보고서 2023년 12월,그림,II-3-116,불명,제목; 사용 데이터·출처; 단위; 데이터 형태; 종류; 분석 목적; 통계기법·지수; 설명,불명,불명,허용 종류로 판별 불가 또는 표 구조 미확인; 제목·계열·직접 인용의 해석 근거 부족; 번호 직결 인용 없음 또는 문장 조각·중복 배정 제외
BOK-20231228-62758008cadf-그림-6d605d223afaba1e,금융안정보고서 2023년 12월,그림,II-4,회사채 신용스프레드 및 신용등급 간 스프레드,설명,research/bok-archive/02-금융안정보고서/2023-12-28_금융안정보고서(2023년 12월)/금융안정보고서(2023년 12월).pdf,38,번호 직결 인용 없음 또는 문장 조각·중복 배정 제외
BOK-20231228-62758008cadf-그림-654d1aeec889a77f,금융안정보고서 2023년 12월,그림,II-5,예금잔액1) 변동2)에 대한 예금만기별3) 기여도,데이터 형태; 설명,research/bok-archive/02-금융안정보고서/2023-12-28_금융안정보고서(2023년 12월)/현안 2. 은행 및 비은행 예금취급기관의 주요 리스크 점검 (1).pdf,5,번호 직결 인용 없음 또는 문장 조각·중복 배정 제외
BOK-20231228-62758008cadf-그림-a5fa5592770504e6,금융안정보고서 2023년 12월,그림,II-6,회사채 등급별 수요예측참여율,설명,research/bok-archive/02-금융안정보고서/2023-12-28_금융안정보고서(2023년 12월)/금융안정보고서(2023년 12월).pdf,39,번호 직결 인용 없음 또는 문장 조각·중복 배정 제외
BOK-20231228-62758008cadf-그림-8dabc764ec024530,금융안정보고서 2023년 12월,그림,II-7,예금취급기관의 자금운용 구조1),통계기법·지수; 설명,research/bok-archive/02-금융안정보고서/2023-12-28_금융안정보고서(2023년 12월)/현안 2. 은행 및 비은행 예금취급기관의 주요 리스크 점검 (1).pdf,6,번호 직결 인용 없음 또는 문장 조각·중복 배정 제외
BOK-20231228-62758008cadf-그림-fc3ecdd702702c03,금융안정보고서 2023년 12월,그림,II-7,코스피 및 글로벌 주가,설명,research/bok-archive/02-금융안정보고서/2023-12-28_금융안정보고서(2023년 12월)/금융안정보고서(2023년 12월).pdf,40,번호 직결 인용 없음 또는 문장 조각·중복 배정 제외
BOK-20231228-62758008cadf-그림-885e7f03e4702717,금융안정보고서 2023년 12월,그림,II-8,업권별 부동산담보대출 증가율1),데이터 형태; 설명,research/bok-archive/02-금융안정보고서/2023-12-28_금융안정보고서(2023년 12월)/현안 2. 은행 및 비은행 예금취급기관의 주요 리스크 점검 (1).pdf,6,번호 직결 인용 없음 또는 문장 조각·중복 배정 제외
BOK-20231228-62758008cadf-그림-fdcf93a9f2e9ba12,금융안정보고서 2023년 12월,그림,II-9,부동산담보대출 업권별 점유율,사용 데이터·출처; 데이터 형태; 종류,불명,불명,허용 종류로 판별 불가 또는 표 구조 미확인
BOK-20231228-62758008cadf-그림-87c5922d2ee7c30b,금융안정보고서 2023년 12월,그림,II-11,예금취급기관1)의 기업대출 및 업종별 현황,사용 데이터·출처; 단위; 데이터 형태; 종류; 통계기법·지수,불명,불명,허용 종류로 판별 불가 또는 표 구조 미확인
BOK-20231228-62758008cadf-그림-0d17541b173ce2c8,금융안정보고서 2023년 12월,그림,II-12,예금금리 스프레드1)와 재무안정성2) 간 관계3),단위; 데이터 형태; 설명,research/bok-archive/02-금융안정보고서/2023-12-28_금융안정보고서(2023년 12월)/현안 2. 은행 및 비은행 예금취급기관의 주요 리스크 점검 (1).pdf,8,번호 직결 인용 없음 또는 문장 조각·중복 배정 제외
BOK-20231228-62758008cadf-그림-157d84fa473a7adc,금융안정보고서 2023년 12월,그림,II-12,주택매매가격 추이 및 상승률,설명,research/bok-archive/02-금융안정보고서/2023-12-28_금융안정보고서(2023년 12월)/금융안정보고서(2023년 12월).pdf,42,번호 직결 인용 없음 또는 문장 조각·중복 배정 제외
BOK-20231228-62758008cadf-그림-8316c8f2cec169f3,금융안정보고서 2023년 12월,그림,II-13,대출금리1)와 고정이하여신비율 간 관계2),사용 데이터·출처; 단위; 데이터 형태; 종류; 설명,불명,불명,허용 종류로 판별 불가 또는 표 구조 미확인; 번호 직결 인용 없음 또는 문장 조각·중복 배정 제외
BOK-20231228-62758008cadf-그림-c208724630d62083,금융안정보고서 2023년 12월,그림,II-14,금리상승기별1) 고정이하여신비율 2 22 2 Ⅱ,사용 데이터·출처; 단위; 데이터 형태; 종류; 분석 목적; 설명,불명,불명,허용 종류로 판별 불가 또는 표 구조 미확인; 제목·계열·직접 인용의 해석 근거 부족; 번호 직결 인용 없음 또는 문장 조각·중복 배정 제외
BOK-20231228-62758008cadf-그림-de06a6ccdf9ba907,금융안정보고서 2023년 12월,그림,II-14,월별 주택매매거래량,설명,research/bok-archive/02-금융안정보고서/2023-12-28_금융안정보고서(2023년 12월)/금융안정보고서(2023년 12월).pdf,43,번호 직결 인용 없음 또는 문장 조각·중복 배정 제외
BOK-20231228-62758008cadf-그림-79ab6d3ac8caf7bf,금융안정보고서 2023년 12월,그림,II-15,업종별 기업대출 연체율1),사용 데이터·출처; 단위; 데이터 형태; 종류; 설명,불명,불명,허용 종류로 판별 불가 또는 표 구조 미확인; 번호 직결 인용 없음 또는 문장 조각·중복 배정 제외
BOK-20231228-62758008cadf-그림-4090c7842ce0b279,금융안정보고서 2023년 12월,그림,II-16,업권별1) 취약차주 가계대출,사용 데이터·출처; 단위; 데이터 형태; 종류; 통계기법·지수; 설명,불명,불명,허용 종류로 판별 불가 또는 표 구조 미확인; 번호 직결 인용 없음 또는 문장 조각·중복 배정 제외
BOK-20231228-62758008cadf-그림-14a3ae9d2f3cfa3d,금융안정보고서 2023년 12월,그림,II-17,아파트 입주 및 분양 물량,통계기법·지수; 설명,research/bok-archive/02-금융안정보고서/2023-12-28_금융안정보고서(2023년 12월)/금융안정보고서(2023년 12월).pdf,44,번호 직결 인용 없음 또는 문장 조각·중복 배정 제외
BOK-20231228-62758008cadf-그림-53f8588a6ae8a5ce,금융안정보고서 2023년 12월,그림,II-18,상업용부동산 임대가격지수 및 공실률,설명,research/bok-archive/02-금융안정보고서/2023-12-28_금융안정보고서(2023년 12월)/금융안정보고서(2023년 12월).pdf,45,번호 직결 인용 없음 또는 문장 조각·중복 배정 제외
BOK-20231228-62758008cadf-그림-ba3d3a2976005237,금융안정보고서 2023년 12월,그림,II-18,충당금 적립필요액1) 시산2) 결과,사용 데이터·출처; 단위; 데이터 형태; 종류; 통계기법·지수,불명,불명,허용 종류로 판별 불가 또는 표 구조 미확인
BOK-20231228-62758008cadf-그림-51fbf0e1de039f55,금융안정보고서 2023년 12월,그림,III-2,일반은행 총자산 규모,설명,research/bok-archive/02-금융안정보고서/2023-12-28_금융안정보고서(2023년 12월)/금융안정보고서(2023년 12월).pdf,51,번호 직결 인용 없음 또는 문장 조각·중복 배정 제외
BOK-20231228-62758008cadf-그림-b6c899aa22073d21,금융안정보고서 2023년 12월,그림,III-4,부실채권 발생 · 정리 실적 및 고정이하여신비율,설명,research/bok-archive/02-금융안정보고서/2023-12-28_금융안정보고서(2023년 12월)/금융안정보고서(2023년 12월).pdf,52,번호 직결 인용 없음 또는 문장 조각·중복 배정 제외
BOK-20231228-62758008cadf-그림-79fae1057cf375d7,금융안정보고서 2023년 12월,그림,III-5,일반은행 차주별 고정이하여신비율,설명,research/bok-archive/02-금융안정보고서/2023-12-28_금융안정보고서(2023년 12월)/금융안정보고서(2023년 12월).pdf,53,번호 직결 인용 없음 또는 문장 조각·중복 배정 제외
BOK-20231228-62758008cadf-그림-57861b3f4a79a2e4,금융안정보고서 2023년 12월,그림,III-7,일반은행 수익성,설명,research/bok-archive/02-금융안정보고서/2023-12-28_금융안정보고서(2023년 12월)/금융안정보고서(2023년 12월).pdf,54,번호 직결 인용 없음 또는 문장 조각·중복 배정 제외
BOK-20231228-62758008cadf-그림-8b1aac85bc99c7ec,금융안정보고서 2023년 12월,그림,III-8,일반은행 당기순이익 구성요소,통계기법·지수,research/bok-archive/02-금융안정보고서/2023-12-28_금융안정보고서(2023년 12월)/금융안정보고서(2023년 12월).pdf,54,출처·단위·데이터 형태 등 미확인
BOK-20231228-62758008cadf-그림-a3815b6993aae9bc,금융안정보고서 2023년 12월,그림,III-11,저축은행의 대출 증감 규모 및 대출 증가율,설명,research/bok-archive/02-금융안정보고서/2023-12-28_금융안정보고서(2023년 12월)/금융안정보고서(2023년 12월).pdf,56,번호 직결 인용 없음 또는 문장 조각·중복 배정 제외
BOK-20231228-62758008cadf-그림-a50332645a23cd6d,금융안정보고서 2023년 12월,그림,III-12,비은행예금취급기관 차주별 고정이하여신비율,설명,research/bok-archive/02-금융안정보고서/2023-12-28_금융안정보고서(2023년 12월)/금융안정보고서(2023년 12월).pdf,56,번호 직결 인용 없음 또는 문장 조각·중복 배정 제외
BOK-20231228-62758008cadf-그림-a3922e083f680777,금융안정보고서 2023년 12월,그림,III-14,비은행예금취급기관 당기순이익 구성요소,통계기법·지수; 설명,research/bok-archive/02-금융안정보고서/2023-12-28_금융안정보고서(2023년 12월)/금융안정보고서(2023년 12월).pdf,57,번호 직결 인용 없음 또는 문장 조각·중복 배정 제외
BOK-20231228-62758008cadf-그림-546afb8cf9b9b525,금융안정보고서 2023년 12월,그림,III-15,총자산 규모 및 증가율,설명,research/bok-archive/02-금융안정보고서/2023-12-28_금융안정보고서(2023년 12월)/금융안정보고서(2023년 12월).pdf,58,번호 직결 인용 없음 또는 문장 조각·중복 배정 제외
BOK-20231228-62758008cadf-그림-522d1cac73a6adb5,금융안정보고서 2023년 12월,그림,III-17,증권회사 고정이하여신비율,설명,research/bok-archive/02-금융안정보고서/2023-12-28_금융안정보고서(2023년 12월)/금융안정보고서(2023년 12월).pdf,59,번호 직결 인용 없음 또는 문장 조각·중복 배정 제외
BOK-20231228-62758008cadf-그림-264fda684162d524,금융안정보고서 2023년 12월,그림,III-23,금융업권 간 상호연계 구조,단위; 데이터 형태; 통계기법·지수,research/bok-archive/02-금융안정보고서/2023-12-28_금융안정보고서(2023년 12월)/금융안정보고서(2023년 12월).pdf,61,출처·단위·데이터 형태 등 미확인
BOK-20231228-62758008cadf-그림-191d2c5a789430ef,금융안정보고서 2023년 12월,그림,III-24,금융업권 간 상호거래 관련 부실전염 및 집중도 리스크,단위; 설명,research/bok-archive/02-금융안정보고서/2023-12-28_금융안정보고서(2023년 12월)/금융안정보고서(2023년 12월).pdf,62,번호 직결 인용 없음 또는 문장 조각·중복 배정 제외
BOK-20231228-62758008cadf-그림-a53c5054ee49c218,금융안정보고서 2023년 12월,그림,IV-1,외국인 증권투자자금 증감,통계기법·지수,research/bok-archive/02-금융안정보고서/2023-12-28_금융안정보고서(2023년 12월)/금융안정보고서(2023년 12월).pdf,67,출처·단위·데이터 형태 등 미확인
BOK-20231228-62758008cadf-그림-8e12bf254057b022,금융안정보고서 2023년 12월,그림,IV-2,외국인 주식투자자금의 투자주체별 증감,통계기법·지수,research/bok-archive/02-금융안정보고서/2023-12-28_금융안정보고서(2023년 12월)/금융안정보고서(2023년 12월).pdf,68,출처·단위·데이터 형태 등 미확인
BOK-20231228-62758008cadf-그림-739dfb87ccb07f88,금융안정보고서 2023년 12월,그림,IV-3,외국인 채권투자자금의 투자주체별 증감,통계기법·지수; 설명,research/bok-archive/02-금융안정보고서/2023-12-28_금융안정보고서(2023년 12월)/금융안정보고서(2023년 12월).pdf,68,번호 직결 인용 없음 또는 문장 조각·중복 배정 제외
BOK-20231228-62758008cadf-그림-2090f366448fcfa4,금융안정보고서 2023년 12월,그림,IV-4,차익거래자금 유출입,통계기법·지수; 설명,research/bok-archive/02-금융안정보고서/2023-12-28_금융안정보고서(2023년 12월)/금융안정보고서(2023년 12월).pdf,68,번호 직결 인용 없음 또는 문장 조각·중복 배정 제외
BOK-20231228-62758008cadf-그림-db7687201dec0e5b,금융안정보고서 2023년 12월,그림,IV-5,거주자 해외증권투자 증감,통계기법·지수; 설명,research/bok-archive/02-금융안정보고서/2023-12-28_금융안정보고서(2023년 12월)/금융안정보고서(2023년 12월).pdf,69,번호 직결 인용 없음 또는 문장 조각·중복 배정 제외
BOK-20231228-62758008cadf-그림-e8f5116d329564b0,금융안정보고서 2023년 12월,그림,IV-6,거주자 해외 주식투자자금의 투자주체별 증감,통계기법·지수; 설명,research/bok-archive/02-금융안정보고서/2023-12-28_금융안정보고서(2023년 12월)/금융안정보고서(2023년 12월).pdf,69,번호 직결 인용 없음 또는 문장 조각·중복 배정 제외
BOK-20231228-62758008cadf-그림-eda0cdef3cd2e60e,금융안정보고서 2023년 12월,그림,IV-7,거주자 해외 채권투자자금의 투자주체별 증감,통계기법·지수,research/bok-archive/02-금융안정보고서/2023-12-28_금융안정보고서(2023년 12월)/금융안정보고서(2023년 12월).pdf,69,출처·단위·데이터 형태 등 미확인
BOK-20231228-62758008cadf-그림-9ccdc62b74bfec02,금융안정보고서 2023년 12월,그림,불명,GDP 대비 기업신용 비율,번호; 설명,research/bok-archive/02-금융안정보고서/2023-12-28_금융안정보고서(2023년 12월)/현안 1. 최근 기업신용 확대 관련 리스크 점검 및 정책적 시사점 (1).pdf,2,번호 미확인; 캡션 또는 비결과물 오탐 여부 검수; 번호 직결 인용 없음 또는 문장 조각·중복 배정 제외
BOK-20231228-62758008cadf-그림-6e6c53130202f023,금융안정보고서 2023년 12월,그림,불명,가계대출 연체율의 차주 특성별·업권별 추이,번호; 설명,불명,불명,번호 미확인; 캡션 또는 비결과물 오탐 여부 검수; 번호 직결 인용 없음 또는 문장 조각·중복 배정 제외
BOK-20231228-62758008cadf-그림-a0052f1f8a8d98cf,금융안정보고서 2023년 12월,그림,불명,가계대출 증감 / 가계대출 연체율,번호; 설명,불명,불명,번호 미확인; 캡션 또는 비결과물 오탐 여부 검수; 번호 직결 인용 없음 또는 문장 조각·중복 배정 제외
BOK-20231228-62758008cadf-그림-cb1f610421b284da,금융안정보고서 2023년 12월,그림,불명,가계신용,번호; 설명,불명,불명,번호 미확인; 캡션 또는 비결과물 오탐 여부 검수; 번호 직결 인용 없음 또는 문장 조각·중복 배정 제외
BOK-20231228-62758008cadf-그림-a31f20838534590f,금융안정보고서 2023년 12월,그림,불명,고정이하여신비율 / 총자산순이익률,번호; 설명,불명,불명,번호 미확인; 캡션 또는 비결과물 오탐 여부 검수; 번호 직결 인용 없음 또는 문장 조각·중복 배정 제외
BOK-20231228-62758008cadf-그림-93c3fc2036d742f4,금융안정보고서 2023년 12월,그림,불명,국고채 금리 및 회사채 신용스프레드 / 주가 및 주가변동성 / 주택가격 상승률,번호; 설명,불명,불명,번호 미확인; 캡션 또는 비결과물 오탐 여부 검수; 번호 직결 인용 없음 또는 문장 조각·중복 배정 제외
BOK-20231228-62758008cadf-그림-37e31e515c29f64f,금융안정보고서 2023년 12월,그림,불명,국내 펀드시장 변화 추이,번호; 통계기법·지수; 설명,불명,불명,번호 미확인; 캡션 또는 비결과물 오탐 여부 검수; 번호 직결 인용 없음 또는 문장 조각·중복 배정 제외
BOK-20231228-62758008cadf-그림-bca69aff51e7b6cd,금융안정보고서 2023년 12월,그림,불명,금융기관 자본적정성 비율 / 일반은행 유동성커버리지 비율,번호; 설명,불명,불명,번호 미확인; 캡션 또는 비결과물 오탐 여부 검수; 번호 직결 인용 없음 또는 문장 조각·중복 배정 제외
BOK-20231228-62758008cadf-그림-618e908bb0ae0e6d,금융안정보고서 2023년 12월,그림,불명,금융불안지수(FSI) / 금융취약성지수(FVI),번호; 설명,불명,불명,번호 미확인; 캡션 또는 비결과물 오탐 여부 검수; 번호 직결 인용 없음 또는 문장 조각·중복 배정 제외
BOK-20231228-62758008cadf-그림-e6dc83a8563a0078,금융안정보고서 2023년 12월,그림,불명,금융불안지수(FSI) 및 금융취약성지수(FVI),번호; 설명,불명,불명,번호 미확인; 캡션 또는 비결과물 오탐 여부 검수; 번호 직결 인용 없음 또는 문장 조각·중복 배정 제외
BOK-20231228-62758008cadf-그림-ccedcbc8347aec3e,금융안정보고서 2023년 12월,그림,불명,기업 성장성 및 수익성 / 기업 안정성 및 이자지급능력 / 기업대출 연체율,번호; 설명,불명,불명,번호 미확인; 캡션 또는 비결과물 오탐 여부 검수; 번호 직결 인용 없음 또는 문장 조각·중복 배정 제외
BOK-20231228-62758008cadf-그림-07aa803a963a458a,금융안정보고서 2023년 12월,그림,불명,기업규모 및 금융업권별 기업대출 연체율,번호; 설명,research/bok-archive/02-금융안정보고서/2023-12-28_금융안정보고서(2023년 12월)/현안 1. 최근 기업신용 확대 관련 리스크 점검 및 정책적 시사점 (1).pdf,6,번호 미확인; 캡션 또는 비결과물 오탐 여부 검수; 번호 직결 인용 없음 또는 문장 조각·중복 배정 제외
BOK-20231228-62758008cadf-그림-6be47f9b3fb6af41,금융안정보고서 2023년 12월,그림,불명,대출유형 및 금융업권별 자영업자대출 증가율,번호; 설명,불명,불명,번호 미확인; 캡션 또는 비결과물 오탐 여부 검수; 번호 직결 인용 없음 또는 문장 조각·중복 배정 제외
BOK-20231228-62758008cadf-그림-b6175ca3f6ba2fba,금융안정보고서 2023년 12월,그림,불명,물류센터 분양물량 및 공실률 추이,번호; 설명,불명,불명,번호 미확인; 캡션 또는 비결과물 오탐 여부 검수; 번호 직결 인용 없음 또는 문장 조각·중복 배정 제외
BOK-20231228-62758008cadf-그림-038dcc885bb239d9,금융안정보고서 2023년 12월,그림,불명,민간신용/명목GDP / 부문별 신용 증가율,번호; 설명,불명,불명,번호 미확인; 캡션 또는 비결과물 오탐 여부 검수; 번호 직결 인용 없음 또는 문장 조각·중복 배정 제외
BOK-20231228-62758008cadf-그림-ee6be495fd5d724e,금융안정보고서 2023년 12월,그림,불명,부동산담보대출 업권별 점유율,번호; 설명,불명,불명,번호 미확인; 캡션 또는 비결과물 오탐 여부 검수; 번호 직결 인용 없음 또는 문장 조각·중복 배정 제외
BOK-20231228-62758008cadf-그림-34e33da04e736df9,금융안정보고서 2023년 12월,그림,불명,부문별 배출권 할당량 대비 온실가스 배출량 비율,번호; 설명,불명,불명,번호 미확인; 캡션 또는 비결과물 오탐 여부 검수; 번호 직결 인용 없음 또는 문장 조각·중복 배정 제외
BOK-20231228-62758008cadf-그림-ad82385f9db1fafb,금융안정보고서 2023년 12월,그림,불명,부실위험 수준별 기업 차입금 분포,번호; 설명,research/bok-archive/02-금융안정보고서/2023-12-28_금융안정보고서(2023년 12월)/현안 1. 최근 기업신용 확대 관련 리스크 점검 및 정책적 시사점 (1).pdf,10,번호 미확인; 캡션 또는 비결과물 오탐 여부 검수; 번호 직결 인용 없음 또는 문장 조각·중복 배정 제외
BOK-20231228-62758008cadf-그림-90d73b1d3cdd2834,금융안정보고서 2023년 12월,그림,불명,비은행 고 LTV 상업용 부동산 담보대출 및 수익성,번호; 설명,불명,불명,번호 미확인; 캡션 또는 비결과물 오탐 여부 검수; 번호 직결 인용 없음 또는 문장 조각·중복 배정 제외
BOK-20231228-62758008cadf-그림-19856e6243cdadf3,금융안정보고서 2023년 12월,그림,불명,비은행 지역별 상업용 부동산 담보대출 분포 및 연체율,번호; 설명,불명,불명,번호 미확인; 캡션 또는 비결과물 오탐 여부 검수; 번호 직결 인용 없음 또는 문장 조각·중복 배정 제외
BOK-20231228-62758008cadf-그림-31ba8609ace014b3,금융안정보고서 2023년 12월,그림,불명,산업별 기업 부실위험 비교,번호; 통계기법·지수; 설명,research/bok-archive/02-금융안정보고서/2023-12-28_금융안정보고서(2023년 12월)/현안 1. 최근 기업신용 확대 관련 리스크 점검 및 정책적 시사점 (1).pdf,11,번호 미확인; 캡션 또는 비결과물 오탐 여부 검수; 번호 직결 인용 없음 또는 문장 조각·중복 배정 제외
BOK-20231228-62758008cadf-그림-80dc952434b4ce34,금융안정보고서 2023년 12월,그림,불명,산업별 대출 레버리지 비교,번호; 설명,research/bok-archive/02-금융안정보고서/2023-12-28_금융안정보고서(2023년 12월)/현안 1. 최근 기업신용 확대 관련 리스크 점검 및 정책적 시사점 (1).pdf,11,번호 미확인; 캡션 또는 비결과물 오탐 여부 검수; 번호 직결 인용 없음 또는 문장 조각·중복 배정 제외
BOK-20231228-62758008cadf-그림-8171ca0ac88ddfda,금융안정보고서 2023년 12월,그림,불명,상업용 부동산 담보대출 잔액 및 연체율 추이,번호; 설명,불명,불명,번호 미확인; 캡션 또는 비결과물 오탐 여부 검수; 번호 직결 인용 없음 또는 문장 조각·중복 배정 제외
BOK-20231228-62758008cadf-그림-ddbeaa85e53fbb69,금융안정보고서 2023년 12월,그림,불명,상업용 부동산 실거래가격 및 거래량 추이,번호; 설명,불명,불명,번호 미확인; 캡션 또는 비결과물 오탐 여부 검수; 번호 직결 인용 없음 또는 문장 조각·중복 배정 제외
BOK-20231228-62758008cadf-그림-dec808ed59a431b5,금융안정보고서 2023년 12월,그림,불명,상업용부동산 자본수익률 및 거래량,번호; 설명,research/bok-archive/02-금융안정보고서/2023-12-28_금융안정보고서(2023년 12월)/금융안정보고서(2023년 12월).pdf,45,번호 미확인; 캡션 또는 비결과물 오탐 여부 검수; 번호 직결 인용 없음 또는 문장 조각·중복 배정 제외
BOK-20231228-62758008cadf-그림-d140c5727edea46d,금융안정보고서 2023년 12월,그림,불명,세부부문별 FSI,번호; 단위; 설명,불명,불명,번호 미확인; 캡션 또는 비결과물 오탐 여부 검수; 번호 직결 인용 없음 또는 문장 조각·중복 배정 제외
BOK-20231228-62758008cadf-그림-3cb385c9ac40aadf,금융안정보고서 2023년 12월,그림,불명,시장금리와 예금 및 대출 금리,번호; 설명,research/bok-archive/02-금융안정보고서/2023-12-28_금융안정보고서(2023년 12월)/현안 2. 은행 및 비은행 예금취급기관의 주요 리스크 점검 (1).pdf,2,번호 미확인; 캡션 또는 비결과물 오탐 여부 검수; 번호 직결 인용 없음 또는 문장 조각·중복 배정 제외
BOK-20231228-62758008cadf-그림-b363594fb7aec96d,금융안정보고서 2023년 12월,그림,불명,시장성차입 규모 및 단기시장성차입 비중,번호; 설명,불명,불명,번호 미확인; 캡션 또는 비결과물 오탐 여부 검수; 번호 직결 인용 없음 또는 문장 조각·중복 배정 제외
BOK-20231228-62758008cadf-그림-b7d23830d54e620e,금융안정보고서 2023년 12월,그림,불명,신 FSI와 기존 FSI,번호; 설명,불명,불명,번호 미확인; 캡션 또는 비결과물 오탐 여부 검수; 번호 직결 인용 없음 또는 문장 조각·중복 배정 제외
BOK-20231228-62758008cadf-그림-9d7f9b2e7a1970b7,금융안정보고서 2023년 12월,그림,불명,신용등급별 PF-ABCP 만기도래 규모 및 PF-ABCP금리,번호; 통계기법·지수; 설명,불명,불명,번호 미확인; 캡션 또는 비결과물 오탐 여부 검수; 번호 직결 인용 없음 또는 문장 조각·중복 배정 제외
BOK-20231228-62758008cadf-그림-1b90f94b5f5a30c2,금융안정보고서 2023년 12월,그림,불명,업권별 가계 주택담보대출의 평균 LTV 비율,번호; 설명,불명,불명,번호 미확인; 캡션 또는 비결과물 오탐 여부 검수; 번호 직결 인용 없음 또는 문장 조각·중복 배정 제외
BOK-20231228-62758008cadf-그림-0d4b863fe8e7b40a,금융안정보고서 2023년 12월,그림,불명,업권별 부동산담보대출 증가율,번호; 설명,research/bok-archive/02-금융안정보고서/2023-12-28_금융안정보고서(2023년 12월)/현안 2. 은행 및 비은행 예금취급기관의 주요 리스크 점검 (1).pdf,6,번호 미확인; 캡션 또는 비결과물 오탐 여부 검수; 번호 직결 인용 없음 또는 문장 조각·중복 배정 제외
BOK-20231228-62758008cadf-그림-0aded10a48b94c00,금융안정보고서 2023년 12월,그림,불명,업권별 취약차주 가계대출,번호; 통계기법·지수; 설명,불명,불명,번호 미확인; 캡션 또는 비결과물 오탐 여부 검수; 번호 직결 인용 없음 또는 문장 조각·중복 배정 제외
BOK-20231228-62758008cadf-그림-4b53e883140b65ad,금융안정보고서 2023년 12월,그림,불명,업종별 기업대출 연체율,번호; 설명,불명,불명,번호 미확인; 캡션 또는 비결과물 오탐 여부 검수; 번호 직결 인용 없음 또는 문장 조각·중복 배정 제외
BOK-20231228-62758008cadf-그림-23be9502ff51632d,금융안정보고서 2023년 12월,그림,불명,업종별 외국인 주식 순매수,번호; 설명,불명,불명,번호 미확인; 캡션 또는 비결과물 오탐 여부 검수; 번호 직결 인용 없음 또는 문장 조각·중복 배정 제외
BOK-20231228-62758008cadf-그림-4f46b665b099e8fe,금융안정보고서 2023년 12월,그림,불명,여전사 부동산PF 대출잔액 및 고정이하여신비율,번호; 설명,불명,불명,번호 미확인; 캡션 또는 비결과물 오탐 여부 검수; 번호 직결 인용 없음 또는 문장 조각·중복 배정 제외
BOK-20231228-62758008cadf-그림-9748d32476780b1d,금융안정보고서 2023년 12월,그림,불명,연도별 온실가스 배출량 및 수정된 감축목표(NDC),번호; 통계기법·지수; 설명,불명,불명,번호 미확인; 캡션 또는 비결과물 오탐 여부 검수; 번호 직결 인용 없음 또는 문장 조각·중복 배정 제외
BOK-20231228-62758008cadf-그림-94601021401ba489,금융안정보고서 2023년 12월,그림,불명,연령별 및 소득수준별 가계대출 신규취급액 비중,번호; 설명,불명,불명,번호 미확인; 캡션 또는 비결과물 오탐 여부 검수; 번호 직결 인용 없음 또는 문장 조각·중복 배정 제외
BOK-20231228-62758008cadf-그림-bc7d6eb62e96d987,금융안정보고서 2023년 12월,그림,불명,예금잔액 변동에 대한 예금만기별 기여도,번호; 설명,research/bok-archive/02-금융안정보고서/2023-12-28_금융안정보고서(2023년 12월)/현안 2. 은행 및 비은행 예금취급기관의 주요 리스크 점검 (1).pdf,5,번호 미확인; 캡션 또는 비결과물 오탐 여부 검수; 번호 직결 인용 없음 또는 문장 조각·중복 배정 제외
BOK-20231228-62758008cadf-그림-a5f4aaebdda37aec,금융안정보고서 2023년 12월,그림,불명,"예금취급기관 업권별 예금 증가 규모, 예금금리 및 예금증가율 차이 간 관계",번호; 설명,불명,불명,번호 미확인; 캡션 또는 비결과물 오탐 여부 검수; 번호 직결 인용 없음 또는 문장 조각·중복 배정 제외
BOK-20231228-62758008cadf-그림-3b32b544a4a9a1fb,금융안정보고서 2023년 12월,그림,불명,예금취급기관의 기업대출 및 업종별 현황,번호; 설명,불명,불명,번호 미확인; 캡션 또는 비결과물 오탐 여부 검수; 번호 직결 인용 없음 또는 문장 조각·중복 배정 제외
BOK-20231228-62758008cadf-그림-be5da62d02145efe,금융안정보고서 2023년 12월,그림,불명,예금취급기관의 예금시장 점유율 및 HHI,번호; 설명,research/bok-archive/02-금융안정보고서/2023-12-28_금융안정보고서(2023년 12월)/현안 2. 은행 및 비은행 예금취급기관의 주요 리스크 점검 (1).pdf,4,번호 미확인; 캡션 또는 비결과물 오탐 여부 검수; 번호 직결 인용 없음 또는 문장 조각·중복 배정 제외
BOK-20231228-62758008cadf-그림-19dbf48e6e815e92,금융안정보고서 2023년 12월,그림,불명,예금취급기관의 자금운용 구조,번호; 통계기법·지수; 설명,research/bok-archive/02-금융안정보고서/2023-12-28_금융안정보고서(2023년 12월)/현안 2. 은행 및 비은행 예금취급기관의 주요 리스크 점검 (1).pdf,6,번호 미확인; 캡션 또는 비결과물 오탐 여부 검수; 번호 직결 인용 없음 또는 문장 조각·중복 배정 제외
BOK-20231228-62758008cadf-그림-4dbbdd6ccabf0970,금융안정보고서 2023년 12월,그림,불명,외국인 국내증권투자 유출입 / 거주자 해외증권투자 유출입,번호; 통계기법·지수; 설명,불명,불명,번호 미확인; 캡션 또는 비결과물 오탐 여부 검수; 번호 직결 인용 없음 또는 문장 조각·중복 배정 제외
BOK-20231228-62758008cadf-그림-5cd5fe72b0d6dd61,금융안정보고서 2023년 12월,그림,불명,외국인 증권투자자금 유출입,번호; 통계기법·지수; 설명,불명,불명,번호 미확인; 캡션 또는 비결과물 오탐 여부 검수; 번호 직결 인용 없음 또는 문장 조각·중복 배정 제외
BOK-20231228-62758008cadf-그림-8ea639c490528b2b,금융안정보고서 2023년 12월,그림,불명,외국인의 투자채권 만기상환 구성 및 채권 순매수,번호; 설명,불명,불명,번호 미확인; 캡션 또는 비결과물 오탐 여부 검수; 번호 직결 인용 없음 또는 문장 조각·중복 배정 제외
BOK-20231228-62758008cadf-그림-0155bde91a22d070,금융안정보고서 2023년 12월,그림,불명,외환보유액 및 순대외채권 / 한은금융망 관련 리스크,번호; 설명,불명,불명,번호 미확인; 캡션 또는 비결과물 오탐 여부 검수; 번호 직결 인용 없음 또는 문장 조각·중복 배정 제외
BOK-20231228-62758008cadf-그림-9dfbb3239f80f71d,금융안정보고서 2023년 12월,그림,불명,유동비율 구간별 기업 차입금 분포,번호; 설명,research/bok-archive/02-금융안정보고서/2023-12-28_금융안정보고서(2023년 12월)/현안 1. 최근 기업신용 확대 관련 리스크 점검 및 정책적 시사점 (1).pdf,9,번호 미확인; 캡션 또는 비결과물 오탐 여부 검수; 번호 직결 인용 없음 또는 문장 조각·중복 배정 제외
BOK-20231228-62758008cadf-그림-784ae3c49baed93c,금융안정보고서 2023년 12월,그림,불명,은행 기업대출의 변동금리 대출 비중,번호; 설명,research/bok-archive/02-금융안정보고서/2023-12-28_금융안정보고서(2023년 12월)/현안 1. 최근 기업신용 확대 관련 리스크 점검 및 정책적 시사점 (1).pdf,5,번호 미확인; 캡션 또는 비결과물 오탐 여부 검수; 번호 직결 인용 없음 또는 문장 조각·중복 배정 제외
BOK-20231228-62758008cadf-그림-a959e60c14c7a85f,금융안정보고서 2023년 12월,그림,불명,은행채·여전채·증권채 순발행 및 만기도래 규모,번호; 설명,불명,불명,번호 미확인; 캡션 또는 비결과물 오탐 여부 검수; 번호 직결 인용 없음 또는 문장 조각·중복 배정 제외
BOK-20231228-62758008cadf-그림-b967ed99f324075f,금융안정보고서 2023년 12월,그림,불명,이익 기반 상환능력 취약기업 비중 비교,번호; 설명,research/bok-archive/02-금융안정보고서/2023-12-28_금융안정보고서(2023년 12월)/현안 1. 최근 기업신용 확대 관련 리스크 점검 및 정책적 시사점 (1).pdf,12,번호 미확인; 캡션 또는 비결과물 오탐 여부 검수; 번호 직결 인용 없음 또는 문장 조각·중복 배정 제외
BOK-20231228-62758008cadf-그림-29ad4821398d663d,금융안정보고서 2023년 12월,그림,불명,이자보상배율 구간별 기업 차입금 분포,번호; 설명,research/bok-archive/02-금융안정보고서/2023-12-28_금융안정보고서(2023년 12월)/현안 1. 최근 기업신용 확대 관련 리스크 점검 및 정책적 시사점 (1).pdf,7,번호 미확인; 캡션 또는 비결과물 오탐 여부 검수; 번호 직결 인용 없음 또는 문장 조각·중복 배정 제외
BOK-20231228-62758008cadf-그림-744e5793a1407380,금융안정보고서 2023년 12월,그림,불명,자금용도별 가계대출 신규취급액 비중,번호; 단위; 종류; 설명,불명,불명,번호 미확인; 캡션 또는 비결과물 오탐 여부 검수; 허용 종류로 판별 불가 또는 표 구조 미확인; 번호 직결 인용 없음 또는 문장 조각·중복 배정 제외
BOK-20231228-62758008cadf-그림-f40f153d8ecf5dc0,금융안정보고서 2023년 12월,그림,불명,자영업자 취약차주 비중,번호; 설명,불명,불명,번호 미확인; 캡션 또는 비결과물 오탐 여부 검수; 번호 직결 인용 없음 또는 문장 조각·중복 배정 제외
BOK-20231228-62758008cadf-그림-bf31ffdedc8b53ce,금융안정보고서 2023년 12월,그림,불명,자영업자대출 동향,번호; 설명,불명,불명,번호 미확인; 캡션 또는 비결과물 오탐 여부 검수; 번호 직결 인용 없음 또는 문장 조각·중복 배정 제외
BOK-20231228-62758008cadf-그림-4aa2b20bc1e04e25,금융안정보고서 2023년 12월,그림,불명,자영업자대출 연체 현황,번호; 설명,불명,불명,번호 미확인; 캡션 또는 비결과물 오탐 여부 검수; 번호 직결 인용 없음 또는 문장 조각·중복 배정 제외
BOK-20231228-62758008cadf-그림-44486a456b9309c7,금융안정보고서 2023년 12월,그림,불명,주요국 상업용 부동산시장 동향,번호; 통계기법·지수; 설명,불명,불명,번호 미확인; 캡션 또는 비결과물 오탐 여부 검수; 번호 직결 인용 없음 또는 문장 조각·중복 배정 제외
BOK-20231228-62758008cadf-그림-49622f850602cdd8,금융안정보고서 2023년 12월,그림,불명,중대형 상가 분양물량 및 공실률 추이,번호; 설명,불명,불명,번호 미확인; 캡션 또는 비결과물 오탐 여부 검수; 번호 직결 인용 없음 또는 문장 조각·중복 배정 제외
BOK-20231228-62758008cadf-그림-a7ea5e6de3e0c101,금융안정보고서 2023년 12월,그림,불명,증권사 PF채무보증 규모 / PF유동화증권 잔액,번호; 설명,불명,불명,번호 미확인; 캡션 또는 비결과물 오탐 여부 검수; 번호 직결 인용 없음 또는 문장 조각·중복 배정 제외
BOK-20231228-62758008cadf-그림-f36702f444702cde,금융안정보고서 2023년 12월,그림,불명,증권회사 부동산PF 채무보증 규모 및 변제순위별 비중,번호; 설명,불명,불명,번호 미확인; 캡션 또는 비결과물 오탐 여부 검수; 번호 직결 인용 없음 또는 문장 조각·중복 배정 제외
BOK-20231228-62758008cadf-그림-fafed8eebefcdd64,금융안정보고서 2023년 12월,그림,불명,증권회사･여전사 채권 금리 상승 추이,번호; 통계기법·지수; 설명,불명,불명,번호 미확인; 캡션 또는 비결과물 오탐 여부 검수; 번호 직결 인용 없음 또는 문장 조각·중복 배정 제외
BOK-20231228-62758008cadf-그림-34fcde111327b620,금융안정보고서 2023년 12월,그림,불명,차주 특성별 가계 이자부담비율과 연체율 변화 추이,번호; 설명,불명,불명,번호 미확인; 캡션 또는 비결과물 오탐 여부 검수; 번호 직결 인용 없음 또는 문장 조각·중복 배정 제외
BOK-20231228-62758008cadf-그림-afb38754a04cc213,금융안정보고서 2023년 12월,그림,불명,차주특성별 자영업자대출 비중,번호; 설명,불명,불명,번호 미확인; 캡션 또는 비결과물 오탐 여부 검수; 번호 직결 인용 없음 또는 문장 조각·중복 배정 제외
BOK-20231228-62758008cadf-그림-be26723a82cdf9a1,금융안정보고서 2023년 12월,그림,불명,채무상환부담 지표 / 가계대출 연체율,번호; 설명,불명,불명,번호 미확인; 캡션 또는 비결과물 오탐 여부 검수; 번호 직결 인용 없음 또는 문장 조각·중복 배정 제외
BOK-20231228-62758008cadf-그림-359f30753dc65cac,금융안정보고서 2023년 12월,그림,불명,충당금 적립필요액 시산 결과,번호; 통계기법·지수; 설명,불명,불명,번호 미확인; 캡션 또는 비결과물 오탐 여부 검수; 번호 직결 인용 없음 또는 문장 조각·중복 배정 제외
BOK-20231228-62758008cadf-그림-7934adb24d2c0561,금융안정보고서 2023년 12월,그림,불명,캐피탈사의 신용스프레드와 부동산PF 대출 자산건전성,번호; 설명,불명,불명,번호 미확인; 캡션 또는 비결과물 오탐 여부 검수; 번호 직결 인용 없음 또는 문장 조각·중복 배정 제외
BOK-20231228-62758008cadf-그림-051b9a27e37e3b18,금융안정보고서 2023년 12월,그림,불명,코로나19 이후 주요 업종별 기업대출 증감,번호; 설명,research/bok-archive/02-금융안정보고서/2023-12-28_금융안정보고서(2023년 12월)/현안 1. 최근 기업신용 확대 관련 리스크 점검 및 정책적 시사점 (1).pdf,4,번호 미확인; 캡션 또는 비결과물 오탐 여부 검수; 번호 직결 인용 없음 또는 문장 조각·중복 배정 제외
BOK-20231228-62758008cadf-그림-9f5c992c71db10a3,금융안정보고서 2023년 12월,그림,불명,한국과 EU 배출권 시장의 거래가격 추이,번호; 통계기법·지수; 설명,불명,불명,번호 미확인; 캡션 또는 비결과물 오탐 여부 검수; 번호 직결 인용 없음 또는 문장 조각·중복 배정 제외
BOK-20231228-62758008cadf-그림-b788faa51e0059d5,금융안정보고서 2023년 12월,그림,불명,협의 NBFI의 부문별 비중,번호; 설명,불명,불명,번호 미확인; 캡션 또는 비결과물 오탐 여부 검수; 번호 직결 인용 없음 또는 문장 조각·중복 배정 제외
BOK-20231228-62758008cadf-표-eb1d05457fedf226,금융안정보고서 2023년 12월,표,I-1,일반은행 NSFR,데이터 형태; 종류; 설명,research/bok-archive/02-금융안정보고서/2023-12-28_금융안정보고서(2023년 12월)/금융안정보고서(2023년 12월).pdf,78,허용 종류로 판별 불가 또는 표 구조 미확인; 번호 직결 인용 없음 또는 문장 조각·중복 배정 제외
BOK-20231228-62758008cadf-표-94fc3f6ffda7526d,금융안정보고서 2023년 12월,표,I-2,기업신용 구성 비중1) 비교2),설명,research/bok-archive/02-금융안정보고서/2023-12-28_금융안정보고서(2023년 12월)/현안 1. 최근 기업신용 확대 관련 리스크 점검 및 정책적 시사점 (1).pdf,10,번호 직결 인용 없음 또는 문장 조각·중복 배정 제외
BOK-20231228-62758008cadf-표-e0d7fdebbfd893af,금융안정보고서 2023년 12월,표,III-1,금융업권 간 업권별 상호거래 규모1)2),종류; 통계기법·지수; 설명,research/bok-archive/02-금융안정보고서/2023-12-28_금융안정보고서(2023년 12월)/금융안정보고서(2023년 12월).pdf,62,허용 종류로 판별 불가 또는 표 구조 미확인; 번호 직결 인용 없음 또는 문장 조각·중복 배정 제외
BOK-20231228-62758008cadf-표-7f6eeffcf190b116,금융안정보고서 2023년 12월,표,III-2,금융업권 간 상품별 상호거래 규모,종류; 통계기법·지수,research/bok-archive/02-금융안정보고서/2023-12-28_금융안정보고서(2023년 12월)/금융안정보고서(2023년 12월).pdf,62,허용 종류로 판별 불가 또는 표 구조 미확인
BOK-20241224-01fdc1c04384-그림-ec7d565a683ec6b9,금융안정보고서 2024년 12월,그림,I-1-1,신용시장 상황 변화 지도1) 용,데이터 형태; 종류; 분석 목적; 통계기법·지수; 설명,research/bok-archive/02-금융안정보고서/2024-12-24_금융안정보고서(2024년 12월)/금융안정보고서(2024년 12월)_FFF.pdf,21,허용 종류로 판별 불가 또는 표 구조 미확인; 제목·계열·직접 인용의 해석 근거 부족; 번호 직결 인용 없음 또는 문장 조각·중복 배정 제외
BOK-20241224-01fdc1c04384-그림-ecbf55cf9c52bf9a,금융안정보고서 2024년 12월,그림,I-1-2,가계신용,통계기법·지수; 설명,research/bok-archive/02-금융안정보고서/2024-12-24_금융안정보고서(2024년 12월)/금융안정보고서(2024년 12월)_FFF.pdf,21,번호 직결 인용 없음 또는 문장 조각·중복 배정 제외
BOK-20241224-01fdc1c04384-그림-f58757688ae22c82,금융안정보고서 2024년 12월,그림,I-1-3,가계대출 대출유형별 변동,통계기법·지수,research/bok-archive/02-금융안정보고서/2024-12-24_금융안정보고서(2024년 12월)/금융안정보고서(2024년 12월)_FFF.pdf,22,출처·단위·데이터 형태 등 미확인
BOK-20241224-01fdc1c04384-그림-058417bc88d0b797,금융안정보고서 2024년 12월,그림,I-1-4,금융업권별 가계대출 변동,통계기법·지수,research/bok-archive/02-금융안정보고서/2024-12-24_금융안정보고서(2024년 12월)/금융안정보고서(2024년 12월)_FFF.pdf,22,출처·단위·데이터 형태 등 미확인
BOK-20241224-01fdc1c04384-그림-fd2b8316e85c6c27,금융안정보고서 2024년 12월,그림,I-1-8,신용도 및 소득수준별 가계대출 구성비,설명,research/bok-archive/02-금융안정보고서/2024-12-24_금융안정보고서(2024년 12월)/금융안정보고서(2024년 12월)_FFF.pdf,24,번호 직결 인용 없음 또는 문장 조각·중복 배정 제외
BOK-20241224-01fdc1c04384-그림-623576f519235dd8,금융안정보고서 2024년 12월,그림,I-1-10,금융기관 기업대출,통계기법·지수; 설명,research/bok-archive/02-금융안정보고서/2024-12-24_금융안정보고서(2024년 12월)/금융안정보고서(2024년 12월)_FFF.pdf,26,번호 직결 인용 없음 또는 문장 조각·중복 배정 제외
BOK-20241224-01fdc1c04384-그림-f2e4da27b62ffaeb,금융안정보고서 2024년 12월,그림,I-1-11,기업규모별 기업대출,설명,research/bok-archive/02-금융안정보고서/2024-12-24_금융안정보고서(2024년 12월)/금융안정보고서(2024년 12월)_FFF.pdf,26,번호 직결 인용 없음 또는 문장 조각·중복 배정 제외
BOK-20241224-01fdc1c04384-그림-5b349d8af4d5692c,금융안정보고서 2024년 12월,그림,I-1-14,기업의 직접금융시장 조달 동향 19 표,분석 목적; 통계기법·지수; 설명,research/bok-archive/02-금융안정보고서/2024-12-24_금융안정보고서(2024년 12월)/금융안정보고서(2024년 12월)_FFF.pdf,27,제목·계열·직접 인용의 해석 근거 부족; 번호 직결 인용 없음 또는 문장 조각·중복 배정 제외
BOK-20241224-01fdc1c04384-그림-587d4fa10e622e18,금융안정보고서 2024년 12월,그림,I-1-15,기업규모별 부채비율,설명,research/bok-archive/02-금융안정보고서/2024-12-24_금융안정보고서(2024년 12월)/금융안정보고서(2024년 12월)_FFF.pdf,28,번호 직결 인용 없음 또는 문장 조각·중복 배정 제외
BOK-20241224-01fdc1c04384-그림-5152cc0f58f3182e,금융안정보고서 2024년 12월,그림,I-1-18,민간신용 레버리지,설명,research/bok-archive/02-금융안정보고서/2024-12-24_금융안정보고서(2024년 12월)/금융안정보고서(2024년 12월)_FFF.pdf,29,번호 직결 인용 없음 또는 문장 조각·중복 배정 제외
BOK-20241224-01fdc1c04384-그림-79f54c4dfaf8d929,금융안정보고서 2024년 12월,그림,I-1-19,부문별 민간신용/명목GDP 비율 및 갭,설명,research/bok-archive/02-금융안정보고서/2024-12-24_금융안정보고서(2024년 12월)/금융안정보고서(2024년 12월)_FFF.pdf,30,번호 직결 인용 없음 또는 문장 조각·중복 배정 제외
BOK-20241224-01fdc1c04384-그림-6cdb55ec927a2228,금융안정보고서 2024년 12월,그림,I-2-1,"자산시장 상황 변화 지도1) (11.28일, –25bp) 등의 영향으로 하락하였다. 한편",단위; 데이터 형태; 종류; 분석 목적; 통계기법·지수; 설명,research/bok-archive/02-금융안정보고서/2024-12-24_금융안정보고서(2024년 12월)/금융안정보고서(2024년 12월)_FFF.pdf,34,허용 종류로 판별 불가 또는 표 구조 미확인; 제목·계열·직접 인용의 해석 근거 부족; 번호 직결 인용 없음 또는 문장 조각·중복 배정 제외
BOK-20241224-01fdc1c04384-그림-8a4b4fed6bfe7437,금융안정보고서 2024년 12월,그림,I-2-2,국고채 및 미국 국채 금리,설명,research/bok-archive/02-금융안정보고서/2024-12-24_금융안정보고서(2024년 12월)/금융안정보고서(2024년 12월)_FFF.pdf,34,번호 직결 인용 없음 또는 문장 조각·중복 배정 제외
BOK-20241224-01fdc1c04384-그림-9a508c932cc8280f,금융안정보고서 2024년 12월,그림,I-2-3,기준금리 및 국고채금리,통계기법·지수; 설명,research/bok-archive/02-금융안정보고서/2024-12-24_금융안정보고서(2024년 12월)/금융안정보고서(2024년 12월)_FFF.pdf,35,번호 직결 인용 없음 또는 문장 조각·중복 배정 제외
BOK-20241224-01fdc1c04384-그림-a3399cf9a39ed575,금융안정보고서 2024년 12월,그림,I-2-4,회사채 신용스프레드 및 신용등급간 스프레드,설명,research/bok-archive/02-금융안정보고서/2024-12-24_금융안정보고서(2024년 12월)/금융안정보고서(2024년 12월)_FFF.pdf,35,번호 직결 인용 없음 또는 문장 조각·중복 배정 제외
BOK-20241224-01fdc1c04384-그림-a0067b37950fb0d4,금융안정보고서 2024년 12월,그림,I-2-5,회사채 순발행,설명,research/bok-archive/02-금융안정보고서/2024-12-24_금융안정보고서(2024년 12월)/금융안정보고서(2024년 12월)_FFF.pdf,36,번호 직결 인용 없음 또는 문장 조각·중복 배정 제외
BOK-20241224-01fdc1c04384-그림-edacbebaeae2d68a,금융안정보고서 2024년 12월,그림,I-2-6,회사채 등급별 수요예측참여율,설명,research/bok-archive/02-금융안정보고서/2024-12-24_금융안정보고서(2024년 12월)/금융안정보고서(2024년 12월)_FFF.pdf,36,번호 직결 인용 없음 또는 문장 조각·중복 배정 제외
BOK-20241224-01fdc1c04384-그림-69a98f43732666ba,금융안정보고서 2024년 12월,그림,I-2-7,코스피 및 글로벌 주가,설명,research/bok-archive/02-금융안정보고서/2024-12-24_금융안정보고서(2024년 12월)/금융안정보고서(2024년 12월)_FFF.pdf,37,번호 직결 인용 없음 또는 문장 조각·중복 배정 제외
BOK-20241224-01fdc1c04384-그림-3a6630340cc68a1c,금융안정보고서 2024년 12월,그림,I-2-8,주가 변동성 지수,단위,research/bok-archive/02-금융안정보고서/2024-12-24_금융안정보고서(2024년 12월)/금융안정보고서(2024년 12월)_FFF.pdf,37,출처·단위·데이터 형태 등 미확인
BOK-20241224-01fdc1c04384-그림-93cc89ec76d8c45a,금융안정보고서 2024년 12월,그림,I-2-9,PER 및 PBR,설명,research/bok-archive/02-금융안정보고서/2024-12-24_금융안정보고서(2024년 12월)/금융안정보고서(2024년 12월)_FFF.pdf,38,번호 직결 인용 없음 또는 문장 조각·중복 배정 제외
BOK-20241224-01fdc1c04384-그림-ff3b4216944b48e2,금융안정보고서 2024년 12월,그림,I-2-10,주요국의 PER 및 PBR,설명,research/bok-archive/02-금융안정보고서/2024-12-24_금융안정보고서(2024년 12월)/금융안정보고서(2024년 12월)_FFF.pdf,38,번호 직결 인용 없음 또는 문장 조각·중복 배정 제외
BOK-20241224-01fdc1c04384-그림-b4a79d11c47fbf1e,금융안정보고서 2024년 12월,그림,I-2-11,주식 리스크 프리미엄,설명,research/bok-archive/02-금융안정보고서/2024-12-24_금융안정보고서(2024년 12월)/금융안정보고서(2024년 12월)_FFF.pdf,38,번호 직결 인용 없음 또는 문장 조각·중복 배정 제외
BOK-20241224-01fdc1c04384-그림-05e194381a4fce06,금융안정보고서 2024년 12월,그림,I-2-13,가격소득비율 및 가격임대료비율,설명,research/bok-archive/02-금융안정보고서/2024-12-24_금융안정보고서(2024년 12월)/금융안정보고서(2024년 12월)_FFF.pdf,39,번호 직결 인용 없음 또는 문장 조각·중복 배정 제외
BOK-20241224-01fdc1c04384-그림-6c5bd2e472c55184,금융안정보고서 2024년 12월,그림,I-2-14,월별 주택매매거래량,설명,research/bok-archive/02-금융안정보고서/2024-12-24_금융안정보고서(2024년 12월)/금융안정보고서(2024년 12월)_FFF.pdf,40,번호 직결 인용 없음 또는 문장 조각·중복 배정 제외
BOK-20241224-01fdc1c04384-그림-d2aa5d64c793ac99,금융안정보고서 2024년 12월,그림,I-2-15,주택전월세가격 상승률,설명,research/bok-archive/02-금융안정보고서/2024-12-24_금융안정보고서(2024년 12월)/금융안정보고서(2024년 12월)_FFF.pdf,40,번호 직결 인용 없음 또는 문장 조각·중복 배정 제외
BOK-20241224-01fdc1c04384-그림-cca7e6516fe3c850,금융안정보고서 2024년 12월,그림,I-2-17,아파트 입주 및 분양 물량,통계기법·지수,research/bok-archive/02-금융안정보고서/2024-12-24_금융안정보고서(2024년 12월)/금융안정보고서(2024년 12월)_FFF.pdf,41,출처·단위·데이터 형태 등 미확인
BOK-20241224-01fdc1c04384-그림-bdbeb3c0eb7c1185,금융안정보고서 2024년 12월,그림,I-2-18,상업용 부동산 임대가격지수 및 공실률,설명,research/bok-archive/02-금융안정보고서/2024-12-24_금융안정보고서(2024년 12월)/금융안정보고서(2024년 12월)_FFF.pdf,42,번호 직결 인용 없음 또는 문장 조각·중복 배정 제외
BOK-20241224-01fdc1c04384-그림-4c6d134ff02b93c2,금융안정보고서 2024년 12월,그림,I-2-19,상업용 부동산 자본수익률 및 거래량,설명,research/bok-archive/02-금융안정보고서/2024-12-24_금융안정보고서(2024년 12월)/금융안정보고서(2024년 12월)_FFF.pdf,42,번호 직결 인용 없음 또는 문장 조각·중복 배정 제외
BOK-20241224-01fdc1c04384-그림-eae3dfa193c855c8,금융안정보고서 2024년 12월,그림,I-3-1,금융기관 건전성 상황 변화 지도1),데이터 형태; 종류; 통계기법·지수; 설명,research/bok-archive/02-금융안정보고서/2024-12-24_금융안정보고서(2024년 12월)/금융안정보고서(2024년 12월)_FFF.pdf,47,허용 종류로 판별 불가 또는 표 구조 미확인; 번호 직결 인용 없음 또는 문장 조각·중복 배정 제외
BOK-20241224-01fdc1c04384-그림-d40b4d4d5ba4cfdd,금융안정보고서 2024년 12월,그림,I-3-2,일반은행 총자산 규모,설명,research/bok-archive/02-금융안정보고서/2024-12-24_금융안정보고서(2024년 12월)/금융안정보고서(2024년 12월)_FFF.pdf,47,번호 직결 인용 없음 또는 문장 조각·중복 배정 제외
BOK-20241224-01fdc1c04384-그림-b2f3398e54736f12,금융안정보고서 2024년 12월,그림,I-3-4,고정이하여신비율 및 부실채권 발생·정리 실적,설명,research/bok-archive/02-금융안정보고서/2024-12-24_금융안정보고서(2024년 12월)/금융안정보고서(2024년 12월)_FFF.pdf,48,번호 직결 인용 없음 또는 문장 조각·중복 배정 제외
BOK-20241224-01fdc1c04384-그림-73d486d37baa558a,금융안정보고서 2024년 12월,그림,I-3-5,일반은행 차주별 고정이하여신비율,설명,research/bok-archive/02-금융안정보고서/2024-12-24_금융안정보고서(2024년 12월)/금융안정보고서(2024년 12월)_FFF.pdf,49,번호 직결 인용 없음 또는 문장 조각·중복 배정 제외
BOK-20241224-01fdc1c04384-그림-1fb016a2e8846e7c,금융안정보고서 2024년 12월,그림,I-3-6,일반은행 주요 업종별 고정이하여신비율,설명,research/bok-archive/02-금융안정보고서/2024-12-24_금융안정보고서(2024년 12월)/금융안정보고서(2024년 12월)_FFF.pdf,49,번호 직결 인용 없음 또는 문장 조각·중복 배정 제외
BOK-20241224-01fdc1c04384-그림-b8be6f92446b0bc5,금융안정보고서 2024년 12월,그림,I-3-8,일반은행 당기순이익 구성요소,통계기법·지수,research/bok-archive/02-금융안정보고서/2024-12-24_금융안정보고서(2024년 12월)/금융안정보고서(2024년 12월)_FFF.pdf,50,출처·단위·데이터 형태 등 미확인
BOK-20241224-01fdc1c04384-그림-6157aa1332fab0ff,금융안정보고서 2024년 12월,그림,I-3-9,비은행예금취급기관 총자산 규모 및 증가율,설명,research/bok-archive/02-금융안정보고서/2024-12-24_금융안정보고서(2024년 12월)/금융안정보고서(2024년 12월)_FFF.pdf,51,번호 직결 인용 없음 또는 문장 조각·중복 배정 제외
BOK-20241224-01fdc1c04384-그림-1ea777b933fbfa6e,금융안정보고서 2024년 12월,그림,I-3-11,저축은행의 대출 증감 규모 및 대출 증가율,설명,research/bok-archive/02-금융안정보고서/2024-12-24_금융안정보고서(2024년 12월)/금융안정보고서(2024년 12월)_FFF.pdf,52,번호 직결 인용 없음 또는 문장 조각·중복 배정 제외
BOK-20241224-01fdc1c04384-그림-c375356ca33451cf,금융안정보고서 2024년 12월,그림,I-3-13,비은행예금취급기관 총자산순이익률(ROA),설명,research/bok-archive/02-금융안정보고서/2024-12-24_금융안정보고서(2024년 12월)/금융안정보고서(2024년 12월)_FFF.pdf,53,번호 직결 인용 없음 또는 문장 조각·중복 배정 제외
BOK-20241224-01fdc1c04384-그림-4cac449235d679a4,금융안정보고서 2024년 12월,그림,I-3-14,비은행예금취급기관 당기순이익 구성요소,통계기법·지수; 설명,research/bok-archive/02-금융안정보고서/2024-12-24_금융안정보고서(2024년 12월)/금융안정보고서(2024년 12월)_FFF.pdf,53,번호 직결 인용 없음 또는 문장 조각·중복 배정 제외
BOK-20241224-01fdc1c04384-그림-09b8dcd37e92d125,금융안정보고서 2024년 12월,그림,I-3-15,총자산 규모 및 증가율,설명,research/bok-archive/02-금융안정보고서/2024-12-24_금융안정보고서(2024년 12월)/금융안정보고서(2024년 12월)_FFF.pdf,54,번호 직결 인용 없음 또는 문장 조각·중복 배정 제외
BOK-20241224-01fdc1c04384-그림-90c101f4d016b011,금융안정보고서 2024년 12월,그림,I-3-16,보험회사 고정이하여신비율,설명,research/bok-archive/02-금융안정보고서/2024-12-24_금융안정보고서(2024년 12월)/금융안정보고서(2024년 12월)_FFF.pdf,55,번호 직결 인용 없음 또는 문장 조각·중복 배정 제외
BOK-20241224-01fdc1c04384-그림-e4ffcb574909ab89,금융안정보고서 2024년 12월,그림,I-3-17,증권회사 고정이하여신비율,설명,research/bok-archive/02-금융안정보고서/2024-12-24_금융안정보고서(2024년 12월)/금융안정보고서(2024년 12월)_FFF.pdf,55,번호 직결 인용 없음 또는 문장 조각·중복 배정 제외
BOK-20241224-01fdc1c04384-그림-b3ae64b033c002a7,금융안정보고서 2024년 12월,그림,I-3-18,여신전문금융회사 고정이하여신비율,설명,research/bok-archive/02-금융안정보고서/2024-12-24_금융안정보고서(2024년 12월)/금융안정보고서(2024년 12월)_FFF.pdf,56,번호 직결 인용 없음 또는 문장 조각·중복 배정 제외
BOK-20241224-01fdc1c04384-그림-ca53a4a1db45cbdb,금융안정보고서 2024년 12월,그림,I-3-20,증권회사 총자산순이익률(ROA),설명,research/bok-archive/02-금융안정보고서/2024-12-24_금융안정보고서(2024년 12월)/금융안정보고서(2024년 12월)_FFF.pdf,57,번호 직결 인용 없음 또는 문장 조각·중복 배정 제외
BOK-20241224-01fdc1c04384-그림-95ee6ef3bb9d3665,금융안정보고서 2024년 12월,그림,I-3-23,금융업권 간 상호연계 구조1)2)3)4)5)6),단위; 데이터 형태; 통계기법·지수,research/bok-archive/02-금융안정보고서/2024-12-24_금융안정보고서(2024년 12월)/금융안정보고서(2024년 12월)_FFF.pdf,58,출처·단위·데이터 형태 등 미확인
BOK-20241224-01fdc1c04384-그림-0caafad0b3ee2ec7,금융안정보고서 2024년 12월,그림,I-3-24,금융업권 간 상호거래 관련 부실전염 및 집중도 리스크,단위; 설명,research/bok-archive/02-금융안정보고서/2024-12-24_금융안정보고서(2024년 12월)/금융안정보고서(2024년 12월)_FFF.pdf,59,번호 직결 인용 없음 또는 문장 조각·중복 배정 제외
BOK-20241224-01fdc1c04384-그림-52621a1579c0115d,금융안정보고서 2024년 12월,그림,I-4-1,미 달러화 대비 주요 통화 절상 · 절하율 및 원/달러 환율변동성,설명,research/bok-archive/02-금융안정보고서/2024-12-24_금융안정보고서(2024년 12월)/금융안정보고서(2024년 12월)_FFF.pdf,73,번호 직결 인용 없음 또는 문장 조각·중복 배정 제외
BOK-20241224-01fdc1c04384-그림-ebfa07230aedb016,금융안정보고서 2024년 12월,그림,I-4-3,대외 외화차입 장·단기 가산금리1)2),설명,research/bok-archive/02-금융안정보고서/2024-12-24_금융안정보고서(2024년 12월)/금융안정보고서(2024년 12월)_FFF.pdf,74,번호 직결 인용 없음 또는 문장 조각·중복 배정 제외
BOK-20241224-01fdc1c04384-그림-cc9920662b32aa79,금융안정보고서 2024년 12월,그림,I-4-4,일반은행 CDS 프리미엄,설명,research/bok-archive/02-금융안정보고서/2024-12-24_금융안정보고서(2024년 12월)/금융안정보고서(2024년 12월)_FFF.pdf,74,번호 직결 인용 없음 또는 문장 조각·중복 배정 제외
BOK-20241224-01fdc1c04384-그림-731d8afcf3ddae39,금융안정보고서 2024년 12월,그림,I-4-5,외국인 증권투자자금 증감,통계기법·지수; 설명,research/bok-archive/02-금융안정보고서/2024-12-24_금융안정보고서(2024년 12월)/금융안정보고서(2024년 12월)_FFF.pdf,75,번호 직결 인용 없음 또는 문장 조각·중복 배정 제외
BOK-20241224-01fdc1c04384-그림-b931a0dd19017a04,금융안정보고서 2024년 12월,그림,I-4-6,외국인 주식투자자금의 증감,통계기법·지수; 설명,research/bok-archive/02-금융안정보고서/2024-12-24_금융안정보고서(2024년 12월)/금융안정보고서(2024년 12월)_FFF.pdf,75,번호 직결 인용 없음 또는 문장 조각·중복 배정 제외
BOK-20241224-01fdc1c04384-그림-1430a2588233a3f3,금융안정보고서 2024년 12월,그림,I-4-7,외국인 채권투자자금의 증감,통계기법·지수,research/bok-archive/02-금융안정보고서/2024-12-24_금융안정보고서(2024년 12월)/금융안정보고서(2024년 12월)_FFF.pdf,76,출처·단위·데이터 형태 등 미확인
BOK-20241224-01fdc1c04384-그림-c2651184348922ef,금융안정보고서 2024년 12월,그림,I-4-8,거주자 해외증권투자 증감,통계기법·지수; 설명,research/bok-archive/02-금융안정보고서/2024-12-24_금융안정보고서(2024년 12월)/금융안정보고서(2024년 12월)_FFF.pdf,77,번호 직결 인용 없음 또는 문장 조각·중복 배정 제외
BOK-20241224-01fdc1c04384-그림-92c9e0a0d032437f,금융안정보고서 2024년 12월,그림,I-4-9,거주자 해외 주식투자자금의 투자주체별 증감,통계기법·지수,research/bok-archive/02-금융안정보고서/2024-12-24_금융안정보고서(2024년 12월)/금융안정보고서(2024년 12월)_FFF.pdf,77,출처·단위·데이터 형태 등 미확인
BOK-20241224-01fdc1c04384-그림-c69870960221b039,금융안정보고서 2024년 12월,그림,I-4-10,거주자 해외 채권투자자금의 투자주체별 증감 69 록,분석 목적; 통계기법·지수; 설명,research/bok-archive/02-금융안정보고서/2024-12-24_금융안정보고서(2024년 12월)/금융안정보고서(2024년 12월)_FFF.pdf,77,제목·계열·직접 인용의 해석 근거 부족; 번호 직결 인용 없음 또는 문장 조각·중복 배정 제외
BOK-20241224-01fdc1c04384-그림-56e347fbf95fb2d8,금융안정보고서 2024년 12월,그림,II-1-1,금융기관 복원력 지표 변화 지도1) 은,데이터 형태; 종류; 분석 목적; 통계기법·지수; 설명,research/bok-archive/02-금융안정보고서/2024-12-24_금융안정보고서(2024년 12월)/금융안정보고서(2024년 12월)_FFF.pdf,85,허용 종류로 판별 불가 또는 표 구조 미확인; 제목·계열·직접 인용의 해석 근거 부족; 번호 직결 인용 없음 또는 문장 조각·중복 배정 제외
BOK-20241224-01fdc1c04384-그림-7c304ce81e6fccff,금융안정보고서 2024년 12월,그림,II-1-2,일반은행 바젤Ⅲ 기준 자본비율 및 자기자본비율 변동 요인,설명,research/bok-archive/02-금융안정보고서/2024-12-24_금융안정보고서(2024년 12월)/금융안정보고서(2024년 12월)_FFF.pdf,85,번호 직결 인용 없음 또는 문장 조각·중복 배정 제외
BOK-20241224-01fdc1c04384-그림-52f0159ed61475e6,금융안정보고서 2024년 12월,그림,II-1-5,일반은행 유동성커버리지비율(LCR),설명,research/bok-archive/02-금융안정보고서/2024-12-24_금융안정보고서(2024년 12월)/금융안정보고서(2024년 12월)_FFF.pdf,87,번호 직결 인용 없음 또는 문장 조각·중복 배정 제외
BOK-20241224-01fdc1c04384-그림-2df98625966bbd0f,금융안정보고서 2024년 12월,그림,II-1-6,상호금융 손실흡수력 지표,설명,research/bok-archive/02-금융안정보고서/2024-12-24_금융안정보고서(2024년 12월)/금융안정보고서(2024년 12월)_FFF.pdf,88,번호 직결 인용 없음 또는 문장 조각·중복 배정 제외
BOK-20241224-01fdc1c04384-그림-9d9cd29ea00ffc97,금융안정보고서 2024년 12월,그림,II-1-9,보험회사 손실흡수력 지표,통계기법·지수,research/bok-archive/02-금융안정보고서/2024-12-24_금융안정보고서(2024년 12월)/금융안정보고서(2024년 12월)_FFF.pdf,89,출처·단위·데이터 형태 등 미확인
BOK-20241224-01fdc1c04384-그림-137331dca217aceb,금융안정보고서 2024년 12월,그림,II-1-10,증권회사 손실흡수력 지표,통계기법·지수,research/bok-archive/02-금융안정보고서/2024-12-24_금융안정보고서(2024년 12월)/금융안정보고서(2024년 12월)_FFF.pdf,91,출처·단위·데이터 형태 등 미확인
BOK-20241224-01fdc1c04384-그림-dc67b3533ac3dea7,금융안정보고서 2024년 12월,그림,II-1-11,여신전문금융회사 손실흡수력 지표,통계기법·지수; 설명,research/bok-archive/02-금융안정보고서/2024-12-24_금융안정보고서(2024년 12월)/금융안정보고서(2024년 12월)_FFF.pdf,91,번호 직결 인용 없음 또는 문장 조각·중복 배정 제외
BOK-20241224-01fdc1c04384-그림-6ea2d678508c4133,금융안정보고서 2024년 12월,그림,II-1-12,보험회사 유동성 대응능력 지표,통계기법·지수; 설명,research/bok-archive/02-금융안정보고서/2024-12-24_금융안정보고서(2024년 12월)/금융안정보고서(2024년 12월)_FFF.pdf,92,번호 직결 인용 없음 또는 문장 조각·중복 배정 제외
BOK-20241224-01fdc1c04384-그림-f3fbcb79512c1c20,금융안정보고서 2024년 12월,그림,II-1-13,증권회사 유동성 대응능력 지표,통계기법·지수; 설명,research/bok-archive/02-금융안정보고서/2024-12-24_금융안정보고서(2024년 12월)/금융안정보고서(2024년 12월)_FFF.pdf,92,번호 직결 인용 없음 또는 문장 조각·중복 배정 제외
BOK-20241224-01fdc1c04384-그림-2b6266b87be2d5f6,금융안정보고서 2024년 12월,그림,II-1-14,여신전문금융회사 유동성 대응능력 지표,통계기법·지수; 설명,research/bok-archive/02-금융안정보고서/2024-12-24_금융안정보고서(2024년 12월)/금융안정보고서(2024년 12월)_FFF.pdf,92,번호 직결 인용 없음 또는 문장 조각·중복 배정 제외
BOK-20241224-01fdc1c04384-그림-c3f7d5d9038892d7,금융안정보고서 2024년 12월,그림,II-2-1,대외지급능력 지표 변화 지도1),단위; 데이터 형태; 종류; 통계기법·지수; 설명,research/bok-archive/02-금융안정보고서/2024-12-24_금융안정보고서(2024년 12월)/금융안정보고서(2024년 12월)_FFF.pdf,101,허용 종류로 판별 불가 또는 표 구조 미확인; 번호 직결 인용 없음 또는 문장 조각·중복 배정 제외
BOK-20241224-01fdc1c04384-그림-545641a8bab700a2,금융안정보고서 2024년 12월,그림,II-2-2,순대외채권,통계기법·지수; 설명,research/bok-archive/02-금융안정보고서/2024-12-24_금융안정보고서(2024년 12월)/금융안정보고서(2024년 12월)_FFF.pdf,101,번호 직결 인용 없음 또는 문장 조각·중복 배정 제외
BOK-20241224-01fdc1c04384-그림-4f03c80128e40e70,금융안정보고서 2024년 12월,그림,II-2-3,부문별 대외채권 증감,통계기법·지수; 설명,research/bok-archive/02-금융안정보고서/2024-12-24_금융안정보고서(2024년 12월)/금융안정보고서(2024년 12월)_FFF.pdf,102,번호 직결 인용 없음 또는 문장 조각·중복 배정 제외
BOK-20241224-01fdc1c04384-그림-5ef30c1410323a8d,금융안정보고서 2024년 12월,그림,II-2-4,부문별 대외채무 증감,통계기법·지수,research/bok-archive/02-금융안정보고서/2024-12-24_금융안정보고서(2024년 12월)/금융안정보고서(2024년 12월)_FFF.pdf,102,출처·단위·데이터 형태 등 미확인
BOK-20241224-01fdc1c04384-그림-9024c3bce6ecf751,금융안정보고서 2024년 12월,그림,II-2-6,외환보유액 규모 및 증감액,설명,research/bok-archive/02-금융안정보고서/2024-12-24_금융안정보고서(2024년 12월)/금융안정보고서(2024년 12월)_FFF.pdf,103,번호 직결 인용 없음 또는 문장 조각·중복 배정 제외
BOK-20241224-01fdc1c04384-그림-6171c787cba9bb0b,금융안정보고서 2024년 12월,그림,II-2-7,외환보유액 대비 단기외채 비율,설명,research/bok-archive/02-금융안정보고서/2024-12-24_금융안정보고서(2024년 12월)/금융안정보고서(2024년 12월)_FFF.pdf,103,번호 직결 인용 없음 또는 문장 조각·중복 배정 제외
BOK-20241224-01fdc1c04384-그림-9e4e38249638c8b7,금융안정보고서 2024년 12월,그림,II-2-8,외환보유액 구성,통계기법·지수; 설명,research/bok-archive/02-금융안정보고서/2024-12-24_금융안정보고서(2024년 12월)/금융안정보고서(2024년 12월)_FFF.pdf,103,번호 직결 인용 없음 또는 문장 조각·중복 배정 제외
BOK-20241224-01fdc1c04384-그림-c14687cb21945713,금융안정보고서 2024년 12월,그림,II-3-1,한은금융망 관련 리스크 지표 및 운영시간 연장 현황,설명,research/bok-archive/02-금융안정보고서/2024-12-24_금융안정보고서(2024년 12월)/금융안정보고서(2024년 12월)_FFF.pdf,104,번호 직결 인용 없음 또는 문장 조각·중복 배정 제외
BOK-20241224-01fdc1c04384-그림-0bfd5c763a2d5852,금융안정보고서 2024년 12월,그림,II-3-2,순이체한도 소진율,설명,research/bok-archive/02-금융안정보고서/2024-12-24_금융안정보고서(2024년 12월)/금융안정보고서(2024년 12월)_FFF.pdf,105,번호 직결 인용 없음 또는 문장 조각·중복 배정 제외
BOK-20241224-01fdc1c04384-그림-0076eed94e33c802,금융안정보고서 2024년 12월,그림,II-3-3,CLS시스템 이용 금액 및 비중,설명,research/bok-archive/02-금융안정보고서/2024-12-24_금융안정보고서(2024년 12월)/금융안정보고서(2024년 12월)_FFF.pdf,105,번호 직결 인용 없음 또는 문장 조각·중복 배정 제외
BOK-20241224-01fdc1c04384-그림-e01e053365ca43ec,금융안정보고서 2024년 12월,그림,III-1-1,기준금리 인하가 금융안정에 미치는 영향,사용 데이터·출처; 단위; 데이터 형태; 통계기법·지수; 설명,research/bok-archive/02-금융안정보고서/2024-12-24_금융안정보고서(2024년 12월)/금융안정보고서(2024년 12월)_FFF.pdf,109,번호 직결 인용 없음 또는 문장 조각·중복 배정 제외
BOK-20241224-01fdc1c04384-그림-3b47e5e5ed98adaf,금융안정보고서 2024년 12월,그림,III-1-2,기준금리 추이,통계기법·지수; 설명,research/bok-archive/02-금융안정보고서/2024-12-24_금융안정보고서(2024년 12월)/금융안정보고서(2024년 12월)_FFF.pdf,110,번호 직결 인용 없음 또는 문장 조각·중복 배정 제외
BOK-20241224-01fdc1c04384-그림-0d0a93dd118b82e4,금융안정보고서 2024년 12월,그림,III-1-2,기준금리 추이 나타난다. 그중 금리 인하에 따른 금융기관 연체,분석 목적; 통계기법·지수,research/bok-archive/02-금융안정보고서/2024-12-24_금융안정보고서(2024년 12월)/현안1. 금리 인하기 금융안정 리스크 평가 및 시사점_F.pdf,4,제목·계열·직접 인용의 해석 근거 부족
BOK-20241224-01fdc1c04384-그림-eba1462745e57704,금융안정보고서 2024년 12월,그림,III-1-4,기준금리 수준과 금융기관 연체율 간 관계 3.0,데이터 형태; 분석 목적; 설명,research/bok-archive/02-금융안정보고서/2024-12-24_금융안정보고서(2024년 12월)/금융안정보고서(2024년 12월)_FFF.pdf,111,제목·계열·직접 인용의 해석 근거 부족; 번호 직결 인용 없음 또는 문장 조각·중복 배정 제외
BOK-20241224-01fdc1c04384-그림-9addd7ffa809ba68,금융안정보고서 2024년 12월,그림,III-1-4,기준금리 수준과 금융기관 연체율 간 관계 3.0,데이터 형태; 분석 목적; 설명,research/bok-archive/02-금융안정보고서/2024-12-24_금융안정보고서(2024년 12월)/현안1. 금리 인하기 금융안정 리스크 평가 및 시사점_F.pdf,5,제목·계열·직접 인용의 해석 근거 부족; 번호 직결 인용 없음 또는 문장 조각·중복 배정 제외
BOK-20241224-01fdc1c04384-그림-a729a837ba3a35ec,금융안정보고서 2024년 12월,그림,III-1-5,금리 인하기1) 신용 스프레드2) 안,분석 목적; 설명,research/bok-archive/02-금융안정보고서/2024-12-24_금융안정보고서(2024년 12월)/현안1. 금리 인하기 금융안정 리스크 평가 및 시사점_F.pdf,5,제목·계열·직접 인용의 해석 근거 부족; 번호 직결 인용 없음 또는 문장 조각·중복 배정 제외
BOK-20241224-01fdc1c04384-그림-37673cfeebf36618,금융안정보고서 2024년 12월,그림,III-1-6,금리 인하기 금융취약성지수 변화1),설명,research/bok-archive/02-금융안정보고서/2024-12-24_금융안정보고서(2024년 12월)/금융안정보고서(2024년 12월)_FFF.pdf,112,번호 직결 인용 없음 또는 문장 조각·중복 배정 제외
BOK-20241224-01fdc1c04384-그림-75048310d51f546c,금융안정보고서 2024년 12월,그림,III-1-7,금리 인하기 거시건전성 규제 상황별,데이터 형태; 분석 목적; 통계기법·지수,research/bok-archive/02-금융안정보고서/2024-12-24_금융안정보고서(2024년 12월)/금융안정보고서(2024년 12월)_FFF.pdf,112,제목·계열·직접 인용의 해석 근거 부족
BOK-20241224-01fdc1c04384-그림-e3dc082f1457d0b0,금융안정보고서 2024년 12월,그림,III-1-7,금리 인하기 거시건전성 규제 상황별,데이터 형태; 분석 목적; 통계기법·지수; 설명,research/bok-archive/02-금융안정보고서/2024-12-24_금융안정보고서(2024년 12월)/현안1. 금리 인하기 금융안정 리스크 평가 및 시사점_F.pdf,6,제목·계열·직접 인용의 해석 근거 부족; 번호 직결 인용 없음 또는 문장 조각·중복 배정 제외
BOK-20241224-01fdc1c04384-그림-6f1209e72e53a3fd,금융안정보고서 2024년 12월,그림,III-1-7-104,불명,제목; 사용 데이터·출처; 단위; 데이터 형태; 종류; 분석 목적; 통계기법·지수; 설명,불명,불명,허용 종류로 판별 불가 또는 표 구조 미확인; 제목·계열·직접 인용의 해석 근거 부족; 번호 직결 인용 없음 또는 문장 조각·중복 배정 제외
BOK-20241224-01fdc1c04384-그림-c7dab1ba8ebf8858,금융안정보고서 2024년 12월,그림,III-1-8,기준금리 수준 및 주택 거래대금 규모1),통계기법·지수,research/bok-archive/02-금융안정보고서/2024-12-24_금융안정보고서(2024년 12월)/금융안정보고서(2024년 12월)_FFF.pdf,113,출처·단위·데이터 형태 등 미확인
BOK-20241224-01fdc1c04384-그림-fd7c79cc97d9d424,금융안정보고서 2024년 12월,그림,III-1-8,기준금리 수준 및 주택 거래대금 규모1),통계기법·지수; 설명,research/bok-archive/02-금융안정보고서/2024-12-24_금융안정보고서(2024년 12월)/현안1. 금리 인하기 금융안정 리스크 평가 및 시사점_F.pdf,7,번호 직결 인용 없음 또는 문장 조각·중복 배정 제외
BOK-20241224-01fdc1c04384-그림-b76a71c3b75d409d,금융안정보고서 2024년 12월,그림,III-1-9,금리 인하기 업종별 대출집중도 변화,단위; 통계기법·지수; 설명,research/bok-archive/02-금융안정보고서/2024-12-24_금융안정보고서(2024년 12월)/금융안정보고서(2024년 12월)_FFF.pdf,113,번호 직결 인용 없음 또는 문장 조각·중복 배정 제외
BOK-20241224-01fdc1c04384-그림-eaa195c75aca5987,금융안정보고서 2024년 12월,그림,III-1-10,예금취급기관 업권별 대출 변화1) 추이2),데이터 형태; 통계기법·지수; 설명,research/bok-archive/02-금융안정보고서/2024-12-24_금융안정보고서(2024년 12월)/금융안정보고서(2024년 12월)_FFF.pdf,114,번호 직결 인용 없음 또는 문장 조각·중복 배정 제외
BOK-20241224-01fdc1c04384-그림-6b55c190da06ac09,금융안정보고서 2024년 12월,그림,III-1-10,예금취급기관 업권별 대출 변화1) 추이2),데이터 형태; 통계기법·지수,research/bok-archive/02-금융안정보고서/2024-12-24_금융안정보고서(2024년 12월)/현안1. 금리 인하기 금융안정 리스크 평가 및 시사점_F.pdf,8,출처·단위·데이터 형태 등 미확인
BOK-20241224-01fdc1c04384-그림-0d8b80b7b734938f,금융안정보고서 2024년 12월,그림,III-1-11,과거 통화정책 전환기 가계대출 금리 추이1),데이터 형태; 통계기법·지수,research/bok-archive/02-금융안정보고서/2024-12-24_금융안정보고서(2024년 12월)/금융안정보고서(2024년 12월)_FFF.pdf,115,출처·단위·데이터 형태 등 미확인
BOK-20241224-01fdc1c04384-그림-0f2fd8386672c946,금융안정보고서 2024년 12월,그림,III-1-11,과거 통화정책 전환기 가계대출 금리 추이1),데이터 형태; 통계기법·지수; 설명,research/bok-archive/02-금융안정보고서/2024-12-24_금융안정보고서(2024년 12월)/현안1. 금리 인하기 금융안정 리스크 평가 및 시사점_F.pdf,9,번호 직결 인용 없음 또는 문장 조각·중복 배정 제외
BOK-20241224-01fdc1c04384-그림-5858c03d409e021f,금융안정보고서 2024년 12월,그림,III-1-12,거시건전성 규제강화와 가계대출 증가율 간,데이터 형태; 분석 목적; 설명,research/bok-archive/02-금융안정보고서/2024-12-24_금융안정보고서(2024년 12월)/금융안정보고서(2024년 12월)_FFF.pdf,116,제목·계열·직접 인용의 해석 근거 부족; 번호 직결 인용 없음 또는 문장 조각·중복 배정 제외
BOK-20241224-01fdc1c04384-그림-efce971a4963d4b1,금융안정보고서 2024년 12월,그림,III-1-12,거시건전성 규제강화와 가계대출 증가율 간,데이터 형태; 분석 목적; 설명,research/bok-archive/02-금융안정보고서/2024-12-24_금융안정보고서(2024년 12월)/현안1. 금리 인하기 금융안정 리스크 평가 및 시사점_F.pdf,10,제목·계열·직접 인용의 해석 근거 부족; 번호 직결 인용 없음 또는 문장 조각·중복 배정 제외
BOK-20241224-01fdc1c04384-그림-21ab4e5075ca7457,금융안정보고서 2024년 12월,그림,III-1-13,개별 거시건전성 규제강화에 따른,데이터 형태; 분석 목적; 통계기법·지수,research/bok-archive/02-금융안정보고서/2024-12-24_금융안정보고서(2024년 12월)/금융안정보고서(2024년 12월)_FFF.pdf,116,제목·계열·직접 인용의 해석 근거 부족
BOK-20241224-01fdc1c04384-그림-2cb23cbb30ec801e,금융안정보고서 2024년 12월,그림,III-1-13,개별 거시건전성 규제강화에 따른,데이터 형태; 분석 목적; 통계기법·지수; 설명,research/bok-archive/02-금융안정보고서/2024-12-24_금융안정보고서(2024년 12월)/현안1. 금리 인하기 금융안정 리스크 평가 및 시사점_F.pdf,10,제목·계열·직접 인용의 해석 근거 부족; 번호 직결 인용 없음 또는 문장 조각·중복 배정 제외
BOK-20241224-01fdc1c04384-그림-0adba113ff0bb59d,금융안정보고서 2024년 12월,그림,III-1-14,거시건전성 규제강화와 업권별 가계대출 거시경제 여건 변화와 기업의 채무상환능력 간,데이터 형태; 분석 목적; 통계기법·지수; 설명,research/bok-archive/02-금융안정보고서/2024-12-24_금융안정보고서(2024년 12월)/금융안정보고서(2024년 12월)_FFF.pdf,117,제목·계열·직접 인용의 해석 근거 부족; 번호 직결 인용 없음 또는 문장 조각·중복 배정 제외
BOK-20241224-01fdc1c04384-그림-4efe455e8760c67b,금융안정보고서 2024년 12월,그림,III-1-14,거시건전성 규제강화와 업권별 가계대출 거시경제 여건 변화와 기업의 채무상환능력 간,데이터 형태; 분석 목적; 통계기법·지수; 설명,research/bok-archive/02-금융안정보고서/2024-12-24_금융안정보고서(2024년 12월)/현안1. 금리 인하기 금융안정 리스크 평가 및 시사점_F.pdf,11,제목·계열·직접 인용의 해석 근거 부족; 번호 직결 인용 없음 또는 문장 조각·중복 배정 제외
BOK-20241224-01fdc1c04384-그림-5e0739625aa89de5,금융안정보고서 2024년 12월,그림,III-1-15,미 기준금리 및 글로벌 위험선호,통계기법·지수; 설명,research/bok-archive/02-금융안정보고서/2024-12-24_금융안정보고서(2024년 12월)/금융안정보고서(2024년 12월)_FFF.pdf,118,번호 직결 인용 없음 또는 문장 조각·중복 배정 제외
BOK-20241224-01fdc1c04384-그림-730e3d73d1131e21,금융안정보고서 2024년 12월,그림,III-1-15,미 기준금리 및 글로벌 위험선호 7 7,분석 목적; 통계기법·지수; 설명,research/bok-archive/02-금융안정보고서/2024-12-24_금융안정보고서(2024년 12월)/현안1. 금리 인하기 금융안정 리스크 평가 및 시사점_F.pdf,12,제목·계열·직접 인용의 해석 근거 부족; 번호 직결 인용 없음 또는 문장 조각·중복 배정 제외
BOK-20241224-01fdc1c04384-그림-ca91e64a4d689b83,금융안정보고서 2024년 12월,그림,III-1-16,해외 및 가상자산 투자,설명,research/bok-archive/02-금융안정보고서/2024-12-24_금융안정보고서(2024년 12월)/현안1. 금리 인하기 금융안정 리스크 평가 및 시사점_F.pdf,12,번호 직결 인용 없음 또는 문장 조각·중복 배정 제외
BOK-20241224-01fdc1c04384-그림-bcb9e67dbfa0d520,금융안정보고서 2024년 12월,그림,III-1-17,비은행금융중개(NBFI) 증가율1),데이터 형태; 설명,research/bok-archive/02-금융안정보고서/2024-12-24_금융안정보고서(2024년 12월)/금융안정보고서(2024년 12월)_FFF.pdf,119,번호 직결 인용 없음 또는 문장 조각·중복 배정 제외
BOK-20241224-01fdc1c04384-그림-120eb19ebabd67f0,금융안정보고서 2024년 12월,그림,III-1-17,비은행금융중개(NBFI) 증가율1),데이터 형태; 설명,research/bok-archive/02-금융안정보고서/2024-12-24_금융안정보고서(2024년 12월)/현안1. 금리 인하기 금융안정 리스크 평가 및 시사점_F.pdf,13,번호 직결 인용 없음 또는 문장 조각·중복 배정 제외
BOK-20241224-01fdc1c04384-그림-cb5b2467e6e1333a,금융안정보고서 2024년 12월,그림,III-1-18,FVI 및 GaR1) 추이와 GDP 예상분포2),설명,research/bok-archive/02-금융안정보고서/2024-12-24_금융안정보고서(2024년 12월)/금융안정보고서(2024년 12월)_FFF.pdf,120,번호 직결 인용 없음 또는 문장 조각·중복 배정 제외
BOK-20241224-01fdc1c04384-그림-a06bd90616eb7151,금융안정보고서 2024년 12월,그림,III-2-1,가계부채 유형별 잔액1),데이터 형태; 설명,research/bok-archive/02-금융안정보고서/2024-12-24_금융안정보고서(2024년 12월)/금융안정보고서(2024년 12월)_FFF.pdf,123,번호 직결 인용 없음 또는 문장 조각·중복 배정 제외
BOK-20241224-01fdc1c04384-그림-f4364acd9c07d239,금융안정보고서 2024년 12월,그림,III-2-1,가계부채 유형별 잔액1),데이터 형태; 설명,research/bok-archive/02-금융안정보고서/2024-12-24_금융안정보고서(2024년 12월)/현안2. 최근 가계부채 현황 및 잠재리스크 점검_F.pdf,3,번호 직결 인용 없음 또는 문장 조각·중복 배정 제외
BOK-20241224-01fdc1c04384-그림-fc4709b0e9c252b5,금융안정보고서 2024년 12월,그림,III-2-2,대출유형별 가계대출 비중1),설명,research/bok-archive/02-금융안정보고서/2024-12-24_금융안정보고서(2024년 12월)/현안2. 최근 가계부채 현황 및 잠재리스크 점검_F.pdf,4,번호 직결 인용 없음 또는 문장 조각·중복 배정 제외
BOK-20241224-01fdc1c04384-그림-dd50fab2019a9f75,금융안정보고서 2024년 12월,그림,III-2-4,주택담보대출 만기 비중,설명,research/bok-archive/02-금융안정보고서/2024-12-24_금융안정보고서(2024년 12월)/금융안정보고서(2024년 12월)_FFF.pdf,125,번호 직결 인용 없음 또는 문장 조각·중복 배정 제외
BOK-20241224-01fdc1c04384-그림-8474b20d20a7c912,금융안정보고서 2024년 12월,그림,III-2-4,주택담보대출 만기1) 비중 LTV1) LTI 요,데이터 형태; 분석 목적; 설명,research/bok-archive/02-금융안정보고서/2024-12-24_금융안정보고서(2024년 12월)/현안2. 최근 가계부채 현황 및 잠재리스크 점검_F.pdf,5,제목·계열·직접 인용의 해석 근거 부족; 번호 직결 인용 없음 또는 문장 조각·중복 배정 제외
BOK-20241224-01fdc1c04384-그림-9a01202655e71ff6,금융안정보고서 2024년 12월,그림,III-2-5,가계부채의 담보여력 및 상환부담,통계기법·지수; 설명,research/bok-archive/02-금융안정보고서/2024-12-24_금융안정보고서(2024년 12월)/금융안정보고서(2024년 12월)_FFF.pdf,125,번호 직결 인용 없음 또는 문장 조각·중복 배정 제외
BOK-20241224-01fdc1c04384-그림-95054a359f1f77cd,금융안정보고서 2024년 12월,그림,III-2-5,가계부채의 담보여력 및 상환부담,통계기법·지수; 설명,research/bok-archive/02-금융안정보고서/2024-12-24_금융안정보고서(2024년 12월)/현안2. 최근 가계부채 현황 및 잠재리스크 점검_F.pdf,5,번호 직결 인용 없음 또는 문장 조각·중복 배정 제외
BOK-20241224-01fdc1c04384-그림-76a40b089324153b,금융안정보고서 2024년 12월,그림,III-2-6,연령별 가계대출 비중1) (%) (%) (%) (%),설명,research/bok-archive/02-금융안정보고서/2024-12-24_금융안정보고서(2024년 12월)/현안2. 최근 가계부채 현황 및 잠재리스크 점검_F.pdf,6,번호 직결 인용 없음 또는 문장 조각·중복 배정 제외
BOK-20241224-01fdc1c04384-그림-afd291bef0248654,금융안정보고서 2024년 12월,그림,III-2-7,신용도별·소득수준별 가계대출 비중1),설명,research/bok-archive/02-금융안정보고서/2024-12-24_금융안정보고서(2024년 12월)/금융안정보고서(2024년 12월)_FFF.pdf,126,번호 직결 인용 없음 또는 문장 조각·중복 배정 제외
BOK-20241224-01fdc1c04384-그림-6a39604b86f7e390,금융안정보고서 2024년 12월,그림,III-2-7,신용도별·소득수준별 가계대출 비중1),설명,research/bok-archive/02-금융안정보고서/2024-12-24_금융안정보고서(2024년 12월)/현안2. 최근 가계부채 현황 및 잠재리스크 점검_F.pdf,6,번호 직결 인용 없음 또는 문장 조각·중복 배정 제외
BOK-20241224-01fdc1c04384-그림-e9e0e073af830fc4,금융안정보고서 2024년 12월,그림,III-2-8,금융업권별 가계대출 비중1) 주,설명,research/bok-archive/02-금융안정보고서/2024-12-24_금융안정보고서(2024년 12월)/현안2. 최근 가계부채 현황 및 잠재리스크 점검_F.pdf,7,번호 직결 인용 없음 또는 문장 조각·중복 배정 제외
BOK-20241224-01fdc1c04384-그림-dd3a1c2f73bec974,금융안정보고서 2024년 12월,그림,III-2-9,연체가구 비중1),설명,research/bok-archive/02-금융안정보고서/2024-12-24_금융안정보고서(2024년 12월)/금융안정보고서(2024년 12월)_FFF.pdf,128,번호 직결 인용 없음 또는 문장 조각·중복 배정 제외
BOK-20241224-01fdc1c04384-그림-e2c42f55fa208d9b,금융안정보고서 2024년 12월,그림,III-2-9,연체가구 비중1),설명,research/bok-archive/02-금융안정보고서/2024-12-24_금융안정보고서(2024년 12월)/현안2. 최근 가계부채 현황 및 잠재리스크 점검_F.pdf,8,번호 직결 인용 없음 또는 문장 조각·중복 배정 제외
BOK-20241224-01fdc1c04384-그림-c3e26e91c96bf554,금융안정보고서 2024년 12월,그림,III-2-10,심각 시나리오 가정시 가구 특성별 가구 비중이 0.8%포인트 가량 상승하는 데 그쳤,데이터 형태; 분석 목적,research/bok-archive/02-금융안정보고서/2024-12-24_금융안정보고서(2024년 12월)/현안2. 최근 가계부채 현황 및 잠재리스크 점검_F.pdf,9,제목·계열·직접 인용의 해석 근거 부족
BOK-20241224-01fdc1c04384-그림-f1536851cdea3b67,금융안정보고서 2024년 12월,그림,III-2-10,심각 시나리오 가정시 가구 특성별 연체가구 비중,설명,research/bok-archive/02-금융안정보고서/2024-12-24_금융안정보고서(2024년 12월)/금융안정보고서(2024년 12월)_FFF.pdf,129,번호 직결 인용 없음 또는 문장 조각·중복 배정 제외
BOK-20241224-01fdc1c04384-그림-e14a8e227608a331,금융안정보고서 2024년 12월,그림,III-2-11,심각 시나리오 가정시 보유 대출 특성별 연체가구 비중 121 계,데이터 형태; 분석 목적; 설명,research/bok-archive/02-금융안정보고서/2024-12-24_금융안정보고서(2024년 12월)/금융안정보고서(2024년 12월)_FFF.pdf,129,제목·계열·직접 인용의 해석 근거 부족; 번호 직결 인용 없음 또는 문장 조각·중복 배정 제외
BOK-20241224-01fdc1c04384-그림-bdb1c630d17de210,금융안정보고서 2024년 12월,그림,III-2-12,시나리오별 자본비율1)2) 변화,설명,research/bok-archive/02-금융안정보고서/2024-12-24_금융안정보고서(2024년 12월)/현안2. 최근 가계부채 현황 및 잠재리스크 점검_F.pdf,10,번호 직결 인용 없음 또는 문장 조각·중복 배정 제외
BOK-20241224-01fdc1c04384-그림-3a64907bb7bcbd30,금융안정보고서 2024년 12월,그림,III-2-13,가계소비여력,설명,research/bok-archive/02-금융안정보고서/2024-12-24_금융안정보고서(2024년 12월)/금융안정보고서(2024년 12월)_FFF.pdf,131,번호 직결 인용 없음 또는 문장 조각·중복 배정 제외
BOK-20241224-01fdc1c04384-그림-9c4e79397e614461,금융안정보고서 2024년 12월,그림,III-2-13,가계소비여력1) 22 21.4 22,분석 목적; 통계기법·지수; 설명,research/bok-archive/02-금융안정보고서/2024-12-24_금융안정보고서(2024년 12월)/현안2. 최근 가계부채 현황 및 잠재리스크 점검_F.pdf,11,제목·계열·직접 인용의 해석 근거 부족; 번호 직결 인용 없음 또는 문장 조각·중복 배정 제외
BOK-20241224-01fdc1c04384-그림-456fe7e0738ee1e7,금융안정보고서 2024년 12월,그림,III-2-14,소득계층별 LTI,설명,research/bok-archive/02-금융안정보고서/2024-12-24_금융안정보고서(2024년 12월)/금융안정보고서(2024년 12월)_FFF.pdf,131,번호 직결 인용 없음 또는 문장 조각·중복 배정 제외
BOK-20241224-01fdc1c04384-그림-4307d531d64ed18c,금융안정보고서 2024년 12월,그림,III-2-14,"소득계층별1) LTI 국과 비교하여 상당히 높은 편이다. 미국, 일본,",데이터 형태; 분석 목적; 통계기법·지수,research/bok-archive/02-금융안정보고서/2024-12-24_금융안정보고서(2024년 12월)/현안2. 최근 가계부채 현황 및 잠재리스크 점검_F.pdf,11,제목·계열·직접 인용의 해석 근거 부족
BOK-20241224-01fdc1c04384-그림-bca4093d185c0a23,금융안정보고서 2024년 12월,그림,III-2-15,DSR 임계수준 초과 가구 비중1),설명,research/bok-archive/02-금융안정보고서/2024-12-24_금융안정보고서(2024년 12월)/현안2. 최근 가계부채 현황 및 잠재리스크 점검_F.pdf,11,번호 직결 인용 없음 또는 문장 조각·중복 배정 제외
BOK-20241224-01fdc1c04384-그림-636f6e3ac8c43ab2,금융안정보고서 2024년 12월,그림,III-2-16,주요국 연령대별 부채/소득 비율1) 및,데이터 형태; 분석 목적; 설명,research/bok-archive/02-금융안정보고서/2024-12-24_금융안정보고서(2024년 12월)/현안2. 최근 가계부채 현황 및 잠재리스크 점검_F.pdf,11,제목·계열·직접 인용의 해석 근거 부족; 번호 직결 인용 없음 또는 문장 조각·중복 배정 제외
BOK-20241224-01fdc1c04384-그림-488c4f810c5992bf,금융안정보고서 2024년 12월,그림,III-2-17,고령차주 주택담보대출,통계기법·지수,research/bok-archive/02-금융안정보고서/2024-12-24_금융안정보고서(2024년 12월)/금융안정보고서(2024년 12월)_FFF.pdf,132,출처·단위·데이터 형태 등 미확인
BOK-20241224-01fdc1c04384-그림-62c14a31e9a070f3,금융안정보고서 2024년 12월,그림,III-2-17,고령차주 주택담보대출,통계기법·지수; 설명,research/bok-archive/02-금융안정보고서/2024-12-24_금융안정보고서(2024년 12월)/현안2. 최근 가계부채 현황 및 잠재리스크 점검_F.pdf,12,번호 직결 인용 없음 또는 문장 조각·중복 배정 제외
BOK-20241224-01fdc1c04384-그림-aec60f3e4bc1f980,금융안정보고서 2024년 12월,그림,III-2-19,전세자금대출에 대한 공적보증 공급액 적인 시계에서 소득 및 자산가격 충격 등에 취 근,데이터 형태; 분석 목적; 통계기법·지수; 설명,research/bok-archive/02-금융안정보고서/2024-12-24_금융안정보고서(2024년 12월)/현안2. 최근 가계부채 현황 및 잠재리스크 점검_F.pdf,13,제목·계열·직접 인용의 해석 근거 부족; 번호 직결 인용 없음 또는 문장 조각·중복 배정 제외
BOK-20241224-01fdc1c04384-그림-1577b847f0007da1,금융안정보고서 2024년 12월,그림,III-2-19,전세자금대출에 대한 공적보증 공급액 추이,통계기법·지수,research/bok-archive/02-금융안정보고서/2024-12-24_금융안정보고서(2024년 12월)/금융안정보고서(2024년 12월)_FFF.pdf,133,출처·단위·데이터 형태 등 미확인
BOK-20241224-01fdc1c04384-그림-e7bade30223954fd,금융안정보고서 2024년 12월,그림,불명,10월 기준금리 인하 전후 은행 여수신금리,번호; 통계기법·지수; 설명,불명,불명,번호 미확인; 캡션 또는 비결과물 오탐 여부 검수; 번호 직결 인용 없음 또는 문장 조각·중복 배정 제외
BOK-20241224-01fdc1c04384-그림-b955f963366b0bf3,금융안정보고서 2024년 12월,그림,불명,2차 사업성 평가 결과,번호; 통계기법·지수; 설명,불명,불명,번호 미확인; 캡션 또는 비결과물 오탐 여부 검수; 번호 직결 인용 없음 또는 문장 조각·중복 배정 제외
BOK-20241224-01fdc1c04384-그림-7767af1c519e9cb5,금융안정보고서 2024년 12월,그림,불명,DSR 임계수준 초과 가구 비중,번호; 설명,research/bok-archive/02-금융안정보고서/2024-12-24_금융안정보고서(2024년 12월)/현안2. 최근 가계부채 현황 및 잠재리스크 점검_F.pdf,11,번호 미확인; 캡션 또는 비결과물 오탐 여부 검수; 번호 직결 인용 없음 또는 문장 조각·중복 배정 제외
BOK-20241224-01fdc1c04384-그림-73e95a5c936fab66,금융안정보고서 2024년 12월,그림,불명,FVI 및 GaR 추이와 GDP 예상분포,번호; 설명,research/bok-archive/02-금융안정보고서/2024-12-24_금융안정보고서(2024년 12월)/현안1. 금리 인하기 금융안정 리스크 평가 및 시사점_F.pdf,14,번호 미확인; 캡션 또는 비결과물 오탐 여부 검수; 번호 직결 인용 없음 또는 문장 조각·중복 배정 제외
BOK-20241224-01fdc1c04384-그림-c4e2b720f7949bcd,금융안정보고서 2024년 12월,그림,불명,PF-ABCP 발행금리 및 부동산PF 대출 연체율,번호; 설명,불명,불명,번호 미확인; 캡션 또는 비결과물 오탐 여부 검수; 번호 직결 인용 없음 또는 문장 조각·중복 배정 제외
BOK-20241224-01fdc1c04384-그림-9f74ba7331dceaa9,금융안정보고서 2024년 12월,그림,불명,WGBI 편입 이후 외국인의 국채투자,번호; 통계기법·지수; 설명,불명,불명,번호 미확인; 캡션 또는 비결과물 오탐 여부 검수; 번호 직결 인용 없음 또는 문장 조각·중복 배정 제외
BOK-20241224-01fdc1c04384-그림-80c5d028c3214072,금융안정보고서 2024년 12월,그림,불명,가계부채 유형별 잔액,번호; 설명,research/bok-archive/02-금융안정보고서/2024-12-24_금융안정보고서(2024년 12월)/현안2. 최근 가계부채 현황 및 잠재리스크 점검_F.pdf,3,번호 미확인; 캡션 또는 비결과물 오탐 여부 검수; 번호 직결 인용 없음 또는 문장 조각·중복 배정 제외
BOK-20241224-01fdc1c04384-그림-e1777f6899100050,금융안정보고서 2024년 12월,그림,불명,가계부채의 담보여력 및 상환부담,번호; 설명,research/bok-archive/02-금융안정보고서/2024-12-24_금융안정보고서(2024년 12월)/현안2. 최근 가계부채 현황 및 잠재리스크 점검_F.pdf,5,번호 미확인; 캡션 또는 비결과물 오탐 여부 검수; 번호 직결 인용 없음 또는 문장 조각·중복 배정 제외
BOK-20241224-01fdc1c04384-그림-2d8c655452d73328,금융안정보고서 2024년 12월,그림,불명,가계신용,번호; 설명,불명,불명,번호 미확인; 캡션 또는 비결과물 오탐 여부 검수; 번호 직결 인용 없음 또는 문장 조각·중복 배정 제외
BOK-20241224-01fdc1c04384-그림-c07fbdcb20caf881,금융안정보고서 2024년 12월,그림,불명,건설사 책임준공 약정 현황,번호; 설명,불명,불명,번호 미확인; 캡션 또는 비결과물 오탐 여부 검수; 번호 직결 인용 없음 또는 문장 조각·중복 배정 제외
BOK-20241224-01fdc1c04384-그림-f010163ca19f9f0a,금융안정보고서 2024년 12월,그림,불명,고령차주 주택담보대출,번호; 설명,research/bok-archive/02-금융안정보고서/2024-12-24_금융안정보고서(2024년 12월)/현안2. 최근 가계부채 현황 및 잠재리스크 점검_F.pdf,12,번호 미확인; 캡션 또는 비결과물 오탐 여부 검수; 번호 직결 인용 없음 또는 문장 조각·중복 배정 제외
BOK-20241224-01fdc1c04384-그림-fe28933a8bddd733,금융안정보고서 2024년 12월,그림,불명,과거 통화정책 전환기 가계대출 금리 추이,번호; 통계기법·지수; 설명,research/bok-archive/02-금융안정보고서/2024-12-24_금융안정보고서(2024년 12월)/현안1. 금리 인하기 금융안정 리스크 평가 및 시사점_F.pdf,9,번호 미확인; 캡션 또는 비결과물 오탐 여부 검수; 번호 직결 인용 없음 또는 문장 조각·중복 배정 제외
BOK-20241224-01fdc1c04384-그림-71a72b0eff7eb48b,금융안정보고서 2024년 12월,그림,불명,"국고채금리 · 신용 스프레드, 주택가격 상승률",번호; 설명,불명,불명,번호 미확인; 캡션 또는 비결과물 오탐 여부 검수; 번호 직결 인용 없음 또는 문장 조각·중복 배정 제외
BOK-20241224-01fdc1c04384-그림-71c34d93aa31f366,금융안정보고서 2024년 12월,그림,불명,국내 NBFI 증가 추이,번호; 통계기법·지수; 설명,불명,불명,번호 미확인; 캡션 또는 비결과물 오탐 여부 검수; 번호 직결 인용 없음 또는 문장 조각·중복 배정 제외
BOK-20241224-01fdc1c04384-그림-a96e537876db3b90,금융안정보고서 2024년 12월,그림,불명,금리 인하기 금융취약성지수 변화,번호; 설명,research/bok-archive/02-금융안정보고서/2024-12-24_금융안정보고서(2024년 12월)/현안1. 금리 인하기 금융안정 리스크 평가 및 시사점_F.pdf,6,번호 미확인; 캡션 또는 비결과물 오탐 여부 검수; 번호 직결 인용 없음 또는 문장 조각·중복 배정 제외
BOK-20241224-01fdc1c04384-그림-61d9d2058c314750,금융안정보고서 2024년 12월,그림,불명,금융기관 자본적정성 비율 및 금융기관 유동성 비율,번호; 설명,불명,불명,번호 미확인; 캡션 또는 비결과물 오탐 여부 검수; 번호 직결 인용 없음 또는 문장 조각·중복 배정 제외
BOK-20241224-01fdc1c04384-그림-3e164d9a36681fbe,금융안정보고서 2024년 12월,그림,불명,금융불안지수(FSI) 및 금융취약성지수(FVI),번호; 설명,불명,불명,번호 미확인; 캡션 또는 비결과물 오탐 여부 검수; 번호 직결 인용 없음 또는 문장 조각·중복 배정 제외
BOK-20241224-01fdc1c04384-그림-e8281ebdfeb12658,금융안정보고서 2024년 12월,그림,불명,금융업권별 가계대출 비중,번호; 설명,research/bok-archive/02-금융안정보고서/2024-12-24_금융안정보고서(2024년 12월)/현안2. 최근 가계부채 현황 및 잠재리스크 점검_F.pdf,7,번호 미확인; 캡션 또는 비결과물 오탐 여부 검수; 번호 직결 인용 없음 또는 문장 조각·중복 배정 제외
BOK-20241224-01fdc1c04384-그림-a96430cebfc54031,금융안정보고서 2024년 12월,그림,불명,금융업권별 고정이하여신비율,번호; 설명,불명,불명,번호 미확인; 캡션 또는 비결과물 오탐 여부 검수; 번호 직결 인용 없음 또는 문장 조각·중복 배정 제외
BOK-20241224-01fdc1c04384-그림-3deac6887d02b132,금융안정보고서 2024년 12월,그림,불명,금융업권별 자영업자 대출 추이,번호; 설명,불명,불명,번호 미확인; 캡션 또는 비결과물 오탐 여부 검수; 번호 직결 인용 없음 또는 문장 조각·중복 배정 제외
BOK-20241224-01fdc1c04384-그림-ebec4405d428e94f,금융안정보고서 2024년 12월,그림,불명,기업의 직접금융시장 조달 동향,번호; 설명,research/bok-archive/02-금융안정보고서/2024-12-24_금융안정보고서(2024년 12월)/금융안정보고서(2024년 12월)_FFF.pdf,27,번호 미확인; 캡션 또는 비결과물 오탐 여부 검수; 번호 직결 인용 없음 또는 문장 조각·중복 배정 제외
BOK-20241224-01fdc1c04384-그림-23d4b1f040cc5b73,금융안정보고서 2024년 12월,그림,불명,기준금리 수준 및 주택 거래대금 규모,번호; 통계기법·지수; 설명,research/bok-archive/02-금융안정보고서/2024-12-24_금융안정보고서(2024년 12월)/현안1. 금리 인하기 금융안정 리스크 평가 및 시사점_F.pdf,7,번호 미확인; 캡션 또는 비결과물 오탐 여부 검수; 번호 직결 인용 없음 또는 문장 조각·중복 배정 제외
BOK-20241224-01fdc1c04384-그림-b90a0393258afd4c,금융안정보고서 2024년 12월,그림,불명,기준금리 인하 이전 은행 대출금리 변동,번호; 통계기법·지수; 설명,불명,불명,번호 미확인; 캡션 또는 비결과물 오탐 여부 검수; 번호 직결 인용 없음 또는 문장 조각·중복 배정 제외
BOK-20241224-01fdc1c04384-그림-9f2baf8f0fa9741e,금융안정보고서 2024년 12월,그림,불명,기준금리와 은행 여수신금리 추이,번호; 통계기법·지수; 설명,불명,불명,번호 미확인; 캡션 또는 비결과물 오탐 여부 검수; 번호 직결 인용 없음 또는 문장 조각·중복 배정 제외
BOK-20241224-01fdc1c04384-그림-87e45ceb074cab31,금융안정보고서 2024년 12월,그림,불명,대출유형별 가계대출 비중,번호; 설명,research/bok-archive/02-금융안정보고서/2024-12-24_금융안정보고서(2024년 12월)/현안2. 최근 가계부채 현황 및 잠재리스크 점검_F.pdf,4,번호 미확인; 캡션 또는 비결과물 오탐 여부 검수; 번호 직결 인용 없음 또는 문장 조각·중복 배정 제외
BOK-20241224-01fdc1c04384-그림-8f235c675a3646e6,금융안정보고서 2024년 12월,그림,불명,미 달러화 대비 절상 · 절하율 및 외국인 증권투자자금 증감,번호; 통계기법·지수; 설명,불명,불명,번호 미확인; 캡션 또는 비결과물 오탐 여부 검수; 번호 직결 인용 없음 또는 문장 조각·중복 배정 제외
BOK-20241224-01fdc1c04384-그림-cab3e8a953405030,금융안정보고서 2024년 12월,그림,불명,미분양 및 초기분양률,번호; 설명,불명,불명,번호 미확인; 캡션 또는 비결과물 오탐 여부 검수; 번호 직결 인용 없음 또는 문장 조각·중복 배정 제외
BOK-20241224-01fdc1c04384-그림-9bfcbf356beb16b3,금융안정보고서 2024년 12월,그림,불명,"민간신용 레버리지, 가계 및 기업대출 연체율",번호; 설명,불명,불명,번호 미확인; 캡션 또는 비결과물 오탐 여부 검수; 번호 직결 인용 없음 또는 문장 조각·중복 배정 제외
BOK-20241224-01fdc1c04384-그림-368db14fe12927c1,금융안정보고서 2024년 12월,그림,불명,보험회사 외환위험액 추이,번호; 설명,불명,불명,번호 미확인; 캡션 또는 비결과물 오탐 여부 검수; 번호 직결 인용 없음 또는 문장 조각·중복 배정 제외
BOK-20241224-01fdc1c04384-그림-dc97dd8c5e0e0e16,금융안정보고서 2024년 12월,그림,불명,부동산 유형별 가격 상승률 및 착공물량,번호; 설명,불명,불명,번호 미확인; 캡션 또는 비결과물 오탐 여부 검수; 번호 직결 인용 없음 또는 문장 조각·중복 배정 제외
BOK-20241224-01fdc1c04384-그림-7e058c7ef16346a1,금융안정보고서 2024년 12월,그림,불명,시나리오별 자본비율 변화,번호; 설명,research/bok-archive/02-금융안정보고서/2024-12-24_금융안정보고서(2024년 12월)/현안2. 최근 가계부채 현황 및 잠재리스크 점검_F.pdf,10,번호 미확인; 캡션 또는 비결과물 오탐 여부 검수; 번호 직결 인용 없음 또는 문장 조각·중복 배정 제외
BOK-20241224-01fdc1c04384-그림-66af59a4e07be9fe,금융안정보고서 2024년 12월,그림,불명,신용도별 · 소득수준별 가계대출 비중,번호; 설명,research/bok-archive/02-금융안정보고서/2024-12-24_금융안정보고서(2024년 12월)/현안2. 최근 가계부채 현황 및 잠재리스크 점검_F.pdf,6,번호 미확인; 캡션 또는 비결과물 오탐 여부 검수; 번호 직결 인용 없음 또는 문장 조각·중복 배정 제외
BOK-20241224-01fdc1c04384-그림-a065a187f722aded,금융안정보고서 2024년 12월,그림,불명,심각 시나리오 가정시 보유 대출 특성별 연체가구 비중,번호; 설명,research/bok-archive/02-금융안정보고서/2024-12-24_금융안정보고서(2024년 12월)/현안2. 최근 가계부채 현황 및 잠재리스크 점검_F.pdf,9,번호 미확인; 캡션 또는 비결과물 오탐 여부 검수; 번호 직결 인용 없음 또는 문장 조각·중복 배정 제외
BOK-20241224-01fdc1c04384-그림-52f7a8d512091fa1,금융안정보고서 2024년 12월,그림,불명,연령별 가계대출 비중,번호; 설명,research/bok-archive/02-금융안정보고서/2024-12-24_금융안정보고서(2024년 12월)/현안2. 최근 가계부채 현황 및 잠재리스크 점검_F.pdf,6,번호 미확인; 캡션 또는 비결과물 오탐 여부 검수; 번호 직결 인용 없음 또는 문장 조각·중복 배정 제외
BOK-20241224-01fdc1c04384-그림-8e871ffa6b797ed1,금융안정보고서 2024년 12월,그림,불명,연체가구 비중,번호; 설명,불명,불명,번호 미확인; 캡션 또는 비결과물 오탐 여부 검수; 번호 직결 인용 없음 또는 문장 조각·중복 배정 제외
BOK-20241224-01fdc1c04384-그림-829f930ddd61e75b,금융안정보고서 2024년 12월,그림,불명,예금취급기관 업권별 대출 변화 추이,번호; 설명,research/bok-archive/02-금융안정보고서/2024-12-24_금융안정보고서(2024년 12월)/현안1. 금리 인하기 금융안정 리스크 평가 및 시사점_F.pdf,8,번호 미확인; 캡션 또는 비결과물 오탐 여부 검수; 번호 직결 인용 없음 또는 문장 조각·중복 배정 제외
BOK-20241224-01fdc1c04384-그림-400579cafee811f0,금융안정보고서 2024년 12월,그림,불명,우리나라 가계부채 관련 잠재리스크,번호; 설명,불명,불명,번호 미확인; 캡션 또는 비결과물 오탐 여부 검수; 번호 직결 인용 없음 또는 문장 조각·중복 배정 제외
BOK-20241224-01fdc1c04384-그림-8b1f13b9b7e0b078,금융안정보고서 2024년 12월,그림,불명,은행 가계 및 기업 대출금리 추이,번호; 설명,불명,불명,번호 미확인; 캡션 또는 비결과물 오탐 여부 검수; 번호 직결 인용 없음 또는 문장 조각·중복 배정 제외
BOK-20241224-01fdc1c04384-그림-541ef3fb8a6c5ab6,금융안정보고서 2024년 12월,그림,불명,인터넷전문은행의 대출자산 연체율 및 신용등급별 비중,번호; 설명,불명,불명,번호 미확인; 캡션 또는 비결과물 오탐 여부 검수; 번호 직결 인용 없음 또는 문장 조각·중복 배정 제외
BOK-20241224-01fdc1c04384-그림-022c61b37f20ca80,금융안정보고서 2024년 12월,그림,불명,인터넷전문은행의 도입 성과,번호; 통계기법·지수; 설명,불명,불명,번호 미확인; 캡션 또는 비결과물 오탐 여부 검수; 번호 직결 인용 없음 또는 문장 조각·중복 배정 제외
BOK-20241224-01fdc1c04384-그림-42e1a431340b24af,금융안정보고서 2024년 12월,그림,불명,인터넷전문은행의 부실채권 매 · 상각 현황 및 대손충당금적립비율,번호; 설명,불명,불명,번호 미확인; 캡션 또는 비결과물 오탐 여부 검수; 번호 직결 인용 없음 또는 문장 조각·중복 배정 제외
BOK-20241224-01fdc1c04384-그림-fc24eda798c8e437,금융안정보고서 2024년 12월,그림,불명,인터넷전문은행의 수익성 및 모바일뱅킹 현황,번호; 설명,불명,불명,번호 미확인; 캡션 또는 비결과물 오탐 여부 검수; 번호 직결 인용 없음 또는 문장 조각·중복 배정 제외
BOK-20241224-01fdc1c04384-그림-24268e9003426244,금융안정보고서 2024년 12월,그림,불명,인터넷전문은행의 유동성 현황,번호; 설명,불명,불명,번호 미확인; 캡션 또는 비결과물 오탐 여부 검수; 번호 직결 인용 없음 또는 문장 조각·중복 배정 제외
BOK-20241224-01fdc1c04384-그림-b92ad08d6f0a27d3,금융안정보고서 2024년 12월,그림,불명,인터넷전문은행의 자금 운용 현황,번호; 통계기법·지수; 설명,불명,불명,번호 미확인; 캡션 또는 비결과물 오탐 여부 검수; 번호 직결 인용 없음 또는 문장 조각·중복 배정 제외
BOK-20241224-01fdc1c04384-그림-0f57030cb8d2f35b,금융안정보고서 2024년 12월,그림,불명,인터넷전문은행의 자금 조달 현황,번호; 통계기법·지수; 설명,불명,불명,번호 미확인; 캡션 또는 비결과물 오탐 여부 검수; 번호 직결 인용 없음 또는 문장 조각·중복 배정 제외
BOK-20241224-01fdc1c04384-그림-ab2f7519cfbee55f,금융안정보고서 2024년 12월,그림,불명,인터넷전문은행의 자산 및 부채 평균 만기,번호; 설명,불명,불명,번호 미확인; 캡션 또는 비결과물 오탐 여부 검수; 번호 직결 인용 없음 또는 문장 조각·중복 배정 제외
BOK-20241224-01fdc1c04384-그림-5e5cf813e7f0c9c0,금융안정보고서 2024년 12월,그림,불명,일반은행 외화RWA 및 유동성커버리지비율(LCR) 추이,번호; 설명,불명,불명,번호 미확인; 캡션 또는 비결과물 오탐 여부 검수; 번호 직결 인용 없음 또는 문장 조각·중복 배정 제외
BOK-20241224-01fdc1c04384-그림-ef95ef4c0cd5887e,금융안정보고서 2024년 12월,그림,불명,자영업자 대출 연체 현황,번호; 설명,불명,불명,번호 미확인; 캡션 또는 비결과물 오탐 여부 검수; 번호 직결 인용 없음 또는 문장 조각·중복 배정 제외
BOK-20241224-01fdc1c04384-그림-163468f99dcc94c7,금융안정보고서 2024년 12월,그림,불명,자영업자 대출 추이,번호; 설명,불명,불명,번호 미확인; 캡션 또는 비결과물 오탐 여부 검수; 번호 직결 인용 없음 또는 문장 조각·중복 배정 제외
BOK-20241224-01fdc1c04384-그림-b5cd961d862e0127,금융안정보고서 2024년 12월,그림,불명,저축은행 BIS기준 자기자본비율,번호; 설명,불명,불명,번호 미확인; 캡션 또는 비결과물 오탐 여부 검수; 번호 직결 인용 없음 또는 문장 조각·중복 배정 제외
BOK-20241224-01fdc1c04384-그림-a72db8db3422f427,금융안정보고서 2024년 12월,그림,불명,저축은행 수익기반에 따른 위험자산 운용 변화,번호; 설명,불명,불명,번호 미확인; 캡션 또는 비결과물 오탐 여부 검수; 번호 직결 인용 없음 또는 문장 조각·중복 배정 제외
BOK-20241224-01fdc1c04384-그림-5ee4aeb83967ff4c,금융안정보고서 2024년 12월,그림,불명,저축은행 유동성 비율 및 자체보유 유동성,번호; 설명,불명,불명,번호 미확인; 캡션 또는 비결과물 오탐 여부 검수; 번호 직결 인용 없음 또는 문장 조각·중복 배정 제외
BOK-20241224-01fdc1c04384-그림-8066d0cf7a18b4b4,금융안정보고서 2024년 12월,그림,불명,저축은행 자기자본 및 위험가중자산 잔액 추이,번호; 설명,불명,불명,번호 미확인; 캡션 또는 비결과물 오탐 여부 검수; 번호 직결 인용 없음 또는 문장 조각·중복 배정 제외
BOK-20241224-01fdc1c04384-그림-eac2fdf7d4c8d346,금융안정보고서 2024년 12월,그림,불명,저축은행 회전식 정기예금 및 비대면예금 잔액 및 비중,번호; 설명,불명,불명,번호 미확인; 캡션 또는 비결과물 오탐 여부 검수; 번호 직결 인용 없음 또는 문장 조각·중복 배정 제외
BOK-20241224-01fdc1c04384-그림-2a887594df3a5275,금융안정보고서 2024년 12월,그림,불명,저축은행별 자산건전성 및 수익성 변화,번호; 통계기법·지수; 설명,불명,불명,번호 미확인; 캡션 또는 비결과물 오탐 여부 검수; 번호 직결 인용 없음 또는 문장 조각·중복 배정 제외
BOK-20241224-01fdc1c04384-그림-d75ce98333927621,금융안정보고서 2024년 12월,그림,불명,주요국 NBFI 규모,번호; 통계기법·지수; 설명,불명,불명,번호 미확인; 캡션 또는 비결과물 오탐 여부 검수; 번호 직결 인용 없음 또는 문장 조각·중복 배정 제외
BOK-20241224-01fdc1c04384-그림-cde6b843fbd4f350,금융안정보고서 2024년 12월,그림,불명,증권회사 외환위험액 추이,번호; 설명,불명,불명,번호 미확인; 캡션 또는 비결과물 오탐 여부 검수; 번호 직결 인용 없음 또는 문장 조각·중복 배정 제외
BOK-20241224-01fdc1c04384-그림-ad6c4ff1ed8239f9,금융안정보고서 2024년 12월,그림,불명,해외 및 가상자산 투자,번호; 설명,research/bok-archive/02-금융안정보고서/2024-12-24_금융안정보고서(2024년 12월)/현안1. 금리 인하기 금융안정 리스크 평가 및 시사점_F.pdf,12,번호 미확인; 캡션 또는 비결과물 오탐 여부 검수; 번호 직결 인용 없음 또는 문장 조각·중복 배정 제외
BOK-20241224-01fdc1c04384-표-105e780771084f08,금융안정보고서 2024년 12월,표,I-3-1,금융업권 간 업권별 상호거래 규모1)2) 융,종류; 분석 목적; 통계기법·지수; 설명,research/bok-archive/02-금융안정보고서/2024-12-24_금융안정보고서(2024년 12월)/금융안정보고서(2024년 12월)_FFF.pdf,59,허용 종류로 판별 불가 또는 표 구조 미확인; 제목·계열·직접 인용의 해석 근거 부족; 번호 직결 인용 없음 또는 문장 조각·중복 배정 제외
BOK-20241224-01fdc1c04384-표-4f08a7a8ff6052f0,금융안정보고서 2024년 12월,표,I-3-2,상품별 상호거래 규모 0.38,종류; 분석 목적; 통계기법·지수; 설명,research/bok-archive/02-금융안정보고서/2024-12-24_금융안정보고서(2024년 12월)/금융안정보고서(2024년 12월)_FFF.pdf,59,허용 종류로 판별 불가 또는 표 구조 미확인; 제목·계열·직접 인용의 해석 근거 부족; 번호 직결 인용 없음 또는 문장 조각·중복 배정 제외
BOK-20241224-01fdc1c04384-표-4c16baa90ea63dc8,금융안정보고서 2024년 12월,표,II-1-1,일반은행 NSFR1)2)3),데이터 형태; 종류,research/bok-archive/02-금융안정보고서/2024-12-24_금융안정보고서(2024년 12월)/금융안정보고서(2024년 12월)_FFF.pdf,87,허용 종류로 판별 불가 또는 표 구조 미확인
BOK-20241224-01fdc1c04384-표-41a09855258b3c35,금융안정보고서 2024년 12월,표,III-1-1,거시경제 여건 변화에 따른 분위별 이자보상배율 개선 정도,데이터 형태; 종류,research/bok-archive/02-금융안정보고서/2024-12-24_금융안정보고서(2024년 12월)/금융안정보고서(2024년 12월)_FFF.pdf,117,허용 종류로 판별 불가 또는 표 구조 미확인
BOK-20240626-a0cef5a783ee-그림-e430d50567ef34e0,금융안정보고서 2024년 6월,그림,I-1-1,신용시장 상황 변화 지도1),데이터 형태; 종류; 통계기법·지수; 설명,research/bok-archive/02-금융안정보고서/2024-06-26_금융안정보고서(2024년 6월)/금융안정보고서(2024년 6월).pdf,19,허용 종류로 판별 불가 또는 표 구조 미확인; 번호 직결 인용 없음 또는 문장 조각·중복 배정 제외
BOK-20240626-a0cef5a783ee-그림-02f09761c69992dc,금융안정보고서 2024년 6월,그림,I-1-2,가계신용,통계기법·지수; 설명,research/bok-archive/02-금융안정보고서/2024-06-26_금융안정보고서(2024년 6월)/금융안정보고서(2024년 6월).pdf,19,번호 직결 인용 없음 또는 문장 조각·중복 배정 제외
BOK-20240626-a0cef5a783ee-그림-7e64ae71a04c1306,금융안정보고서 2024년 6월,그림,I-1-3,가계대출 대출유형별 변동,통계기법·지수,research/bok-archive/02-금융안정보고서/2024-06-26_금융안정보고서(2024년 6월)/금융안정보고서(2024년 6월).pdf,20,출처·단위·데이터 형태 등 미확인
BOK-20240626-a0cef5a783ee-그림-de1b1e9a4871b069,금융안정보고서 2024년 6월,그림,I-1-4,금융업권별 가계대출 변동 12 록,분석 목적; 통계기법·지수,research/bok-archive/02-금융안정보고서/2024-06-26_금융안정보고서(2024년 6월)/금융안정보고서(2024년 6월).pdf,20,제목·계열·직접 인용의 해석 근거 부족
BOK-20240626-a0cef5a783ee-그림-970c6fae42ffa173,금융안정보고서 2024년 6월,그림,I-1-5,처분가능소득 대비 가계부채 비율,설명,research/bok-archive/02-금융안정보고서/2024-06-26_금융안정보고서(2024년 6월)/금융안정보고서(2024년 6월).pdf,21,번호 직결 인용 없음 또는 문장 조각·중복 배정 제외
BOK-20240626-a0cef5a783ee-그림-cd8b435e91113216,금융안정보고서 2024년 6월,그림,I-1-6,금융자산 대비 금융부채 비율 13 림,분석 목적,research/bok-archive/02-금융안정보고서/2024-06-26_금융안정보고서(2024년 6월)/금융안정보고서(2024년 6월).pdf,21,제목·계열·직접 인용의 해석 근거 부족
BOK-20240626-a0cef5a783ee-그림-29442b79ec3d09c7,금융안정보고서 2024년 6월,그림,I-1-9,은행 및 비은행금융기관 가계대출 연체율,설명,research/bok-archive/02-금융안정보고서/2024-06-26_금융안정보고서(2024년 6월)/금융안정보고서(2024년 6월).pdf,23,번호 직결 인용 없음 또는 문장 조각·중복 배정 제외
BOK-20240626-a0cef5a783ee-그림-572722cc7edc5e4c,금융안정보고서 2024년 6월,그림,I-1-10,금융기관 기업대출,통계기법·지수,research/bok-archive/02-금융안정보고서/2024-06-26_금융안정보고서(2024년 6월)/금융안정보고서(2024년 6월).pdf,24,출처·단위·데이터 형태 등 미확인
BOK-20240626-a0cef5a783ee-그림-d26636b372e6a667,금융안정보고서 2024년 6월,그림,I-1-11,기업규모별 기업대출,설명,research/bok-archive/02-금융안정보고서/2024-06-26_금융안정보고서(2024년 6월)/금융안정보고서(2024년 6월).pdf,25,번호 직결 인용 없음 또는 문장 조각·중복 배정 제외
BOK-20240626-a0cef5a783ee-그림-b1961b8330441d66,금융안정보고서 2024년 6월,그림,I-1-14,기업의 직접금융시장 조달 동향,설명,research/bok-archive/02-금융안정보고서/2024-06-26_금융안정보고서(2024년 6월)/금융안정보고서(2024년 6월).pdf,26,번호 직결 인용 없음 또는 문장 조각·중복 배정 제외
BOK-20240626-a0cef5a783ee-그림-764064efae1b61a1,금융안정보고서 2024년 6월,그림,I-1-15,기업규모별 부채비율,설명,research/bok-archive/02-금융안정보고서/2024-06-26_금융안정보고서(2024년 6월)/금융안정보고서(2024년 6월).pdf,26,번호 직결 인용 없음 또는 문장 조각·중복 배정 제외
BOK-20240626-a0cef5a783ee-그림-e1b41f0be8716d61,금융안정보고서 2024년 6월,그림,I-1-16,기업규모별 매출액증가율 및 매출액영업이익률,설명,research/bok-archive/02-금융안정보고서/2024-06-26_금융안정보고서(2024년 6월)/금융안정보고서(2024년 6월).pdf,27,번호 직결 인용 없음 또는 문장 조각·중복 배정 제외
BOK-20240626-a0cef5a783ee-그림-d14be8b4871c91cc,금융안정보고서 2024년 6월,그림,I-1-19,부문별 신용 레버리지 및 신용 증가율,설명,research/bok-archive/02-금융안정보고서/2024-06-26_금융안정보고서(2024년 6월)/금융안정보고서(2024년 6월).pdf,28,번호 직결 인용 없음 또는 문장 조각·중복 배정 제외
BOK-20240626-a0cef5a783ee-그림-0cf64c9f7e806402,금융안정보고서 2024년 6월,그림,I-1-20,부문별 민간신용/명목GDP 비율 및 갭,설명,research/bok-archive/02-금융안정보고서/2024-06-26_금융안정보고서(2024년 6월)/금융안정보고서(2024년 6월).pdf,29,번호 직결 인용 없음 또는 문장 조각·중복 배정 제외
BOK-20240626-a0cef5a783ee-그림-af036302d2c69c8e,금융안정보고서 2024년 6월,그림,I-2-1,자산시장 상황 변화 지도1) 가지표 둔화 등으로 미국 국채금리와 함께 반,단위; 데이터 형태; 종류; 분석 목적; 통계기법·지수; 설명,research/bok-archive/02-금융안정보고서/2024-06-26_금융안정보고서(2024년 6월)/금융안정보고서(2024년 6월).pdf,35,허용 종류로 판별 불가 또는 표 구조 미확인; 제목·계열·직접 인용의 해석 근거 부족; 번호 직결 인용 없음 또는 문장 조각·중복 배정 제외
BOK-20240626-a0cef5a783ee-그림-bd5947f4975a8def,금융안정보고서 2024년 6월,그림,I-2-3,기준금리 및 국고채 금리,통계기법·지수; 설명,research/bok-archive/02-금융안정보고서/2024-06-26_금융안정보고서(2024년 6월)/금융안정보고서(2024년 6월).pdf,36,번호 직결 인용 없음 또는 문장 조각·중복 배정 제외
BOK-20240626-a0cef5a783ee-그림-61ee8218a0616ab7,금융안정보고서 2024년 6월,그림,I-2-4,회사채 신용스프레드 및 신용등급 간 스프레드,설명,research/bok-archive/02-금융안정보고서/2024-06-26_금융안정보고서(2024년 6월)/금융안정보고서(2024년 6월).pdf,36,번호 직결 인용 없음 또는 문장 조각·중복 배정 제외
BOK-20240626-a0cef5a783ee-그림-94dc16c5c64121d4,금융안정보고서 2024년 6월,그림,I-2-6,회사채 등급별 수요예측참여율,설명,research/bok-archive/02-금융안정보고서/2024-06-26_금융안정보고서(2024년 6월)/금융안정보고서(2024년 6월).pdf,37,번호 직결 인용 없음 또는 문장 조각·중복 배정 제외
BOK-20240626-a0cef5a783ee-그림-6f33af2e5a8593a6,금융안정보고서 2024년 6월,그림,I-2-7,코스피 및 글로벌 주가,설명,research/bok-archive/02-금융안정보고서/2024-06-26_금융안정보고서(2024년 6월)/금융안정보고서(2024년 6월).pdf,38,번호 직결 인용 없음 또는 문장 조각·중복 배정 제외
BOK-20240626-a0cef5a783ee-그림-b8f72dc02bd0d479,금융안정보고서 2024년 6월,그림,I-2-8,주가 변동성 지수,단위,research/bok-archive/02-금융안정보고서/2024-06-26_금융안정보고서(2024년 6월)/금융안정보고서(2024년 6월).pdf,38,출처·단위·데이터 형태 등 미확인
BOK-20240626-a0cef5a783ee-그림-0b4f48b28cdf809a,금융안정보고서 2024년 6월,그림,I-2-10,주요국의 PER 및 PBR,설명,research/bok-archive/02-금융안정보고서/2024-06-26_금융안정보고서(2024년 6월)/금융안정보고서(2024년 6월).pdf,134,번호 직결 인용 없음 또는 문장 조각·중복 배정 제외
BOK-20240626-a0cef5a783ee-그림-e170daea3dcc1cb2,금융안정보고서 2024년 6월,그림,I-2-11,주식 리스크 프리미엄,설명,research/bok-archive/02-금융안정보고서/2024-06-26_금융안정보고서(2024년 6월)/금융안정보고서(2024년 6월).pdf,134,번호 직결 인용 없음 또는 문장 조각·중복 배정 제외
BOK-20240626-a0cef5a783ee-그림-7d2e8e7e2b1cabe3,금융안정보고서 2024년 6월,그림,I-2-12,주택매매가격 추이 및 상승률,설명,research/bok-archive/02-금융안정보고서/2024-06-26_금융안정보고서(2024년 6월)/금융안정보고서(2024년 6월).pdf,134,번호 직결 인용 없음 또는 문장 조각·중복 배정 제외
BOK-20240626-a0cef5a783ee-그림-ebdd5c284c03568c,금융안정보고서 2024년 6월,그림,I-2-13,가격소득비율 및 가격임대료비율,설명,research/bok-archive/02-금융안정보고서/2024-06-26_금융안정보고서(2024년 6월)/금융안정보고서(2024년 6월).pdf,40,번호 직결 인용 없음 또는 문장 조각·중복 배정 제외
BOK-20240626-a0cef5a783ee-그림-c1cbd2d317fc4c32,금융안정보고서 2024년 6월,그림,I-2-15,주택전월세가격 상승률,설명,research/bok-archive/02-금융안정보고서/2024-06-26_금융안정보고서(2024년 6월)/금융안정보고서(2024년 6월).pdf,134,번호 직결 인용 없음 또는 문장 조각·중복 배정 제외
BOK-20240626-a0cef5a783ee-그림-05c3c534f39af5b9,금융안정보고서 2024년 6월,그림,I-2-16,월별 주택전월세거래량,설명,research/bok-archive/02-금융안정보고서/2024-06-26_금융안정보고서(2024년 6월)/금융안정보고서(2024년 6월).pdf,134,번호 직결 인용 없음 또는 문장 조각·중복 배정 제외
BOK-20240626-a0cef5a783ee-그림-242805432db2bc03,금융안정보고서 2024년 6월,그림,I-2-17,아파트 입주 및 분양 물량,통계기법·지수; 설명,research/bok-archive/02-금융안정보고서/2024-06-26_금융안정보고서(2024년 6월)/금융안정보고서(2024년 6월).pdf,134,번호 직결 인용 없음 또는 문장 조각·중복 배정 제외
BOK-20240626-a0cef5a783ee-그림-b4432e550bcdeefa,금융안정보고서 2024년 6월,그림,I-3-1,금융기관 건전성 상황 변화 지도1),데이터 형태; 종류; 통계기법·지수; 설명,research/bok-archive/02-금융안정보고서/2024-06-26_금융안정보고서(2024년 6월)/금융안정보고서(2024년 6월).pdf,51,허용 종류로 판별 불가 또는 표 구조 미확인; 번호 직결 인용 없음 또는 문장 조각·중복 배정 제외
BOK-20240626-a0cef5a783ee-그림-1d18e86ecfa1fe4d,금융안정보고서 2024년 6월,그림,I-3-2,일반은행 총자산 규모,설명,research/bok-archive/02-금융안정보고서/2024-06-26_금융안정보고서(2024년 6월)/금융안정보고서(2024년 6월).pdf,51,번호 직결 인용 없음 또는 문장 조각·중복 배정 제외
BOK-20240626-a0cef5a783ee-그림-1a3b67a4aabb7fbd,금융안정보고서 2024년 6월,그림,I-3-5,일반은행 차주별 고정이하여신비율,설명,research/bok-archive/02-금융안정보고서/2024-06-26_금융안정보고서(2024년 6월)/금융안정보고서(2024년 6월).pdf,53,번호 직결 인용 없음 또는 문장 조각·중복 배정 제외
BOK-20240626-a0cef5a783ee-그림-c3dc22e36e2cf60f,금융안정보고서 2024년 6월,그림,I-3-6,일반은행 주요 업종별 고정이하여신비율,설명,research/bok-archive/02-금융안정보고서/2024-06-26_금융안정보고서(2024년 6월)/금융안정보고서(2024년 6월).pdf,53,번호 직결 인용 없음 또는 문장 조각·중복 배정 제외
BOK-20240626-a0cef5a783ee-그림-5f2fbea57dc5e820,금융안정보고서 2024년 6월,그림,I-3-7,일반은행 수익성,설명,research/bok-archive/02-금융안정보고서/2024-06-26_금융안정보고서(2024년 6월)/금융안정보고서(2024년 6월).pdf,54,번호 직결 인용 없음 또는 문장 조각·중복 배정 제외
BOK-20240626-a0cef5a783ee-그림-8953f7158491b28f,금융안정보고서 2024년 6월,그림,I-3-8,일반은행 당기순이익 구성요소,통계기법·지수,research/bok-archive/02-금융안정보고서/2024-06-26_금융안정보고서(2024년 6월)/금융안정보고서(2024년 6월).pdf,54,출처·단위·데이터 형태 등 미확인
BOK-20240626-a0cef5a783ee-그림-3da5ea8f7266fd35,금융안정보고서 2024년 6월,그림,I-3-10,상호금융의 대출 증감 규모 및 대출 증가율,설명,research/bok-archive/02-금융안정보고서/2024-06-26_금융안정보고서(2024년 6월)/금융안정보고서(2024년 6월).pdf,134,번호 직결 인용 없음 또는 문장 조각·중복 배정 제외
BOK-20240626-a0cef5a783ee-그림-26cc029e69d36781,금융안정보고서 2024년 6월,그림,I-3-11,저축은행의 대출 증감 규모 및 대출 증가율,설명,research/bok-archive/02-금융안정보고서/2024-06-26_금융안정보고서(2024년 6월)/금융안정보고서(2024년 6월).pdf,134,번호 직결 인용 없음 또는 문장 조각·중복 배정 제외
BOK-20240626-a0cef5a783ee-그림-6183da550aaafb55,금융안정보고서 2024년 6월,그림,I-3-12,비은행예금취급기관 차주별 고정이하여신비율,설명,research/bok-archive/02-금융안정보고서/2024-06-26_금융안정보고서(2024년 6월)/금융안정보고서(2024년 6월).pdf,134,번호 직결 인용 없음 또는 문장 조각·중복 배정 제외
BOK-20240626-a0cef5a783ee-그림-8c777eaeefb3cbe6,금융안정보고서 2024년 6월,그림,I-3-13,비은행예금취급기관 총자산순이익률(ROA),설명,research/bok-archive/02-금융안정보고서/2024-06-26_금융안정보고서(2024년 6월)/금융안정보고서(2024년 6월).pdf,134,번호 직결 인용 없음 또는 문장 조각·중복 배정 제외
BOK-20240626-a0cef5a783ee-그림-83e730ceebb553af,금융안정보고서 2024년 6월,그림,I-3-14,비은행예금취급기관 당기순이익 구성요소,통계기법·지수; 설명,research/bok-archive/02-금융안정보고서/2024-06-26_금융안정보고서(2024년 6월)/금융안정보고서(2024년 6월).pdf,134,번호 직결 인용 없음 또는 문장 조각·중복 배정 제외
BOK-20240626-a0cef5a783ee-그림-65017301310c77d7,금융안정보고서 2024년 6월,그림,I-3-16,보험회사 고정이하여신비율,설명,research/bok-archive/02-금융안정보고서/2024-06-26_금융안정보고서(2024년 6월)/금융안정보고서(2024년 6월).pdf,59,번호 직결 인용 없음 또는 문장 조각·중복 배정 제외
BOK-20240626-a0cef5a783ee-그림-1559840ba9bf2686,금융안정보고서 2024년 6월,그림,I-3-17,증권회사 고정이하여신비율,설명,research/bok-archive/02-금융안정보고서/2024-06-26_금융안정보고서(2024년 6월)/금융안정보고서(2024년 6월).pdf,134,번호 직결 인용 없음 또는 문장 조각·중복 배정 제외
BOK-20240626-a0cef5a783ee-그림-313ef20815e12f6f,금융안정보고서 2024년 6월,그림,I-3-19,보험회사 총자산순이익률(ROA),설명,research/bok-archive/02-금융안정보고서/2024-06-26_금융안정보고서(2024년 6월)/금융안정보고서(2024년 6월).pdf,134,번호 직결 인용 없음 또는 문장 조각·중복 배정 제외
BOK-20240626-a0cef5a783ee-그림-c14a02aeb047ceda,금융안정보고서 2024년 6월,그림,I-3-20,증권회사 총자산순이익률(ROA),설명,research/bok-archive/02-금융안정보고서/2024-06-26_금융안정보고서(2024년 6월)/금융안정보고서(2024년 6월).pdf,135,번호 직결 인용 없음 또는 문장 조각·중복 배정 제외
BOK-20240626-a0cef5a783ee-그림-3ac1e88d9443ad5d,금융안정보고서 2024년 6월,그림,I-3-21,여신전문금융회사 총자산순이익률(ROA),설명,research/bok-archive/02-금융안정보고서/2024-06-26_금융안정보고서(2024년 6월)/금융안정보고서(2024년 6월).pdf,135,번호 직결 인용 없음 또는 문장 조각·중복 배정 제외
BOK-20240626-a0cef5a783ee-그림-8ce660800b37a68b,금융안정보고서 2024년 6월,그림,I-3-22,금융기관·업권 간 상호거래 현황,설명,research/bok-archive/02-금융안정보고서/2024-06-26_금융안정보고서(2024년 6월)/금융안정보고서(2024년 6월).pdf,135,번호 직결 인용 없음 또는 문장 조각·중복 배정 제외
BOK-20240626-a0cef5a783ee-그림-57d73511090df5b1,금융안정보고서 2024년 6월,그림,I-3-23,금융업권 간 상호연계 구조1)2)3)4)5)6),단위; 데이터 형태; 통계기법·지수,research/bok-archive/02-금융안정보고서/2024-06-26_금융안정보고서(2024년 6월)/금융안정보고서(2024년 6월).pdf,62,출처·단위·데이터 형태 등 미확인
BOK-20240626-a0cef5a783ee-그림-f3509d554307e612,금융안정보고서 2024년 6월,그림,I-3-24,금융업권 간 상호거래 관련 부실전염 및 집중도 리스크,단위; 설명,research/bok-archive/02-금융안정보고서/2024-06-26_금융안정보고서(2024년 6월)/금융안정보고서(2024년 6월).pdf,135,번호 직결 인용 없음 또는 문장 조각·중복 배정 제외
BOK-20240626-a0cef5a783ee-그림-18e32ca7ea78883d,금융안정보고서 2024년 6월,그림,I-4-1,외국인 증권투자자금 증감,통계기법·지수,research/bok-archive/02-금융안정보고서/2024-06-26_금융안정보고서(2024년 6월)/금융안정보고서(2024년 6월).pdf,72,출처·단위·데이터 형태 등 미확인
BOK-20240626-a0cef5a783ee-그림-41440cd3ae46d5e4,금융안정보고서 2024년 6월,그림,I-4-2,외국인 주식투자자금의 증감,통계기법·지수,research/bok-archive/02-금융안정보고서/2024-06-26_금융안정보고서(2024년 6월)/금융안정보고서(2024년 6월).pdf,72,출처·단위·데이터 형태 등 미확인
BOK-20240626-a0cef5a783ee-그림-a00eecd84f9dff7e,금융안정보고서 2024년 6월,그림,I-4-3,외국인 채권투자자금의 증감,통계기법·지수; 설명,research/bok-archive/02-금융안정보고서/2024-06-26_금융안정보고서(2024년 6월)/금융안정보고서(2024년 6월).pdf,73,번호 직결 인용 없음 또는 문장 조각·중복 배정 제외
BOK-20240626-a0cef5a783ee-그림-d88a93226cf2d331,금융안정보고서 2024년 6월,그림,I-4-4,거주자 해외증권투자 증감,통계기법·지수,research/bok-archive/02-금융안정보고서/2024-06-26_금융안정보고서(2024년 6월)/금융안정보고서(2024년 6월).pdf,74,출처·단위·데이터 형태 등 미확인
BOK-20240626-a0cef5a783ee-그림-083f49fb868b76cb,금융안정보고서 2024년 6월,그림,I-4-5,거주자 해외 주식투자자금의 투자주체별 증감,통계기법·지수,research/bok-archive/02-금융안정보고서/2024-06-26_금융안정보고서(2024년 6월)/금융안정보고서(2024년 6월).pdf,74,출처·단위·데이터 형태 등 미확인
BOK-20240626-a0cef5a783ee-그림-ac1bde48725ce5a2,금융안정보고서 2024년 6월,그림,I-4-6,거주자 해외 채권투자자금의 투자주체별 증감,통계기법·지수,research/bok-archive/02-금융안정보고서/2024-06-26_금융안정보고서(2024년 6월)/금융안정보고서(2024년 6월).pdf,74,출처·단위·데이터 형태 등 미확인
BOK-20240626-a0cef5a783ee-그림-cbe319cf1546306f,금융안정보고서 2024년 6월,그림,II-1-1,금융기관 복원력 지표 변화 지도1),데이터 형태; 종류; 통계기법·지수; 설명,research/bok-archive/02-금융안정보고서/2024-06-26_금융안정보고서(2024년 6월)/금융안정보고서(2024년 6월).pdf,81,허용 종류로 판별 불가 또는 표 구조 미확인; 번호 직결 인용 없음 또는 문장 조각·중복 배정 제외
BOK-20240626-a0cef5a783ee-그림-026b04bfbb96cd52,금융안정보고서 2024년 6월,그림,II-1-2,일반은행 바젤Ⅲ 기준 자본비율 및 자기자본비율 변동 요인,설명,research/bok-archive/02-금융안정보고서/2024-06-26_금융안정보고서(2024년 6월)/금융안정보고서(2024년 6월).pdf,81,번호 직결 인용 없음 또는 문장 조각·중복 배정 제외
BOK-20240626-a0cef5a783ee-그림-c659aa3264708852,금융안정보고서 2024년 6월,그림,II-1-6,대외 외화차입 장·단기 가산금리1)2),설명,research/bok-archive/02-금융안정보고서/2024-06-26_금융안정보고서(2024년 6월)/금융안정보고서(2024년 6월).pdf,84,번호 직결 인용 없음 또는 문장 조각·중복 배정 제외
BOK-20240626-a0cef5a783ee-그림-bc03d3d6b22ca47d,금융안정보고서 2024년 6월,그림,II-1-8,상호금융 손실흡수력 지표,설명,research/bok-archive/02-금융안정보고서/2024-06-26_금융안정보고서(2024년 6월)/금융안정보고서(2024년 6월).pdf,85,번호 직결 인용 없음 또는 문장 조각·중복 배정 제외
BOK-20240626-a0cef5a783ee-그림-10b0238ae275e9b2,금융안정보고서 2024년 6월,그림,II-1-10,비은행예금취급기관 유동성비율,설명,research/bok-archive/02-금융안정보고서/2024-06-26_금융안정보고서(2024년 6월)/금융안정보고서(2024년 6월).pdf,135,번호 직결 인용 없음 또는 문장 조각·중복 배정 제외
BOK-20240626-a0cef5a783ee-그림-ee1c9d1854dd3958,금융안정보고서 2024년 6월,그림,II-1-11,보험회사 손실흡수력 지표,통계기법·지수; 설명,research/bok-archive/02-금융안정보고서/2024-06-26_금융안정보고서(2024년 6월)/금융안정보고서(2024년 6월).pdf,86,번호 직결 인용 없음 또는 문장 조각·중복 배정 제외
BOK-20240626-a0cef5a783ee-그림-273ce6dac2f9ec84,금융안정보고서 2024년 6월,그림,II-1-12,증권회사 손실흡수력 지표,통계기법·지수; 설명,research/bok-archive/02-금융안정보고서/2024-06-26_금융안정보고서(2024년 6월)/금융안정보고서(2024년 6월).pdf,87,번호 직결 인용 없음 또는 문장 조각·중복 배정 제외
BOK-20240626-a0cef5a783ee-그림-f1e5685bbdb04d17,금융안정보고서 2024년 6월,그림,II-1-13,여신전문금융회사 손실흡수력 지표,통계기법·지수; 설명,research/bok-archive/02-금융안정보고서/2024-06-26_금융안정보고서(2024년 6월)/금융안정보고서(2024년 6월).pdf,87,번호 직결 인용 없음 또는 문장 조각·중복 배정 제외
BOK-20240626-a0cef5a783ee-그림-e35d11b6e422196a,금융안정보고서 2024년 6월,그림,II-1-14,보험회사 유동성 대응능력 지표,통계기법·지수; 설명,research/bok-archive/02-금융안정보고서/2024-06-26_금융안정보고서(2024년 6월)/금융안정보고서(2024년 6월).pdf,88,번호 직결 인용 없음 또는 문장 조각·중복 배정 제외
BOK-20240626-a0cef5a783ee-그림-b95a333b65cee5f4,금융안정보고서 2024년 6월,그림,II-1-15,증권회사 유동성 대응능력 지표,통계기법·지수; 설명,research/bok-archive/02-금융안정보고서/2024-06-26_금융안정보고서(2024년 6월)/금융안정보고서(2024년 6월).pdf,88,번호 직결 인용 없음 또는 문장 조각·중복 배정 제외
BOK-20240626-a0cef5a783ee-그림-15be314184eae32e,금융안정보고서 2024년 6월,그림,II-1-16,여신전문금융회사 유동성 대응능력 지표,통계기법·지수; 설명,research/bok-archive/02-금융안정보고서/2024-06-26_금융안정보고서(2024년 6월)/금융안정보고서(2024년 6월).pdf,89,번호 직결 인용 없음 또는 문장 조각·중복 배정 제외
BOK-20240626-a0cef5a783ee-그림-37860a1de82245d3,금융안정보고서 2024년 6월,그림,II-2-1,대외지급능력 지표 변화 지도1) 20.1/4 21.1/4 22.1/4 23.1/4 24.1/4,단위; 데이터 형태; 종류; 분석 목적; 통계기법·지수; 설명,research/bok-archive/02-금융안정보고서/2024-06-26_금융안정보고서(2024년 6월)/금융안정보고서(2024년 6월).pdf,98,허용 종류로 판별 불가 또는 표 구조 미확인; 제목·계열·직접 인용의 해석 근거 부족; 번호 직결 인용 없음 또는 문장 조각·중복 배정 제외
BOK-20240626-a0cef5a783ee-그림-b88794476f37ed01,금융안정보고서 2024년 6월,그림,II-2-2,순대외채권,통계기법·지수,research/bok-archive/02-금융안정보고서/2024-06-26_금융안정보고서(2024년 6월)/금융안정보고서(2024년 6월).pdf,98,출처·단위·데이터 형태 등 미확인
BOK-20240626-a0cef5a783ee-그림-7b6e8896c9db699e,금융안정보고서 2024년 6월,그림,II-2-3,부문별 대외채권 증감,통계기법·지수,research/bok-archive/02-금융안정보고서/2024-06-26_금융안정보고서(2024년 6월)/금융안정보고서(2024년 6월).pdf,99,출처·단위·데이터 형태 등 미확인
BOK-20240626-a0cef5a783ee-그림-49ec6c38575b6222,금융안정보고서 2024년 6월,그림,II-2-4,부문별 대외채무 증감,통계기법·지수,research/bok-archive/02-금융안정보고서/2024-06-26_금융안정보고서(2024년 6월)/금융안정보고서(2024년 6월).pdf,99,출처·단위·데이터 형태 등 미확인
BOK-20240626-a0cef5a783ee-그림-6b139cb32bc4f53d,금융안정보고서 2024년 6월,그림,II-2-5,단기 대외 채무 · 채권 비중,설명,research/bok-archive/02-금융안정보고서/2024-06-26_금융안정보고서(2024년 6월)/금융안정보고서(2024년 6월).pdf,99,번호 직결 인용 없음 또는 문장 조각·중복 배정 제외
BOK-20240626-a0cef5a783ee-그림-97f53e0c791ea1b7,금융안정보고서 2024년 6월,그림,II-2-6,외환보유액 규모 및 증감액,설명,research/bok-archive/02-금융안정보고서/2024-06-26_금융안정보고서(2024년 6월)/금융안정보고서(2024년 6월).pdf,100,번호 직결 인용 없음 또는 문장 조각·중복 배정 제외
BOK-20240626-a0cef5a783ee-그림-a43f734ed4a65d8c,금융안정보고서 2024년 6월,그림,II-2-7,외환보유액 대비 단기외채 비율,설명,research/bok-archive/02-금융안정보고서/2024-06-26_금융안정보고서(2024년 6월)/금융안정보고서(2024년 6월).pdf,100,번호 직결 인용 없음 또는 문장 조각·중복 배정 제외
BOK-20240626-a0cef5a783ee-그림-17a4fa1e7ad60bd4,금융안정보고서 2024년 6월,그림,II-2-8,외환보유액 구성,통계기법·지수,research/bok-archive/02-금융안정보고서/2024-06-26_금융안정보고서(2024년 6월)/금융안정보고서(2024년 6월).pdf,100,출처·단위·데이터 형태 등 미확인
BOK-20240626-a0cef5a783ee-그림-14fd8a4858b016d9,금융안정보고서 2024년 6월,그림,II-3-1,한은금융망 관련 리스크 지표 및,분석 목적; 통계기법·지수; 설명,research/bok-archive/02-금융안정보고서/2024-06-26_금융안정보고서(2024년 6월)/금융안정보고서(2024년 6월).pdf,101,제목·계열·직접 인용의 해석 근거 부족; 번호 직결 인용 없음 또는 문장 조각·중복 배정 제외
BOK-20240626-a0cef5a783ee-그림-adce2c99b8a20098,금융안정보고서 2024년 6월,그림,II-3-1-93,불명,제목; 사용 데이터·출처; 단위; 데이터 형태; 종류; 분석 목적; 통계기법·지수; 설명,불명,불명,허용 종류로 판별 불가 또는 표 구조 미확인; 제목·계열·직접 인용의 해석 근거 부족; 번호 직결 인용 없음 또는 문장 조각·중복 배정 제외
BOK-20240626-a0cef5a783ee-그림-6ea50613174e51dc,금융안정보고서 2024년 6월,그림,III-1-1,매크로레버리지 추이,설명,research/bok-archive/02-금융안정보고서/2024-06-26_금융안정보고서(2024년 6월)/금융안정보고서(2024년 6월).pdf,105,번호 직결 인용 없음 또는 문장 조각·중복 배정 제외
BOK-20240626-a0cef5a783ee-그림-bfa8911f210fcf67,금융안정보고서 2024년 6월,그림,III-1-1,매크로레버리지 추이 현,분석 목적; 설명,research/bok-archive/02-금융안정보고서/2024-06-26_금융안정보고서(2024년 6월)/현안1. 매크로레버리지 평가를 통한 금융시스템의 잠재리스크 점검.pdf,3,제목·계열·직접 인용의 해석 근거 부족; 번호 직결 인용 없음 또는 문장 조각·중복 배정 제외
BOK-20240626-a0cef5a783ee-그림-5a4dca355712e34f,금융안정보고서 2024년 6월,그림,III-1-1,매크로레버리지 추이 현,분석 목적,research/bok-archive/02-금융안정보고서/2024-06-26_금융안정보고서(2024년 6월)/현안1. 매크로레버리지 평가를 통한 금융시스템의 잠재리스크 점검_2.pdf,3,제목·계열·직접 인용의 해석 근거 부족
BOK-20240626-a0cef5a783ee-그림-454a019f1779a495,금융안정보고서 2024년 6월,그림,III-1-2,차주별 비중 및 레버리지 증감의 부문별,분석 목적; 설명,research/bok-archive/02-금융안정보고서/2024-06-26_금융안정보고서(2024년 6월)/현안1. 매크로레버리지 평가를 통한 금융시스템의 잠재리스크 점검.pdf,4,제목·계열·직접 인용의 해석 근거 부족; 번호 직결 인용 없음 또는 문장 조각·중복 배정 제외
BOK-20240626-a0cef5a783ee-그림-958fdb5ccfa7c412,금융안정보고서 2024년 6월,그림,III-1-2,차주별 비중 및 레버리지 증감의 부문별,분석 목적; 설명,research/bok-archive/02-금융안정보고서/2024-06-26_금융안정보고서(2024년 6월)/현안1. 매크로레버리지 평가를 통한 금융시스템의 잠재리스크 점검_2.pdf,4,제목·계열·직접 인용의 해석 근거 부족; 번호 직결 인용 없음 또는 문장 조각·중복 배정 제외
BOK-20240626-a0cef5a783ee-그림-f0380026aad59607,금융안정보고서 2024년 6월,그림,III-1-2,차주별 비중 및 레버리지 증감의 부문별 기여도,설명,research/bok-archive/02-금융안정보고서/2024-06-26_금융안정보고서(2024년 6월)/금융안정보고서(2024년 6월).pdf,106,번호 직결 인용 없음 또는 문장 조각·중복 배정 제외
BOK-20240626-a0cef5a783ee-그림-0679fdcb0e2c7875,금융안정보고서 2024년 6월,그림,III-1-3,코로나19 전후 부문별 매크로레버리지 변화,단위; 설명,research/bok-archive/02-금융안정보고서/2024-06-26_금융안정보고서(2024년 6월)/금융안정보고서(2024년 6월).pdf,106,번호 직결 인용 없음 또는 문장 조각·중복 배정 제외
BOK-20240626-a0cef5a783ee-그림-1a9eec2ac3dc3a92,금융안정보고서 2024년 6월,그림,III-1-3,코로나19 전후 부문별 매크로레버리지 변화,단위; 설명,research/bok-archive/02-금융안정보고서/2024-06-26_금융안정보고서(2024년 6월)/현안1. 매크로레버리지 평가를 통한 금융시스템의 잠재리스크 점검.pdf,4,번호 직결 인용 없음 또는 문장 조각·중복 배정 제외
BOK-20240626-a0cef5a783ee-그림-12bcb0faba3f970d,금융안정보고서 2024년 6월,그림,III-1-3,코로나19 전후 부문별 매크로레버리지 변화,단위; 설명,research/bok-archive/02-금융안정보고서/2024-06-26_금융안정보고서(2024년 6월)/현안1. 매크로레버리지 평가를 통한 금융시스템의 잠재리스크 점검_2.pdf,4,번호 직결 인용 없음 또는 문장 조각·중복 배정 제외
BOK-20240626-a0cef5a783ee-그림-e59c8db22d626a02,금융안정보고서 2024년 6월,그림,III-1-4,부동산 관련 레버리지,설명,research/bok-archive/02-금융안정보고서/2024-06-26_금융안정보고서(2024년 6월)/금융안정보고서(2024년 6월).pdf,107,번호 직결 인용 없음 또는 문장 조각·중복 배정 제외
BOK-20240626-a0cef5a783ee-그림-677d4665ad4c255d,금융안정보고서 2024년 6월,그림,III-1-4,부동산 관련 레버리지,설명,research/bok-archive/02-금융안정보고서/2024-06-26_금융안정보고서(2024년 6월)/현안1. 매크로레버리지 평가를 통한 금융시스템의 잠재리스크 점검_2.pdf,5,번호 직결 인용 없음 또는 문장 조각·중복 배정 제외
BOK-20240626-a0cef5a783ee-그림-dc89b6d387f367bb,금융안정보고서 2024년 6월,그림,III-1-5,금융업권별 대출의 GDP 대비 비율 변화,설명,research/bok-archive/02-금융안정보고서/2024-06-26_금융안정보고서(2024년 6월)/금융안정보고서(2024년 6월).pdf,108,번호 직결 인용 없음 또는 문장 조각·중복 배정 제외
BOK-20240626-a0cef5a783ee-그림-386f3bf1b1662fac,금융안정보고서 2024년 6월,그림,III-1-5,금융업권별 대출의 GDP 대비 비율 변화1) 우리나라는 GDP 기준년 개편 이후 269.8%에서,분석 목적; 설명,research/bok-archive/02-금융안정보고서/2024-06-26_금융안정보고서(2024년 6월)/현안1. 매크로레버리지 평가를 통한 금융시스템의 잠재리스크 점검.pdf,6,제목·계열·직접 인용의 해석 근거 부족; 번호 직결 인용 없음 또는 문장 조각·중복 배정 제외
BOK-20240626-a0cef5a783ee-그림-6210f8168362ea52,금융안정보고서 2024년 6월,그림,III-1-5,금융업권별 대출의 GDP 대비 비율 변화1) 우리나라는 GDP 기준년 개편 이후 269.8%에서,분석 목적; 설명,research/bok-archive/02-금융안정보고서/2024-06-26_금융안정보고서(2024년 6월)/현안1. 매크로레버리지 평가를 통한 금융시스템의 잠재리스크 점검_2.pdf,6,제목·계열·직접 인용의 해석 근거 부족; 번호 직결 인용 없음 또는 문장 조각·중복 배정 제외
BOK-20240626-a0cef5a783ee-그림-0a89ac08ddebfedc,금융안정보고서 2024년 6월,그림,III-1-6,주요 국가별 매크로레버리지1),데이터 형태; 설명,research/bok-archive/02-금융안정보고서/2024-06-26_금융안정보고서(2024년 6월)/금융안정보고서(2024년 6월).pdf,108,번호 직결 인용 없음 또는 문장 조각·중복 배정 제외
BOK-20240626-a0cef5a783ee-그림-e56531c6c9889ae6,금융안정보고서 2024년 6월,그림,III-1-6,주요 국가별 매크로레버리지1),데이터 형태; 설명,research/bok-archive/02-금융안정보고서/2024-06-26_금융안정보고서(2024년 6월)/현안1. 매크로레버리지 평가를 통한 금융시스템의 잠재리스크 점검.pdf,6,번호 직결 인용 없음 또는 문장 조각·중복 배정 제외
BOK-20240626-a0cef5a783ee-그림-fb7e1cf46b134b2f,금융안정보고서 2024년 6월,그림,III-1-6,주요 국가별 매크로레버리지1),데이터 형태; 설명,research/bok-archive/02-금융안정보고서/2024-06-26_금융안정보고서(2024년 6월)/현안1. 매크로레버리지 평가를 통한 금융시스템의 잠재리스크 점검_2.pdf,6,번호 직결 인용 없음 또는 문장 조각·중복 배정 제외
BOK-20240626-a0cef5a783ee-그림-3715ab68cdd4f051,금융안정보고서 2024년 6월,그림,III-1-7,민간신용 매크로레버리지 추이,설명,research/bok-archive/02-금융안정보고서/2024-06-26_금융안정보고서(2024년 6월)/금융안정보고서(2024년 6월).pdf,109,번호 직결 인용 없음 또는 문장 조각·중복 배정 제외
BOK-20240626-a0cef5a783ee-그림-472ad676e1a9b82f,금융안정보고서 2024년 6월,그림,III-1-7,민간신용 매크로레버리지 추이 101,분석 목적; 설명,research/bok-archive/02-금융안정보고서/2024-06-26_금융안정보고서(2024년 6월)/현안1. 매크로레버리지 평가를 통한 금융시스템의 잠재리스크 점검.pdf,7,제목·계열·직접 인용의 해석 근거 부족; 번호 직결 인용 없음 또는 문장 조각·중복 배정 제외
BOK-20240626-a0cef5a783ee-그림-fcc2a973624fe2ec,금융안정보고서 2024년 6월,그림,III-1-7,민간신용 매크로레버리지 추이 101,분석 목적; 설명,research/bok-archive/02-금융안정보고서/2024-06-26_금융안정보고서(2024년 6월)/현안1. 매크로레버리지 평가를 통한 금융시스템의 잠재리스크 점검_2.pdf,7,제목·계열·직접 인용의 해석 근거 부족; 번호 직결 인용 없음 또는 문장 조각·중복 배정 제외
BOK-20240626-a0cef5a783ee-그림-5a9a7b8ea54af1ce,금융안정보고서 2024년 6월,그림,III-1-8,정부 부문 매크로레버리지 추이,설명,research/bok-archive/02-금융안정보고서/2024-06-26_금융안정보고서(2024년 6월)/금융안정보고서(2024년 6월).pdf,109,번호 직결 인용 없음 또는 문장 조각·중복 배정 제외
BOK-20240626-a0cef5a783ee-그림-5af355f5d5b92f16,금융안정보고서 2024년 6월,그림,III-1-8,정부 부문 매크로레버리지 추이 주,분석 목적; 설명,research/bok-archive/02-금융안정보고서/2024-06-26_금융안정보고서(2024년 6월)/현안1. 매크로레버리지 평가를 통한 금융시스템의 잠재리스크 점검.pdf,7,제목·계열·직접 인용의 해석 근거 부족; 번호 직결 인용 없음 또는 문장 조각·중복 배정 제외
BOK-20240626-a0cef5a783ee-그림-bc7a1412e211936c,금융안정보고서 2024년 6월,그림,III-1-8,정부 부문 매크로레버리지 추이 주,분석 목적; 설명,research/bok-archive/02-금융안정보고서/2024-06-26_금융안정보고서(2024년 6월)/현안1. 매크로레버리지 평가를 통한 금융시스템의 잠재리스크 점검_2.pdf,7,제목·계열·직접 인용의 해석 근거 부족; 번호 직결 인용 없음 또는 문장 조각·중복 배정 제외
BOK-20240626-a0cef5a783ee-그림-43b79bcf1234f430,금융안정보고서 2024년 6월,그림,III-1-9,민간신용 레버리지 및 갭1) 추이,데이터 형태; 설명,research/bok-archive/02-금융안정보고서/2024-06-26_금융안정보고서(2024년 6월)/금융안정보고서(2024년 6월).pdf,110,번호 직결 인용 없음 또는 문장 조각·중복 배정 제외
BOK-20240626-a0cef5a783ee-그림-b03d211a9984290a,금융안정보고서 2024년 6월,그림,III-1-9,민간신용 레버리지 및 갭1) 추이,데이터 형태; 설명,research/bok-archive/02-금융안정보고서/2024-06-26_금융안정보고서(2024년 6월)/현안1. 매크로레버리지 평가를 통한 금융시스템의 잠재리스크 점검_2.pdf,8,번호 직결 인용 없음 또는 문장 조각·중복 배정 제외
BOK-20240626-a0cef5a783ee-그림-5b173f59d3065b61,금융안정보고서 2024년 6월,그림,III-1-10,신용 형태별 매크로레버리지 갭 추이,사용 데이터·출처; 단위; 데이터 형태; 종류; 설명,research/bok-archive/02-금융안정보고서/2024-06-26_금융안정보고서(2024년 6월)/금융안정보고서(2024년 6월).pdf,136,허용 종류로 판별 불가 또는 표 구조 미확인; 번호 직결 인용 없음 또는 문장 조각·중복 배정 제외
BOK-20240626-a0cef5a783ee-그림-bb3d8fca86850282,금융안정보고서 2024년 6월,그림,III-1-10,신용 형태별 매크로레버리지 갭1) 추이2),데이터 형태,research/bok-archive/02-금융안정보고서/2024-06-26_금융안정보고서(2024년 6월)/현안1. 매크로레버리지 평가를 통한 금융시스템의 잠재리스크 점검.pdf,8,출처·단위·데이터 형태 등 미확인
BOK-20240626-a0cef5a783ee-그림-5b51f6a985e98b96,금융안정보고서 2024년 6월,그림,III-1-11,정책금융 공급규모 및 GDP 대비 비율,설명,research/bok-archive/02-금융안정보고서/2024-06-26_금융안정보고서(2024년 6월)/금융안정보고서(2024년 6월).pdf,111,번호 직결 인용 없음 또는 문장 조각·중복 배정 제외
BOK-20240626-a0cef5a783ee-그림-de4601043efa96c6,금융안정보고서 2024년 6월,그림,III-1-11,정책금융 공급규모 및 GDP 대비 비율,설명,research/bok-archive/02-금융안정보고서/2024-06-26_금융안정보고서(2024년 6월)/현안1. 매크로레버리지 평가를 통한 금융시스템의 잠재리스크 점검.pdf,9,번호 직결 인용 없음 또는 문장 조각·중복 배정 제외
BOK-20240626-a0cef5a783ee-그림-01ee5dd4791ad5d7,금융안정보고서 2024년 6월,그림,III-1-11,정책금융 공급규모 및 GDP 대비 비율,설명,research/bok-archive/02-금융안정보고서/2024-06-26_금융안정보고서(2024년 6월)/현안1. 매크로레버리지 평가를 통한 금융시스템의 잠재리스크 점검_2.pdf,9,번호 직결 인용 없음 또는 문장 조각·중복 배정 제외
BOK-20240626-a0cef5a783ee-그림-a14b8301af4af926,금융안정보고서 2024년 6월,그림,III-1-12,민간신용갭에 따른 성장률 분포 변화,사용 데이터·출처; 단위; 데이터 형태; 종류; 설명,research/bok-archive/02-금융안정보고서/2024-06-26_금융안정보고서(2024년 6월)/금융안정보고서(2024년 6월).pdf,136,허용 종류로 판별 불가 또는 표 구조 미확인; 번호 직결 인용 없음 또는 문장 조각·중복 배정 제외
BOK-20240626-a0cef5a783ee-그림-b18d62f2938d2f8d,금융안정보고서 2024년 6월,그림,III-1-13,DTI 및 DTA 추이,데이터 형태; 설명,research/bok-archive/02-금융안정보고서/2024-06-26_금융안정보고서(2024년 6월)/금융안정보고서(2024년 6월).pdf,112,번호 직결 인용 없음 또는 문장 조각·중복 배정 제외
BOK-20240626-a0cef5a783ee-그림-9eb73cf58ff1a8d0,금융안정보고서 2024년 6월,그림,III-1-13,DTI 및 DTA 추이,데이터 형태,research/bok-archive/02-금융안정보고서/2024-06-26_금융안정보고서(2024년 6월)/현안1. 매크로레버리지 평가를 통한 금융시스템의 잠재리스크 점검.pdf,10,출처·단위·데이터 형태 등 미확인
BOK-20240626-a0cef5a783ee-그림-d327a98c92626612,금융안정보고서 2024년 6월,그림,III-1-13,DTI 및 DTA 추이,데이터 형태; 설명,research/bok-archive/02-금융안정보고서/2024-06-26_금융안정보고서(2024년 6월)/현안1. 매크로레버리지 평가를 통한 금융시스템의 잠재리스크 점검_2.pdf,10,번호 직결 인용 없음 또는 문장 조각·중복 배정 제외
BOK-20240626-a0cef5a783ee-그림-97d77cff88bc8c7d,금융안정보고서 2024년 6월,그림,III-1-15,주택가격과 가계부채 비율 변화 간,데이터 형태; 분석 목적,research/bok-archive/02-금융안정보고서/2024-06-26_금융안정보고서(2024년 6월)/현안1. 매크로레버리지 평가를 통한 금융시스템의 잠재리스크 점검.pdf,11,제목·계열·직접 인용의 해석 근거 부족
BOK-20240626-a0cef5a783ee-그림-eb8dd36896eb3b12,금융안정보고서 2024년 6월,그림,III-1-15,주택가격과 가계부채 비율 변화 간,데이터 형태; 분석 목적; 설명,research/bok-archive/02-금융안정보고서/2024-06-26_금융안정보고서(2024년 6월)/현안1. 매크로레버리지 평가를 통한 금융시스템의 잠재리스크 점검_2.pdf,11,제목·계열·직접 인용의 해석 근거 부족; 번호 직결 인용 없음 또는 문장 조각·중복 배정 제외
BOK-20240626-a0cef5a783ee-그림-ba2472719b6f4a37,금융안정보고서 2024년 6월,그림,III-1-15,주택가격과 가계부채 비율 변화간 상관관계,단위; 설명,research/bok-archive/02-금융안정보고서/2024-06-26_금융안정보고서(2024년 6월)/금융안정보고서(2024년 6월).pdf,136,번호 직결 인용 없음 또는 문장 조각·중복 배정 제외
BOK-20240626-a0cef5a783ee-그림-36c449bebd4025f4,금융안정보고서 2024년 6월,그림,III-1-16,가계부채 차주 구성,통계기법·지수; 설명,research/bok-archive/02-금융안정보고서/2024-06-26_금융안정보고서(2024년 6월)/금융안정보고서(2024년 6월).pdf,113,번호 직결 인용 없음 또는 문장 조각·중복 배정 제외
BOK-20240626-a0cef5a783ee-그림-389b38ed4c7b5125,금융안정보고서 2024년 6월,그림,III-1-17,이자보상배율1) 추이 및 분포 변화,데이터 형태; 설명,research/bok-archive/02-금융안정보고서/2024-06-26_금융안정보고서(2024년 6월)/금융안정보고서(2024년 6월).pdf,114,번호 직결 인용 없음 또는 문장 조각·중복 배정 제외
BOK-20240626-a0cef5a783ee-그림-16b824601de5c73e,금융안정보고서 2024년 6월,그림,III-1-17,이자보상배율1) 추이 및 분포 변화,데이터 형태; 설명,research/bok-archive/02-금융안정보고서/2024-06-26_금융안정보고서(2024년 6월)/현안1. 매크로레버리지 평가를 통한 금융시스템의 잠재리스크 점검.pdf,12,번호 직결 인용 없음 또는 문장 조각·중복 배정 제외
BOK-20240626-a0cef5a783ee-그림-966fefe27034b673,금융안정보고서 2024년 6월,그림,III-1-17,이자보상배율1) 추이 및 분포 변화,데이터 형태; 설명,research/bok-archive/02-금융안정보고서/2024-06-26_금융안정보고서(2024년 6월)/현안1. 매크로레버리지 평가를 통한 금융시스템의 잠재리스크 점검_2.pdf,12,번호 직결 인용 없음 또는 문장 조각·중복 배정 제외
BOK-20240626-a0cef5a783ee-그림-f388b8dbb2919c05,금융안정보고서 2024년 6월,그림,III-1-18,우리나라 기업의 이자보상배율 변동 요인1),데이터 형태; 설명,research/bok-archive/02-금융안정보고서/2024-06-26_금융안정보고서(2024년 6월)/금융안정보고서(2024년 6월).pdf,114,번호 직결 인용 없음 또는 문장 조각·중복 배정 제외
BOK-20240626-a0cef5a783ee-그림-89a9ffd621fd8ac7,금융안정보고서 2024년 6월,그림,III-1-18,우리나라 기업의 이자보상배율 변동 요인1),데이터 형태; 설명,research/bok-archive/02-금융안정보고서/2024-06-26_금융안정보고서(2024년 6월)/현안1. 매크로레버리지 평가를 통한 금융시스템의 잠재리스크 점검.pdf,12,번호 직결 인용 없음 또는 문장 조각·중복 배정 제외
BOK-20240626-a0cef5a783ee-그림-4178c86c1fee291f,금융안정보고서 2024년 6월,그림,III-1-18,우리나라 기업의 이자보상배율 변동 요인1),데이터 형태,research/bok-archive/02-금융안정보고서/2024-06-26_금융안정보고서(2024년 6월)/현안1. 매크로레버리지 평가를 통한 금융시스템의 잠재리스크 점검_2.pdf,12,출처·단위·데이터 형태 등 미확인
BOK-20240626-a0cef5a783ee-그림-8474148ad5306152,금융안정보고서 2024년 6월,그림,III-1-19,취약기업 비중 및 영업손익 현황,설명,research/bok-archive/02-금융안정보고서/2024-06-26_금융안정보고서(2024년 6월)/금융안정보고서(2024년 6월).pdf,137,번호 직결 인용 없음 또는 문장 조각·중복 배정 제외
BOK-20240626-a0cef5a783ee-그림-2ff6d0d4abec5025,금융안정보고서 2024년 6월,그림,III-1-19,취약기업1) 비중 및 영업손익 현황 순차입금상환배율1) 2023년 기준 분포2),분석 목적; 설명,research/bok-archive/02-금융안정보고서/2024-06-26_금융안정보고서(2024년 6월)/현안1. 매크로레버리지 평가를 통한 금융시스템의 잠재리스크 점검.pdf,13,제목·계열·직접 인용의 해석 근거 부족; 번호 직결 인용 없음 또는 문장 조각·중복 배정 제외
BOK-20240626-a0cef5a783ee-그림-2f0570a0fe8b42b9,금융안정보고서 2024년 6월,그림,III-1-19,취약기업1) 비중 및 영업손익 현황 순차입금상환배율1) 2023년 기준 분포2),분석 목적,research/bok-archive/02-금융안정보고서/2024-06-26_금융안정보고서(2024년 6월)/현안1. 매크로레버리지 평가를 통한 금융시스템의 잠재리스크 점검_2.pdf,13,제목·계열·직접 인용의 해석 근거 부족
BOK-20240626-a0cef5a783ee-그림-d967024ee8becfd8,금융안정보고서 2024년 6월,그림,III-1-20,순차입금상환배율 및 분포,설명,research/bok-archive/02-금융안정보고서/2024-06-26_금융안정보고서(2024년 6월)/현안1. 매크로레버리지 평가를 통한 금융시스템의 잠재리스크 점검.pdf,13,번호 직결 인용 없음 또는 문장 조각·중복 배정 제외
BOK-20240626-a0cef5a783ee-그림-8f109d34f8c2413d,금융안정보고서 2024년 6월,그림,III-1-20,순차입금상환배율 및 분포,설명,research/bok-archive/02-금융안정보고서/2024-06-26_금융안정보고서(2024년 6월)/현안1. 매크로레버리지 평가를 통한 금융시스템의 잠재리스크 점검_2.pdf,13,번호 직결 인용 없음 또는 문장 조각·중복 배정 제외
BOK-20240626-a0cef5a783ee-그림-256052da40d162ef,금융안정보고서 2024년 6월,그림,III-1-21,차입금의존도 및 부채비율,설명,research/bok-archive/02-금융안정보고서/2024-06-26_금융안정보고서(2024년 6월)/금융안정보고서(2024년 6월).pdf,116,번호 직결 인용 없음 또는 문장 조각·중복 배정 제외
BOK-20240626-a0cef5a783ee-그림-586a0c77a2cbbe75,금융안정보고서 2024년 6월,그림,III-1-21,차입금의존도 및 부채비율,설명,research/bok-archive/02-금융안정보고서/2024-06-26_금융안정보고서(2024년 6월)/현안1. 매크로레버리지 평가를 통한 금융시스템의 잠재리스크 점검.pdf,14,번호 직결 인용 없음 또는 문장 조각·중복 배정 제외
BOK-20240626-a0cef5a783ee-그림-577f08cbb5e39770,금융안정보고서 2024년 6월,그림,III-1-21,차입금의존도 및 부채비율,설명,research/bok-archive/02-금융안정보고서/2024-06-26_금융안정보고서(2024년 6월)/현안1. 매크로레버리지 평가를 통한 금융시스템의 잠재리스크 점검_2.pdf,14,번호 직결 인용 없음 또는 문장 조각·중복 배정 제외
BOK-20240626-a0cef5a783ee-그림-748fbb2c73d73e5a,금융안정보고서 2024년 6월,그림,III-1-22,재정수지 및 재정지출 규모 추이,설명,research/bok-archive/02-금융안정보고서/2024-06-26_금융안정보고서(2024년 6월)/금융안정보고서(2024년 6월).pdf,116,번호 직결 인용 없음 또는 문장 조각·중복 배정 제외
BOK-20240626-a0cef5a783ee-그림-11b3cc51a974985e,금융안정보고서 2024년 6월,그림,III-1-23,정부부채와 국가신용등급 간 관계1),데이터 형태; 통계기법·지수; 설명,research/bok-archive/02-금융안정보고서/2024-06-26_금융안정보고서(2024년 6월)/금융안정보고서(2024년 6월).pdf,117,번호 직결 인용 없음 또는 문장 조각·중복 배정 제외
BOK-20240626-a0cef5a783ee-그림-2739c9f699b6cb03,금융안정보고서 2024년 6월,그림,III-1-23,정부부채와 국가신용등급 간 관계1),데이터 형태; 통계기법·지수; 설명,research/bok-archive/02-금융안정보고서/2024-06-26_금융안정보고서(2024년 6월)/현안1. 매크로레버리지 평가를 통한 금융시스템의 잠재리스크 점검.pdf,15,번호 직결 인용 없음 또는 문장 조각·중복 배정 제외
BOK-20240626-a0cef5a783ee-그림-7318f7cfa6a5d9ae,금융안정보고서 2024년 6월,그림,III-1-23,정부부채와 국가신용등급 간 관계1),데이터 형태; 통계기법·지수; 설명,research/bok-archive/02-금융안정보고서/2024-06-26_금융안정보고서(2024년 6월)/현안1. 매크로레버리지 평가를 통한 금융시스템의 잠재리스크 점검_2.pdf,15,번호 직결 인용 없음 또는 문장 조각·중복 배정 제외
BOK-20240626-a0cef5a783ee-그림-e550871308fbc456,금융안정보고서 2024년 6월,그림,III-2-1,한국은행 스트레스 테스트 모형 재구축 요,단위; 데이터 형태; 분석 목적; 설명,research/bok-archive/02-금융안정보고서/2024-06-26_금융안정보고서(2024년 6월)/금융안정보고서(2024년 6월).pdf,119,제목·계열·직접 인용의 해석 근거 부족; 번호 직결 인용 없음 또는 문장 조각·중복 배정 제외
BOK-20240626-a0cef5a783ee-그림-231806b9f1f2e801,금융안정보고서 2024년 6월,그림,III-2-1,한국은행 스트레스 테스트 모형 재구축 요,단위; 데이터 형태; 분석 목적; 설명,research/bok-archive/02-금융안정보고서/2024-06-26_금융안정보고서(2024년 6월)/현안2. 마이크로데이터 기반 스트레스 테스트 모형 재구축 및 금융기관 복원력 점검.pdf,3,제목·계열·직접 인용의 해석 근거 부족; 번호 직결 인용 없음 또는 문장 조각·중복 배정 제외
BOK-20240626-a0cef5a783ee-그림-11aacf93ed742681,금융안정보고서 2024년 6월,그림,III-2-1,한국은행 스트레스 테스트 모형 재구축 요,단위; 데이터 형태; 분석 목적; 설명,research/bok-archive/02-금융안정보고서/2024-06-26_금융안정보고서(2024년 6월)/현안2. 마이크로데이터 기반 스트레스 테스트 모형 재구축 및 금융기관 복원력 점검_2.pdf,3,제목·계열·직접 인용의 해석 근거 부족; 번호 직결 인용 없음 또는 문장 조각·중복 배정 제외
BOK-20240626-a0cef5a783ee-그림-e372c5d1c46671cc,금융안정보고서 2024년 6월,그림,III-2-2,은행 및 저축은행 부문 기초자료의 변화,단위; 데이터 형태; 통계기법·지수; 설명,research/bok-archive/02-금융안정보고서/2024-06-26_금융안정보고서(2024년 6월)/금융안정보고서(2024년 6월).pdf,120,번호 직결 인용 없음 또는 문장 조각·중복 배정 제외
BOK-20240626-a0cef5a783ee-그림-3879ba4d2ebd2752,금융안정보고서 2024년 6월,그림,III-2-2,은행 및 저축은행 부문 기초자료의 변화,단위; 데이터 형태; 통계기법·지수,research/bok-archive/02-금융안정보고서/2024-06-26_금융안정보고서(2024년 6월)/현안2. 마이크로데이터 기반 스트레스 테스트 모형 재구축 및 금융기관 복원력 점검.pdf,4,출처·단위·데이터 형태 등 미확인
BOK-20240626-a0cef5a783ee-그림-4cfcc14d4de9393a,금융안정보고서 2024년 6월,그림,III-2-2,은행 및 저축은행 부문 기초자료의 변화,단위; 데이터 형태; 통계기법·지수; 설명,research/bok-archive/02-금융안정보고서/2024-06-26_금융안정보고서(2024년 6월)/현안2. 마이크로데이터 기반 스트레스 테스트 모형 재구축 및 금융기관 복원력 점검_2.pdf,4,번호 직결 인용 없음 또는 문장 조각·중복 배정 제외
BOK-20240626-a0cef5a783ee-그림-194e5478e36d2fa4,금융안정보고서 2024년 6월,그림,III-2-3,은행별 차주 단위 패널데이터 생성 및,단위; 데이터 형태; 분석 목적; 통계기법·지수; 설명,research/bok-archive/02-금융안정보고서/2024-06-26_금융안정보고서(2024년 6월)/금융안정보고서(2024년 6월).pdf,120,제목·계열·직접 인용의 해석 근거 부족; 번호 직결 인용 없음 또는 문장 조각·중복 배정 제외
BOK-20240626-a0cef5a783ee-그림-667da691a89c3b68,금융안정보고서 2024년 6월,그림,III-2-3,은행별 차주 단위 패널데이터 생성 및,단위; 데이터 형태; 분석 목적; 통계기법·지수; 설명,research/bok-archive/02-금융안정보고서/2024-06-26_금융안정보고서(2024년 6월)/현안2. 마이크로데이터 기반 스트레스 테스트 모형 재구축 및 금융기관 복원력 점검.pdf,4,제목·계열·직접 인용의 해석 근거 부족; 번호 직결 인용 없음 또는 문장 조각·중복 배정 제외
BOK-20240626-a0cef5a783ee-그림-645a318dfb5319ca,금융안정보고서 2024년 6월,그림,III-2-3,은행별 차주 단위 패널데이터 생성 및,단위; 데이터 형태; 분석 목적; 통계기법·지수; 설명,research/bok-archive/02-금융안정보고서/2024-06-26_금융안정보고서(2024년 6월)/현안2. 마이크로데이터 기반 스트레스 테스트 모형 재구축 및 금융기관 복원력 점검_2.pdf,4,제목·계열·직접 인용의 해석 근거 부족; 번호 직결 인용 없음 또는 문장 조각·중복 배정 제외
BOK-20240626-a0cef5a783ee-그림-927d729da6da521a,금융안정보고서 2024년 6월,그림,III-2-3-112,계,사용 데이터·출처; 단위; 데이터 형태; 종류; 분석 목적; 통계기법·지수; 설명,불명,불명,허용 종류로 판별 불가 또는 표 구조 미확인; 제목·계열·직접 인용의 해석 근거 부족; 번호 직결 인용 없음 또는 문장 조각·중복 배정 제외
BOK-20240626-a0cef5a783ee-그림-d7f67cddc223ce0e,금융안정보고서 2024년 6월,그림,III-2-4,저축은행별 차주단위 패널데이터 및 석,데이터 형태; 분석 목적; 통계기법·지수; 설명,research/bok-archive/02-금융안정보고서/2024-06-26_금융안정보고서(2024년 6월)/금융안정보고서(2024년 6월).pdf,121,제목·계열·직접 인용의 해석 근거 부족; 번호 직결 인용 없음 또는 문장 조각·중복 배정 제외
BOK-20240626-a0cef5a783ee-그림-f471ed45f03ea380,금융안정보고서 2024년 6월,그림,III-2-4,저축은행별 차주단위 패널데이터 및 석,데이터 형태; 분석 목적; 통계기법·지수; 설명,research/bok-archive/02-금융안정보고서/2024-06-26_금융안정보고서(2024년 6월)/현안2. 마이크로데이터 기반 스트레스 테스트 모형 재구축 및 금융기관 복원력 점검.pdf,5,제목·계열·직접 인용의 해석 근거 부족; 번호 직결 인용 없음 또는 문장 조각·중복 배정 제외
BOK-20240626-a0cef5a783ee-그림-aaae9c0337736d45,금융안정보고서 2024년 6월,그림,III-2-4,저축은행별 차주단위 패널데이터 및 석,데이터 형태; 분석 목적; 통계기법·지수,research/bok-archive/02-금융안정보고서/2024-06-26_금융안정보고서(2024년 6월)/현안2. 마이크로데이터 기반 스트레스 테스트 모형 재구축 및 금융기관 복원력 점검_2.pdf,5,제목·계열·직접 인용의 해석 근거 부족
BOK-20240626-a0cef5a783ee-그림-80228f706fc98af9,금융안정보고서 2024년 6월,그림,III-2-5,저축은행별 기업대출 업종 구성,데이터 형태; 통계기법·지수; 설명,research/bok-archive/02-금융안정보고서/2024-06-26_금융안정보고서(2024년 6월)/금융안정보고서(2024년 6월).pdf,121,번호 직결 인용 없음 또는 문장 조각·중복 배정 제외
BOK-20240626-a0cef5a783ee-그림-83835f8ad81d061d,금융안정보고서 2024년 6월,그림,III-2-6,"상호금융 스트레스 테스트 대상 기관 세분화1) 금융완화 지연, 경기하방 압력, 신용스프레드 확",단위; 데이터 형태; 분석 목적; 설명,research/bok-archive/02-금융안정보고서/2024-06-26_금융안정보고서(2024년 6월)/금융안정보고서(2024년 6월).pdf,122,제목·계열·직접 인용의 해석 근거 부족; 번호 직결 인용 없음 또는 문장 조각·중복 배정 제외
BOK-20240626-a0cef5a783ee-그림-472d95cc65338d5b,금융안정보고서 2024년 6월,그림,III-2-6,"상호금융 스트레스 테스트 대상 기관 세분화1) 금융완화 지연, 경기하방 압력, 신용스프레드 확",단위; 데이터 형태; 분석 목적; 설명,research/bok-archive/02-금융안정보고서/2024-06-26_금융안정보고서(2024년 6월)/현안2. 마이크로데이터 기반 스트레스 테스트 모형 재구축 및 금융기관 복원력 점검.pdf,6,제목·계열·직접 인용의 해석 근거 부족; 번호 직결 인용 없음 또는 문장 조각·중복 배정 제외
BOK-20240626-a0cef5a783ee-그림-17dea3e49ff5f5aa,금융안정보고서 2024년 6월,그림,III-2-6,"상호금융 스트레스 테스트 대상 기관 세분화1) 금융완화 지연, 경기하방 압력, 신용스프레드 확",단위; 데이터 형태; 분석 목적,research/bok-archive/02-금융안정보고서/2024-06-26_금융안정보고서(2024년 6월)/현안2. 마이크로데이터 기반 스트레스 테스트 모형 재구축 및 금융기관 복원력 점검_2.pdf,6,제목·계열·직접 인용의 해석 근거 부족
BOK-20240626-a0cef5a783ee-그림-8eefabb3d1004f03,금융안정보고서 2024년 6월,그림,III-2-7,스트레스 요인 및 전개 양상,단위; 데이터 형태; 통계기법·지수,research/bok-archive/02-금융안정보고서/2024-06-26_금융안정보고서(2024년 6월)/금융안정보고서(2024년 6월).pdf,122,출처·단위·데이터 형태 등 미확인
BOK-20240626-a0cef5a783ee-그림-3e9b7d48c2ec328b,금융안정보고서 2024년 6월,그림,III-2-8,시나리오 강도의 역사적 수준,단위,research/bok-archive/02-금융안정보고서/2024-06-26_금융안정보고서(2024년 6월)/금융안정보고서(2024년 6월).pdf,123,출처·단위·데이터 형태 등 미확인
BOK-20240626-a0cef5a783ee-그림-ae438feba32f2d64,금융안정보고서 2024년 6월,그림,III-2-9,시나리오 적용시 은행 가계대출 부도율 변화,데이터 형태; 설명,research/bok-archive/02-금융안정보고서/2024-06-26_금융안정보고서(2024년 6월)/금융안정보고서(2024년 6월).pdf,124,번호 직결 인용 없음 또는 문장 조각·중복 배정 제외
BOK-20240626-a0cef5a783ee-그림-122d3f7d22655c23,금융안정보고서 2024년 6월,그림,III-2-9,시나리오 적용시 은행 가계대출 부도율 변화,데이터 형태,research/bok-archive/02-금융안정보고서/2024-06-26_금융안정보고서(2024년 6월)/현안2. 마이크로데이터 기반 스트레스 테스트 모형 재구축 및 금융기관 복원력 점검.pdf,8,출처·단위·데이터 형태 등 미확인
BOK-20240626-a0cef5a783ee-그림-72db461241c6f316,금융안정보고서 2024년 6월,그림,III-2-9,시나리오 적용시 은행 가계대출 부도율 변화,데이터 형태; 설명,research/bok-archive/02-금융안정보고서/2024-06-26_금융안정보고서(2024년 6월)/현안2. 마이크로데이터 기반 스트레스 테스트 모형 재구축 및 금융기관 복원력 점검_2.pdf,8,번호 직결 인용 없음 또는 문장 조각·중복 배정 제외
BOK-20240626-a0cef5a783ee-그림-fc539ec5907f81bb,금융안정보고서 2024년 6월,그림,III-2-10,시나리오 적용시 취약 및 비취약,분석 목적; 통계기법·지수; 설명,research/bok-archive/02-금융안정보고서/2024-06-26_금융안정보고서(2024년 6월)/금융안정보고서(2024년 6월).pdf,124,제목·계열·직접 인용의 해석 근거 부족; 번호 직결 인용 없음 또는 문장 조각·중복 배정 제외
BOK-20240626-a0cef5a783ee-그림-1767f7ad4ce18d4e,금융안정보고서 2024년 6월,그림,III-2-10,시나리오 적용시 취약 및 비취약,분석 목적; 통계기법·지수,research/bok-archive/02-금융안정보고서/2024-06-26_금융안정보고서(2024년 6월)/현안2. 마이크로데이터 기반 스트레스 테스트 모형 재구축 및 금융기관 복원력 점검.pdf,8,제목·계열·직접 인용의 해석 근거 부족
BOK-20240626-a0cef5a783ee-그림-ee019cb2774d4e8c,금융안정보고서 2024년 6월,그림,III-2-10,시나리오 적용시 취약 및 비취약,분석 목적; 통계기법·지수; 설명,research/bok-archive/02-금융안정보고서/2024-06-26_금융안정보고서(2024년 6월)/현안2. 마이크로데이터 기반 스트레스 테스트 모형 재구축 및 금융기관 복원력 점검_2.pdf,8,제목·계열·직접 인용의 해석 근거 부족; 번호 직결 인용 없음 또는 문장 조각·중복 배정 제외
BOK-20240626-a0cef5a783ee-그림-db5b035eaec68fe2,금융안정보고서 2024년 6월,그림,III-2-10-116,불명,제목; 사용 데이터·출처; 단위; 데이터 형태; 종류; 분석 목적; 통계기법·지수; 설명,불명,불명,허용 종류로 판별 불가 또는 표 구조 미확인; 제목·계열·직접 인용의 해석 근거 부족; 번호 직결 인용 없음 또는 문장 조각·중복 배정 제외
BOK-20240626-a0cef5a783ee-그림-51a97605638d2220,금융안정보고서 2024년 6월,그림,III-2-11,시나리오 적용시 새마을금고 및 신협 (11.5~12.5%)을 상당폭 상회하여 은행 부문의 복 안,분석 목적; 통계기법·지수,research/bok-archive/02-금융안정보고서/2024-06-26_금융안정보고서(2024년 6월)/금융안정보고서(2024년 6월).pdf,125,제목·계열·직접 인용의 해석 근거 부족
BOK-20240626-a0cef5a783ee-그림-c8372a6d34b41c25,금융안정보고서 2024년 6월,그림,III-2-11,시나리오 적용시 새마을금고 및 신협 (11.5~12.5%)을 상당폭 상회하여 은행 부문의 복 안,분석 목적; 통계기법·지수; 설명,research/bok-archive/02-금융안정보고서/2024-06-26_금융안정보고서(2024년 6월)/현안2. 마이크로데이터 기반 스트레스 테스트 모형 재구축 및 금융기관 복원력 점검_2.pdf,9,제목·계열·직접 인용의 해석 근거 부족; 번호 직결 인용 없음 또는 문장 조각·중복 배정 제외
BOK-20240626-a0cef5a783ee-그림-6675435f069a0691,금융안정보고서 2024년 6월,그림,III-2-11,시나리오 적용시 새마을금고 및 신협 (11.5~12.5%)을 상당폭 상회하여 은행 부문의 복 요,분석 목적; 통계기법·지수; 설명,research/bok-archive/02-금융안정보고서/2024-06-26_금융안정보고서(2024년 6월)/현안2. 마이크로데이터 기반 스트레스 테스트 모형 재구축 및 금융기관 복원력 점검.pdf,9,제목·계열·직접 인용의 해석 근거 부족; 번호 직결 인용 없음 또는 문장 조각·중복 배정 제외
BOK-20240626-a0cef5a783ee-그림-6f57796984f3d22b,금융안정보고서 2024년 6월,그림,III-2-11-117,불명,제목; 사용 데이터·출처; 단위; 데이터 형태; 종류; 분석 목적; 통계기법·지수; 설명,불명,불명,허용 종류로 판별 불가 또는 표 구조 미확인; 제목·계열·직접 인용의 해석 근거 부족; 번호 직결 인용 없음 또는 문장 조각·중복 배정 제외
BOK-20240626-a0cef5a783ee-그림-76c03f196aebedae,금융안정보고서 2024년 6월,그림,III-2-12,시나리오 적용시 은행의 자기자본비율1)2) 변화 2,분석 목적; 설명,research/bok-archive/02-금융안정보고서/2024-06-26_금융안정보고서(2024년 6월)/현안2. 마이크로데이터 기반 스트레스 테스트 모형 재구축 및 금융기관 복원력 점검.pdf,9,제목·계열·직접 인용의 해석 근거 부족; 번호 직결 인용 없음 또는 문장 조각·중복 배정 제외
BOK-20240626-a0cef5a783ee-그림-4a55797ec72c9669,금융안정보고서 2024년 6월,그림,III-2-12,시나리오 적용시 은행의 자기자본비율1)2) 변화 이,분석 목적,research/bok-archive/02-금융안정보고서/2024-06-26_금융안정보고서(2024년 6월)/금융안정보고서(2024년 6월).pdf,125,제목·계열·직접 인용의 해석 근거 부족
BOK-20240626-a0cef5a783ee-그림-905982408ca1e7a8,금융안정보고서 2024년 6월,그림,III-2-12,시나리오 적용시 은행의 자기자본비율1)2) 변화 이,분석 목적; 설명,research/bok-archive/02-금융안정보고서/2024-06-26_금융안정보고서(2024년 6월)/현안2. 마이크로데이터 기반 스트레스 테스트 모형 재구축 및 금융기관 복원력 점검_2.pdf,9,제목·계열·직접 인용의 해석 근거 부족; 번호 직결 인용 없음 또는 문장 조각·중복 배정 제외
BOK-20240626-a0cef5a783ee-그림-2296d4a7de6484e2,금융안정보고서 2024년 6월,그림,III-2-13,시나리오 적용시 저축은행의,분석 목적; 통계기법·지수; 설명,research/bok-archive/02-금융안정보고서/2024-06-26_금융안정보고서(2024년 6월)/현안2. 마이크로데이터 기반 스트레스 테스트 모형 재구축 및 금융기관 복원력 점검.pdf,10,제목·계열·직접 인용의 해석 근거 부족; 번호 직결 인용 없음 또는 문장 조각·중복 배정 제외
BOK-20240626-a0cef5a783ee-그림-1cc4c93f0992511e,금융안정보고서 2024년 6월,그림,III-2-13,시나리오 적용시 저축은행의,분석 목적; 통계기법·지수; 설명,research/bok-archive/02-금융안정보고서/2024-06-26_금융안정보고서(2024년 6월)/현안2. 마이크로데이터 기반 스트레스 테스트 모형 재구축 및 금융기관 복원력 점검_2.pdf,10,제목·계열·직접 인용의 해석 근거 부족; 번호 직결 인용 없음 또는 문장 조각·중복 배정 제외
BOK-20240626-a0cef5a783ee-그림-0d75190233732f65,금융안정보고서 2024년 6월,그림,III-2-13,시나리오 적용시 저축은행의 자기자본비율 변화,설명,research/bok-archive/02-금융안정보고서/2024-06-26_금융안정보고서(2024년 6월)/금융안정보고서(2024년 6월).pdf,137,번호 직결 인용 없음 또는 문장 조각·중복 배정 제외
BOK-20240626-a0cef5a783ee-그림-2a687909e4817e35,금융안정보고서 2024년 6월,그림,III-2-14,시나리오 적용시 상호금융의 자기자본비율 변화1)2),데이터 형태,research/bok-archive/02-금융안정보고서/2024-06-26_금융안정보고서(2024년 6월)/금융안정보고서(2024년 6월).pdf,126,출처·단위·데이터 형태 등 미확인
BOK-20240626-a0cef5a783ee-그림-e5824c62057d1821,금융안정보고서 2024년 6월,그림,III-2-14,시나리오 적용시 상호금융의 자기자본비율 변화1)2),데이터 형태; 설명,research/bok-archive/02-금융안정보고서/2024-06-26_금융안정보고서(2024년 6월)/현안2. 마이크로데이터 기반 스트레스 테스트 모형 재구축 및 금융기관 복원력 점검.pdf,10,번호 직결 인용 없음 또는 문장 조각·중복 배정 제외
BOK-20240626-a0cef5a783ee-그림-58b8e921db40a74a,금융안정보고서 2024년 6월,그림,III-2-14,시나리오 적용시 상호금융의 자기자본비율 변화1)2),데이터 형태; 설명,research/bok-archive/02-금융안정보고서/2024-06-26_금융안정보고서(2024년 6월)/현안2. 마이크로데이터 기반 스트레스 테스트 모형 재구축 및 금융기관 복원력 점검_2.pdf,10,번호 직결 인용 없음 또는 문장 조각·중복 배정 제외
BOK-20240626-a0cef5a783ee-그림-18eb524c7f357dff,금융안정보고서 2024년 6월,그림,III-2-15,시나리오 적용시 상호금융 업권 내,데이터 형태; 분석 목적; 통계기법·지수; 설명,research/bok-archive/02-금융안정보고서/2024-06-26_금융안정보고서(2024년 6월)/현안2. 마이크로데이터 기반 스트레스 테스트 모형 재구축 및 금융기관 복원력 점검.pdf,11,제목·계열·직접 인용의 해석 근거 부족; 번호 직결 인용 없음 또는 문장 조각·중복 배정 제외
BOK-20240626-a0cef5a783ee-그림-ad652807124f33a0,금융안정보고서 2024년 6월,그림,III-2-15,시나리오 적용시 상호금융 업권 내,데이터 형태; 분석 목적; 통계기법·지수; 설명,research/bok-archive/02-금융안정보고서/2024-06-26_금융안정보고서(2024년 6월)/현안2. 마이크로데이터 기반 스트레스 테스트 모형 재구축 및 금융기관 복원력 점검_2.pdf,11,제목·계열·직접 인용의 해석 근거 부족; 번호 직결 인용 없음 또는 문장 조각·중복 배정 제외
BOK-20240626-a0cef5a783ee-그림-897107525fa63944,금융안정보고서 2024년 6월,그림,III-2-15,시나리오 적용시 상호금융 업권 내 그룹별 자기자본비율 변화,설명,research/bok-archive/02-금융안정보고서/2024-06-26_금융안정보고서(2024년 6월)/금융안정보고서(2024년 6월).pdf,137,번호 직결 인용 없음 또는 문장 조각·중복 배정 제외
BOK-20240626-a0cef5a783ee-그림-3eb603baf8152ebc,금융안정보고서 2024년 6월,그림,III-2-16-119,불명,제목; 사용 데이터·출처; 단위; 데이터 형태; 종류; 분석 목적; 통계기법·지수; 설명,불명,불명,허용 종류로 판별 불가 또는 표 구조 미확인; 제목·계열·직접 인용의 해석 근거 부족; 번호 직결 인용 없음 또는 문장 조각·중복 배정 제외
BOK-20240626-a0cef5a783ee-그림-633818a322c91c8b,금융안정보고서 2024년 6월,그림,III-2-17,여타 금융업권에 대한 자금 조달 및 운용의존도,통계기법·지수; 설명,research/bok-archive/02-금융안정보고서/2024-06-26_금융안정보고서(2024년 6월)/금융안정보고서(2024년 6월).pdf,137,번호 직결 인용 없음 또는 문장 조각·중복 배정 제외
BOK-20240626-a0cef5a783ee-그림-490f22053007cb71,금융안정보고서 2024년 6월,그림,III-2-17,여타 금융업권에 대한 자금조달 및,데이터 형태; 분석 목적; 통계기법·지수; 설명,research/bok-archive/02-금융안정보고서/2024-06-26_금융안정보고서(2024년 6월)/현안2. 마이크로데이터 기반 스트레스 테스트 모형 재구축 및 금융기관 복원력 점검.pdf,12,제목·계열·직접 인용의 해석 근거 부족; 번호 직결 인용 없음 또는 문장 조각·중복 배정 제외
BOK-20240626-a0cef5a783ee-그림-924aa170521ddee2,금융안정보고서 2024년 6월,그림,III-2-17,여타 금융업권에 대한 자금조달 및,데이터 형태; 분석 목적; 통계기법·지수; 설명,research/bok-archive/02-금융안정보고서/2024-06-26_금융안정보고서(2024년 6월)/현안2. 마이크로데이터 기반 스트레스 테스트 모형 재구축 및 금융기관 복원력 점검_2.pdf,12,제목·계열·직접 인용의 해석 근거 부족; 번호 직결 인용 없음 또는 문장 조각·중복 배정 제외
BOK-20240626-a0cef5a783ee-그림-45948c5264dfdb16,금융안정보고서 2024년 6월,그림,III-2-18,취약그룹 상호금융 조합의 관별로 취약성에 차이가 존재하는 점을 감안하,분석 목적; 통계기법·지수; 설명,research/bok-archive/02-금융안정보고서/2024-06-26_금융안정보고서(2024년 6월)/현안2. 마이크로데이터 기반 스트레스 테스트 모형 재구축 및 금융기관 복원력 점검.pdf,12,제목·계열·직접 인용의 해석 근거 부족; 번호 직결 인용 없음 또는 문장 조각·중복 배정 제외
BOK-20240626-a0cef5a783ee-그림-d6937cafa059fd70,금융안정보고서 2024년 6월,그림,III-2-18,취약그룹 상호금융 조합의 관별로 취약성에 차이가 존재하는 점을 감안하,분석 목적; 통계기법·지수; 설명,research/bok-archive/02-금융안정보고서/2024-06-26_금융안정보고서(2024년 6월)/현안2. 마이크로데이터 기반 스트레스 테스트 모형 재구축 및 금융기관 복원력 점검_2.pdf,12,제목·계열·직접 인용의 해석 근거 부족; 번호 직결 인용 없음 또는 문장 조각·중복 배정 제외
BOK-20240626-a0cef5a783ee-그림-132ceeb02274f962,금융안정보고서 2024년 6월,그림,III-2-18,취약그룹 상호금융 조합의 자산규모별 분포,설명,research/bok-archive/02-금융안정보고서/2024-06-26_금융안정보고서(2024년 6월)/금융안정보고서(2024년 6월).pdf,137,번호 직결 인용 없음 또는 문장 조각·중복 배정 제외
BOK-20240626-a0cef5a783ee-그림-d07e197fe2e469f2,금융안정보고서 2024년 6월,그림,불명,Citi Macro Risk Index,번호; 설명,불명,불명,번호 미확인; 캡션 또는 비결과물 오탐 여부 검수; 번호 직결 인용 없음 또는 문장 조각·중복 배정 제외
BOK-20240626-a0cef5a783ee-그림-50a8fa3f79bce988,금융안정보고서 2024년 6월,그림,불명,DTI 및 DTA 추이,번호; 설명,research/bok-archive/02-금융안정보고서/2024-06-26_금융안정보고서(2024년 6월)/현안1. 매크로레버리지 평가를 통한 금융시스템의 잠재리스크 점검.pdf,10,번호 미확인; 캡션 또는 비결과물 오탐 여부 검수; 번호 직결 인용 없음 또는 문장 조각·중복 배정 제외
BOK-20240626-a0cef5a783ee-그림-af31b4b2c87e05b1,금융안정보고서 2024년 6월,그림,불명,KP 스프레드 및 CDS 프리미엄,번호; 설명,불명,불명,번호 미확인; 캡션 또는 비결과물 오탐 여부 검수; 번호 직결 인용 없음 또는 문장 조각·중복 배정 제외
BOK-20240626-a0cef5a783ee-그림-ae62935f190ea98b,금융안정보고서 2024년 6월,그림,불명,가계∙자영업자 대출 연체율,번호; 설명,불명,불명,번호 미확인; 캡션 또는 비결과물 오탐 여부 검수; 번호 직결 인용 없음 또는 문장 조각·중복 배정 제외
BOK-20240626-a0cef5a783ee-그림-2fe6eb328fb9f759,금융안정보고서 2024년 6월,그림,불명,가계∙자영업자 대출 증가율,번호; 단위; 종류; 설명,불명,불명,번호 미확인; 캡션 또는 비결과물 오탐 여부 검수; 허용 종류로 판별 불가 또는 표 구조 미확인; 번호 직결 인용 없음 또는 문장 조각·중복 배정 제외
BOK-20240626-a0cef5a783ee-그림-9fa01e84cd409413,금융안정보고서 2024년 6월,그림,불명,가계∙자영업자 연체차주 수 비중 및 평균 연체액,번호; 설명,불명,불명,번호 미확인; 캡션 또는 비결과물 오탐 여부 검수; 번호 직결 인용 없음 또는 문장 조각·중복 배정 제외
BOK-20240626-a0cef5a783ee-그림-4e5eb68e045d9357,금융안정보고서 2024년 6월,그림,불명,가계∙자영업자 취약차주 연체율 및 비중,번호; 설명,불명,불명,번호 미확인; 캡션 또는 비결과물 오탐 여부 검수; 번호 직결 인용 없음 또는 문장 조각·중복 배정 제외
BOK-20240626-a0cef5a783ee-그림-7e4bda171181a052,금융안정보고서 2024년 6월,그림,불명,가계∙자영업자의 연체진입률 및 연체지속률,번호; 설명,불명,불명,번호 미확인; 캡션 또는 비결과물 오탐 여부 검수; 번호 직결 인용 없음 또는 문장 조각·중복 배정 제외
BOK-20240626-a0cef5a783ee-그림-6e167fcf2675c4d2,금융안정보고서 2024년 6월,그림,불명,가계대출 담보별 연체율,번호; 설명,불명,불명,번호 미확인; 캡션 또는 비결과물 오탐 여부 검수; 번호 직결 인용 없음 또는 문장 조각·중복 배정 제외
BOK-20240626-a0cef5a783ee-그림-7c0a0197a30456ab,금융안정보고서 2024년 6월,그림,불명,가계신용,번호; 설명,불명,불명,번호 미확인; 캡션 또는 비결과물 오탐 여부 검수; 번호 직결 인용 없음 또는 문장 조각·중복 배정 제외
BOK-20240626-a0cef5a783ee-그림-bd23fc6778e416c7,금융안정보고서 2024년 6월,그림,불명,건설사의 재무건전성 관련 지표,번호; 설명,불명,불명,번호 미확인; 캡션 또는 비결과물 오탐 여부 검수; 번호 직결 인용 없음 또는 문장 조각·중복 배정 제외
BOK-20240626-a0cef5a783ee-그림-a8b6832f516fad9b,금융안정보고서 2024년 6월,그림,불명,국고채금리 및 회사채 신용스프레드와 주택가격 상승률,번호; 설명,불명,불명,번호 미확인; 캡션 또는 비결과물 오탐 여부 검수; 번호 직결 인용 없음 또는 문장 조각·중복 배정 제외
BOK-20240626-a0cef5a783ee-그림-533f1936221f7602,금융안정보고서 2024년 6월,그림,불명,금리국면별 연도별 이자순이익(수익-비용)변동 요인 분해,번호; 설명,불명,불명,번호 미확인; 캡션 또는 비결과물 오탐 여부 검수; 번호 직결 인용 없음 또는 문장 조각·중복 배정 제외
BOK-20240626-a0cef5a783ee-그림-9fa7862aec793640,금융안정보고서 2024년 6월,그림,불명,금리국면별 일반은행 이자순이익(수익-비용) 추이,번호; 설명,불명,불명,번호 미확인; 캡션 또는 비결과물 오탐 여부 검수; 번호 직결 인용 없음 또는 문장 조각·중복 배정 제외
BOK-20240626-a0cef5a783ee-그림-d89ca2e380fcd5b6,금융안정보고서 2024년 6월,그림,불명,금리국면별 차주별 일반은행 대출금 증가,번호; 통계기법·지수; 설명,불명,불명,번호 미확인; 캡션 또는 비결과물 오탐 여부 검수; 번호 직결 인용 없음 또는 문장 조각·중복 배정 제외
BOK-20240626-a0cef5a783ee-그림-60c27c35634794e7,금융안정보고서 2024년 6월,그림,불명,금리상승기별 대출금리와 연체율,번호; 설명,불명,불명,번호 미확인; 캡션 또는 비결과물 오탐 여부 검수; 번호 직결 인용 없음 또는 문장 조각·중복 배정 제외
BOK-20240626-a0cef5a783ee-그림-d046060c3d095723,금융안정보고서 2024년 6월,그림,불명,금융기관 자본적정성 비율,번호; 설명,불명,불명,번호 미확인; 캡션 또는 비결과물 오탐 여부 검수; 번호 직결 인용 없음 또는 문장 조각·중복 배정 제외
BOK-20240626-a0cef5a783ee-그림-5ef972b64256f75e,금융안정보고서 2024년 6월,그림,불명,금융불안지수(FSI) 및 금융취약성지수(FVI),번호; 설명,불명,불명,번호 미확인; 캡션 또는 비결과물 오탐 여부 검수; 번호 직결 인용 없음 또는 문장 조각·중복 배정 제외
BOK-20240626-a0cef5a783ee-그림-b1c64eade8fe6748,금융안정보고서 2024년 6월,그림,불명,금융업권별 가계대출 변동,번호; 통계기법·지수; 설명,research/bok-archive/02-금융안정보고서/2024-06-26_금융안정보고서(2024년 6월)/금융안정보고서(2024년 6월).pdf,20,번호 미확인; 캡션 또는 비결과물 오탐 여부 검수; 번호 직결 인용 없음 또는 문장 조각·중복 배정 제외
BOK-20240626-a0cef5a783ee-그림-0727492369c0b5c7,금융안정보고서 2024년 6월,그림,불명,금융업권별 고정이하여신비율,번호; 설명,불명,불명,번호 미확인; 캡션 또는 비결과물 오탐 여부 검수; 번호 직결 인용 없음 또는 문장 조각·중복 배정 제외
BOK-20240626-a0cef5a783ee-그림-f166006ff029170a,금융안정보고서 2024년 6월,그림,불명,금융자산 대비 금융부채 비율,번호; 설명,research/bok-archive/02-금융안정보고서/2024-06-26_금융안정보고서(2024년 6월)/금융안정보고서(2024년 6월).pdf,21,번호 미확인; 캡션 또는 비결과물 오탐 여부 검수; 번호 직결 인용 없음 또는 문장 조각·중복 배정 제외
BOK-20240626-a0cef5a783ee-그림-5b7b42f1fab8e2ea,금융안정보고서 2024년 6월,그림,불명,기업대출 무수익여신 규모,번호; 통계기법·지수; 설명,불명,불명,번호 미확인; 캡션 또는 비결과물 오탐 여부 검수; 번호 직결 인용 없음 또는 문장 조각·중복 배정 제외
BOK-20240626-a0cef5a783ee-그림-3fdba824277ac9b6,금융안정보고서 2024년 6월,그림,불명,매∙상각 비율 상승시 고정이하여신비율 변화,번호; 설명,불명,불명,번호 미확인; 캡션 또는 비결과물 오탐 여부 검수; 번호 직결 인용 없음 또는 문장 조각·중복 배정 제외
BOK-20240626-a0cef5a783ee-그림-637d94482f3e3f82,금융안정보고서 2024년 6월,그림,불명,매크로레버리지 추이 및 국가별 매크로레버리지 비교,번호; 설명,불명,불명,번호 미확인; 캡션 또는 비결과물 오탐 여부 검수; 번호 직결 인용 없음 또는 문장 조각·중복 배정 제외
BOK-20240626-a0cef5a783ee-그림-87dcebe956e01d64,금융안정보고서 2024년 6월,그림,불명,미 연준 및 ECB의 정책금리 예상 경로,번호; 통계기법·지수; 설명,불명,불명,번호 미확인; 캡션 또는 비결과물 오탐 여부 검수; 번호 직결 인용 없음 또는 문장 조각·중복 배정 제외
BOK-20240626-a0cef5a783ee-그림-975a51258c129cab,금융안정보고서 2024년 6월,그림,불명,민간신용 레버리지 / 가계 및 기업대출 연체율,번호; 설명,불명,불명,번호 미확인; 캡션 또는 비결과물 오탐 여부 검수; 번호 직결 인용 없음 또는 문장 조각·중복 배정 제외
BOK-20240626-a0cef5a783ee-그림-c663912926d77596,금융안정보고서 2024년 6월,그림,불명,민간신용 레버리지 및 갭 추이,번호; 설명,research/bok-archive/02-금융안정보고서/2024-06-26_금융안정보고서(2024년 6월)/현안1. 매크로레버리지 평가를 통한 금융시스템의 잠재리스크 점검.pdf,8,번호 미확인; 캡션 또는 비결과물 오탐 여부 검수; 번호 직결 인용 없음 또는 문장 조각·중복 배정 제외
BOK-20240626-a0cef5a783ee-그림-6ab269a8b2c9c6ac,금융안정보고서 2024년 6월,그림,불명,부동산 관련 레버리지,번호; 설명,research/bok-archive/02-금융안정보고서/2024-06-26_금융안정보고서(2024년 6월)/현안1. 매크로레버리지 평가를 통한 금융시스템의 잠재리스크 점검.pdf,5,번호 미확인; 캡션 또는 비결과물 오탐 여부 검수; 번호 직결 인용 없음 또는 문장 조각·중복 배정 제외
BOK-20240626-a0cef5a783ee-그림-8e1103c00f57bf8a,금융안정보고서 2024년 6월,그림,불명,부동산PF 대출 중 본PF대출 관련 리스크 지표,번호; 통계기법·지수; 설명,불명,불명,번호 미확인; 캡션 또는 비결과물 오탐 여부 검수; 번호 직결 인용 없음 또는 문장 조각·중복 배정 제외
BOK-20240626-a0cef5a783ee-그림-46c79332bef52ab0,금융안정보고서 2024년 6월,그림,불명,부동산PF 대출 추이,번호; 통계기법·지수; 설명,불명,불명,번호 미확인; 캡션 또는 비결과물 오탐 여부 검수; 번호 직결 인용 없음 또는 문장 조각·중복 배정 제외
BOK-20240626-a0cef5a783ee-그림-9ad84d8973fe3f0a,금융안정보고서 2024년 6월,그림,불명,부동산PF 유동화증권,번호; 설명,불명,불명,번호 미확인; 캡션 또는 비결과물 오탐 여부 검수; 번호 직결 인용 없음 또는 문장 조각·중복 배정 제외
BOK-20240626-a0cef5a783ee-그림-f0ccfbce3b32bb54,금융안정보고서 2024년 6월,그림,불명,부동산신탁사의 신탁계정대,번호; 설명,불명,불명,번호 미확인; 캡션 또는 비결과물 오탐 여부 검수; 번호 직결 인용 없음 또는 문장 조각·중복 배정 제외
BOK-20240626-a0cef5a783ee-그림-b62e94ce1e7c8759,금융안정보고서 2024년 6월,그림,불명,부실자산 매∙상각 규모 및 비율,번호; 설명,불명,불명,번호 미확인; 캡션 또는 비결과물 오탐 여부 검수; 번호 직결 인용 없음 또는 문장 조각·중복 배정 제외
BOK-20240626-a0cef5a783ee-그림-448ec0fbc2314ca9,금융안정보고서 2024년 6월,그림,불명,비은행금융기관 유동성확보비율,번호; 설명,불명,불명,번호 미확인; 캡션 또는 비결과물 오탐 여부 검수; 번호 직결 인용 없음 또는 문장 조각·중복 배정 제외
BOK-20240626-a0cef5a783ee-그림-c0dfbfcb19eda56a,금융안정보고서 2024년 6월,그림,불명,비은행금융기관 자산구성,번호; 통계기법·지수; 설명,불명,불명,번호 미확인; 캡션 또는 비결과물 오탐 여부 검수; 번호 직결 인용 없음 또는 문장 조각·중복 배정 제외
BOK-20240626-a0cef5a783ee-그림-2bfbdc8a6aa996b7,금융안정보고서 2024년 6월,그림,불명,상호금융 내 그룹별 기업대출비중과 고정이하여신비율 간 관계,번호; 설명,불명,불명,번호 미확인; 캡션 또는 비결과물 오탐 여부 검수; 번호 직결 인용 없음 또는 문장 조각·중복 배정 제외
BOK-20240626-a0cef5a783ee-그림-b41ea2c6c1add534,금융안정보고서 2024년 6월,그림,불명,순이자마진 및 예대금리차 추이,번호; 설명,불명,불명,번호 미확인; 캡션 또는 비결과물 오탐 여부 검수; 번호 직결 인용 없음 또는 문장 조각·중복 배정 제외
BOK-20240626-a0cef5a783ee-그림-28b1354a55a2221a,금융안정보고서 2024년 6월,그림,불명,순차입금상환배율 및 분포,번호; 설명,research/bok-archive/02-금융안정보고서/2024-06-26_금융안정보고서(2024년 6월)/현안1. 매크로레버리지 평가를 통한 금융시스템의 잠재리스크 점검.pdf,13,번호 미확인; 캡션 또는 비결과물 오탐 여부 검수; 번호 직결 인용 없음 또는 문장 조각·중복 배정 제외
BOK-20240626-a0cef5a783ee-그림-acb1d5b88b23e397,금융안정보고서 2024년 6월,그림,불명,시나리오 적용시 상호금융의 자기자본비율 변화,번호; 설명,research/bok-archive/02-금융안정보고서/2024-06-26_금융안정보고서(2024년 6월)/금융안정보고서(2024년 6월).pdf,137,번호 미확인; 캡션 또는 비결과물 오탐 여부 검수; 번호 직결 인용 없음 또는 문장 조각·중복 배정 제외
BOK-20240626-a0cef5a783ee-그림-cd92d7bb6eae12b3,금융안정보고서 2024년 6월,그림,불명,시나리오 적용시 새마을금고 및 신협 개별조합의 고정이하여신비율 변화,번호; 설명,research/bok-archive/02-금융안정보고서/2024-06-26_금융안정보고서(2024년 6월)/금융안정보고서(2024년 6월).pdf,137,번호 미확인; 캡션 또는 비결과물 오탐 여부 검수; 번호 직결 인용 없음 또는 문장 조각·중복 배정 제외
BOK-20240626-a0cef5a783ee-그림-7257d4b1a80cfaab,금융안정보고서 2024년 6월,그림,불명,시나리오 적용시 은행 가계대출 부도율 변화,번호; 설명,research/bok-archive/02-금융안정보고서/2024-06-26_금융안정보고서(2024년 6월)/현안2. 마이크로데이터 기반 스트레스 테스트 모형 재구축 및 금융기관 복원력 점검.pdf,8,번호 미확인; 캡션 또는 비결과물 오탐 여부 검수; 번호 직결 인용 없음 또는 문장 조각·중복 배정 제외
BOK-20240626-a0cef5a783ee-그림-7878ed3cb41a9b0f,금융안정보고서 2024년 6월,그림,불명,"시나리오 적용시 은행, 저축은행, 상호금융의 자기자본비율 변화",번호; 설명,research/bok-archive/02-금융안정보고서/2024-06-26_금융안정보고서(2024년 6월)/금융안정보고서(2024년 6월).pdf,137,번호 미확인; 캡션 또는 비결과물 오탐 여부 검수; 번호 직결 인용 없음 또는 문장 조각·중복 배정 제외
BOK-20240626-a0cef5a783ee-그림-325aecc480195ecf,금융안정보고서 2024년 6월,그림,불명,시나리오 적용시 은행의 자기자본비율 변화,번호; 설명,research/bok-archive/02-금융안정보고서/2024-06-26_금융안정보고서(2024년 6월)/현안2. 마이크로데이터 기반 스트레스 테스트 모형 재구축 및 금융기관 복원력 점검.pdf,9,번호 미확인; 캡션 또는 비결과물 오탐 여부 검수; 번호 직결 인용 없음 또는 문장 조각·중복 배정 제외
BOK-20240626-a0cef5a783ee-그림-cb3a206f87080e3a,금융안정보고서 2024년 6월,그림,불명,시나리오 적용시 취약 및 비취약 저축은행의 기업대출 고정이하여신비율 변화,번호; 설명,불명,불명,번호 미확인; 캡션 또는 비결과물 오탐 여부 검수; 번호 직결 인용 없음 또는 문장 조각·중복 배정 제외
BOK-20240626-a0cef5a783ee-그림-7f5e97645e9402ff,금융안정보고서 2024년 6월,그림,불명,신용 형태별 매크로레버리지 갭 추이,번호; 설명,research/bok-archive/02-금융안정보고서/2024-06-26_금융안정보고서(2024년 6월)/금융안정보고서(2024년 6월).pdf,136,번호 미확인; 캡션 또는 비결과물 오탐 여부 검수; 번호 직결 인용 없음 또는 문장 조각·중복 배정 제외
BOK-20240626-a0cef5a783ee-그림-b14b0226d7b348d9,금융안정보고서 2024년 6월,그림,불명,업권별 대출 연체율 추이,번호; 설명,불명,불명,번호 미확인; 캡션 또는 비결과물 오탐 여부 검수; 번호 직결 인용 없음 또는 문장 조각·중복 배정 제외
BOK-20240626-a0cef5a783ee-그림-c92db3deaa9e7800,금융안정보고서 2024년 6월,그림,불명,업권별 자본비율 변화,번호; 설명,불명,불명,번호 미확인; 캡션 또는 비결과물 오탐 여부 검수; 번호 직결 인용 없음 또는 문장 조각·중복 배정 제외
BOK-20240626-a0cef5a783ee-그림-63d2a47847bcbe62,금융안정보고서 2024년 6월,그림,불명,업종별 기업대출 연체율,번호; 설명,불명,불명,번호 미확인; 캡션 또는 비결과물 오탐 여부 검수; 번호 직결 인용 없음 또는 문장 조각·중복 배정 제외
BOK-20240626-a0cef5a783ee-그림-e8a3b73bf8bb804c,금융안정보고서 2024년 6월,그림,불명,우리나라 기업의 이자보상배율 변동 요인,번호; 설명,research/bok-archive/02-금융안정보고서/2024-06-26_금융안정보고서(2024년 6월)/금융안정보고서(2024년 6월).pdf,137,번호 미확인; 캡션 또는 비결과물 오탐 여부 검수; 번호 직결 인용 없음 또는 문장 조각·중복 배정 제외
BOK-20240626-a0cef5a783ee-그림-456597cf6da6b8e9,금융안정보고서 2024년 6월,그림,불명,원/달러 환율 및 DXY 추이,번호; 설명,불명,불명,번호 미확인; 캡션 또는 비결과물 오탐 여부 검수; 번호 직결 인용 없음 또는 문장 조각·중복 배정 제외
BOK-20240626-a0cef5a783ee-그림-825191b955b2743e,금융안정보고서 2024년 6월,그림,불명,"위안화 고시환율, 시장환율",번호; 통계기법·지수; 설명,불명,불명,번호 미확인; 캡션 또는 비결과물 오탐 여부 검수; 번호 직결 인용 없음 또는 문장 조각·중복 배정 제외
BOK-20240626-a0cef5a783ee-그림-a4fa3525d4deab36,금융안정보고서 2024년 6월,그림,불명,이자보상배율 추이,번호; 설명,research/bok-archive/02-금융안정보고서/2024-06-26_금융안정보고서(2024년 6월)/금융안정보고서(2024년 6월).pdf,137,번호 미확인; 캡션 또는 비결과물 오탐 여부 검수; 번호 직결 인용 없음 또는 문장 조각·중복 배정 제외
BOK-20240626-a0cef5a783ee-그림-485415eea63aeebf,금융안정보고서 2024년 6월,그림,불명,일반은행 대손비용 추이 및 고정이하여신 요인별 증감액,번호; 설명,불명,불명,번호 미확인; 캡션 또는 비결과물 오탐 여부 검수; 번호 직결 인용 없음 또는 문장 조각·중복 배정 제외
BOK-20240626-a0cef5a783ee-그림-7cabd002d0f17b94,금융안정보고서 2024년 6월,그림,불명,일반은행 차주별 대출금리 및 위험조정수익률 추이,번호; 설명,불명,불명,번호 미확인; 캡션 또는 비결과물 오탐 여부 검수; 번호 직결 인용 없음 또는 문장 조각·중복 배정 제외
BOK-20240626-a0cef5a783ee-그림-a8a8aa0318d8545b,금융안정보고서 2024년 6월,그림,불명,저축은행 및 상호금융 유동성확보비율,번호; 설명,불명,불명,번호 미확인; 캡션 또는 비결과물 오탐 여부 검수; 번호 직결 인용 없음 또는 문장 조각·중복 배정 제외
BOK-20240626-a0cef5a783ee-그림-0059a3148a67e487,금융안정보고서 2024년 6월,그림,불명,정책금융 공급규모 및 GDP 대비 비율,번호; 설명,research/bok-archive/02-금융안정보고서/2024-06-26_금융안정보고서(2024년 6월)/현안1. 매크로레버리지 평가를 통한 금융시스템의 잠재리스크 점검.pdf,9,번호 미확인; 캡션 또는 비결과물 오탐 여부 검수; 번호 직결 인용 없음 또는 문장 조각·중복 배정 제외
BOK-20240626-a0cef5a783ee-그림-25925b6f78314876,금융안정보고서 2024년 6월,그림,불명,주요 국가별 매크로레버리지,번호; 설명,research/bok-archive/02-금융안정보고서/2024-06-26_금융안정보고서(2024년 6월)/현안1. 매크로레버리지 평가를 통한 금융시스템의 잠재리스크 점검.pdf,6,번호 미확인; 캡션 또는 비결과물 오탐 여부 검수; 번호 직결 인용 없음 또는 문장 조각·중복 배정 제외
BOK-20240626-a0cef5a783ee-그림-bb69c23b883cabb2,금융안정보고서 2024년 6월,그림,불명,중소형 증권사의 PF채무보증 리스크,번호; 설명,불명,불명,번호 미확인; 캡션 또는 비결과물 오탐 여부 검수; 번호 직결 인용 없음 또는 문장 조각·중복 배정 제외
BOK-20240626-a0cef5a783ee-그림-88873c8160895b97,금융안정보고서 2024년 6월,그림,불명,증권∙보험∙여신전문회사 유동성확보비율,번호; 설명,불명,불명,번호 미확인; 캡션 또는 비결과물 오탐 여부 검수; 번호 직결 인용 없음 또는 문장 조각·중복 배정 제외
BOK-20240626-a0cef5a783ee-그림-ed58928d67a8a3ab,금융안정보고서 2024년 6월,그림,불명,차입금의존도 및 부채비율,번호; 설명,research/bok-archive/02-금융안정보고서/2024-06-26_금융안정보고서(2024년 6월)/현안1. 매크로레버리지 평가를 통한 금융시스템의 잠재리스크 점검.pdf,14,번호 미확인; 캡션 또는 비결과물 오탐 여부 검수; 번호 직결 인용 없음 또는 문장 조각·중복 배정 제외
BOK-20240626-a0cef5a783ee-그림-2819d983bb2b2dba,금융안정보고서 2024년 6월,그림,불명,코로나19 전후 부문별 매크로레버리지 변화,번호; 설명,research/bok-archive/02-금융안정보고서/2024-06-26_금융안정보고서(2024년 6월)/현안1. 매크로레버리지 평가를 통한 금융시스템의 잠재리스크 점검.pdf,4,번호 미확인; 캡션 또는 비결과물 오탐 여부 검수; 번호 직결 인용 없음 또는 문장 조각·중복 배정 제외
BOK-20240626-a0cef5a783ee-그림-9061b4025f8891d1,금융안정보고서 2024년 6월,그림,불명,한은금융망 관련 리스크 지표 및 한은금융망 운영시간 연장 현황,번호; 설명,불명,불명,번호 미확인; 캡션 또는 비결과물 오탐 여부 검수; 번호 직결 인용 없음 또는 문장 조각·중복 배정 제외
BOK-20240626-a0cef5a783ee-표-e2d8af13663e2da8,금융안정보고서 2024년 6월,표,I-3-1,금융업권 간 업권별 상호거래 규모,종류; 통계기법·지수; 설명,research/bok-archive/02-금융안정보고서/2024-06-26_금융안정보고서(2024년 6월)/금융안정보고서(2024년 6월).pdf,63,허용 종류로 판별 불가 또는 표 구조 미확인; 번호 직결 인용 없음 또는 문장 조각·중복 배정 제외
BOK-20240626-a0cef5a783ee-표-69eca99833627fd8,금융안정보고서 2024년 6월,표,I-3-2,금융업권 간 상품별 상호거래 규모,종류; 통계기법·지수,research/bok-archive/02-금융안정보고서/2024-06-26_금융안정보고서(2024년 6월)/금융안정보고서(2024년 6월).pdf,63,허용 종류로 판별 불가 또는 표 구조 미확인
BOK-20240626-a0cef5a783ee-표-4c87ca0dd0c5f9b5,금융안정보고서 2024년 6월,표,II-1-1,일반은행 NSFR,데이터 형태; 설명,research/bok-archive/02-금융안정보고서/2024-06-26_금융안정보고서(2024년 6월)/금융안정보고서(2024년 6월).pdf,83,번호 직결 인용 없음 또는 문장 조각·중복 배정 제외
BOK-20240626-a0cef5a783ee-표-0e2a8c066680ef1f,금융안정보고서 2024년 6월,표,III-2-1,주요 거시경제변수 시나리오,사용 데이터·출처; 데이터 형태,research/bok-archive/02-금융안정보고서/2024-06-26_금융안정보고서(2024년 6월)/금융안정보고서(2024년 6월).pdf,123,출처·단위·데이터 형태 등 미확인
BOK-20240626-a0cef5a783ee-표-9e83f4879b9b7f3f,금융안정보고서 2024년 6월,표,III-2-1,주요 거시경제변수 시나리오,사용 데이터·출처; 데이터 형태; 종류; 설명,research/bok-archive/02-금융안정보고서/2024-06-26_금융안정보고서(2024년 6월)/현안2. 마이크로데이터 기반 스트레스 테스트 모형 재구축 및 금융기관 복원력 점검.pdf,7,허용 종류로 판별 불가 또는 표 구조 미확인; 번호 직결 인용 없음 또는 문장 조각·중복 배정 제외
BOK-20240626-a0cef5a783ee-표-a819bb024d8f9e9e,금융안정보고서 2024년 6월,표,III-2-1,주요 거시경제변수 시나리오,사용 데이터·출처; 데이터 형태; 설명,research/bok-archive/02-금융안정보고서/2024-06-26_금융안정보고서(2024년 6월)/현안2. 마이크로데이터 기반 스트레스 테스트 모형 재구축 및 금융기관 복원력 점검_2.pdf,7,번호 직결 인용 없음 또는 문장 조각·중복 배정 제외
BOK-20251223-4051c44575eb-그림-283835318d33827c,금융안정보고서 2025년 12월,그림,I-1-1,가계 및 기업 신용 상황 변화 지도1),데이터 형태; 종류; 통계기법·지수; 설명,research/bok-archive/02-금융안정보고서/2025-12-23_금융안정보고서(2025년 12월)/금융안정보고서(2025년 12월).pdf,25,허용 종류로 판별 불가 또는 표 구조 미확인; 번호 직결 인용 없음 또는 문장 조각·중복 배정 제외
BOK-20251223-4051c44575eb-그림-5e9851d561ef1099,금융안정보고서 2025년 12월,그림,I-1-2,가계신용,설명,research/bok-archive/02-금융안정보고서/2025-12-23_금융안정보고서(2025년 12월)/금융안정보고서(2025년 12월).pdf,25,번호 직결 인용 없음 또는 문장 조각·중복 배정 제외
BOK-20251223-4051c44575eb-그림-24a9578cdd47d2f2,금융안정보고서 2025년 12월,그림,I-1-3,대출유형별 가계대출 변동,통계기법·지수; 설명,research/bok-archive/02-금융안정보고서/2025-12-23_금융안정보고서(2025년 12월)/금융안정보고서(2025년 12월).pdf,26,번호 직결 인용 없음 또는 문장 조각·중복 배정 제외
BOK-20251223-4051c44575eb-그림-b13f078255eaaca0,금융안정보고서 2025년 12월,그림,I-1-4,금융업권별 가계대출 변동,통계기법·지수; 설명,research/bok-archive/02-금융안정보고서/2025-12-23_금융안정보고서(2025년 12월)/금융안정보고서(2025년 12월).pdf,26,번호 직결 인용 없음 또는 문장 조각·중복 배정 제외
BOK-20251223-4051c44575eb-그림-136f9f78ab9ad426,금융안정보고서 2025년 12월,그림,I-1-6,은행 및 비은행금융기관 가계대출 연체율,설명,research/bok-archive/02-금융안정보고서/2025-12-23_금융안정보고서(2025년 12월)/금융안정보고서(2025년 12월).pdf,28,번호 직결 인용 없음 또는 문장 조각·중복 배정 제외
BOK-20251223-4051c44575eb-그림-b7ac5a720efb48fb,금융안정보고서 2025년 12월,그림,I-1-7,금융기관 기업대출,통계기법·지수,research/bok-archive/02-금융안정보고서/2025-12-23_금융안정보고서(2025년 12월)/금융안정보고서(2025년 12월).pdf,29,출처·단위·데이터 형태 등 미확인
BOK-20251223-4051c44575eb-그림-80e1d9f535c5389b,금융안정보고서 2025년 12월,그림,I-1-8,기업규모별 기업대출,설명,research/bok-archive/02-금융안정보고서/2025-12-23_금융안정보고서(2025년 12월)/금융안정보고서(2025년 12월).pdf,30,번호 직결 인용 없음 또는 문장 조각·중복 배정 제외
BOK-20251223-4051c44575eb-그림-51f5c207039cb26d,금융안정보고서 2025년 12월,그림,I-1-9,주요 업종별 금융기관 기업대출 증가율,설명,research/bok-archive/02-금융안정보고서/2025-12-23_금융안정보고서(2025년 12월)/금융안정보고서(2025년 12월).pdf,30,번호 직결 인용 없음 또는 문장 조각·중복 배정 제외
BOK-20251223-4051c44575eb-그림-6956598404db5e88,금융안정보고서 2025년 12월,그림,I-1-11,기업의 직접금융시장 조달 동향,설명,research/bok-archive/02-금융안정보고서/2025-12-23_금융안정보고서(2025년 12월)/금융안정보고서(2025년 12월).pdf,31,번호 직결 인용 없음 또는 문장 조각·중복 배정 제외
BOK-20251223-4051c44575eb-그림-8ec2351faba73b0d,금융안정보고서 2025년 12월,그림,I-1-13,기업규모별 매출액증가율 및 매출액영업이익률,설명,research/bok-archive/02-금융안정보고서/2025-12-23_금융안정보고서(2025년 12월)/금융안정보고서(2025년 12월).pdf,32,번호 직결 인용 없음 또는 문장 조각·중복 배정 제외
BOK-20251223-4051c44575eb-그림-b57494c3ede29471,금융안정보고서 2025년 12월,그림,I-1-15,부문별 민간신용 레버리지 및 증가율,설명,research/bok-archive/02-금융안정보고서/2025-12-23_금융안정보고서(2025년 12월)/금융안정보고서(2025년 12월).pdf,33,번호 직결 인용 없음 또는 문장 조각·중복 배정 제외
BOK-20251223-4051c44575eb-그림-1a865d31fc61db83,금융안정보고서 2025년 12월,그림,I-2-1,금융 및 자산 시장 상황 변화 지도1) 소되었으며 12월 9일 현재 국고채 3년물 금리와,단위; 데이터 형태; 종류; 분석 목적; 통계기법·지수; 설명,research/bok-archive/02-금융안정보고서/2025-12-23_금융안정보고서(2025년 12월)/금융안정보고서(2025년 12월).pdf,43,허용 종류로 판별 불가 또는 표 구조 미확인; 제목·계열·직접 인용의 해석 근거 부족; 번호 직결 인용 없음 또는 문장 조각·중복 배정 제외
BOK-20251223-4051c44575eb-그림-4aea26c1f64fff96,금융안정보고서 2025년 12월,그림,I-2-2,국고채금리 추이,설명,research/bok-archive/02-금융안정보고서/2025-12-23_금융안정보고서(2025년 12월)/금융안정보고서(2025년 12월).pdf,43,번호 직결 인용 없음 또는 문장 조각·중복 배정 제외
BOK-20251223-4051c44575eb-그림-e34e953b1c7f180d,금융안정보고서 2025년 12월,그림,I-2-3,회사채 신용스프레드 및 신용등급 간 스프레드,설명,research/bok-archive/02-금융안정보고서/2025-12-23_금융안정보고서(2025년 12월)/금융안정보고서(2025년 12월).pdf,44,번호 직결 인용 없음 또는 문장 조각·중복 배정 제외
BOK-20251223-4051c44575eb-그림-da0a4946d97860fe,금융안정보고서 2025년 12월,그림,I-2-4,한국(KOSPI) 및 미국 주가,설명,research/bok-archive/02-금융안정보고서/2025-12-23_금융안정보고서(2025년 12월)/금융안정보고서(2025년 12월).pdf,45,번호 직결 인용 없음 또는 문장 조각·중복 배정 제외
BOK-20251223-4051c44575eb-그림-139fab0160a60e1c,금융안정보고서 2025년 12월,그림,I-2-5,주가 변동성,단위,research/bok-archive/02-금융안정보고서/2025-12-23_금융안정보고서(2025년 12월)/금융안정보고서(2025년 12월).pdf,45,출처·단위·데이터 형태 등 미확인
BOK-20251223-4051c44575eb-그림-56515f9274822a32,금융안정보고서 2025년 12월,그림,I-2-9,주택매매가격 추이 및 상승률,설명,research/bok-archive/02-금융안정보고서/2025-12-23_금융안정보고서(2025년 12월)/금융안정보고서(2025년 12월).pdf,46,번호 직결 인용 없음 또는 문장 조각·중복 배정 제외
BOK-20251223-4051c44575eb-그림-c44ba3d7201d2f91,금융안정보고서 2025년 12월,그림,I-2-10,가격소득비율 및 가격임대료비율,설명,research/bok-archive/02-금융안정보고서/2025-12-23_금융안정보고서(2025년 12월)/금융안정보고서(2025년 12월).pdf,47,번호 직결 인용 없음 또는 문장 조각·중복 배정 제외
BOK-20251223-4051c44575eb-그림-ede9cd56641f62bb,금융안정보고서 2025년 12월,그림,I-2-11,월별 주택매매거래량,설명,research/bok-archive/02-금융안정보고서/2025-12-23_금융안정보고서(2025년 12월)/금융안정보고서(2025년 12월).pdf,47,번호 직결 인용 없음 또는 문장 조각·중복 배정 제외
BOK-20251223-4051c44575eb-그림-e14757db18c5fc0d,금융안정보고서 2025년 12월,그림,I-2-14,아파트 입주 및 분양 물량,통계기법·지수,research/bok-archive/02-금융안정보고서/2025-12-23_금융안정보고서(2025년 12월)/금융안정보고서(2025년 12월).pdf,49,출처·단위·데이터 형태 등 미확인
BOK-20251223-4051c44575eb-그림-53ba93b5ad75ff16,금융안정보고서 2025년 12월,그림,I-2-15,상업용 부동산 임대가격지수 및 공실률,설명,research/bok-archive/02-금융안정보고서/2025-12-23_금융안정보고서(2025년 12월)/금융안정보고서(2025년 12월).pdf,49,번호 직결 인용 없음 또는 문장 조각·중복 배정 제외
BOK-20251223-4051c44575eb-그림-5cec2cf876d5263e,금융안정보고서 2025년 12월,그림,I-2-17,글로벌 가상자산 시가총액,설명,research/bok-archive/02-금융안정보고서/2025-12-23_금융안정보고서(2025년 12월)/금융안정보고서(2025년 12월).pdf,50,번호 직결 인용 없음 또는 문장 조각·중복 배정 제외
BOK-20251223-4051c44575eb-그림-6eaeb8ae279386cf,금융안정보고서 2025년 12월,그림,I-2-18,국내 가상자산시장 현황,통계기법·지수,research/bok-archive/02-금융안정보고서/2025-12-23_금융안정보고서(2025년 12월)/금융안정보고서(2025년 12월).pdf,51,출처·단위·데이터 형태 등 미확인
BOK-20251223-4051c44575eb-그림-87698af4cae47710,금융안정보고서 2025년 12월,그림,I-2-19,가상자산 가격 변동성,설명,research/bok-archive/02-금융안정보고서/2025-12-23_금융안정보고서(2025년 12월)/금융안정보고서(2025년 12월).pdf,51,번호 직결 인용 없음 또는 문장 조각·중복 배정 제외
BOK-20251223-4051c44575eb-그림-ebde18e53737160b,금융안정보고서 2025년 12월,그림,I-3-1,은행 건전성 및 복원력 변화 지도1),데이터 형태; 종류; 통계기법·지수; 설명,research/bok-archive/02-금융안정보고서/2025-12-23_금융안정보고서(2025년 12월)/금융안정보고서(2025년 12월).pdf,57,허용 종류로 판별 불가 또는 표 구조 미확인; 번호 직결 인용 없음 또는 문장 조각·중복 배정 제외
BOK-20251223-4051c44575eb-그림-75797519a9fb46b7,금융안정보고서 2025년 12월,그림,I-3-2,비은행 건전성 및 복원력 변화 지도,데이터 형태; 종류; 통계기법·지수; 설명,research/bok-archive/02-금융안정보고서/2025-12-23_금융안정보고서(2025년 12월)/금융안정보고서(2025년 12월).pdf,57,허용 종류로 판별 불가 또는 표 구조 미확인; 번호 직결 인용 없음 또는 문장 조각·중복 배정 제외
BOK-20251223-4051c44575eb-그림-3f4a065596c58b1e,금융안정보고서 2025년 12월,그림,I-3-4,일반은행 고정이하여신비율 및 부실채권 발생·정리 실적,설명,research/bok-archive/02-금융안정보고서/2025-12-23_금융안정보고서(2025년 12월)/금융안정보고서(2025년 12월).pdf,59,번호 직결 인용 없음 또는 문장 조각·중복 배정 제외
BOK-20251223-4051c44575eb-그림-a0b6f869de001fba,금융안정보고서 2025년 12월,그림,I-3-5,일반은행 차주별·업종별 고정이하여신비율,설명,research/bok-archive/02-금융안정보고서/2025-12-23_금융안정보고서(2025년 12월)/금융안정보고서(2025년 12월).pdf,59,번호 직결 인용 없음 또는 문장 조각·중복 배정 제외
BOK-20251223-4051c44575eb-그림-c031ac62a8487b38,금융안정보고서 2025년 12월,그림,I-3-6,일반은행 수익성,설명,research/bok-archive/02-금융안정보고서/2025-12-23_금융안정보고서(2025년 12월)/금융안정보고서(2025년 12월).pdf,60,번호 직결 인용 없음 또는 문장 조각·중복 배정 제외
BOK-20251223-4051c44575eb-그림-0f844e96248aaef0,금융안정보고서 2025년 12월,그림,I-3-7,일반은행 바젤Ⅲ 기준 자본비율,설명,research/bok-archive/02-금융안정보고서/2025-12-23_금융안정보고서(2025년 12월)/금융안정보고서(2025년 12월).pdf,60,번호 직결 인용 없음 또는 문장 조각·중복 배정 제외
BOK-20251223-4051c44575eb-그림-f37be41e1490f41a,금융안정보고서 2025년 12월,그림,I-3-8,일반은행 대손충당금적립비율,설명,research/bok-archive/02-금융안정보고서/2025-12-23_금융안정보고서(2025년 12월)/금융안정보고서(2025년 12월).pdf,61,번호 직결 인용 없음 또는 문장 조각·중복 배정 제외
BOK-20251223-4051c44575eb-그림-7810e4504df011c2,금융안정보고서 2025년 12월,그림,I-3-9,일반은행 유동성커버리지비율(LCR),설명,research/bok-archive/02-금융안정보고서/2025-12-23_금융안정보고서(2025년 12월)/금융안정보고서(2025년 12월).pdf,61,번호 직결 인용 없음 또는 문장 조각·중복 배정 제외
BOK-20251223-4051c44575eb-그림-a54ac4a11714b474,금융안정보고서 2025년 12월,그림,I-3-10,비은행예금취급기관 총자산 규모 및 증가율,설명,research/bok-archive/02-금융안정보고서/2025-12-23_금융안정보고서(2025년 12월)/금융안정보고서(2025년 12월).pdf,62,번호 직결 인용 없음 또는 문장 조각·중복 배정 제외
BOK-20251223-4051c44575eb-그림-36274c7d9636b910,금융안정보고서 2025년 12월,그림,I-3-12,비은행예금취급기관 고정이하여신비율,설명,research/bok-archive/02-금융안정보고서/2025-12-23_금융안정보고서(2025년 12월)/금융안정보고서(2025년 12월).pdf,63,번호 직결 인용 없음 또는 문장 조각·중복 배정 제외
BOK-20251223-4051c44575eb-그림-57638795dc9b6a7c,금융안정보고서 2025년 12월,그림,I-3-14,비은행예금취급기관 당기순이익 구성요소,통계기법·지수,research/bok-archive/02-금융안정보고서/2025-12-23_금융안정보고서(2025년 12월)/금융안정보고서(2025년 12월).pdf,64,출처·단위·데이터 형태 등 미확인
BOK-20251223-4051c44575eb-그림-11a1bd337c0c9397,금융안정보고서 2025년 12월,그림,I-3-15,상호금융 손실흡수력 지표,설명,research/bok-archive/02-금융안정보고서/2025-12-23_금융안정보고서(2025년 12월)/금융안정보고서(2025년 12월).pdf,64,번호 직결 인용 없음 또는 문장 조각·중복 배정 제외
BOK-20251223-4051c44575eb-그림-73b9b5ec0d480360,금융안정보고서 2025년 12월,그림,I-3-16,저축은행 손실흡수력 지표,설명,research/bok-archive/02-금융안정보고서/2025-12-23_금융안정보고서(2025년 12월)/금융안정보고서(2025년 12월).pdf,65,번호 직결 인용 없음 또는 문장 조각·중복 배정 제외
BOK-20251223-4051c44575eb-그림-62f3ee324ea94a6b,금융안정보고서 2025년 12월,그림,I-3-17,비은행예금취급기관 유동성비율,설명,research/bok-archive/02-금융안정보고서/2025-12-23_금융안정보고서(2025년 12월)/금융안정보고서(2025년 12월).pdf,65,번호 직결 인용 없음 또는 문장 조각·중복 배정 제외
BOK-20251223-4051c44575eb-그림-3827f535091f186a,금융안정보고서 2025년 12월,그림,I-3-19,비예금금융기관 고정이하여신비율,설명,research/bok-archive/02-금융안정보고서/2025-12-23_금융안정보고서(2025년 12월)/금융안정보고서(2025년 12월).pdf,67,번호 직결 인용 없음 또는 문장 조각·중복 배정 제외
BOK-20251223-4051c44575eb-그림-d8fa00ebe95f7948,금융안정보고서 2025년 12월,그림,I-3-21,보험회사 손실흡수력 지표,통계기법·지수,research/bok-archive/02-금융안정보고서/2025-12-23_금융안정보고서(2025년 12월)/금융안정보고서(2025년 12월).pdf,69,출처·단위·데이터 형태 등 미확인
BOK-20251223-4051c44575eb-그림-1ffb512776cc7018,금융안정보고서 2025년 12월,그림,I-3-22,증권회사 손실흡수력 지표,통계기법·지수,research/bok-archive/02-금융안정보고서/2025-12-23_금융안정보고서(2025년 12월)/금융안정보고서(2025년 12월).pdf,69,출처·단위·데이터 형태 등 미확인
BOK-20251223-4051c44575eb-그림-79f4965306908e3f,금융안정보고서 2025년 12월,그림,I-3-23,여신전문금융회사 손실흡수력 지표,통계기법·지수,research/bok-archive/02-금융안정보고서/2025-12-23_금융안정보고서(2025년 12월)/금융안정보고서(2025년 12월).pdf,69,출처·단위·데이터 형태 등 미확인
BOK-20251223-4051c44575eb-그림-df82377e173f97c7,금융안정보고서 2025년 12월,그림,I-3-24,보험회사 유동성 대응능력 지표,통계기법·지수; 설명,research/bok-archive/02-금융안정보고서/2025-12-23_금융안정보고서(2025년 12월)/금융안정보고서(2025년 12월).pdf,70,번호 직결 인용 없음 또는 문장 조각·중복 배정 제외
BOK-20251223-4051c44575eb-그림-d12d8733b246e6ee,금융안정보고서 2025년 12월,그림,I-3-25,증권회사 유동성 대응능력 지표,통계기법·지수,research/bok-archive/02-금융안정보고서/2025-12-23_금융안정보고서(2025년 12월)/금융안정보고서(2025년 12월).pdf,70,출처·단위·데이터 형태 등 미확인
BOK-20251223-4051c44575eb-그림-0ff55881529b0c17,금융안정보고서 2025년 12월,그림,I-3-26,여신전문금융회사 유동성 대응능력 지표,통계기법·지수,research/bok-archive/02-금융안정보고서/2025-12-23_금융안정보고서(2025년 12월)/금융안정보고서(2025년 12월).pdf,70,출처·단위·데이터 형태 등 미확인
BOK-20251223-4051c44575eb-그림-ce1c79f74bbfdfdc,금융안정보고서 2025년 12월,그림,I-3-27,금융시스템 내 상호거래 현황,설명,research/bok-archive/02-금융안정보고서/2025-12-23_금융안정보고서(2025년 12월)/금융안정보고서(2025년 12월).pdf,71,번호 직결 인용 없음 또는 문장 조각·중복 배정 제외
BOK-20251223-4051c44575eb-그림-d32ea3e24065caa5,금융안정보고서 2025년 12월,그림,I-3-28,금융시스템 상호연계 구조1)2)3) Ⅰ,단위; 데이터 형태,research/bok-archive/02-금융안정보고서/2025-12-23_금융안정보고서(2025년 12월)/금융안정보고서(2025년 12월).pdf,71,출처·단위·데이터 형태 등 미확인
BOK-20251223-4051c44575eb-그림-bdd4a47ce4e049b9,금융안정보고서 2025년 12월,그림,I-3-29,금융·실물 상호연계 구조1)2)3),단위; 데이터 형태; 통계기법·지수; 설명,research/bok-archive/02-금융안정보고서/2025-12-23_금융안정보고서(2025년 12월)/금융안정보고서(2025년 12월).pdf,72,번호 직결 인용 없음 또는 문장 조각·중복 배정 제외
BOK-20251223-4051c44575eb-그림-4a2499de5557d9a4,금융안정보고서 2025년 12월,그림,I-3-30,은행과 비은행 부문의 자금 조달 및 운용,통계기법·지수,research/bok-archive/02-금융안정보고서/2025-12-23_금융안정보고서(2025년 12월)/금융안정보고서(2025년 12월).pdf,72,출처·단위·데이터 형태 등 미확인
BOK-20251223-4051c44575eb-그림-6c26e151f7c4ff86,금융안정보고서 2025년 12월,그림,I-3-31,은행·투자펀드의 비은행 부문에 대한 자금 조달 및 운용,통계기법·지수; 설명,research/bok-archive/02-금융안정보고서/2025-12-23_금융안정보고서(2025년 12월)/금융안정보고서(2025년 12월).pdf,73,번호 직결 인용 없음 또는 문장 조각·중복 배정 제외
BOK-20251223-4051c44575eb-그림-16afcb7164a25699,금융안정보고서 2025년 12월,그림,I-3-32,DebtRank 지수,단위; 설명,research/bok-archive/02-금융안정보고서/2025-12-23_금융안정보고서(2025년 12월)/금융안정보고서(2025년 12월).pdf,73,번호 직결 인용 없음 또는 문장 조각·중복 배정 제외
BOK-20251223-4051c44575eb-그림-e287eef8bf2ba682,금융안정보고서 2025년 12월,그림,I-4-1,대외부문 상황 변화 지도1),단위; 데이터 형태; 종류; 통계기법·지수; 설명,research/bok-archive/02-금융안정보고서/2025-12-23_금융안정보고서(2025년 12월)/금융안정보고서(2025년 12월).pdf,83,허용 종류로 판별 불가 또는 표 구조 미확인; 번호 직결 인용 없음 또는 문장 조각·중복 배정 제외
BOK-20251223-4051c44575eb-그림-75a7086d47059705,금융안정보고서 2025년 12월,그림,I-4-2,원화 환율 및 환율 변동성,설명,research/bok-archive/02-금융안정보고서/2025-12-23_금융안정보고서(2025년 12월)/금융안정보고서(2025년 12월).pdf,84,번호 직결 인용 없음 또는 문장 조각·중복 배정 제외
BOK-20251223-4051c44575eb-그림-545054005ff3dca8,금융안정보고서 2025년 12월,그림,I-4-4,일반은행 대외 외화조달 여건,설명,research/bok-archive/02-금융안정보고서/2025-12-23_금융안정보고서(2025년 12월)/금융안정보고서(2025년 12월).pdf,85,번호 직결 인용 없음 또는 문장 조각·중복 배정 제외
BOK-20251223-4051c44575eb-그림-aae890962964e873,금융안정보고서 2025년 12월,그림,I-4-5,외국인 증권투자자금 증감,통계기법·지수; 설명,research/bok-archive/02-금융안정보고서/2025-12-23_금융안정보고서(2025년 12월)/금융안정보고서(2025년 12월).pdf,85,번호 직결 인용 없음 또는 문장 조각·중복 배정 제외
BOK-20251223-4051c44575eb-그림-d4a38841786564ba,금융안정보고서 2025년 12월,그림,I-4-6,외국인 주식 및 채권 투자자금의 증감,통계기법·지수,research/bok-archive/02-금융안정보고서/2025-12-23_금융안정보고서(2025년 12월)/금융안정보고서(2025년 12월).pdf,86,출처·단위·데이터 형태 등 미확인
BOK-20251223-4051c44575eb-그림-a3cbc2de96a30a34,금융안정보고서 2025년 12월,그림,I-4-7,거주자 해외증권투자 증감,통계기법·지수; 설명,research/bok-archive/02-금융안정보고서/2025-12-23_금융안정보고서(2025년 12월)/금융안정보고서(2025년 12월).pdf,87,번호 직결 인용 없음 또는 문장 조각·중복 배정 제외
BOK-20251223-4051c44575eb-그림-d5b5ad3e81cfd3f3,금융안정보고서 2025년 12월,그림,I-4-8,거주자 해외 주식 및 채권 투자자금의 투자주체별 증감,통계기법·지수; 설명,research/bok-archive/02-금융안정보고서/2025-12-23_금융안정보고서(2025년 12월)/금융안정보고서(2025년 12월).pdf,87,번호 직결 인용 없음 또는 문장 조각·중복 배정 제외
BOK-20251223-4051c44575eb-그림-c7dd9a5cbcb576c8,금융안정보고서 2025년 12월,그림,I-4-9,순대외채권,통계기법·지수; 설명,research/bok-archive/02-금융안정보고서/2025-12-23_금융안정보고서(2025년 12월)/금융안정보고서(2025년 12월).pdf,88,번호 직결 인용 없음 또는 문장 조각·중복 배정 제외
BOK-20251223-4051c44575eb-그림-0bfaccc642d4c995,금융안정보고서 2025년 12월,그림,I-4-10,부문별 대외 채권 및 채무 증감,통계기법·지수,research/bok-archive/02-금융안정보고서/2025-12-23_금융안정보고서(2025년 12월)/금융안정보고서(2025년 12월).pdf,88,출처·단위·데이터 형태 등 미확인
BOK-20251223-4051c44575eb-그림-ff6e0e5ee722509d,금융안정보고서 2025년 12월,그림,I-4-11,단기 대외채무 비중,설명,research/bok-archive/02-금융안정보고서/2025-12-23_금융안정보고서(2025년 12월)/금융안정보고서(2025년 12월).pdf,89,번호 직결 인용 없음 또는 문장 조각·중복 배정 제외
BOK-20251223-4051c44575eb-그림-6899972a109b3b33,금융안정보고서 2025년 12월,그림,I-5-1,조각투자 발행 및 유통플랫폼,단위; 데이터 형태; 통계기법·지수; 설명,research/bok-archive/02-금융안정보고서/2025-12-23_금융안정보고서(2025년 12월)/금융안정보고서(2025년 12월).pdf,97,번호 직결 인용 없음 또는 문장 조각·중복 배정 제외
BOK-20251223-4051c44575eb-그림-955d255267b0fde0,금융안정보고서 2025년 12월,그림,II-1-1,수도권 및 비수도권 주택가격 추이,통계기법·지수,research/bok-archive/02-금융안정보고서/2025-12-23_금융안정보고서(2025년 12월)/금융안정보고서(2025년 12월).pdf,103,출처·단위·데이터 형태 등 미확인
BOK-20251223-4051c44575eb-그림-e3efe6ba17910e6e,금융안정보고서 2025년 12월,그림,II-1-2,서울 및 전국의 주택시장 관련 지표 비교,설명,research/bok-archive/02-금융안정보고서/2025-12-23_금융안정보고서(2025년 12월)/금융안정보고서(2025년 12월).pdf,104,번호 직결 인용 없음 또는 문장 조각·중복 배정 제외
BOK-20251223-4051c44575eb-그림-b484cee2f977528d,금융안정보고서 2025년 12월,그림,II-1-2,서울 및 전국의 주택시장 관련 지표 비교 나라 인구 절반을 차지하는 수도권의 주택수요는,분석 목적,research/bok-archive/02-금융안정보고서/2025-12-23_금융안정보고서(2025년 12월)/현안1. 최근 주택시장의 특징 및 금융시스템에 미치는 영향.pdf,4,제목·계열·직접 인용의 해석 근거 부족
BOK-20251223-4051c44575eb-그림-aae98bdaaa3e41d9,금융안정보고서 2025년 12월,그림,II-1-3,외지인 매입 비중과 인구 이동 추이,설명,research/bok-archive/02-금융안정보고서/2025-12-23_금융안정보고서(2025년 12월)/금융안정보고서(2025년 12월).pdf,104,번호 직결 인용 없음 또는 문장 조각·중복 배정 제외
BOK-20251223-4051c44575eb-그림-2a0458d6d6043301,금융안정보고서 2025년 12월,그림,II-1-4,주요 지역별 주택가격의 전고점 대비 현황,통계기법·지수; 설명,research/bok-archive/02-금융안정보고서/2025-12-23_금융안정보고서(2025년 12월)/금융안정보고서(2025년 12월).pdf,105,번호 직결 인용 없음 또는 문장 조각·중복 배정 제외
BOK-20251223-4051c44575eb-그림-084ea729d636fb81,금융안정보고서 2025년 12월,그림,II-1-4,주요 지역별 주택가격의 전고점 대비 현황1)2) 비수도권 착공물량1) 및 징,분석 목적; 통계기법·지수; 설명,research/bok-archive/02-금융안정보고서/2025-12-23_금융안정보고서(2025년 12월)/현안1. 최근 주택시장의 특징 및 금융시스템에 미치는 영향.pdf,5,제목·계열·직접 인용의 해석 근거 부족; 번호 직결 인용 없음 또는 문장 조각·중복 배정 제외
BOK-20251223-4051c44575eb-그림-525650022ea75420,금융안정보고서 2025년 12월,그림,II-1-5,비수도권 주택경기지표 및 건설사 수익성,설명,research/bok-archive/02-금융안정보고서/2025-12-23_금융안정보고서(2025년 12월)/금융안정보고서(2025년 12월).pdf,105,번호 직결 인용 없음 또는 문장 조각·중복 배정 제외
BOK-20251223-4051c44575eb-그림-701ed4928686ebcc,금융안정보고서 2025년 12월,그림,II-1-5,비수도권 주택경기지표 및 건설사 수익성 의,분석 목적; 통계기법·지수; 설명,research/bok-archive/02-금융안정보고서/2025-12-23_금융안정보고서(2025년 12월)/현안1. 최근 주택시장의 특징 및 금융시스템에 미치는 영향.pdf,5,제목·계열·직접 인용의 해석 근거 부족; 번호 직결 인용 없음 또는 문장 조각·중복 배정 제외
BOK-20251223-4051c44575eb-그림-e91737fb5c51e9e9,금융안정보고서 2025년 12월,그림,II-1-6,주택시장의 잠재리스크 정도,통계기법·지수; 설명,research/bok-archive/02-금융안정보고서/2025-12-23_금융안정보고서(2025년 12월)/금융안정보고서(2025년 12월).pdf,106,번호 직결 인용 없음 또는 문장 조각·중복 배정 제외
BOK-20251223-4051c44575eb-그림-a79591be13cf01f8,금융안정보고서 2025년 12월,그림,II-1-6,주택시장의 잠재리스크 정도,데이터 형태; 통계기법·지수; 설명,research/bok-archive/02-금융안정보고서/2025-12-23_금융안정보고서(2025년 12월)/현안1. 최근 주택시장의 특징 및 금융시스템에 미치는 영향.pdf,6,번호 직결 인용 없음 또는 문장 조각·중복 배정 제외
BOK-20251223-4051c44575eb-그림-13287dafd64838ce,금융안정보고서 2025년 12월,그림,II-1-7,임대차시장 동향,통계기법·지수,research/bok-archive/02-금융안정보고서/2025-12-23_금융안정보고서(2025년 12월)/금융안정보고서(2025년 12월).pdf,106,출처·단위·데이터 형태 등 미확인
BOK-20251223-4051c44575eb-그림-ff8fc7977d85768f,금융안정보고서 2025년 12월,그림,II-1-8,임대차 수급 동향 및 전세시장 관련 지표,통계기법·지수; 설명,research/bok-archive/02-금융안정보고서/2025-12-23_금융안정보고서(2025년 12월)/금융안정보고서(2025년 12월).pdf,107,번호 직결 인용 없음 또는 문장 조각·중복 배정 제외
BOK-20251223-4051c44575eb-그림-a976b2497f2f2336,금융안정보고서 2025년 12월,그림,II-1-8,임대차 수급 동향 및 전세시장 관련 지표,통계기법·지수; 설명,research/bok-archive/02-금융안정보고서/2025-12-23_금융안정보고서(2025년 12월)/현안1. 최근 주택시장의 특징 및 금융시스템에 미치는 영향.pdf,7,번호 직결 인용 없음 또는 문장 조각·중복 배정 제외
BOK-20251223-4051c44575eb-그림-175a0f123f1ed3fd,금융안정보고서 2025년 12월,그림,II-1-9,서울 주택가격 동향 및 갭투자 현황,설명,research/bok-archive/02-금융안정보고서/2025-12-23_금융안정보고서(2025년 12월)/금융안정보고서(2025년 12월).pdf,107,번호 직결 인용 없음 또는 문장 조각·중복 배정 제외
BOK-20251223-4051c44575eb-그림-6f39430257711ed6,금융안정보고서 2025년 12월,그림,II-1-10,전세가구 월세 전환 시 주거비 부담 변동,통계기법·지수; 설명,research/bok-archive/02-금융안정보고서/2025-12-23_금융안정보고서(2025년 12월)/금융안정보고서(2025년 12월).pdf,108,번호 직결 인용 없음 또는 문장 조각·중복 배정 제외
BOK-20251223-4051c44575eb-그림-775d7a685340dbc3,금융안정보고서 2025년 12월,그림,II-1-10,전세가구 월세 전환 시 주거비 부담 변동1),통계기법·지수; 설명,research/bok-archive/02-금융안정보고서/2025-12-23_금융안정보고서(2025년 12월)/현안1. 최근 주택시장의 특징 및 금융시스템에 미치는 영향.pdf,8,번호 직결 인용 없음 또는 문장 조각·중복 배정 제외
BOK-20251223-4051c44575eb-그림-9cb2b945ed829e6e,금융안정보고서 2025년 12월,그림,II-1-11,임차유형 변화에 따른 신용대출액 비교,통계기법·지수; 설명,research/bok-archive/02-금융안정보고서/2025-12-23_금융안정보고서(2025년 12월)/금융안정보고서(2025년 12월).pdf,108,번호 직결 인용 없음 또는 문장 조각·중복 배정 제외
BOK-20251223-4051c44575eb-그림-631fefd6bb87a982,금융안정보고서 2025년 12월,그림,II-1-12,GDP 대비 가계부채 비율1) 및 서울 주택가격2) 석,분석 목적; 설명,research/bok-archive/02-금융안정보고서/2025-12-23_금융안정보고서(2025년 12월)/현안1. 최근 주택시장의 특징 및 금융시스템에 미치는 영향.pdf,9,제목·계열·직접 인용의 해석 근거 부족; 번호 직결 인용 없음 또는 문장 조각·중복 배정 제외
BOK-20251223-4051c44575eb-그림-7d5b5410f7262927,금융안정보고서 2025년 12월,그림,II-1-13,서울 주택매매가격과 주택담보대출 간 관계1)2),통계기법·지수; 설명,research/bok-archive/02-금융안정보고서/2025-12-23_금융안정보고서(2025년 12월)/금융안정보고서(2025년 12월).pdf,109,번호 직결 인용 없음 또는 문장 조각·중복 배정 제외
BOK-20251223-4051c44575eb-그림-c54a27b40a9618cb,금융안정보고서 2025년 12월,그림,II-1-13,서울 주택매매가격과 주택담보대출 간 관계1)2),통계기법·지수; 설명,research/bok-archive/02-금융안정보고서/2025-12-23_금융안정보고서(2025년 12월)/현안1. 최근 주택시장의 특징 및 금융시스템에 미치는 영향.pdf,9,번호 직결 인용 없음 또는 문장 조각·중복 배정 제외
BOK-20251223-4051c44575eb-그림-718550efef8cead6,금융안정보고서 2025년 12월,그림,II-1-14,주택 구입 시 자금조달의 유형별 비중,설명,research/bok-archive/02-금융안정보고서/2025-12-23_금융안정보고서(2025년 12월)/금융안정보고서(2025년 12월).pdf,110,번호 직결 인용 없음 또는 문장 조각·중복 배정 제외
BOK-20251223-4051c44575eb-그림-636ec463da866fe7,금융안정보고서 2025년 12월,그림,II-1-14,주택 구입 시 자금조달의 유형별 비중1),데이터 형태; 설명,research/bok-archive/02-금융안정보고서/2025-12-23_금융안정보고서(2025년 12월)/현안1. 최근 주택시장의 특징 및 금융시스템에 미치는 영향.pdf,10,번호 직결 인용 없음 또는 문장 조각·중복 배정 제외
BOK-20251223-4051c44575eb-그림-2797d2601718109e,금융안정보고서 2025년 12월,그림,II-1-15,과거 강남3구 상승기별 주변지역 주택가격 비교,통계기법·지수,research/bok-archive/02-금융안정보고서/2025-12-23_금융안정보고서(2025년 12월)/금융안정보고서(2025년 12월).pdf,110,출처·단위·데이터 형태 등 미확인
BOK-20251223-4051c44575eb-그림-29f5bdae21040ee4,금융안정보고서 2025년 12월,그림,II-1-16,강남3구의 주택매매가격과 주변지역1),단위; 데이터 형태; 분석 목적; 통계기법·지수; 설명,research/bok-archive/02-금융안정보고서/2025-12-23_금융안정보고서(2025년 12월)/금융안정보고서(2025년 12월).pdf,110,제목·계열·직접 인용의 해석 근거 부족; 번호 직결 인용 없음 또는 문장 조각·중복 배정 제외
BOK-20251223-4051c44575eb-그림-1de9864c4d8136a5,금융안정보고서 2025년 12월,그림,II-1-16,강남3구의 주택매매가격과 주변지역1),단위; 데이터 형태; 분석 목적; 통계기법·지수; 설명,research/bok-archive/02-금융안정보고서/2025-12-23_금융안정보고서(2025년 12월)/현안1. 최근 주택시장의 특징 및 금융시스템에 미치는 영향.pdf,10,제목·계열·직접 인용의 해석 근거 부족; 번호 직결 인용 없음 또는 문장 조각·중복 배정 제외
BOK-20251223-4051c44575eb-그림-0ed9283b751ffaf6,금융안정보고서 2025년 12월,그림,II-1-17,주택시장 주요 특징 및 금융안정에의 영향,사용 데이터·출처; 단위; 데이터 형태; 통계기법·지수,research/bok-archive/02-금융안정보고서/2025-12-23_금융안정보고서(2025년 12월)/금융안정보고서(2025년 12월).pdf,111,출처·단위·데이터 형태 등 미확인
BOK-20251223-4051c44575eb-그림-8be670eb316a06cf,금융안정보고서 2025년 12월,그림,II-1-17,주택시장 주요 특징 및 금융안정에의 영향,사용 데이터·출처; 단위; 데이터 형태; 통계기법·지수; 설명,research/bok-archive/02-금융안정보고서/2025-12-23_금융안정보고서(2025년 12월)/현안1. 최근 주택시장의 특징 및 금융시스템에 미치는 영향.pdf,11,번호 직결 인용 없음 또는 문장 조각·중복 배정 제외
BOK-20251223-4051c44575eb-그림-fd42a9e7bcff1fc0,금융안정보고서 2025년 12월,그림,II-2-1,기준금리 및 금융취약성지수(FVI) 추이,설명,research/bok-archive/02-금융안정보고서/2025-12-23_금융안정보고서(2025년 12월)/금융안정보고서(2025년 12월).pdf,113,번호 직결 인용 없음 또는 문장 조각·중복 배정 제외
BOK-20251223-4051c44575eb-그림-754749119e2be91c,금융안정보고서 2025년 12월,그림,II-2-2,증권회사 및 투자펀드 레버리지1) 증가,설명,research/bok-archive/02-금융안정보고서/2025-12-23_금융안정보고서(2025년 12월)/현안2. 금융부문의 수익추구 동향 및 평가.pdf,4,번호 직결 인용 없음 또는 문장 조각·중복 배정 제외
BOK-20251223-4051c44575eb-그림-02078fcac05d0659,금융안정보고서 2025년 12월,그림,II-2-2,증권회사1) 및 투자펀드 레버리지 증가,설명,research/bok-archive/02-금융안정보고서/2025-12-23_금융안정보고서(2025년 12월)/금융안정보고서(2025년 12월).pdf,114,번호 직결 인용 없음 또는 문장 조각·중복 배정 제외
BOK-20251223-4051c44575eb-그림-cdd6d35afdb00cb6,금융안정보고서 2025년 12월,그림,II-2-3,주요 투자자의 보유채권 듀레이션 추이,설명,research/bok-archive/02-금융안정보고서/2025-12-23_금융안정보고서(2025년 12월)/금융안정보고서(2025년 12월).pdf,115,번호 직결 인용 없음 또는 문장 조각·중복 배정 제외
BOK-20251223-4051c44575eb-그림-91c782a1dcc940d7,금융안정보고서 2025년 12월,그림,II-2-3,주요 투자자의 보유채권1) 듀레이션 추이 동,단위; 분석 목적; 통계기법·지수,research/bok-archive/02-금융안정보고서/2025-12-23_금융안정보고서(2025년 12월)/현안2. 금융부문의 수익추구 동향 및 평가.pdf,5,제목·계열·직접 인용의 해석 근거 부족
BOK-20251223-4051c44575eb-그림-5eb0488eceaa04c0,금융안정보고서 2025년 12월,그림,II-2-4,금융부문의 해외대체투자,통계기법·지수; 설명,research/bok-archive/02-금융안정보고서/2025-12-23_금융안정보고서(2025년 12월)/금융안정보고서(2025년 12월).pdf,116,번호 직결 인용 없음 또는 문장 조각·중복 배정 제외
BOK-20251223-4051c44575eb-그림-4acc7be2152d98a4,금융안정보고서 2025년 12월,그림,II-2-4,금융부문의 해외대체투자,통계기법·지수,research/bok-archive/02-금융안정보고서/2025-12-23_금융안정보고서(2025년 12월)/현안2. 금융부문의 수익추구 동향 및 평가.pdf,6,출처·단위·데이터 형태 등 미확인
BOK-20251223-4051c44575eb-그림-b2aa944c3070d3e2,금융안정보고서 2025년 12월,그림,II-2-5,국내 ETF 증감 및 개인투자자의 해외주식 투자,통계기법·지수,research/bok-archive/02-금융안정보고서/2025-12-23_금융안정보고서(2025년 12월)/금융안정보고서(2025년 12월).pdf,116,출처·단위·데이터 형태 등 미확인
BOK-20251223-4051c44575eb-그림-a387dab3c48e9016,금융안정보고서 2025년 12월,그림,II-2-6,국내 NBFI 및 예금취급기관 자산 규모,통계기법·지수; 설명,research/bok-archive/02-금융안정보고서/2025-12-23_금융안정보고서(2025년 12월)/금융안정보고서(2025년 12월).pdf,117,번호 직결 인용 없음 또는 문장 조각·중복 배정 제외
BOK-20251223-4051c44575eb-그림-0f60e9e441294d8c,금융안정보고서 2025년 12월,그림,II-2-6,국내 NBFI 및 예금취급기관 자산 규모 석,데이터 형태; 분석 목적; 통계기법·지수,research/bok-archive/02-금융안정보고서/2025-12-23_금융안정보고서(2025년 12월)/현안2. 금융부문의 수익추구 동향 및 평가.pdf,7,제목·계열·직접 인용의 해석 근거 부족
BOK-20251223-4051c44575eb-그림-6c1cf79d3d93ff43,금융안정보고서 2025년 12월,그림,II-2-7,금융기관 간 상호연계 거래구조,단위; 데이터 형태; 통계기법·지수; 설명,research/bok-archive/02-금융안정보고서/2025-12-23_금융안정보고서(2025년 12월)/금융안정보고서(2025년 12월).pdf,117,번호 직결 인용 없음 또는 문장 조각·중복 배정 제외
BOK-20251223-4051c44575eb-그림-f570185114b8a95c,금융안정보고서 2025년 12월,그림,II-2-8,보유채권 평가손실 발생 규모 추정,통계기법·지수; 설명,research/bok-archive/02-금융안정보고서/2025-12-23_금융안정보고서(2025년 12월)/금융안정보고서(2025년 12월).pdf,118,번호 직결 인용 없음 또는 문장 조각·중복 배정 제외
BOK-20251223-4051c44575eb-그림-4ff2b5c3e7f1c4bd,금융안정보고서 2025년 12월,그림,II-2-8,보유채권 평가손실 발생 규모 추정1)2)3),통계기법·지수; 설명,research/bok-archive/02-금융안정보고서/2025-12-23_금융안정보고서(2025년 12월)/현안2. 금융부문의 수익추구 동향 및 평가.pdf,8,번호 직결 인용 없음 또는 문장 조각·중복 배정 제외
BOK-20251223-4051c44575eb-그림-eff29a634228a97f,금융안정보고서 2025년 12월,그림,II-2-9,과거 금리 인상기 보험회사의 현금흐름,통계기법·지수; 설명,research/bok-archive/02-금융안정보고서/2025-12-23_금융안정보고서(2025년 12월)/금융안정보고서(2025년 12월).pdf,119,번호 직결 인용 없음 또는 문장 조각·중복 배정 제외
BOK-20251223-4051c44575eb-그림-135d1d3646d336b5,금융안정보고서 2025년 12월,그림,II-2-9,과거 금리 인상기 보험회사의 현금흐름1)2)3) 부,분석 목적; 통계기법·지수; 설명,research/bok-archive/02-금융안정보고서/2025-12-23_금융안정보고서(2025년 12월)/현안2. 금융부문의 수익추구 동향 및 평가.pdf,9,제목·계열·직접 인용의 해석 근거 부족; 번호 직결 인용 없음 또는 문장 조각·중복 배정 제외
BOK-20251223-4051c44575eb-그림-6d31f8cff1336ddd,금융안정보고서 2025년 12월,그림,II-2-10,보험·증권회사의 금리변동 관련 손익,통계기법·지수,research/bok-archive/02-금융안정보고서/2025-12-23_금융안정보고서(2025년 12월)/금융안정보고서(2025년 12월).pdf,119,출처·단위·데이터 형태 등 미확인
BOK-20251223-4051c44575eb-그림-e39f85b9d8dd6325,금융안정보고서 2025년 12월,그림,II-2-10,보험·증권회사의 금리변동 관련 손익,통계기법·지수; 설명,research/bok-archive/02-금융안정보고서/2025-12-23_금융안정보고서(2025년 12월)/현안2. 금융부문의 수익추구 동향 및 평가.pdf,9,번호 직결 인용 없음 또는 문장 조각·중복 배정 제외
BOK-20251223-4051c44575eb-그림-ff7b747a0335428d,금융안정보고서 2025년 12월,그림,II-2-11,보험회사 해외대체투자 자산별 건전성,통계기법·지수; 설명,research/bok-archive/02-금융안정보고서/2025-12-23_금융안정보고서(2025년 12월)/금융안정보고서(2025년 12월).pdf,120,번호 직결 인용 없음 또는 문장 조각·중복 배정 제외
BOK-20251223-4051c44575eb-그림-0c03796542685b1b,금융안정보고서 2025년 12월,그림,II-2-11,보험회사 해외대체투자 자산별 건전성,데이터 형태; 통계기법·지수; 설명,research/bok-archive/02-금융안정보고서/2025-12-23_금융안정보고서(2025년 12월)/현안2. 금융부문의 수익추구 동향 및 평가.pdf,10,번호 직결 인용 없음 또는 문장 조각·중복 배정 제외
BOK-20251223-4051c44575eb-그림-8a2b2a8da96e5ba7,금융안정보고서 2025년 12월,그림,II-2-12,증권회사의 해외대체투자,통계기법·지수,research/bok-archive/02-금융안정보고서/2025-12-23_금융안정보고서(2025년 12월)/금융안정보고서(2025년 12월).pdf,120,출처·단위·데이터 형태 등 미확인
BOK-20251223-4051c44575eb-그림-aa41cc2a2a0c1c45,금융안정보고서 2025년 12월,그림,II-2-12,증권회사의 해외대체투자1),통계기법·지수; 설명,research/bok-archive/02-금융안정보고서/2025-12-23_금융안정보고서(2025년 12월)/현안2. 금융부문의 수익추구 동향 및 평가.pdf,10,번호 직결 인용 없음 또는 문장 조각·중복 배정 제외
BOK-20251223-4051c44575eb-그림-e26ce7ea5a3297ba,금융안정보고서 2025년 12월,그림,II-2-13,금융기관 간 상품별 상호거래 증가율 추이,설명,research/bok-archive/02-금융안정보고서/2025-12-23_금융안정보고서(2025년 12월)/금융안정보고서(2025년 12월).pdf,121,번호 직결 인용 없음 또는 문장 조각·중복 배정 제외
BOK-20251223-4051c44575eb-그림-a5dd3eddd3c03548,금융안정보고서 2025년 12월,그림,II-2-13,금융기관 간 상품별 상호거래 증가율 추이1),설명,research/bok-archive/02-금융안정보고서/2025-12-23_금융안정보고서(2025년 12월)/현안2. 금융부문의 수익추구 동향 및 평가.pdf,11,번호 직결 인용 없음 또는 문장 조각·중복 배정 제외
BOK-20251223-4051c44575eb-그림-397efe4af9e7e8ac,금융안정보고서 2025년 12월,그림,III-2,가계부채 비율 및 가계부채·명목GDP 증가율,설명,research/bok-archive/02-금융안정보고서/2025-12-23_금융안정보고서(2025년 12월)/금융안정보고서(2025년 12월).pdf,126,번호 직결 인용 없음 또는 문장 조각·중복 배정 제외
BOK-20251223-4051c44575eb-그림-200e57e7050178b6,금융안정보고서 2025년 12월,그림,III-3,요인별 가계부채 비율 변동 기여도,설명,research/bok-archive/02-금융안정보고서/2025-12-23_금융안정보고서(2025년 12월)/금융안정보고서(2025년 12월).pdf,127,번호 직결 인용 없음 또는 문장 조각·중복 배정 제외
BOK-20251223-4051c44575eb-그림-51ba400b9da5e696,금융안정보고서 2025년 12월,그림,III-5,연령별 LTI 추이,설명,research/bok-archive/02-금융안정보고서/2025-12-23_금융안정보고서(2025년 12월)/금융안정보고서(2025년 12월).pdf,127,번호 직결 인용 없음 또는 문장 조각·중복 배정 제외
BOK-20251223-4051c44575eb-그림-2459c29f59e84913,금융안정보고서 2025년 12월,그림,III-7,주성분 분석에 따른 가계부채 질적 취약성 수준 및 세부항목 추이,단위; 설명,research/bok-archive/02-금융안정보고서/2025-12-23_금융안정보고서(2025년 12월)/금융안정보고서(2025년 12월).pdf,128,번호 직결 인용 없음 또는 문장 조각·중복 배정 제외
BOK-20251223-4051c44575eb-그림-3a95a5041daf3fa1,금융안정보고서 2025년 12월,그림,III-8,코로나19 이후 국가별 가계부채 디레버리징,설명,research/bok-archive/02-금융안정보고서/2025-12-23_금융안정보고서(2025년 12월)/금융안정보고서(2025년 12월).pdf,129,번호 직결 인용 없음 또는 문장 조각·중복 배정 제외
BOK-20251223-4051c44575eb-그림-95ca19fd9b548ea9,금융안정보고서 2025년 12월,그림,III-9,국가별 디레버리징 요인,설명,research/bok-archive/02-금융안정보고서/2025-12-23_금융안정보고서(2025년 12월)/금융안정보고서(2025년 12월).pdf,129,번호 직결 인용 없음 또는 문장 조각·중복 배정 제외
BOK-20251223-4051c44575eb-그림-62628c8560b8c93b,금융안정보고서 2025년 12월,그림,III-10,글로벌 금융위기 후 주요국의 가계부채 디레버리징 폭 및 실질GDP 성장률,단위,research/bok-archive/02-금융안정보고서/2025-12-23_금융안정보고서(2025년 12월)/금융안정보고서(2025년 12월).pdf,130,출처·단위·데이터 형태 등 미확인
BOK-20251223-4051c44575eb-그림-6c4d232fe2041b65,금융안정보고서 2025년 12월,그림,III-11,최근 가계대출 및 부동산시장 동향,통계기법·지수; 설명,research/bok-archive/02-금융안정보고서/2025-12-23_금융안정보고서(2025년 12월)/금융안정보고서(2025년 12월).pdf,130,번호 직결 인용 없음 또는 문장 조각·중복 배정 제외
BOK-20251223-4051c44575eb-그림-d4922201ad89eb51,금융안정보고서 2025년 12월,그림,III-15,연령대별 신규 주식계좌 비중 및 신용융자 잔고 추이,설명,research/bok-archive/02-금융안정보고서/2025-12-23_금융안정보고서(2025년 12월)/금융안정보고서(2025년 12월).pdf,133,번호 직결 인용 없음 또는 문장 조각·중복 배정 제외
BOK-20251223-4051c44575eb-그림-49fb7c608036527f,금융안정보고서 2025년 12월,그림,III-16,1인당 소비 및 노동소득 추이,통계기법·지수; 설명,research/bok-archive/02-금융안정보고서/2025-12-23_금융안정보고서(2025년 12월)/금융안정보고서(2025년 12월).pdf,151,번호 직결 인용 없음 또는 문장 조각·중복 배정 제외
BOK-20251223-4051c44575eb-그림-7fb882add387a9ab,금융안정보고서 2025년 12월,그림,III-16-1,인당 소비 및 노동소득 추이,사용 데이터·출처; 단위; 데이터 형태; 종류; 분석 목적; 통계기법·지수; 설명,불명,불명,허용 종류로 판별 불가 또는 표 구조 미확인; 제목·계열·직접 인용의 해석 근거 부족; 번호 직결 인용 없음 또는 문장 조각·중복 배정 제외
BOK-20251223-4051c44575eb-그림-118428f29ac7495d,금융안정보고서 2025년 12월,그림,III-20,주요국 60세 이상 가구의 소득원천별 비중,설명,research/bok-archive/02-금융안정보고서/2025-12-23_금융안정보고서(2025년 12월)/금융안정보고서(2025년 12월).pdf,135,번호 직결 인용 없음 또는 문장 조각·중복 배정 제외
BOK-20251223-4051c44575eb-그림-fe48eafee4cb2fa7,금융안정보고서 2025년 12월,그림,III-21,고연령층 자영업자 창업 및 부채,통계기법·지수; 설명,research/bok-archive/02-금융안정보고서/2025-12-23_금융안정보고서(2025년 12월)/금융안정보고서(2025년 12월).pdf,135,번호 직결 인용 없음 또는 문장 조각·중복 배정 제외
BOK-20251223-4051c44575eb-그림-61226367fa3e7492,금융안정보고서 2025년 12월,그림,III-22,은행 이자수익 비중 및 대출 종류별 수익·위험,설명,research/bok-archive/02-금융안정보고서/2025-12-23_금융안정보고서(2025년 12월)/금융안정보고서(2025년 12월).pdf,135,번호 직결 인용 없음 또는 문장 조각·중복 배정 제외
BOK-20251223-4051c44575eb-그림-a1463055234f6728,금융안정보고서 2025년 12월,그림,III-23,금리 인하기 주택담보대출 금리 및 예대금리차,설명,research/bok-archive/02-금융안정보고서/2025-12-23_금융안정보고서(2025년 12월)/금융안정보고서(2025년 12월).pdf,136,번호 직결 인용 없음 또는 문장 조각·중복 배정 제외
BOK-20251223-4051c44575eb-그림-242e3dfdcfa8daad,금융안정보고서 2025년 12월,그림,III-25,은행 자본규제상 위험가중치,설명,research/bok-archive/02-금융안정보고서/2025-12-23_금융안정보고서(2025년 12월)/금융안정보고서(2025년 12월).pdf,137,번호 직결 인용 없음 또는 문장 조각·중복 배정 제외
BOK-20251223-4051c44575eb-그림-d7579ec74363c699,금융안정보고서 2025년 12월,그림,III-28,"상환방식별 상환율, 만기연장 비율 및 분할상환 비중",설명,research/bok-archive/02-금융안정보고서/2025-12-23_금융안정보고서(2025년 12월)/금융안정보고서(2025년 12월).pdf,138,번호 직결 인용 없음 또는 문장 조각·중복 배정 제외
BOK-20251223-4051c44575eb-그림-e578fddf5d6f90b9,금융안정보고서 2025년 12월,그림,불명,FVI 및 GaR(1분기 후),번호; 설명,불명,불명,번호 미확인; 캡션 또는 비결과물 오탐 여부 검수; 번호 직결 인용 없음 또는 문장 조각·중복 배정 제외
BOK-20251223-4051c44575eb-그림-e57cbb928cf927c0,금융안정보고서 2025년 12월,그림,불명,RWA 하한 강화에 따른 RWA 관리부담 증대,번호; 설명,불명,불명,번호 미확인; 캡션 또는 비결과물 오탐 여부 검수; 번호 직결 인용 없음 또는 문장 조각·중복 배정 제외
BOK-20251223-4051c44575eb-그림-c419226cbd6982aa,금융안정보고서 2025년 12월,그림,불명,개편 FVI와 기존 FVI,번호; 설명,불명,불명,번호 미확인; 캡션 또는 비결과물 오탐 여부 검수; 번호 직결 인용 없음 또는 문장 조각·중복 배정 제외
BOK-20251223-4051c44575eb-그림-6cd1e1be75ea863c,금융안정보고서 2025년 12월,그림,불명,관세정책이 국내 기업에 미치는 영향,번호; 설명,불명,불명,번호 미확인; 캡션 또는 비결과물 오탐 여부 검수; 번호 직결 인용 없음 또는 문장 조각·중복 배정 제외
BOK-20251223-4051c44575eb-그림-cb5868b13852125f,금융안정보고서 2025년 12월,그림,불명,국내 가상자산시장 평가,번호; 단위; 통계기법·지수; 설명,불명,불명,번호 미확인; 캡션 또는 비결과물 오탐 여부 검수; 번호 직결 인용 없음 또는 문장 조각·중복 배정 제외
BOK-20251223-4051c44575eb-그림-91dcf434c4238888,금융안정보고서 2025년 12월,그림,불명,국내 및 신흥국 가상자산시장 전이효과 지수,번호; 설명,불명,불명,번호 미확인; 캡션 또는 비결과물 오탐 여부 검수; 번호 직결 인용 없음 또는 문장 조각·중복 배정 제외
BOK-20251223-4051c44575eb-그림-466417fe8343bcc3,금융안정보고서 2025년 12월,그림,불명,국내 투자자의 미국 주식 투자시 수익률,번호; 설명,불명,불명,번호 미확인; 캡션 또는 비결과물 오탐 여부 검수; 번호 직결 인용 없음 또는 문장 조각·중복 배정 제외
BOK-20251223-4051c44575eb-그림-9060f13fed1320c1,금융안정보고서 2025년 12월,그림,불명,국내외 주가 및 국내 개인투자자의 매매 형태,번호; 설명,불명,불명,번호 미확인; 캡션 또는 비결과물 오탐 여부 검수; 번호 직결 인용 없음 또는 문장 조각·중복 배정 제외
BOK-20251223-4051c44575eb-그림-eb543c588f1d3f3c,금융안정보고서 2025년 12월,그림,불명,국내외 주가의 장단기 수익률 차이 및 국내 개인투자자의 주식 순매수 추이,번호; 설명,불명,불명,번호 미확인; 캡션 또는 비결과물 오탐 여부 검수; 번호 직결 인용 없음 또는 문장 조각·중복 배정 제외
BOK-20251223-4051c44575eb-그림-888eff74f56e8907,금융안정보고서 2025년 12월,그림,불명,국내은행 RWA 및 자본 관리 현황,번호; 설명,불명,불명,번호 미확인; 캡션 또는 비결과물 오탐 여부 검수; 번호 직결 인용 없음 또는 문장 조각·중복 배정 제외
BOK-20251223-4051c44575eb-그림-190c35d8bf68020f,금융안정보고서 2025년 12월,그림,불명,국내은행 기업 고정이하여신비율과 기업 부도율 상승에 따른 위험가중치 변화,번호; 설명,불명,불명,번호 미확인; 캡션 또는 비결과물 오탐 여부 검수; 번호 직결 인용 없음 또는 문장 조각·중복 배정 제외
BOK-20251223-4051c44575eb-그림-fa9b5697c4d007f6,금융안정보고서 2025년 12월,그림,불명,국내은행 부문별 신용RWA 증감,번호; 설명,불명,불명,번호 미확인; 캡션 또는 비결과물 오탐 여부 검수; 번호 직결 인용 없음 또는 문장 조각·중복 배정 제외
BOK-20251223-4051c44575eb-그림-1cc104146a13d978,금융안정보고서 2025년 12월,그림,불명,국내주식 및 해외주식 순매수,번호; 설명,불명,불명,번호 미확인; 캡션 또는 비결과물 오탐 여부 검수; 번호 직결 인용 없음 또는 문장 조각·중복 배정 제외
BOK-20251223-4051c44575eb-그림-c20ed7e6189c142d,금융안정보고서 2025년 12월,그림,불명,글로벌 가상자산시장과 주식시장의 동조화,번호; 설명,불명,불명,번호 미확인; 캡션 또는 비결과물 오탐 여부 검수; 번호 직결 인용 없음 또는 문장 조각·중복 배정 제외
BOK-20251223-4051c44575eb-그림-df2e472fc1879337,금융안정보고서 2025년 12월,그림,불명,글로벌 가상자산시장의 전통 금융시장 전이효과,번호; 설명,불명,불명,번호 미확인; 캡션 또는 비결과물 오탐 여부 검수; 번호 직결 인용 없음 또는 문장 조각·중복 배정 제외
BOK-20251223-4051c44575eb-그림-ed67a4731d9e4641,금융안정보고서 2025년 12월,그림,불명,글로벌 법인 및 기관투자자 비트코인 보유 수량,번호; 설명,불명,불명,번호 미확인; 캡션 또는 비결과물 오탐 여부 검수; 번호 직결 인용 없음 또는 문장 조각·중복 배정 제외
BOK-20251223-4051c44575eb-그림-a8f1298d3eb39f32,금융안정보고서 2025년 12월,그림,불명,금융기관의 수익추구 동향,번호; 통계기법·지수; 설명,불명,불명,번호 미확인; 캡션 또는 비결과물 오탐 여부 검수; 번호 직결 인용 없음 또는 문장 조각·중복 배정 제외
BOK-20251223-4051c44575eb-그림-7c23181400d1229a,금융안정보고서 2025년 12월,그림,불명,금융불안지수(FSI) 및 금융취약성지수(FVI),번호; 설명,불명,불명,번호 미확인; 캡션 또는 비결과물 오탐 여부 검수; 번호 직결 인용 없음 또는 문장 조각·중복 배정 제외
BOK-20251223-4051c44575eb-그림-58f01d6e516bf8c4,금융안정보고서 2025년 12월,그림,불명,"금융업권별 고정이하여신비율, 자본적정성 비율",번호; 설명,불명,불명,번호 미확인; 캡션 또는 비결과물 오탐 여부 검수; 번호 직결 인용 없음 또는 문장 조각·중복 배정 제외
BOK-20251223-4051c44575eb-그림-e9a7037c218ffb69,금융안정보고서 2025년 12월,그림,불명,대분류별 개편 FVI,번호; 설명,불명,불명,번호 미확인; 캡션 또는 비결과물 오탐 여부 검수; 번호 직결 인용 없음 또는 문장 조각·중복 배정 제외
BOK-20251223-4051c44575eb-그림-d2a1d8573a7df4d7,금융안정보고서 2025년 12월,그림,불명,"대외부문 자본유출입, 대외건전성 지표",번호; 설명,불명,불명,번호 미확인; 캡션 또는 비결과물 오탐 여부 검수; 번호 직결 인용 없음 또는 문장 조각·중복 배정 제외
BOK-20251223-4051c44575eb-그림-7dc27a7410a45be6,금융안정보고서 2025년 12월,그림,불명,미국과 국내주식의 장기(10년) 수익률 추이,번호; 설명,불명,불명,번호 미확인; 캡션 또는 비결과물 오탐 여부 검수; 번호 직결 인용 없음 또는 문장 조각·중복 배정 제외
BOK-20251223-4051c44575eb-그림-4090890436421eda,금융안정보고서 2025년 12월,그림,불명,미국과 주요국 주식 수익률 간 상관관계,번호; 단위; 설명,불명,불명,번호 미확인; 캡션 또는 비결과물 오탐 여부 검수; 번호 직결 인용 없음 또는 문장 조각·중복 배정 제외
BOK-20251223-4051c44575eb-그림-f4952528ec0cfa40,금융안정보고서 2025년 12월,그림,불명,"민간신용 레버리지, 가계 및 기업 대출 연체율",번호; 설명,불명,불명,번호 미확인; 캡션 또는 비결과물 오탐 여부 검수; 번호 직결 인용 없음 또는 문장 조각·중복 배정 제외
BOK-20251223-4051c44575eb-그림-d998174a3fe35c48,금융안정보고서 2025년 12월,그림,불명,비은행예금취급기관 자금조달 원천별 분기평균 증감액,번호; 설명,불명,불명,번호 미확인; 캡션 또는 비결과물 오탐 여부 검수; 번호 직결 인용 없음 또는 문장 조각·중복 배정 제외
BOK-20251223-4051c44575eb-그림-75c595456165715c,금융안정보고서 2025년 12월,그림,불명,비은행예금취급기관의 경기변동 민감 대출 비중 및 증가율,번호; 설명,불명,불명,번호 미확인; 캡션 또는 비결과물 오탐 여부 검수; 번호 직결 인용 없음 또는 문장 조각·중복 배정 제외
BOK-20251223-4051c44575eb-그림-0baf46231e38d608,금융안정보고서 2025년 12월,그림,불명,비은행예금취급기관의 연간 정기예금 누적 증감액,번호; 설명,불명,불명,번호 미확인; 캡션 또는 비결과물 오탐 여부 검수; 번호 직결 인용 없음 또는 문장 조각·중복 배정 제외
BOK-20251223-4051c44575eb-그림-52feadbf4e1df8a9,금융안정보고서 2025년 12월,그림,불명,비은행예금취급기관의 운용자산별 분기평균 증감액,번호; 설명,불명,불명,번호 미확인; 캡션 또는 비결과물 오탐 여부 검수; 번호 직결 인용 없음 또는 문장 조각·중복 배정 제외
BOK-20251223-4051c44575eb-그림-6b9985d64bfc0d22,금융안정보고서 2025년 12월,그림,불명,비은행예금취급기관의 운용자산별 잔액 비중,번호; 설명,불명,불명,번호 미확인; 캡션 또는 비결과물 오탐 여부 검수; 번호 직결 인용 없음 또는 문장 조각·중복 배정 제외
BOK-20251223-4051c44575eb-그림-22373952b2796dbe,금융안정보고서 2025년 12월,그림,불명,상호금융의 가계 주택담보대출 취급 현황,번호; 설명,불명,불명,번호 미확인; 캡션 또는 비결과물 오탐 여부 검수; 번호 직결 인용 없음 또는 문장 조각·중복 배정 제외
BOK-20251223-4051c44575eb-그림-b9cd4a839153ad2d,금융안정보고서 2025년 12월,그림,불명,시나리오별 FVI 경로,번호; 설명,불명,불명,번호 미확인; 캡션 또는 비결과물 오탐 여부 검수; 번호 직결 인용 없음 또는 문장 조각·중복 배정 제외
BOK-20251223-4051c44575eb-그림-fbd00edd13d0bdd2,금융안정보고서 2025년 12월,그림,불명,업종별 기업대출 현황,번호; 통계기법·지수; 설명,불명,불명,번호 미확인; 캡션 또는 비결과물 오탐 여부 검수; 번호 직결 인용 없음 또는 문장 조각·중복 배정 제외
BOK-20251223-4051c44575eb-그림-c66589b9ef128cd8,금융안정보고서 2025년 12월,그림,불명,업종별 유동성 대응능력,번호; 통계기법·지수; 설명,불명,불명,번호 미확인; 캡션 또는 비결과물 오탐 여부 검수; 번호 직결 인용 없음 또는 문장 조각·중복 배정 제외
BOK-20251223-4051c44575eb-그림-5b320b7779b6b9df,금융안정보고서 2025년 12월,그림,불명,업종별 차입구조,번호; 통계기법·지수; 설명,불명,불명,번호 미확인; 캡션 또는 비결과물 오탐 여부 검수; 번호 직결 인용 없음 또는 문장 조각·중복 배정 제외
BOK-20251223-4051c44575eb-그림-8c4c1e6c732a66ff,금융안정보고서 2025년 12월,그림,불명,연령별 자영업자 대출 금융업권 구성,번호; 통계기법·지수; 설명,불명,불명,번호 미확인; 캡션 또는 비결과물 오탐 여부 검수; 번호 직결 인용 없음 또는 문장 조각·중복 배정 제외
BOK-20251223-4051c44575eb-그림-e8ca4b49aa698e89,금융안정보고서 2025년 12월,그림,불명,연령별 자영업자 수 및 대출금액 추이,번호; 통계기법·지수; 설명,불명,불명,번호 미확인; 캡션 또는 비결과물 오탐 여부 검수; 번호 직결 인용 없음 또는 문장 조각·중복 배정 제외
BOK-20251223-4051c44575eb-그림-6b4576cc57ee55ab,금융안정보고서 2025년 12월,그림,불명,연령별 자영업자 연체율 및 취약차주 대출 비중,번호; 설명,불명,불명,번호 미확인; 캡션 또는 비결과물 오탐 여부 검수; 번호 직결 인용 없음 또는 문장 조각·중복 배정 제외
BOK-20251223-4051c44575eb-그림-891ade0c5507ef71,금융안정보고서 2025년 12월,그림,불명,연령별 자영업자의 주요 업종 구성,번호; 통계기법·지수; 설명,불명,불명,번호 미확인; 캡션 또는 비결과물 오탐 여부 검수; 번호 직결 인용 없음 또는 문장 조각·중복 배정 제외
BOK-20251223-4051c44575eb-그림-abd34d5d3e86a260,금융안정보고서 2025년 12월,그림,불명,우리나라 가계부채 디레버리징 현황 국제 비교,번호; 설명,불명,불명,번호 미확인; 캡션 또는 비결과물 오탐 여부 검수; 번호 직결 인용 없음 또는 문장 조각·중복 배정 제외
BOK-20251223-4051c44575eb-그림-6b37ad4c2ada6eed,금융안정보고서 2025년 12월,그림,불명,자영업자 대출 연체 현황,번호; 설명,불명,불명,번호 미확인; 캡션 또는 비결과물 오탐 여부 검수; 번호 직결 인용 없음 또는 문장 조각·중복 배정 제외
BOK-20251223-4051c44575eb-그림-d3f77b09e080241f,금융안정보고서 2025년 12월,그림,불명,자영업자 대출 추이,번호; 설명,불명,불명,번호 미확인; 캡션 또는 비결과물 오탐 여부 검수; 번호 직결 인용 없음 또는 문장 조각·중복 배정 제외
BOK-20251223-4051c44575eb-그림-99cba9d4b4ee1509,금융안정보고서 2025년 12월,그림,불명,저축은행의 요구불·비대면 예금 비중 및 예금 입출금 변동성,번호; 설명,불명,불명,번호 미확인; 캡션 또는 비결과물 오탐 여부 검수; 번호 직결 인용 없음 또는 문장 조각·중복 배정 제외
BOK-20251223-4051c44575eb-그림-6b5ffc9f5c3a0dff,금융안정보고서 2025년 12월,그림,불명,"주가 변동성 · 신용 스프레드, 주택매매가격 상승률",번호; 설명,불명,불명,번호 미확인; 캡션 또는 비결과물 오탐 여부 검수; 번호 직결 인용 없음 또는 문장 조각·중복 배정 제외
BOK-20251223-4051c44575eb-그림-2b5f8f441404f742,금융안정보고서 2025년 12월,그림,불명,주담대 RW 하한 조정에 따른 RWA 및 자본비율 변화,번호; 설명,불명,불명,번호 미확인; 캡션 또는 비결과물 오탐 여부 검수; 번호 직결 인용 없음 또는 문장 조각·중복 배정 제외
BOK-20251223-4051c44575eb-그림-3f2ec74920bca4e9,금융안정보고서 2025년 12월,그림,불명,최근 국내 주택시장의 주요 특징,번호; 설명,불명,불명,번호 미확인; 캡션 또는 비결과물 오탐 여부 검수; 번호 직결 인용 없음 또는 문장 조각·중복 배정 제외
BOK-20251223-4051c44575eb-그림-63c65752f5d2527c,금융안정보고서 2025년 12월,그림,불명,취약성 심화가 경제성장률에 미치는 영향,번호; 설명,불명,불명,번호 미확인; 캡션 또는 비결과물 오탐 여부 검수; 번호 직결 인용 없음 또는 문장 조각·중복 배정 제외
BOK-20251223-4051c44575eb-그림-514bd4e972920308,금융안정보고서 2025년 12월,그림,불명,해외 및 국내 주식 순투자 기여 요인 분해,번호; 설명,불명,불명,번호 미확인; 캡션 또는 비결과물 오탐 여부 검수; 번호 직결 인용 없음 또는 문장 조각·중복 배정 제외
BOK-20251223-4051c44575eb-그림-2cdf127d47096159,금융안정보고서 2025년 12월,그림,불명,해외주식과 국내 상장 해외 ETF 순매수,번호; 설명,불명,불명,번호 미확인; 캡션 또는 비결과물 오탐 여부 검수; 번호 직결 인용 없음 또는 문장 조각·중복 배정 제외
BOK-20251223-4051c44575eb-그림-6eaa1b18f3144477,금융안정보고서 2025년 12월,그림,불명,회사채시장 현황,번호; 통계기법·지수; 설명,불명,불명,번호 미확인; 캡션 또는 비결과물 오탐 여부 검수; 번호 직결 인용 없음 또는 문장 조각·중복 배정 제외
BOK-20251223-4051c44575eb-표-926f365d13e9c7b3,금융안정보고서 2025년 12월,표,I-1-1,취약차주 비중1) 및 차주 특성별 가계대출,종류; 분석 목적,research/bok-archive/02-금융안정보고서/2025-12-23_금융안정보고서(2025년 12월)/금융안정보고서(2025년 12월).pdf,28,허용 종류로 판별 불가 또는 표 구조 미확인; 제목·계열·직접 인용의 해석 근거 부족
BOK-20251223-4051c44575eb-표-6d64f8fb71d6fe43,금융안정보고서 2025년 12월,표,I-3-1,일반은행 단순기본자본비율1)2) 제주은행은 외화 LCR 규제 적용 대상 제외,데이터 형태; 종류; 분석 목적; 설명,research/bok-archive/02-금융안정보고서/2025-12-23_금융안정보고서(2025년 12월)/금융안정보고서(2025년 12월).pdf,61,허용 종류로 판별 불가 또는 표 구조 미확인; 제목·계열·직접 인용의 해석 근거 부족; 번호 직결 인용 없음 또는 문장 조각·중복 배정 제외
BOK-20251223-4051c44575eb-표-88c3cd58df664217,금융안정보고서 2025년 12월,표,I-3-2,일반은행 NSFR,데이터 형태; 종류; 설명,research/bok-archive/02-금융안정보고서/2025-12-23_금융안정보고서(2025년 12월)/금융안정보고서(2025년 12월).pdf,61,허용 종류로 판별 불가 또는 표 구조 미확인; 번호 직결 인용 없음 또는 문장 조각·중복 배정 제외
BOK-20251223-4051c44575eb-표-65432ef5d31a7545,금융안정보고서 2025년 12월,표,I-5-1,규제지역 지정 현황,단위; 데이터 형태; 종류; 통계기법·지수,research/bok-archive/02-금융안정보고서/2025-12-23_금융안정보고서(2025년 12월)/금융안정보고서(2025년 12월).pdf,95,허용 종류로 판별 불가 또는 표 구조 미확인
BOK-20251223-4051c44575eb-표-cf82e6dbeeee621d,금융안정보고서 2025년 12월,표,I-5-2,규제지역 지정 시 주요 효과,단위; 데이터 형태; 통계기법·지수,research/bok-archive/02-금융안정보고서/2025-12-23_금융안정보고서(2025년 12월)/금융안정보고서(2025년 12월).pdf,95,출처·단위·데이터 형태 등 미확인
BOK-20251223-4051c44575eb-표-1fbdfa44728bee6c,금융안정보고서 2025년 12월,표,I-5-3,대출수요 관리 방안 요약,단위; 데이터 형태; 종류; 통계기법·지수; 설명,research/bok-archive/02-금융안정보고서/2025-12-23_금융안정보고서(2025년 12월)/금융안정보고서(2025년 12월).pdf,96,허용 종류로 판별 불가 또는 표 구조 미확인; 번호 직결 인용 없음 또는 문장 조각·중복 배정 제외
BOK-20251223-4051c44575eb-표-7b63534845016a38,금융안정보고서 2025년 12월,표,I-5-4,지표금리 개혁 추진 경과,단위; 데이터 형태; 종류; 통계기법·지수; 설명,research/bok-archive/02-금융안정보고서/2025-12-23_금융안정보고서(2025년 12월)/금융안정보고서(2025년 12월).pdf,98,허용 종류로 판별 불가 또는 표 구조 미확인; 번호 직결 인용 없음 또는 문장 조각·중복 배정 제외
BOK-20251223-4051c44575eb-표-4412d11134648ef3,금융안정보고서 2025년 12월,표,II-2-1,증권회사와 보험회사의 채권 보유 규모1),통계기법·지수; 설명,research/bok-archive/02-금융안정보고서/2025-12-23_금융안정보고서(2025년 12월)/금융안정보고서(2025년 12월).pdf,115,번호 직결 인용 없음 또는 문장 조각·중복 배정 제외
BOK-20251223-4051c44575eb-표-29e050ca3f0818e5,금융안정보고서 2025년 12월,표,II-2-1,증권회사와 보험회사의 채권 보유 규모1),통계기법·지수,research/bok-archive/02-금융안정보고서/2025-12-23_금융안정보고서(2025년 12월)/현안2. 금융부문의 수익추구 동향 및 평가.pdf,5,출처·단위·데이터 형태 등 미확인
BOK-20251223-4051c44575eb-표-676fab55c53c92b1,금융안정보고서 2025년 12월,표,II-2-2,기간중 국고채금리 및 주요 투자자의 보유채권 듀레이션,단위; 데이터 형태; 종류; 설명,research/bok-archive/02-금융안정보고서/2025-12-23_금융안정보고서(2025년 12월)/금융안정보고서(2025년 12월).pdf,115,허용 종류로 판별 불가 또는 표 구조 미확인; 번호 직결 인용 없음 또는 문장 조각·중복 배정 제외
BOK-20251223-4051c44575eb-표-7a02280be91ee529,금융안정보고서 2025년 12월,표,II-2-3,RP시장 주요 참가자 113,분석 목적; 통계기법·지수; 설명,research/bok-archive/02-금융안정보고서/2025-12-23_금융안정보고서(2025년 12월)/금융안정보고서(2025년 12월).pdf,121,제목·계열·직접 인용의 해석 근거 부족; 번호 직결 인용 없음 또는 문장 조각·중복 배정 제외
BOK-20251223-4051c44575eb-표-086b127b5185538b,금융안정보고서 2025년 12월,표,III-1,팬데믹 이후 가계부채 관련 주요 정책,단위; 데이터 형태; 종류; 통계기법·지수,research/bok-archive/02-금융안정보고서/2025-12-23_금융안정보고서(2025년 12월)/금융안정보고서(2025년 12월).pdf,125,허용 종류로 판별 불가 또는 표 구조 미확인
BOK-20251223-4051c44575eb-표-2051a11d8f2d78be,금융안정보고서 2025년 12월,표,III-2,과거 30년간 글로벌 디레버리징1) 사례와 비교,단위; 데이터 형태; 종류; 설명,research/bok-archive/02-금융안정보고서/2025-12-23_금융안정보고서(2025년 12월)/금융안정보고서(2025년 12월).pdf,129,허용 종류로 판별 불가 또는 표 구조 미확인; 번호 직결 인용 없음 또는 문장 조각·중복 배정 제외
BOK-20250625-b341bcf6d48e-그림-e3dbfcb6ab755811,금융안정보고서 2025년 6월,그림,I-1-1,가계 및 기업 신용 상황 변화 지도1) 용,단위; 데이터 형태; 종류; 분석 목적; 통계기법·지수; 설명,research/bok-archive/02-금융안정보고서/2025-06-25_금융안정보고서(2025년 6월)/금융안정보고서(2025년 6월).pdf,19,허용 종류로 판별 불가 또는 표 구조 미확인; 제목·계열·직접 인용의 해석 근거 부족; 번호 직결 인용 없음 또는 문장 조각·중복 배정 제외
BOK-20250625-b341bcf6d48e-그림-7efbcc42ada8d526,금융안정보고서 2025년 6월,그림,I-1-2,가계신용,설명,research/bok-archive/02-금융안정보고서/2025-06-25_금융안정보고서(2025년 6월)/금융안정보고서(2025년 6월).pdf,19,번호 직결 인용 없음 또는 문장 조각·중복 배정 제외
BOK-20250625-b341bcf6d48e-그림-1c47c78c1244a930,금융안정보고서 2025년 6월,그림,I-1-3,가계대출 대출유형별 변동,통계기법·지수; 설명,research/bok-archive/02-금융안정보고서/2025-06-25_금융안정보고서(2025년 6월)/금융안정보고서(2025년 6월).pdf,20,번호 직결 인용 없음 또는 문장 조각·중복 배정 제외
BOK-20250625-b341bcf6d48e-그림-e33579ca3014a430,금융안정보고서 2025년 6월,그림,I-1-4,금융업권별 가계대출 변동,통계기법·지수; 설명,research/bok-archive/02-금융안정보고서/2025-06-25_금융안정보고서(2025년 6월)/금융안정보고서(2025년 6월).pdf,20,번호 직결 인용 없음 또는 문장 조각·중복 배정 제외
BOK-20250625-b341bcf6d48e-그림-9fd837b71c656634,금융안정보고서 2025년 6월,그림,I-1-6,은행 및 비은행금융기관 가계대출 연체율,설명,research/bok-archive/02-금융안정보고서/2025-06-25_금융안정보고서(2025년 6월)/금융안정보고서(2025년 6월).pdf,22,번호 직결 인용 없음 또는 문장 조각·중복 배정 제외
BOK-20250625-b341bcf6d48e-그림-976329178b826656,금융안정보고서 2025년 6월,그림,I-1-7,금융기관 기업대출,통계기법·지수; 설명,research/bok-archive/02-금융안정보고서/2025-06-25_금융안정보고서(2025년 6월)/금융안정보고서(2025년 6월).pdf,23,번호 직결 인용 없음 또는 문장 조각·중복 배정 제외
BOK-20250625-b341bcf6d48e-그림-1f1f8f2df541892c,금융안정보고서 2025년 6월,그림,I-1-11,기업의 직접금융시장 조달 동향,설명,research/bok-archive/02-금융안정보고서/2025-06-25_금융안정보고서(2025년 6월)/금융안정보고서(2025년 6월).pdf,25,번호 직결 인용 없음 또는 문장 조각·중복 배정 제외
BOK-20250625-b341bcf6d48e-그림-028d486d29adbe44,금융안정보고서 2025년 6월,그림,I-1-13,기업규모별 매출액증가율 및 매출액영업이익률,설명,research/bok-archive/02-금융안정보고서/2025-06-25_금융안정보고서(2025년 6월)/금융안정보고서(2025년 6월).pdf,26,번호 직결 인용 없음 또는 문장 조각·중복 배정 제외
BOK-20250625-b341bcf6d48e-그림-96d85b0d63b99e2d,금융안정보고서 2025년 6월,그림,I-1-16,부문별 민간신용/명목GDP 비율 및 갭,설명,research/bok-archive/02-금융안정보고서/2025-06-25_금융안정보고서(2025년 6월)/금융안정보고서(2025년 6월).pdf,27,번호 직결 인용 없음 또는 문장 조각·중복 배정 제외
BOK-20250625-b341bcf6d48e-그림-0ad995cc29cae900,금융안정보고서 2025년 6월,그림,I-2-1,금융 및 자산 시장 상황 변화 지도1) 채금리 변동성은 대체로 축소 흐름을 보이다 4,단위; 데이터 형태; 종류; 분석 목적; 설명,research/bok-archive/02-금융안정보고서/2025-06-25_금융안정보고서(2025년 6월)/금융안정보고서(2025년 6월).pdf,32,허용 종류로 판별 불가 또는 표 구조 미확인; 제목·계열·직접 인용의 해석 근거 부족; 번호 직결 인용 없음 또는 문장 조각·중복 배정 제외
BOK-20250625-b341bcf6d48e-그림-14308a9189f2b254,금융안정보고서 2025년 6월,그림,I-2-3,회사채 신용스프레드 및 신용등급간 스프레드,설명,research/bok-archive/02-금융안정보고서/2025-06-25_금융안정보고서(2025년 6월)/금융안정보고서(2025년 6월).pdf,33,번호 직결 인용 없음 또는 문장 조각·중복 배정 제외
BOK-20250625-b341bcf6d48e-그림-4987105a8d13477c,금융안정보고서 2025년 6월,그림,I-2-4,한국(KOSPI) 및 미국 주가,설명,research/bok-archive/02-금융안정보고서/2025-06-25_금융안정보고서(2025년 6월)/금융안정보고서(2025년 6월).pdf,34,번호 직결 인용 없음 또는 문장 조각·중복 배정 제외
BOK-20250625-b341bcf6d48e-그림-b0a1a12b5c08470d,금융안정보고서 2025년 6월,그림,I-2-5,주가 변동성,단위,research/bok-archive/02-금융안정보고서/2025-06-25_금융안정보고서(2025년 6월)/금융안정보고서(2025년 6월).pdf,34,출처·단위·데이터 형태 등 미확인
BOK-20250625-b341bcf6d48e-그림-72f2cffee4cf4341,금융안정보고서 2025년 6월,그림,I-2-6,PER 및 PBR,설명,research/bok-archive/02-금융안정보고서/2025-06-25_금융안정보고서(2025년 6월)/금융안정보고서(2025년 6월).pdf,34,번호 직결 인용 없음 또는 문장 조각·중복 배정 제외
BOK-20250625-b341bcf6d48e-그림-6b1117d9698fcd0d,금융안정보고서 2025년 6월,그림,I-2-8,주식 리스크 프리미엄,설명,research/bok-archive/02-금융안정보고서/2025-06-25_금융안정보고서(2025년 6월)/금융안정보고서(2025년 6월).pdf,35,번호 직결 인용 없음 또는 문장 조각·중복 배정 제외
BOK-20250625-b341bcf6d48e-그림-a176eaa96faccd45,금융안정보고서 2025년 6월,그림,I-2-9,주택매매가격 추이 및 상승률,설명,research/bok-archive/02-금융안정보고서/2025-06-25_금융안정보고서(2025년 6월)/금융안정보고서(2025년 6월).pdf,35,번호 직결 인용 없음 또는 문장 조각·중복 배정 제외
BOK-20250625-b341bcf6d48e-그림-2cb210391a6cf4fe,금융안정보고서 2025년 6월,그림,I-2-10,가격소득비율 및 가격임대료비율,설명,research/bok-archive/02-금융안정보고서/2025-06-25_금융안정보고서(2025년 6월)/금융안정보고서(2025년 6월).pdf,36,번호 직결 인용 없음 또는 문장 조각·중복 배정 제외
BOK-20250625-b341bcf6d48e-그림-81a4eb4a2c101605,금융안정보고서 2025년 6월,그림,I-2-13,월별 주택전월세거래량,설명,research/bok-archive/02-금융안정보고서/2025-06-25_금융안정보고서(2025년 6월)/금융안정보고서(2025년 6월).pdf,37,번호 직결 인용 없음 또는 문장 조각·중복 배정 제외
BOK-20250625-b341bcf6d48e-그림-aa5ab7912f8d9ed2,금융안정보고서 2025년 6월,그림,I-2-14,아파트 입주 및 분양 물량,통계기법·지수,research/bok-archive/02-금융안정보고서/2025-06-25_금융안정보고서(2025년 6월)/금융안정보고서(2025년 6월).pdf,38,출처·단위·데이터 형태 등 미확인
BOK-20250625-b341bcf6d48e-그림-ce5ece92edc26ae6,금융안정보고서 2025년 6월,그림,I-2-15,상업용부동산 임대가격지수 및 공실률,설명,research/bok-archive/02-금융안정보고서/2025-06-25_금융안정보고서(2025년 6월)/금융안정보고서(2025년 6월).pdf,38,번호 직결 인용 없음 또는 문장 조각·중복 배정 제외
BOK-20250625-b341bcf6d48e-그림-20a8ffc2a935d5e8,금융안정보고서 2025년 6월,그림,I-2-16,상업용부동산 자본수익률 및 거래량,설명,research/bok-archive/02-금융안정보고서/2025-06-25_금융안정보고서(2025년 6월)/금융안정보고서(2025년 6월).pdf,39,번호 직결 인용 없음 또는 문장 조각·중복 배정 제외
BOK-20250625-b341bcf6d48e-그림-a303a3664ef3da82,금융안정보고서 2025년 6월,그림,I-2-17,글로벌 가상자산 시가총액,설명,research/bok-archive/02-금융안정보고서/2025-06-25_금융안정보고서(2025년 6월)/금융안정보고서(2025년 6월).pdf,39,번호 직결 인용 없음 또는 문장 조각·중복 배정 제외
BOK-20250625-b341bcf6d48e-그림-b2618033d766cc2d,금융안정보고서 2025년 6월,그림,I-2-18,국내 가상자산시장 현황,통계기법·지수,research/bok-archive/02-금융안정보고서/2025-06-25_금융안정보고서(2025년 6월)/금융안정보고서(2025년 6월).pdf,40,출처·단위·데이터 형태 등 미확인
BOK-20250625-b341bcf6d48e-그림-f8618092e56cc5fb,금융안정보고서 2025년 6월,그림,I-3-1,은행 건전성 및 복원력 변화 지도1),데이터 형태; 종류; 통계기법·지수; 설명,research/bok-archive/02-금융안정보고서/2025-06-25_금융안정보고서(2025년 6월)/금융안정보고서(2025년 6월).pdf,50,허용 종류로 판별 불가 또는 표 구조 미확인; 번호 직결 인용 없음 또는 문장 조각·중복 배정 제외
BOK-20250625-b341bcf6d48e-그림-d265e335b2f28d02,금융안정보고서 2025년 6월,그림,I-3-2,비은행 건전성 및 복원력 변화 지도1),데이터 형태; 종류; 통계기법·지수; 설명,research/bok-archive/02-금융안정보고서/2025-06-25_금융안정보고서(2025년 6월)/금융안정보고서(2025년 6월).pdf,50,허용 종류로 판별 불가 또는 표 구조 미확인; 번호 직결 인용 없음 또는 문장 조각·중복 배정 제외
BOK-20250625-b341bcf6d48e-그림-2aa93aa98d341bf2,금융안정보고서 2025년 6월,그림,I-3-3,일반은행 총자산 규모 및 대출 증가율,설명,research/bok-archive/02-금융안정보고서/2025-06-25_금융안정보고서(2025년 6월)/금융안정보고서(2025년 6월).pdf,51,번호 직결 인용 없음 또는 문장 조각·중복 배정 제외
BOK-20250625-b341bcf6d48e-그림-27ca11dd63c7980e,금융안정보고서 2025년 6월,그림,I-3-4,일반은행 고정이하여신비율 및 부실채권 발생·정리 실적,설명,research/bok-archive/02-금융안정보고서/2025-06-25_금융안정보고서(2025년 6월)/금융안정보고서(2025년 6월).pdf,52,번호 직결 인용 없음 또는 문장 조각·중복 배정 제외
BOK-20250625-b341bcf6d48e-그림-b9e49ad715de5362,금융안정보고서 2025년 6월,그림,I-3-5,일반은행 차주별 업종별 고정이하여신비율,설명,research/bok-archive/02-금융안정보고서/2025-06-25_금융안정보고서(2025년 6월)/금융안정보고서(2025년 6월).pdf,52,번호 직결 인용 없음 또는 문장 조각·중복 배정 제외
BOK-20250625-b341bcf6d48e-그림-fc72cf9bf16aba6f,금융안정보고서 2025년 6월,그림,I-3-7,일반은행 바젤Ⅲ 기준 자본비율 및 자기자본비율 변동 요인분해,설명,research/bok-archive/02-금융안정보고서/2025-06-25_금융안정보고서(2025년 6월)/금융안정보고서(2025년 6월).pdf,53,번호 직결 인용 없음 또는 문장 조각·중복 배정 제외
BOK-20250625-b341bcf6d48e-그림-016059c59d99a5ad,금융안정보고서 2025년 6월,그림,I-3-8,일반은행 대손충당금적립비율,설명,research/bok-archive/02-금융안정보고서/2025-06-25_금융안정보고서(2025년 6월)/금융안정보고서(2025년 6월).pdf,54,번호 직결 인용 없음 또는 문장 조각·중복 배정 제외
BOK-20250625-b341bcf6d48e-그림-6ec266b179eb65b2,금융안정보고서 2025년 6월,그림,I-3-10,비은행예금취급기관 총자산 규모 및 증가율,설명,research/bok-archive/02-금융안정보고서/2025-06-25_금융안정보고서(2025년 6월)/금융안정보고서(2025년 6월).pdf,55,번호 직결 인용 없음 또는 문장 조각·중복 배정 제외
BOK-20250625-b341bcf6d48e-그림-66573128db6f886a,금융안정보고서 2025년 6월,그림,I-3-13,비은행예금취급기관 총자산순이익률(ROA),설명,research/bok-archive/02-금융안정보고서/2025-06-25_금융안정보고서(2025년 6월)/금융안정보고서(2025년 6월).pdf,57,번호 직결 인용 없음 또는 문장 조각·중복 배정 제외
BOK-20250625-b341bcf6d48e-그림-835f6c1fbbc7e9ad,금융안정보고서 2025년 6월,그림,I-3-14,비은행예금취급기관 당기순이익 구성요소,통계기법·지수,research/bok-archive/02-금융안정보고서/2025-06-25_금융안정보고서(2025년 6월)/금융안정보고서(2025년 6월).pdf,57,출처·단위·데이터 형태 등 미확인
BOK-20250625-b341bcf6d48e-그림-6db9d871f4626e48,금융안정보고서 2025년 6월,그림,I-3-17,비은행예금취급기관 유동성비율,설명,research/bok-archive/02-금융안정보고서/2025-06-25_금융안정보고서(2025년 6월)/금융안정보고서(2025년 6월).pdf,58,번호 직결 인용 없음 또는 문장 조각·중복 배정 제외
BOK-20250625-b341bcf6d48e-그림-c91ef15399c04698,금융안정보고서 2025년 6월,그림,I-3-21,보험회사 손실흡수력 지표,통계기법·지수,research/bok-archive/02-금융안정보고서/2025-06-25_금융안정보고서(2025년 6월)/금융안정보고서(2025년 6월).pdf,61,출처·단위·데이터 형태 등 미확인
BOK-20250625-b341bcf6d48e-그림-ebd57153fdd85978,금융안정보고서 2025년 6월,그림,I-3-22,증권회사 손실흡수력 지표,통계기법·지수; 설명,research/bok-archive/02-금융안정보고서/2025-06-25_금융안정보고서(2025년 6월)/금융안정보고서(2025년 6월).pdf,62,번호 직결 인용 없음 또는 문장 조각·중복 배정 제외
BOK-20250625-b341bcf6d48e-그림-0aa45008083440ae,금융안정보고서 2025년 6월,그림,I-3-23,여신전문금융회사 손실흡수력 지표,통계기법·지수; 설명,research/bok-archive/02-금융안정보고서/2025-06-25_금융안정보고서(2025년 6월)/금융안정보고서(2025년 6월).pdf,62,번호 직결 인용 없음 또는 문장 조각·중복 배정 제외
BOK-20250625-b341bcf6d48e-그림-94b763ae6e687e35,금융안정보고서 2025년 6월,그림,I-3-24,보험회사 유동성 대응능력 지표,통계기법·지수,research/bok-archive/02-금융안정보고서/2025-06-25_금융안정보고서(2025년 6월)/금융안정보고서(2025년 6월).pdf,63,출처·단위·데이터 형태 등 미확인
BOK-20250625-b341bcf6d48e-그림-fed528404cbcc5f6,금융안정보고서 2025년 6월,그림,I-3-25,증권회사 유동성 대응능력 지표,통계기법·지수; 설명,research/bok-archive/02-금융안정보고서/2025-06-25_금융안정보고서(2025년 6월)/금융안정보고서(2025년 6월).pdf,63,번호 직결 인용 없음 또는 문장 조각·중복 배정 제외
BOK-20250625-b341bcf6d48e-그림-871d5006bd01ede3,금융안정보고서 2025년 6월,그림,I-3-26,여신전문금융회사 유동성 대응능력 지표,통계기법·지수,research/bok-archive/02-금융안정보고서/2025-06-25_금융안정보고서(2025년 6월)/금융안정보고서(2025년 6월).pdf,63,출처·단위·데이터 형태 등 미확인
BOK-20250625-b341bcf6d48e-그림-affd7eee94c03fc3,금융안정보고서 2025년 6월,그림,I-3-27,금융기관 간 상호거래 현황,설명,research/bok-archive/02-금융안정보고서/2025-06-25_금융안정보고서(2025년 6월)/금융안정보고서(2025년 6월).pdf,64,번호 직결 인용 없음 또는 문장 조각·중복 배정 제외
BOK-20250625-b341bcf6d48e-그림-1401ac918d9f9c5f,금융안정보고서 2025년 6월,그림,I-3-28,금융업권 간 상호연계 구조1)2)3)4)5),단위; 데이터 형태; 통계기법·지수; 설명,research/bok-archive/02-금융안정보고서/2025-06-25_금융안정보고서(2025년 6월)/금융안정보고서(2025년 6월).pdf,64,번호 직결 인용 없음 또는 문장 조각·중복 배정 제외
BOK-20250625-b341bcf6d48e-그림-60e40f12ef61b50f,금융안정보고서 2025년 6월,그림,I-3-29,금융업권 간 상호거래 관련 부실전염 및 집중도 리스크,단위; 설명,research/bok-archive/02-금융안정보고서/2025-06-25_금융안정보고서(2025년 6월)/금융안정보고서(2025년 6월).pdf,65,번호 직결 인용 없음 또는 문장 조각·중복 배정 제외
BOK-20250625-b341bcf6d48e-그림-8511c6253274097d,금융안정보고서 2025년 6월,그림,I-4-1,대외부문 상황 변화 지도1),단위; 데이터 형태; 종류; 통계기법·지수; 설명,research/bok-archive/02-금융안정보고서/2025-06-25_금융안정보고서(2025년 6월)/금융안정보고서(2025년 6월).pdf,80,허용 종류로 판별 불가 또는 표 구조 미확인; 번호 직결 인용 없음 또는 문장 조각·중복 배정 제외
BOK-20250625-b341bcf6d48e-그림-c2f0a624a70e2394,금융안정보고서 2025년 6월,그림,I-4-4,일반은행 대외 외화조달 여건,설명,research/bok-archive/02-금융안정보고서/2025-06-25_금융안정보고서(2025년 6월)/금융안정보고서(2025년 6월).pdf,82,번호 직결 인용 없음 또는 문장 조각·중복 배정 제외
BOK-20250625-b341bcf6d48e-그림-bb68a3e974c4780f,금융안정보고서 2025년 6월,그림,I-4-5,외국인 국내증권투자 증감,통계기법·지수; 설명,research/bok-archive/02-금융안정보고서/2025-06-25_금융안정보고서(2025년 6월)/금융안정보고서(2025년 6월).pdf,82,번호 직결 인용 없음 또는 문장 조각·중복 배정 제외
BOK-20250625-b341bcf6d48e-그림-4f2909c03430275c,금융안정보고서 2025년 6월,그림,I-4-6,외국인 주식 및 채권 투자자금의 증감,통계기법·지수; 설명,research/bok-archive/02-금융안정보고서/2025-06-25_금융안정보고서(2025년 6월)/금융안정보고서(2025년 6월).pdf,83,번호 직결 인용 없음 또는 문장 조각·중복 배정 제외
BOK-20250625-b341bcf6d48e-그림-d9b4eb673128bc44,금융안정보고서 2025년 6월,그림,I-4-7,거주자 해외증권투자 증감,통계기법·지수; 설명,research/bok-archive/02-금융안정보고서/2025-06-25_금융안정보고서(2025년 6월)/금융안정보고서(2025년 6월).pdf,84,번호 직결 인용 없음 또는 문장 조각·중복 배정 제외
BOK-20250625-b341bcf6d48e-그림-25acd85c8b1aa2b7,금융안정보고서 2025년 6월,그림,I-4-8,거주자 해외 주식 및 채권 투자자금의 투자주체별 증감,통계기법·지수,research/bok-archive/02-금융안정보고서/2025-06-25_금융안정보고서(2025년 6월)/금융안정보고서(2025년 6월).pdf,84,출처·단위·데이터 형태 등 미확인
BOK-20250625-b341bcf6d48e-그림-fa6db8c35279baec,금융안정보고서 2025년 6월,그림,I-4-9,국내 S&P500투자자 환헤지/환오픈 수익률,설명,research/bok-archive/02-금융안정보고서/2025-06-25_금융안정보고서(2025년 6월)/금융안정보고서(2025년 6월).pdf,85,번호 직결 인용 없음 또는 문장 조각·중복 배정 제외
BOK-20250625-b341bcf6d48e-그림-170540f6ed4674fb,금융안정보고서 2025년 6월,그림,I-4-10,순대외채권,통계기법·지수; 설명,research/bok-archive/02-금융안정보고서/2025-06-25_금융안정보고서(2025년 6월)/금융안정보고서(2025년 6월).pdf,85,번호 직결 인용 없음 또는 문장 조각·중복 배정 제외
BOK-20250625-b341bcf6d48e-그림-41c3de2893dfab1a,금융안정보고서 2025년 6월,그림,I-4-11,부문별 대외 채권 및 채무 증감,통계기법·지수,research/bok-archive/02-금융안정보고서/2025-06-25_금융안정보고서(2025년 6월)/금융안정보고서(2025년 6월).pdf,86,출처·단위·데이터 형태 등 미확인
BOK-20250625-b341bcf6d48e-그림-23de3effd2a7b395,금융안정보고서 2025년 6월,그림,I-4-13,외환보유액 규모 및 증감액,설명,research/bok-archive/02-금융안정보고서/2025-06-25_금융안정보고서(2025년 6월)/금융안정보고서(2025년 6월).pdf,87,번호 직결 인용 없음 또는 문장 조각·중복 배정 제외
BOK-20250625-b341bcf6d48e-그림-18ba67e499b39ce4,금융안정보고서 2025년 6월,그림,I-5-2,부동산신탁사의 재무건전성,설명,research/bok-archive/02-금융안정보고서/2025-06-25_금융안정보고서(2025년 6월)/금융안정보고서(2025년 6월).pdf,96,번호 직결 인용 없음 또는 문장 조각·중복 배정 제외
BOK-20250625-b341bcf6d48e-그림-84166723feae6c82,금융안정보고서 2025년 6월,그림,II-1-1,불확실성 요인별 기업 신용리스크 파급경로,단위; 데이터 형태; 통계기법·지수; 설명,research/bok-archive/02-금융안정보고서/2025-06-25_금융안정보고서(2025년 6월)/금융안정보고서(2025년 6월).pdf,105,번호 직결 인용 없음 또는 문장 조각·중복 배정 제외
BOK-20250625-b341bcf6d48e-그림-c90bc75d803818f5,금융안정보고서 2025년 6월,그림,II-1-2,업종별 이자보상배율 및 변동폭,설명,research/bok-archive/02-금융안정보고서/2025-06-25_금융안정보고서(2025년 6월)/금융안정보고서(2025년 6월).pdf,106,번호 직결 인용 없음 또는 문장 조각·중복 배정 제외
BOK-20250625-b341bcf6d48e-그림-75d6894dcd783c54,금융안정보고서 2025년 6월,그림,II-1-2,업종별 이자보상배율 및 변동폭,데이터 형태,research/bok-archive/02-금융안정보고서/2025-06-25_금융안정보고서(2025년 6월)/현안1. 대내외 불확실성 요인이 기업 신용리스크에 미치는 영향.pdf,4,출처·단위·데이터 형태 등 미확인
BOK-20250625-b341bcf6d48e-그림-012ff36620eacfe4,금융안정보고서 2025년 6월,그림,II-1-3,이자보상배율 변동 요인 분해,설명,research/bok-archive/02-금융안정보고서/2025-06-25_금융안정보고서(2025년 6월)/금융안정보고서(2025년 6월).pdf,106,번호 직결 인용 없음 또는 문장 조각·중복 배정 제외
BOK-20250625-b341bcf6d48e-그림-279c828b3e0fe604,금융안정보고서 2025년 6월,그림,II-1-3,이자보상배율 변동 요인 분해1)2),데이터 형태; 설명,research/bok-archive/02-금융안정보고서/2025-06-25_금융안정보고서(2025년 6월)/현안1. 대내외 불확실성 요인이 기업 신용리스크에 미치는 영향.pdf,4,번호 직결 인용 없음 또는 문장 조각·중복 배정 제외
BOK-20250625-b341bcf6d48e-그림-c2749c98b3167bb2,금융안정보고서 2025년 6월,그림,II-1-4,부동산시장 지표 추이,통계기법·지수; 설명,research/bok-archive/02-금융안정보고서/2025-06-25_금융안정보고서(2025년 6월)/금융안정보고서(2025년 6월).pdf,107,번호 직결 인용 없음 또는 문장 조각·중복 배정 제외
BOK-20250625-b341bcf6d48e-그림-e762fd0b2076e582,금융안정보고서 2025년 6월,그림,II-1-4,부동산시장 지표 추이 매 15 15 매 60 60,분석 목적; 통계기법·지수; 설명,research/bok-archive/02-금융안정보고서/2025-06-25_금융안정보고서(2025년 6월)/현안1. 대내외 불확실성 요인이 기업 신용리스크에 미치는 영향.pdf,5,제목·계열·직접 인용의 해석 근거 부족; 번호 직결 인용 없음 또는 문장 조각·중복 배정 제외
BOK-20250625-b341bcf6d48e-그림-aa30a2ccc24ba95d,금융안정보고서 2025년 6월,그림,II-1-5,매매거래량과 매출액 증가율1) 상관관계,데이터 형태; 설명,research/bok-archive/02-금융안정보고서/2025-06-25_금융안정보고서(2025년 6월)/금융안정보고서(2025년 6월).pdf,107,번호 직결 인용 없음 또는 문장 조각·중복 배정 제외
BOK-20250625-b341bcf6d48e-그림-3d90c573319b0d55,금융안정보고서 2025년 6월,그림,II-1-5,매매거래량과 매출액 증가율1) 상관관계,데이터 형태; 설명,research/bok-archive/02-금융안정보고서/2025-06-25_금융안정보고서(2025년 6월)/현안1. 대내외 불확실성 요인이 기업 신용리스크에 미치는 영향.pdf,5,번호 직결 인용 없음 또는 문장 조각·중복 배정 제외
BOK-20250625-b341bcf6d48e-그림-fb8ae41bc60e7672,금융안정보고서 2025년 6월,그림,II-1-6,건설업 매출 여건,설명,research/bok-archive/02-금융안정보고서/2025-06-25_금융안정보고서(2025년 6월)/금융안정보고서(2025년 6월).pdf,108,번호 직결 인용 없음 또는 문장 조각·중복 배정 제외
BOK-20250625-b341bcf6d48e-그림-e7f57c8fab4fcf7c,금융안정보고서 2025년 6월,그림,II-1-6,"건설업 매출 여건 하였고9), 이후 글로벌 무역규모가 축소된 바 있",데이터 형태; 분석 목적; 통계기법·지수,research/bok-archive/02-금융안정보고서/2025-06-25_금융안정보고서(2025년 6월)/현안1. 대내외 불확실성 요인이 기업 신용리스크에 미치는 영향.pdf,6,제목·계열·직접 인용의 해석 근거 부족
BOK-20250625-b341bcf6d48e-그림-3dd05eafa8964f30,금융안정보고서 2025년 6월,그림,II-1-7,미국의 가중평균 관세율 및 수입 물동량,설명,research/bok-archive/02-금융안정보고서/2025-06-25_금융안정보고서(2025년 6월)/금융안정보고서(2025년 6월).pdf,108,번호 직결 인용 없음 또는 문장 조각·중복 배정 제외
BOK-20250625-b341bcf6d48e-그림-cf33c16db70eff8b,금융안정보고서 2025년 6월,그림,II-1-7,미국의 가중평균 관세율 및 수입 물동량,데이터 형태; 설명,research/bok-archive/02-금융안정보고서/2025-06-25_금융안정보고서(2025년 6월)/현안1. 대내외 불확실성 요인이 기업 신용리스크에 미치는 영향.pdf,6,번호 직결 인용 없음 또는 문장 조각·중복 배정 제외
BOK-20250625-b341bcf6d48e-그림-7b2c50167c478be3,금융안정보고서 2025년 6월,그림,II-1-8,업종별 수출기업 비중 및 대미 수출 비중,설명,research/bok-archive/02-금융안정보고서/2025-06-25_금융안정보고서(2025년 6월)/금융안정보고서(2025년 6월).pdf,109,번호 직결 인용 없음 또는 문장 조각·중복 배정 제외
BOK-20250625-b341bcf6d48e-그림-996d3b164ee504af,금융안정보고서 2025년 6월,그림,II-1-8,업종별 수출기업 비중1) 및 대미 수출 비중2)3),데이터 형태; 설명,research/bok-archive/02-금융안정보고서/2025-06-25_금융안정보고서(2025년 6월)/현안1. 대내외 불확실성 요인이 기업 신용리스크에 미치는 영향.pdf,7,번호 직결 인용 없음 또는 문장 조각·중복 배정 제외
BOK-20250625-b341bcf6d48e-그림-ab0127df780af3e4,금융안정보고서 2025년 6월,그림,II-1-9,대미·대중 수출 증가 규모 및 업종별 중간재 수출 비중,설명,research/bok-archive/02-금융안정보고서/2025-06-25_금융안정보고서(2025년 6월)/금융안정보고서(2025년 6월).pdf,109,번호 직결 인용 없음 또는 문장 조각·중복 배정 제외
BOK-20250625-b341bcf6d48e-그림-2c03fca1996f5d68,금융안정보고서 2025년 6월,그림,II-1-10,환율이 업종별 영업이익에 미치는 영향,단위; 통계기법·지수; 설명,research/bok-archive/02-금융안정보고서/2025-06-25_금융안정보고서(2025년 6월)/금융안정보고서(2025년 6월).pdf,110,번호 직결 인용 없음 또는 문장 조각·중복 배정 제외
BOK-20250625-b341bcf6d48e-그림-b1e17fc09c811bba,금융안정보고서 2025년 6월,그림,II-1-10,환율이 업종별 영업이익에 미치는 영향1)2) 미미한 경우 –로 표시,단위; 데이터 형태; 분석 목적; 통계기법·지수; 설명,research/bok-archive/02-금융안정보고서/2025-06-25_금융안정보고서(2025년 6월)/현안1. 대내외 불확실성 요인이 기업 신용리스크에 미치는 영향.pdf,8,제목·계열·직접 인용의 해석 근거 부족; 번호 직결 인용 없음 또는 문장 조각·중복 배정 제외
BOK-20250625-b341bcf6d48e-그림-757f1f483bfd3391,금융안정보고서 2025년 6월,그림,II-1-11,기업실적과 금융기관의 자본적정성 자보상배율 1미만 기업(취약기업) 비중이 2024년 1,데이터 형태; 분석 목적; 설명,research/bok-archive/02-금융안정보고서/2025-06-25_금융안정보고서(2025년 6월)/금융안정보고서(2025년 6월).pdf,111,제목·계열·직접 인용의 해석 근거 부족; 번호 직결 인용 없음 또는 문장 조각·중복 배정 제외
BOK-20250625-b341bcf6d48e-그림-63ca7f3e30748565,금융안정보고서 2025년 6월,그림,II-1-11,기업실적과 금융기관의 자본적정성 자보상배율 1미만 기업(취약기업) 비중이 2024년 1,데이터 형태; 분석 목적; 설명,research/bok-archive/02-금융안정보고서/2025-06-25_금융안정보고서(2025년 6월)/현안1. 대내외 불확실성 요인이 기업 신용리스크에 미치는 영향.pdf,9,제목·계열·직접 인용의 해석 근거 부족; 번호 직결 인용 없음 또는 문장 조각·중복 배정 제외
BOK-20250625-b341bcf6d48e-그림-6842a79351e01c10,금융안정보고서 2025년 6월,그림,II-1-13,수출업종1)의 업종별 이자보상배율2) 1 1 1 1,데이터 형태; 분석 목적; 통계기법·지수; 설명,research/bok-archive/02-금융안정보고서/2025-06-25_금융안정보고서(2025년 6월)/현안1. 대내외 불확실성 요인이 기업 신용리스크에 미치는 영향.pdf,10,제목·계열·직접 인용의 해석 근거 부족; 번호 직결 인용 없음 또는 문장 조각·중복 배정 제외
BOK-20250625-b341bcf6d48e-그림-bcd589c5caee3e84,금융안정보고서 2025년 6월,그림,II-1-13,수출업종의 업종별 이자보상배율,설명,research/bok-archive/02-금융안정보고서/2025-06-25_금융안정보고서(2025년 6월)/금융안정보고서(2025년 6월).pdf,112,번호 직결 인용 없음 또는 문장 조각·중복 배정 제외
BOK-20250625-b341bcf6d48e-그림-e3f677a7a76a8bad,금융안정보고서 2025년 6월,그림,II-1-14,경기민감업종 및 건설·부동산업의 세부 업종별 이자보상배율,설명,research/bok-archive/02-금융안정보고서/2025-06-25_금융안정보고서(2025년 6월)/금융안정보고서(2025년 6월).pdf,112,번호 직결 인용 없음 또는 문장 조각·중복 배정 제외
BOK-20250625-b341bcf6d48e-그림-4f51d04f5e64fbc6,금융안정보고서 2025년 6월,그림,II-1-14,경기민감업종1) 및 건설·부동산업의,데이터 형태; 분석 목적; 통계기법·지수; 설명,research/bok-archive/02-금융안정보고서/2025-06-25_금융안정보고서(2025년 6월)/현안1. 대내외 불확실성 요인이 기업 신용리스크에 미치는 영향.pdf,10,제목·계열·직접 인용의 해석 근거 부족; 번호 직결 인용 없음 또는 문장 조각·중복 배정 제외
BOK-20250625-b341bcf6d48e-그림-da996854b4a2e7b5,금융안정보고서 2025년 6월,그림,II-1-15,시나리오별 국내은행 기업대출 고정이하여신비율,설명,research/bok-archive/02-금융안정보고서/2025-06-25_금융안정보고서(2025년 6월)/금융안정보고서(2025년 6월).pdf,113,번호 직결 인용 없음 또는 문장 조각·중복 배정 제외
BOK-20250625-b341bcf6d48e-그림-6f4b168fda346878,금융안정보고서 2025년 6월,그림,II-1-15,시나리오별 국내은행 기업대출1),분석 목적; 통계기법·지수,research/bok-archive/02-금융안정보고서/2025-06-25_금융안정보고서(2025년 6월)/현안1. 대내외 불확실성 요인이 기업 신용리스크에 미치는 영향.pdf,11,제목·계열·직접 인용의 해석 근거 부족
BOK-20250625-b341bcf6d48e-그림-ec1557a50b17f1c6,금융안정보고서 2025년 6월,그림,II-1-16,심각 시나리오에 따른 업종별 부실여신,데이터 형태; 분석 목적; 통계기법·지수; 설명,research/bok-archive/02-금융안정보고서/2025-06-25_금융안정보고서(2025년 6월)/현안1. 대내외 불확실성 요인이 기업 신용리스크에 미치는 영향.pdf,11,제목·계열·직접 인용의 해석 근거 부족; 번호 직결 인용 없음 또는 문장 조각·중복 배정 제외
BOK-20250625-b341bcf6d48e-그림-ae87ac89d335a0f6,금융안정보고서 2025년 6월,그림,II-1-16,심각 시나리오에 따른 업종별 부실여신 증가 규모,종류; 설명,research/bok-archive/02-금융안정보고서/2025-06-25_금융안정보고서(2025년 6월)/금융안정보고서(2025년 6월).pdf,113,허용 종류로 판별 불가 또는 표 구조 미확인; 번호 직결 인용 없음 또는 문장 조각·중복 배정 제외
BOK-20250625-b341bcf6d48e-그림-9e427ee0f23341ee,금융안정보고서 2025년 6월,그림,II-1-17,건설·부동산 업종 대출 비중,설명,research/bok-archive/02-금융안정보고서/2025-06-25_금융안정보고서(2025년 6월)/금융안정보고서(2025년 6월).pdf,114,번호 직결 인용 없음 또는 문장 조각·중복 배정 제외
BOK-20250625-b341bcf6d48e-그림-93248ab1bde1da67,금융안정보고서 2025년 6월,그림,II-1-17,건설·부동산 업종 대출 비중1),데이터 형태; 설명,research/bok-archive/02-금융안정보고서/2025-06-25_금융안정보고서(2025년 6월)/현안1. 대내외 불확실성 요인이 기업 신용리스크에 미치는 영향.pdf,12,번호 직결 인용 없음 또는 문장 조각·중복 배정 제외
BOK-20250625-b341bcf6d48e-그림-aa117b630baf6f6f,금융안정보고서 2025년 6월,그림,II-1-18,시나리오별 국내은행 자본비율 변화,설명,research/bok-archive/02-금융안정보고서/2025-06-25_금융안정보고서(2025년 6월)/금융안정보고서(2025년 6월).pdf,114,번호 직결 인용 없음 또는 문장 조각·중복 배정 제외
BOK-20250625-b341bcf6d48e-그림-670763815946e383,금융안정보고서 2025년 6월,그림,II-1-19,기업대출1)과 고정이하여신비율2) 5 5,분석 목적; 설명,research/bok-archive/02-금융안정보고서/2025-06-25_금융안정보고서(2025년 6월)/현안1. 대내외 불확실성 요인이 기업 신용리스크에 미치는 영향.pdf,13,제목·계열·직접 인용의 해석 근거 부족; 번호 직결 인용 없음 또는 문장 조각·중복 배정 제외
BOK-20250625-b341bcf6d48e-그림-cdeabdc55e2ff2a4,금융안정보고서 2025년 6월,그림,II-1-19,기업대출과 고정이하여신비율,설명,research/bok-archive/02-금융안정보고서/2025-06-25_금융안정보고서(2025년 6월)/금융안정보고서(2025년 6월).pdf,115,번호 직결 인용 없음 또는 문장 조각·중복 배정 제외
BOK-20250625-b341bcf6d48e-그림-413ff78ed22e8a97,금융안정보고서 2025년 6월,그림,II-1-20,국내은행 대손충당금 규모,통계기법·지수,research/bok-archive/02-금융안정보고서/2025-06-25_금융안정보고서(2025년 6월)/금융안정보고서(2025년 6월).pdf,115,출처·단위·데이터 형태 등 미확인
BOK-20250625-b341bcf6d48e-그림-b85f7d90e367e771,금융안정보고서 2025년 6월,그림,II-1-20,국내은행 대손충당금 규모,통계기법·지수; 설명,research/bok-archive/02-금융안정보고서/2025-06-25_금융안정보고서(2025년 6월)/현안1. 대내외 불확실성 요인이 기업 신용리스크에 미치는 영향.pdf,13,번호 직결 인용 없음 또는 문장 조각·중복 배정 제외
BOK-20250625-b341bcf6d48e-그림-d0bb805ca52cc3db,금융안정보고서 2025년 6월,그림,II-1-21,시나리오별 금융불안지수(FSI) 경로,설명,research/bok-archive/02-금융안정보고서/2025-06-25_금융안정보고서(2025년 6월)/금융안정보고서(2025년 6월).pdf,116,번호 직결 인용 없음 또는 문장 조각·중복 배정 제외
BOK-20250625-b341bcf6d48e-그림-53750d26169ee1ee,금융안정보고서 2025년 6월,그림,II-1-21,시나리오별 금융불안지수(FSI) 경로1),데이터 형태,research/bok-archive/02-금융안정보고서/2025-06-25_금융안정보고서(2025년 6월)/현안1. 대내외 불확실성 요인이 기업 신용리스크에 미치는 영향.pdf,14,출처·단위·데이터 형태 등 미확인
BOK-20250625-b341bcf6d48e-그림-254dc6848d1da6b7,금융안정보고서 2025년 6월,그림,II-1-22,금융불안지수(FSI) 히트맵1),데이터 형태; 설명,research/bok-archive/02-금융안정보고서/2025-06-25_금융안정보고서(2025년 6월)/금융안정보고서(2025년 6월).pdf,116,번호 직결 인용 없음 또는 문장 조각·중복 배정 제외
BOK-20250625-b341bcf6d48e-그림-2295a0686d53110d,금융안정보고서 2025년 6월,그림,II-1-22,금융불안지수(FSI) 히트맵1),데이터 형태,research/bok-archive/02-금융안정보고서/2025-06-25_금융안정보고서(2025년 6월)/현안1. 대내외 불확실성 요인이 기업 신용리스크에 미치는 영향.pdf,14,출처·단위·데이터 형태 등 미확인
BOK-20250625-b341bcf6d48e-그림-dcee510ba695ba95,금융안정보고서 2025년 6월,그림,II-2-1,금융기관의 리스크 유형별 주요 유발요인,사용 데이터·출처; 단위; 데이터 형태; 통계기법·지수; 설명,research/bok-archive/02-금융안정보고서/2025-06-25_금융안정보고서(2025년 6월)/금융안정보고서(2025년 6월).pdf,119,번호 직결 인용 없음 또는 문장 조각·중복 배정 제외
BOK-20250625-b341bcf6d48e-그림-84003dd54afa0f29,금융안정보고서 2025년 6월,그림,II-2-1,금융기관의 리스크 유형별 주요 유발요인,사용 데이터·출처; 단위; 데이터 형태; 통계기법·지수; 설명,research/bok-archive/02-금융안정보고서/2025-06-25_금융안정보고서(2025년 6월)/현안2. 비은행금융기관의 유형별 리스크 점검 및 시사점.pdf,3,번호 직결 인용 없음 또는 문장 조각·중복 배정 제외
BOK-20250625-b341bcf6d48e-그림-52bf9a8f2ca5e3ed,금융안정보고서 2025년 6월,그림,II-2-2,비은행금융기관의 연체율 변화,설명,research/bok-archive/02-금융안정보고서/2025-06-25_금융안정보고서(2025년 6월)/금융안정보고서(2025년 6월).pdf,120,번호 직결 인용 없음 또는 문장 조각·중복 배정 제외
BOK-20250625-b341bcf6d48e-그림-ee0707eb1caa0a60,금융안정보고서 2025년 6월,그림,II-2-2,비은행금융기관의 연체율 변화,설명,research/bok-archive/02-금융안정보고서/2025-06-25_금융안정보고서(2025년 6월)/현안2. 비은행금융기관의 유형별 리스크 점검 및 시사점.pdf,4,번호 직결 인용 없음 또는 문장 조각·중복 배정 제외
BOK-20250625-b341bcf6d48e-그림-607e15fb2a61efc3,금융안정보고서 2025년 6월,그림,II-2-3,비은행금융기관의 건설·부동산업 대출,설명,research/bok-archive/02-금융안정보고서/2025-06-25_금융안정보고서(2025년 6월)/금융안정보고서(2025년 6월).pdf,120,번호 직결 인용 없음 또는 문장 조각·중복 배정 제외
BOK-20250625-b341bcf6d48e-그림-5d62b1e53d63b8ca,금융안정보고서 2025년 6월,그림,II-2-3,비은행금융기관의 건설·부동산업 대출,통계기법·지수,research/bok-archive/02-금융안정보고서/2025-06-25_금융안정보고서(2025년 6월)/현안2. 비은행금융기관의 유형별 리스크 점검 및 시사점.pdf,4,출처·단위·데이터 형태 등 미확인
BOK-20250625-b341bcf6d48e-그림-aef54fc1460a4c2e,금융안정보고서 2025년 6월,그림,II-2-4,비은행예금취급기관의 부도리스크 추이,단위; 설명,research/bok-archive/02-금융안정보고서/2025-06-25_금융안정보고서(2025년 6월)/금융안정보고서(2025년 6월).pdf,121,번호 직결 인용 없음 또는 문장 조각·중복 배정 제외
BOK-20250625-b341bcf6d48e-그림-be5c3aa57d36e3a7,금융안정보고서 2025년 6월,그림,II-2-4,비은행예금취급기관의 부도리스크 추이 Ⅱ,단위; 데이터 형태; 분석 목적; 통계기법·지수; 설명,research/bok-archive/02-금융안정보고서/2025-06-25_금융안정보고서(2025년 6월)/현안2. 비은행금융기관의 유형별 리스크 점검 및 시사점.pdf,5,제목·계열·직접 인용의 해석 근거 부족; 번호 직결 인용 없음 또는 문장 조각·중복 배정 제외
BOK-20250625-b341bcf6d48e-그림-ba4f4b2ae1863547,금융안정보고서 2025년 6월,그림,II-2-5,비은행금융기관의 PF성 대출,설명,research/bok-archive/02-금융안정보고서/2025-06-25_금융안정보고서(2025년 6월)/금융안정보고서(2025년 6월).pdf,121,번호 직결 인용 없음 또는 문장 조각·중복 배정 제외
BOK-20250625-b341bcf6d48e-그림-abc13f14e3b45724,금융안정보고서 2025년 6월,그림,II-2-5,비은행금융기관의 PF성 대출1) 비,분석 목적; 통계기법·지수; 설명,research/bok-archive/02-금융안정보고서/2025-06-25_금융안정보고서(2025년 6월)/현안2. 비은행금융기관의 유형별 리스크 점검 및 시사점.pdf,5,제목·계열·직접 인용의 해석 근거 부족; 번호 직결 인용 없음 또는 문장 조각·중복 배정 제외
BOK-20250625-b341bcf6d48e-그림-428be77f45733127,금융안정보고서 2025년 6월,그림,II-2-6,비은행금융기관의 경기민감기업 대출,설명,research/bok-archive/02-금융안정보고서/2025-06-25_금융안정보고서(2025년 6월)/금융안정보고서(2025년 6월).pdf,122,번호 직결 인용 없음 또는 문장 조각·중복 배정 제외
BOK-20250625-b341bcf6d48e-그림-71f9ba26f3000b46,금융안정보고서 2025년 6월,그림,II-2-6,비은행금융기관의 경기민감기업 대출,통계기법·지수; 설명,research/bok-archive/02-금융안정보고서/2025-06-25_금융안정보고서(2025년 6월)/현안2. 비은행금융기관의 유형별 리스크 점검 및 시사점.pdf,6,번호 직결 인용 없음 또는 문장 조각·중복 배정 제외
BOK-20250625-b341bcf6d48e-그림-8f2edfbc4f9b264a,금융안정보고서 2025년 6월,그림,II-2-7,비은행금융기관 취약 가계차주 대출,설명,research/bok-archive/02-금융안정보고서/2025-06-25_금융안정보고서(2025년 6월)/금융안정보고서(2025년 6월).pdf,123,번호 직결 인용 없음 또는 문장 조각·중복 배정 제외
BOK-20250625-b341bcf6d48e-그림-402c96ec15e492ff,금융안정보고서 2025년 6월,그림,II-2-7,비은행금융기관 취약 가계차주 대출,통계기법·지수,research/bok-archive/02-금융안정보고서/2025-06-25_금융안정보고서(2025년 6월)/현안2. 비은행금융기관의 유형별 리스크 점검 및 시사점.pdf,7,출처·단위·데이터 형태 등 미확인
BOK-20250625-b341bcf6d48e-그림-6352b5b774e26419,금융안정보고서 2025년 6월,그림,II-2-8,비은행금융기관의 단기조달,설명,research/bok-archive/02-금융안정보고서/2025-06-25_금융안정보고서(2025년 6월)/금융안정보고서(2025년 6월).pdf,123,번호 직결 인용 없음 또는 문장 조각·중복 배정 제외
BOK-20250625-b341bcf6d48e-그림-fb2b8775e0e42103,금융안정보고서 2025년 6월,그림,II-2-9,여전채 만기도래액 및 신용스프레드 추이,설명,research/bok-archive/02-금융안정보고서/2025-06-25_금융안정보고서(2025년 6월)/금융안정보고서(2025년 6월).pdf,124,번호 직결 인용 없음 또는 문장 조각·중복 배정 제외
BOK-20250625-b341bcf6d48e-그림-04481d3f6ed385bd,금융안정보고서 2025년 6월,그림,II-2-9,여전채 만기도래액 및 신용스프레드 추이,데이터 형태,research/bok-archive/02-금융안정보고서/2025-06-25_금융안정보고서(2025년 6월)/현안2. 비은행금융기관의 유형별 리스크 점검 및 시사점.pdf,8,출처·단위·데이터 형태 등 미확인
BOK-20250625-b341bcf6d48e-그림-ca64edc99639620d,금융안정보고서 2025년 6월,그림,II-2-11,증권회사·보험회사의 유가증권 보유 추이,통계기법·지수,research/bok-archive/02-금융안정보고서/2025-06-25_금융안정보고서(2025년 6월)/금융안정보고서(2025년 6월).pdf,125,출처·단위·데이터 형태 등 미확인
BOK-20250625-b341bcf6d48e-그림-d87a2398fcb2699a,금융안정보고서 2025년 6월,그림,II-2-12,비은행금융기관의 손익 현황1),통계기법·지수; 설명,research/bok-archive/02-금융안정보고서/2025-06-25_금융안정보고서(2025년 6월)/현안2. 비은행금융기관의 유형별 리스크 점검 및 시사점.pdf,10,번호 직결 인용 없음 또는 문장 조각·중복 배정 제외
BOK-20250625-b341bcf6d48e-그림-ff0eb556a52f2e71,금융안정보고서 2025년 6월,그림,II-2-13,국고채금리1)와 자본규제비율,설명,research/bok-archive/02-금융안정보고서/2025-06-25_금융안정보고서(2025년 6월)/현안2. 비은행금융기관의 유형별 리스크 점검 및 시사점.pdf,10,번호 직결 인용 없음 또는 문장 조각·중복 배정 제외
BOK-20250625-b341bcf6d48e-그림-8e374a817ed2e72d,금융안정보고서 2025년 6월,그림,III-1,주택 정책금융의 역할 0 0 20 20 125,사용 데이터·출처; 단위; 데이터 형태; 분석 목적; 통계기법·지수; 설명,research/bok-archive/02-금융안정보고서/2025-06-25_금융안정보고서(2025년 6월)/금융안정보고서(2025년 6월).pdf,133,제목·계열·직접 인용의 해석 근거 부족; 번호 직결 인용 없음 또는 문장 조각·중복 배정 제외
BOK-20250625-b341bcf6d48e-그림-9c6295c1b4e2528a,금융안정보고서 2025년 6월,그림,III-4,용도별 주택 보증 추이,통계기법·지수,research/bok-archive/02-금융안정보고서/2025-06-25_금융안정보고서(2025년 6월)/금융안정보고서(2025년 6월).pdf,134,출처·단위·데이터 형태 등 미확인
BOK-20250625-b341bcf6d48e-그림-289276af5e0ca32e,금융안정보고서 2025년 6월,그림,III-6,공급기관별 정책대출 추이,통계기법·지수; 설명,research/bok-archive/02-금융안정보고서/2025-06-25_금융안정보고서(2025년 6월)/금융안정보고서(2025년 6월).pdf,135,번호 직결 인용 없음 또는 문장 조각·중복 배정 제외
BOK-20250625-b341bcf6d48e-그림-929fc51575aefcf8,금융안정보고서 2025년 6월,그림,III-7,저소득층 가구의 주거 여건 개선 정도,설명,research/bok-archive/02-금융안정보고서/2025-06-25_금융안정보고서(2025년 6월)/금융안정보고서(2025년 6월).pdf,136,번호 직결 인용 없음 또는 문장 조각·중복 배정 제외
BOK-20250625-b341bcf6d48e-그림-e643ab69bb69dc4d,금융안정보고서 2025년 6월,그림,III-9,전세대출 금리 및 전세거래량,설명,research/bok-archive/02-금융안정보고서/2025-06-25_금융안정보고서(2025년 6월)/금융안정보고서(2025년 6월).pdf,137,번호 직결 인용 없음 또는 문장 조각·중복 배정 제외
BOK-20250625-b341bcf6d48e-그림-20ab1d1366859d0c,금융안정보고서 2025년 6월,그림,III-12,주택연금 주요 현황 및 수요 확대 정책,통계기법·지수; 설명,research/bok-archive/02-금융안정보고서/2025-06-25_금융안정보고서(2025년 6월)/금융안정보고서(2025년 6월).pdf,138,번호 직결 인용 없음 또는 문장 조각·중복 배정 제외
BOK-20250625-b341bcf6d48e-그림-74029729d4482762,금융안정보고서 2025년 6월,그림,III-13,주택 정책금융 공급 시 금융안정 및 상한(6) 상한(5) (9) 라,사용 데이터·출처; 단위; 데이터 형태; 분석 목적; 통계기법·지수; 설명,research/bok-archive/02-금융안정보고서/2025-06-25_금융안정보고서(2025년 6월)/금융안정보고서(2025년 6월).pdf,139,제목·계열·직접 인용의 해석 근거 부족; 번호 직결 인용 없음 또는 문장 조각·중복 배정 제외
BOK-20250625-b341bcf6d48e-그림-2239145b04c72391,금융안정보고서 2025년 6월,그림,III-14,"가구별 소득, 주택가격 및 전세보증금 누적",분석 목적; 통계기법·지수,research/bok-archive/02-금융안정보고서/2025-06-25_금융안정보고서(2025년 6월)/금융안정보고서(2025년 6월).pdf,139,제목·계열·직접 인용의 해석 근거 부족
BOK-20250625-b341bcf6d48e-그림-8bc4fe7b209248f4,금융안정보고서 2025년 6월,그림,III-16,정책대출 보유 여부에 따른 차주별 연체율,설명,research/bok-archive/02-금융안정보고서/2025-06-25_금융안정보고서(2025년 6월)/금융안정보고서(2025년 6월).pdf,141,번호 직결 인용 없음 또는 문장 조각·중복 배정 제외
BOK-20250625-b341bcf6d48e-그림-9333bfa84c565595,금융안정보고서 2025년 6월,그림,III-18-2019,~21년중 수도권 아파트 전세가율 추이1) 전국 수도권 SGI서울보증,사용 데이터·출처; 단위; 데이터 형태; 종류; 분석 목적; 통계기법·지수; 설명,불명,불명,허용 종류로 판별 불가 또는 표 구조 미확인; 제목·계열·직접 인용의 해석 근거 부족; 번호 직결 인용 없음 또는 문장 조각·중복 배정 제외
BOK-20250625-b341bcf6d48e-그림-dba2172552234c7a,금융안정보고서 2025년 6월,그림,III-19,주택전세가격과 전세보증금반환 보증,통계기법·지수; 설명,research/bok-archive/02-금융안정보고서/2025-06-25_금융안정보고서(2025년 6월)/금융안정보고서(2025년 6월).pdf,142,번호 직결 인용 없음 또는 문장 조각·중복 배정 제외
BOK-20250625-b341bcf6d48e-그림-64d87de3d47a03c8,금융안정보고서 2025년 6월,그림,III-20,주택금융공사 관련 주요 재무 지표,설명,research/bok-archive/02-금융안정보고서/2025-06-25_금융안정보고서(2025년 6월)/금융안정보고서(2025년 6월).pdf,143,번호 직결 인용 없음 또는 문장 조각·중복 배정 제외
BOK-20250625-b341bcf6d48e-그림-8a308ae4d4d1ea53,금융안정보고서 2025년 6월,그림,III-21,주택도시보증공사 관련 주요 건전성 지표,설명,research/bok-archive/02-금융안정보고서/2025-06-25_금융안정보고서(2025년 6월)/금융안정보고서(2025년 6월).pdf,143,번호 직결 인용 없음 또는 문장 조각·중복 배정 제외
BOK-20250625-b341bcf6d48e-그림-f0b40ecfb875be0d,금융안정보고서 2025년 6월,그림,III-22,정책대출 상품별 금리,통계기법·지수,research/bok-archive/02-금융안정보고서/2025-06-25_금융안정보고서(2025년 6월)/금융안정보고서(2025년 6월).pdf,144,출처·단위·데이터 형태 등 미확인
BOK-20250625-b341bcf6d48e-그림-32c824815aba9dfd,금융안정보고서 2025년 6월,그림,III-24,은행의 주택담보대출 확대 유인,설명,research/bok-archive/02-금융안정보고서/2025-06-25_금융안정보고서(2025년 6월)/금융안정보고서(2025년 6월).pdf,145,번호 직결 인용 없음 또는 문장 조각·중복 배정 제외
BOK-20250625-b341bcf6d48e-그림-bc7cbcf73a83c456,금융안정보고서 2025년 6월,그림,III-25,만기 10년 이상 MBS 발행규모 및 비중,설명,research/bok-archive/02-금융안정보고서/2025-06-25_금융안정보고서(2025년 6월)/금융안정보고서(2025년 6월).pdf,145,번호 직결 인용 없음 또는 문장 조각·중복 배정 제외
BOK-20250625-b341bcf6d48e-그림-f4ceaf496ec986bb,금융안정보고서 2025년 6월,그림,III-26,주택 정책금융 개선 방향 대 여부를 검토하는 방안을 고려할 수 있다. 차,사용 데이터·출처; 단위; 데이터 형태; 분석 목적; 통계기법·지수,research/bok-archive/02-금융안정보고서/2025-06-25_금융안정보고서(2025년 6월)/금융안정보고서(2025년 6월).pdf,146,제목·계열·직접 인용의 해석 근거 부족
BOK-20250625-b341bcf6d48e-그림-ded297c7de0fb976,금융안정보고서 2025년 6월,그림,III-27,사업자보증 증가율 및 비중,설명,research/bok-archive/02-금융안정보고서/2025-06-25_금융안정보고서(2025년 6월)/금융안정보고서(2025년 6월).pdf,149,번호 직결 인용 없음 또는 문장 조각·중복 배정 제외
BOK-20250625-b341bcf6d48e-그림-f0f65d1d07d7c052,금융안정보고서 2025년 6월,그림,III-28,주택 정책대출 유형별 공급 요건1)2)3),통계기법·지수; 설명,research/bok-archive/02-금융안정보고서/2025-06-25_금융안정보고서(2025년 6월)/금융안정보고서(2025년 6월).pdf,151,번호 직결 인용 없음 또는 문장 조각·중복 배정 제외
BOK-20250625-b341bcf6d48e-그림-5573d13db50a0350,금융안정보고서 2025년 6월,그림,III-29,주택 정책대출 상품별 금리,데이터 형태; 통계기법·지수,research/bok-archive/02-금융안정보고서/2025-06-25_금융안정보고서(2025년 6월)/금융안정보고서(2025년 6월).pdf,151,출처·단위·데이터 형태 등 미확인
BOK-20250625-b341bcf6d48e-그림-0c1bc34ab7f049c3,금융안정보고서 2025년 6월,그림,불명,①기 글로벌 펀드자금 유출입,번호; 통계기법·지수; 설명,불명,불명,번호 미확인; 캡션 또는 비결과물 오탐 여부 검수; 번호 직결 인용 없음 또는 문장 조각·중복 배정 제외
BOK-20250625-b341bcf6d48e-그림-b5b816aa39d167e2,금융안정보고서 2025년 6월,그림,불명,경기침체 전후 미국 경제성장률 및 주가 추이,번호; 설명,불명,불명,번호 미확인; 캡션 또는 비결과물 오탐 여부 검수; 번호 직결 인용 없음 또는 문장 조각·중복 배정 제외
BOK-20250625-b341bcf6d48e-그림-98c25b1cfb489c0d,금융안정보고서 2025년 6월,그림,불명,국고채금리와 K-ICS 비율,번호; 설명,불명,불명,번호 미확인; 캡션 또는 비결과물 오탐 여부 검수; 번호 직결 인용 없음 또는 문장 조각·중복 배정 제외
BOK-20250625-b341bcf6d48e-그림-a1e7afa392308935,금융안정보고서 2025년 6월,그림,불명,국내 개인 해외주식 순투자 및 비상업적 순포지션,번호; 설명,불명,불명,번호 미확인; 캡션 또는 비결과물 오탐 여부 검수; 번호 직결 인용 없음 또는 문장 조각·중복 배정 제외
BOK-20250625-b341bcf6d48e-그림-bfd99f6e03db7a41,금융안정보고서 2025년 6월,그림,불명,국내 금융기관의 자본성증권 발행 잔액,번호; 설명,불명,불명,번호 미확인; 캡션 또는 비결과물 오탐 여부 검수; 번호 직결 인용 없음 또는 문장 조각·중복 배정 제외
BOK-20250625-b341bcf6d48e-그림-b525ceffc99e7b07,금융안정보고서 2025년 6월,그림,불명,글로벌 스테이블코인 시장 동향,번호; 통계기법·지수; 설명,불명,불명,번호 미확인; 캡션 또는 비결과물 오탐 여부 검수; 번호 직결 인용 없음 또는 문장 조각·중복 배정 제외
BOK-20250625-b341bcf6d48e-그림-486193fbf238db95,금융안정보고서 2025년 6월,그림,불명,금리인하기별 대출금 증감률,번호; 통계기법·지수; 설명,불명,불명,번호 미확인; 캡션 또는 비결과물 오탐 여부 검수; 번호 직결 인용 없음 또는 문장 조각·중복 배정 제외
BOK-20250625-b341bcf6d48e-그림-2107fa7003d16a9d,금융안정보고서 2025년 6월,그림,불명,금리인하기별 비은행예금취급기관의 대출 연체율 변화,번호; 설명,불명,불명,번호 미확인; 캡션 또는 비결과물 오탐 여부 검수; 번호 직결 인용 없음 또는 문장 조각·중복 배정 제외
BOK-20250625-b341bcf6d48e-그림-8d25a0f76962cf0c,금융안정보고서 2025년 6월,그림,불명,금리인하기별 연체액 및 대출금의 연체율 기여도,번호; 설명,불명,불명,번호 미확인; 캡션 또는 비결과물 오탐 여부 검수; 번호 직결 인용 없음 또는 문장 조각·중복 배정 제외
BOK-20250625-b341bcf6d48e-그림-a2ec2d4393856c1f,금융안정보고서 2025년 6월,그림,불명,금리인하기별 연체액 증감,번호; 통계기법·지수; 설명,불명,불명,번호 미확인; 캡션 또는 비결과물 오탐 여부 검수; 번호 직결 인용 없음 또는 문장 조각·중복 배정 제외
BOK-20250625-b341bcf6d48e-그림-a7fb616192d66069,금융안정보고서 2025년 6월,그림,불명,금리인하기별 채무상환부담 및 신규 연체,번호; 설명,불명,불명,번호 미확인; 캡션 또는 비결과물 오탐 여부 검수; 번호 직결 인용 없음 또는 문장 조각·중복 배정 제외
BOK-20250625-b341bcf6d48e-그림-0e6a5e6de0b2c436,금융안정보고서 2025년 6월,그림,불명,금융불안지수(FSI) 및 금융취약성지수(FVI),번호; 설명,불명,불명,번호 미확인; 캡션 또는 비결과물 오탐 여부 검수; 번호 직결 인용 없음 또는 문장 조각·중복 배정 제외
BOK-20250625-b341bcf6d48e-그림-1e00f7f2bb826f89,금융안정보고서 2025년 6월,그림,불명,"금융업권별 고정이하여신비율, 자본적정성 비율",번호; 설명,불명,불명,번호 미확인; 캡션 또는 비결과물 오탐 여부 검수; 번호 직결 인용 없음 또는 문장 조각·중복 배정 제외
BOK-20250625-b341bcf6d48e-그림-c589d0d295dabacb,금융안정보고서 2025년 6월,그림,불명,기준금리와 비은행예금취급기관 연체율,번호; 설명,불명,불명,번호 미확인; 캡션 또는 비결과물 오탐 여부 검수; 번호 직결 인용 없음 또는 문장 조각·중복 배정 제외
BOK-20250625-b341bcf6d48e-그림-be3bb8528e771aad,금융안정보고서 2025년 6월,그림,불명,대내외 불확실성이 금융안정에 미치는 영향,번호; 설명,불명,불명,번호 미확인; 캡션 또는 비결과물 오탐 여부 검수; 번호 직결 인용 없음 또는 문장 조각·중복 배정 제외
BOK-20250625-b341bcf6d48e-그림-ffbee3f53f0c6cea,금융안정보고서 2025년 6월,그림,불명,대출태도·대출수요 및 대출 증가율 추이,번호; 설명,불명,불명,번호 미확인; 캡션 또는 비결과물 오탐 여부 검수; 번호 직결 인용 없음 또는 문장 조각·중복 배정 제외
BOK-20250625-b341bcf6d48e-그림-7eb9bcb11d0c2fbf,금융안정보고서 2025년 6월,그림,불명,"민간신용 레버리지, 가계 및 기업 대출 연체율",번호; 설명,불명,불명,번호 미확인; 캡션 또는 비결과물 오탐 여부 검수; 번호 직결 인용 없음 또는 문장 조각·중복 배정 제외
BOK-20250625-b341bcf6d48e-그림-34d36a11767c69b6,금융안정보고서 2025년 6월,그림,불명,보험회사의 채권 현·선물 매수 추이,번호; 통계기법·지수; 설명,불명,불명,번호 미확인; 캡션 또는 비결과물 오탐 여부 검수; 번호 직결 인용 없음 또는 문장 조각·중복 배정 제외
BOK-20250625-b341bcf6d48e-그림-b8224ca8a5f79934,금융안정보고서 2025년 6월,그림,불명,부문별 대출행태지수와 대출 증가율,번호; 설명,불명,불명,번호 미확인; 캡션 또는 비결과물 오탐 여부 검수; 번호 직결 인용 없음 또는 문장 조각·중복 배정 제외
BOK-20250625-b341bcf6d48e-그림-63787dad7373faab,금융안정보고서 2025년 6월,그림,불명,상호금융의 금리인하기별 연체액 변화,번호; 통계기법·지수; 설명,불명,불명,번호 미확인; 캡션 또는 비결과물 오탐 여부 검수; 번호 직결 인용 없음 또는 문장 조각·중복 배정 제외
BOK-20250625-b341bcf6d48e-그림-e9e3d35ccb39f08b,금융안정보고서 2025년 6월,그림,불명,서울 주택시장의 금융불균형 리스크,번호; 단위; 설명,불명,불명,번호 미확인; 캡션 또는 비결과물 오탐 여부 검수; 번호 직결 인용 없음 또는 문장 조각·중복 배정 제외
BOK-20250625-b341bcf6d48e-그림-8ab38d6aca20f10d,금융안정보고서 2025년 6월,그림,불명,서울지역 주간아파트가격 상승 사례,번호; 통계기법·지수; 설명,불명,불명,번호 미확인; 캡션 또는 비결과물 오탐 여부 검수; 번호 직결 인용 없음 또는 문장 조각·중복 배정 제외
BOK-20250625-b341bcf6d48e-그림-53ac6496682e9d27,금융안정보고서 2025년 6월,그림,불명,스테이블코인 준비자산 구성 추이,번호; 통계기법·지수; 설명,불명,불명,번호 미확인; 캡션 또는 비결과물 오탐 여부 검수; 번호 직결 인용 없음 또는 문장 조각·중복 배정 제외
BOK-20250625-b341bcf6d48e-그림-5ce8de806718ab1b,금융안정보고서 2025년 6월,그림,불명,시장 변동성 확대 및 주요 경기 심리지수,번호; 설명,불명,불명,번호 미확인; 캡션 또는 비결과물 오탐 여부 검수; 번호 직결 인용 없음 또는 문장 조각·중복 배정 제외
BOK-20250625-b341bcf6d48e-그림-2c95ac4afda4adcb,금융안정보고서 2025년 6월,그림,불명,"일반은행 CDS 프리미엄, 대외건전성 지표",번호; 설명,불명,불명,번호 미확인; 캡션 또는 비결과물 오탐 여부 검수; 번호 직결 인용 없음 또는 문장 조각·중복 배정 제외
BOK-20250625-b341bcf6d48e-그림-671446537e23e09d,금융안정보고서 2025년 6월,그림,불명,자영업 가구의 소득 측면 채무상환능력 추이,번호; 통계기법·지수; 설명,불명,불명,번호 미확인; 캡션 또는 비결과물 오탐 여부 검수; 번호 직결 인용 없음 또는 문장 조각·중복 배정 제외
BOK-20250625-b341bcf6d48e-그림-904ee23926e736ce,금융안정보고서 2025년 6월,그림,불명,자영업 가구의 자산 측면 채무상환능력 추이,번호; 통계기법·지수; 설명,불명,불명,번호 미확인; 캡션 또는 비결과물 오탐 여부 검수; 번호 직결 인용 없음 또는 문장 조각·중복 배정 제외
BOK-20250625-b341bcf6d48e-그림-8391f4b0fa3d754d,금융안정보고서 2025년 6월,그림,불명,자영업자 대출 연체 현황,번호; 설명,불명,불명,번호 미확인; 캡션 또는 비결과물 오탐 여부 검수; 번호 직결 인용 없음 또는 문장 조각·중복 배정 제외
BOK-20250625-b341bcf6d48e-그림-6129ef7a22c4057a,금융안정보고서 2025년 6월,그림,불명,자영업자 대출 추이,번호; 설명,불명,불명,번호 미확인; 캡션 또는 비결과물 오탐 여부 검수; 번호 직결 인용 없음 또는 문장 조각·중복 배정 제외
BOK-20250625-b341bcf6d48e-그림-cd026c2f9d93238a,금융안정보고서 2025년 6월,그림,불명,저축은행의 금리인하기별 연체액 변화,번호; 통계기법·지수; 설명,불명,불명,번호 미확인; 캡션 또는 비결과물 오탐 여부 검수; 번호 직결 인용 없음 또는 문장 조각·중복 배정 제외
BOK-20250625-b341bcf6d48e-그림-f437dc26cfd64f31,금융안정보고서 2025년 6월,그림,불명,"주가 변동성 · 신용 스프레드, 주택매매가격 상승률",번호; 설명,불명,불명,번호 미확인; 캡션 또는 비결과물 오탐 여부 검수; 번호 직결 인용 없음 또는 문장 조각·중복 배정 제외
BOK-20250625-b341bcf6d48e-그림-a5309f5960646adf,금융안정보고서 2025년 6월,그림,불명,주요 금융채권 기간중 발행금리 비교,번호; 통계기법·지수; 설명,불명,불명,번호 미확인; 캡션 또는 비결과물 오탐 여부 검수; 번호 직결 인용 없음 또는 문장 조각·중복 배정 제외
BOK-20250625-b341bcf6d48e-그림-eb9d7b2c9b765258,금융안정보고서 2025년 6월,그림,불명,지역별 주택수급 및 미분양 현황,번호; 통계기법·지수; 설명,불명,불명,번호 미확인; 캡션 또는 비결과물 오탐 여부 검수; 번호 직결 인용 없음 또는 문장 조각·중복 배정 제외
BOK-20250625-b341bcf6d48e-그림-7bff442d8bc6b1fc,금융안정보고서 2025년 6월,그림,불명,지역별 주택시장 현황,번호; 통계기법·지수; 설명,불명,불명,번호 미확인; 캡션 또는 비결과물 오탐 여부 검수; 번호 직결 인용 없음 또는 문장 조각·중복 배정 제외
BOK-20250625-b341bcf6d48e-그림-5112e52ac7630913,금융안정보고서 2025년 6월,그림,불명,최근 보험회사 K-ICS비율 하락폭,번호; 설명,불명,불명,번호 미확인; 캡션 또는 비결과물 오탐 여부 검수; 번호 직결 인용 없음 또는 문장 조각·중복 배정 제외
BOK-20250625-b341bcf6d48e-그림-80a1ad2715b7bbe4,금융안정보고서 2025년 6월,그림,불명,최근 보험회사의 자본성증권 발행,번호; 통계기법·지수; 설명,불명,불명,번호 미확인; 캡션 또는 비결과물 오탐 여부 검수; 번호 직결 인용 없음 또는 문장 조각·중복 배정 제외
BOK-20250625-b341bcf6d48e-그림-a644d7f519ff16c5,금융안정보고서 2025년 6월,그림,불명,침체 전후 시기별 거주자의 해외 주식/채권 투자,번호; 통계기법·지수; 설명,불명,불명,번호 미확인; 캡션 또는 비결과물 오탐 여부 검수; 번호 직결 인용 없음 또는 문장 조각·중복 배정 제외
BOK-20250625-b341bcf6d48e-그림-46ab8ce43753dcaa,금융안정보고서 2025년 6월,그림,불명,투자주체별 해외증권 투자 및 환율,번호; 통계기법·지수; 설명,불명,불명,번호 미확인; 캡션 또는 비결과물 오탐 여부 검수; 번호 직결 인용 없음 또는 문장 조각·중복 배정 제외
BOK-20250625-b341bcf6d48e-그림-baa0891015171198,금융안정보고서 2025년 6월,그림,불명,향후 보험회사의 자본성증권 만기도래규모,번호; 통계기법·지수; 설명,불명,불명,번호 미확인; 캡션 또는 비결과물 오탐 여부 검수; 번호 직결 인용 없음 또는 문장 조각·중복 배정 제외
BOK-20250625-b341bcf6d48e-표-971479d8f61a8bca,금융안정보고서 2025년 6월,표,I-1-1,취약차주 비중1) 및 차주 특성별 가계대출,종류; 분석 목적; 설명,research/bok-archive/02-금융안정보고서/2025-06-25_금융안정보고서(2025년 6월)/금융안정보고서(2025년 6월).pdf,22,허용 종류로 판별 불가 또는 표 구조 미확인; 제목·계열·직접 인용의 해석 근거 부족; 번호 직결 인용 없음 또는 문장 조각·중복 배정 제외
BOK-20250625-b341bcf6d48e-표-361ab353b024c684,금융안정보고서 2025년 6월,표,I-3-1,일반은행 단순기본자본비율1)2) (%) (%) (%) (%),데이터 형태; 종류,research/bok-archive/02-금융안정보고서/2025-06-25_금융안정보고서(2025년 6월)/금융안정보고서(2025년 6월).pdf,54,허용 종류로 판별 불가 또는 표 구조 미확인
BOK-20250625-b341bcf6d48e-표-d78f3713eca76c16,금융안정보고서 2025년 6월,표,I-3-2,일반은행 NSFR1)2)3) 융,데이터 형태; 종류; 분석 목적; 통계기법·지수; 설명,research/bok-archive/02-금융안정보고서/2025-06-25_금융안정보고서(2025년 6월)/금융안정보고서(2025년 6월).pdf,55,허용 종류로 판별 불가 또는 표 구조 미확인; 제목·계열·직접 인용의 해석 근거 부족; 번호 직결 인용 없음 또는 문장 조각·중복 배정 제외
BOK-20250625-b341bcf6d48e-표-e0f27c6e80916783,금융안정보고서 2025년 6월,표,I-5-1,스트레스 DSR 단계적 시행방안,단위; 데이터 형태; 종류; 설명,research/bok-archive/02-금융안정보고서/2025-06-25_금융안정보고서(2025년 6월)/금융안정보고서(2025년 6월).pdf,92,허용 종류로 판별 불가 또는 표 구조 미확인; 번호 직결 인용 없음 또는 문장 조각·중복 배정 제외
BOK-20250625-b341bcf6d48e-표-29b1a9fff7b9b68d,금융안정보고서 2025년 6월,표,I-5-2,주요국의 스트레스 DSR 도입 관련 사례,단위; 데이터 형태; 설명,research/bok-archive/02-금융안정보고서/2025-06-25_금융안정보고서(2025년 6월)/금융안정보고서(2025년 6월).pdf,92,번호 직결 인용 없음 또는 문장 조각·중복 배정 제외
BOK-20250625-b341bcf6d48e-표-cf3b593bd8dca9b5,금융안정보고서 2025년 6월,표,I-5-3,금융규제 유연화 조치 현황,단위; 데이터 형태; 종류; 통계기법·지수,research/bok-archive/02-금융안정보고서/2025-06-25_금융안정보고서(2025년 6월)/금융안정보고서(2025년 6월).pdf,93,허용 종류로 판별 불가 또는 표 구조 미확인
BOK-20250625-b341bcf6d48e-표-2b4424b5a5c0628a,금융안정보고서 2025년 6월,표,I-5-4,은행에 대한 주요 자본기반 거시건전성정책,데이터 형태; 종류; 통계기법·지수,research/bok-archive/02-금융안정보고서/2025-06-25_금융안정보고서(2025년 6월)/금융안정보고서(2025년 6월).pdf,94,허용 종류로 판별 불가 또는 표 구조 미확인
BOK-20250625-b341bcf6d48e-표-222ef4eaa2b07fbc,금융안정보고서 2025년 6월,표,I-5-5,국내 예금보호한도 조정 내역,단위; 종류; 통계기법·지수; 설명,research/bok-archive/02-금융안정보고서/2025-06-25_금융안정보고서(2025년 6월)/금융안정보고서(2025년 6월).pdf,94,허용 종류로 판별 불가 또는 표 구조 미확인; 번호 직결 인용 없음 또는 문장 조각·중복 배정 제외
BOK-20250625-b341bcf6d48e-표-e5df2435451f0ef3,금융안정보고서 2025년 6월,표,I-5-6,주요국 예금보호비율1)2) 비교 지닌 신탁사들이 이들 시공사를 대신해 책준의,단위; 데이터 형태; 종류; 분석 목적,research/bok-archive/02-금융안정보고서/2025-06-25_금융안정보고서(2025년 6월)/금융안정보고서(2025년 6월).pdf,95,허용 종류로 판별 불가 또는 표 구조 미확인; 제목·계열·직접 인용의 해석 근거 부족
BOK-20250625-b341bcf6d48e-표-190dbd11acb43ca7,금융안정보고서 2025년 6월,표,I-5-7,토지신탁 신용위험액 산정기준 개선안,단위; 데이터 형태; 종류; 통계기법·지수,research/bok-archive/02-금융안정보고서/2025-06-25_금융안정보고서(2025년 6월)/금융안정보고서(2025년 6월).pdf,96,허용 종류로 판별 불가 또는 표 구조 미확인
BOK-20250625-b341bcf6d48e-표-fac5f1c0b4f8820c,금융안정보고서 2025년 6월,표,II-1-1,"환율이 기업 영업이익에 미치는 영향1)2)3) 중간재 수출 비중이 높은 자동차, 기계장비 등",단위; 데이터 형태; 종류; 분석 목적; 설명,research/bok-archive/02-금융안정보고서/2025-06-25_금융안정보고서(2025년 6월)/금융안정보고서(2025년 6월).pdf,110,허용 종류로 판별 불가 또는 표 구조 미확인; 제목·계열·직접 인용의 해석 근거 부족; 번호 직결 인용 없음 또는 문장 조각·중복 배정 제외
BOK-20250625-b341bcf6d48e-표-344fe11bace79430,금융안정보고서 2025년 6월,표,II-1-1,"환율이 기업 영업이익에 미치는 영향1)2)3) 중간재 수출 비중이 높은 자동차, 기계장비 등",단위; 데이터 형태; 종류; 분석 목적,research/bok-archive/02-금융안정보고서/2025-06-25_금융안정보고서(2025년 6월)/현안1. 대내외 불확실성 요인이 기업 신용리스크에 미치는 영향.pdf,8,허용 종류로 판별 불가 또는 표 구조 미확인; 제목·계열·직접 인용의 해석 근거 부족
BOK-20250625-b341bcf6d48e-표-b2ad0c54e120599b,금융안정보고서 2025년 6월,표,II-1-2,업종별 여건 변화 정리,사용 데이터·출처; 단위; 데이터 형태; 통계기법·지수; 설명,research/bok-archive/02-금융안정보고서/2025-06-25_금융안정보고서(2025년 6월)/금융안정보고서(2025년 6월).pdf,110,번호 직결 인용 없음 또는 문장 조각·중복 배정 제외
BOK-20250625-b341bcf6d48e-표-13c44a9886d99ee3,금융안정보고서 2025년 6월,표,II-1-2,업종별 여건 변화 정리,사용 데이터·출처; 단위; 데이터 형태; 통계기법·지수; 설명,research/bok-archive/02-금융안정보고서/2025-06-25_금융안정보고서(2025년 6월)/현안1. 대내외 불확실성 요인이 기업 신용리스크에 미치는 영향.pdf,8,번호 직결 인용 없음 또는 문장 조각·중복 배정 제외
BOK-20250625-b341bcf6d48e-표-efb2b6d03175df44,금융안정보고서 2025년 6월,표,II-2-1,비은행금융기관의 유가증권 규모1) 에서 2024년말 65.3%로 확대되었다(,분석 목적; 통계기법·지수; 설명,research/bok-archive/02-금융안정보고서/2025-06-25_금융안정보고서(2025년 6월)/금융안정보고서(2025년 6월).pdf,125,제목·계열·직접 인용의 해석 근거 부족; 번호 직결 인용 없음 또는 문장 조각·중복 배정 제외
BOK-20250625-b341bcf6d48e-표-b87ed553d6fc3353,금융안정보고서 2025년 6월,표,II-2-1,비은행금융기관의 유가증권 규모1) 에서 2024년말 65.3%로 확대되었다(,분석 목적; 통계기법·지수,research/bok-archive/02-금융안정보고서/2025-06-25_금융안정보고서(2025년 6월)/현안2. 비은행금융기관의 유형별 리스크 점검 및 시사점.pdf,9,제목·계열·직접 인용의 해석 근거 부족
BOK-20250625-b341bcf6d48e-표-950a9e3d4033c289,금융안정보고서 2025년 6월,표,II-2-2,증권회사와 보험회사의 대체투자 현황1)2) 검,분석 목적; 통계기법·지수; 설명,research/bok-archive/02-금융안정보고서/2025-06-25_금융안정보고서(2025년 6월)/금융안정보고서(2025년 6월).pdf,127,제목·계열·직접 인용의 해석 근거 부족; 번호 직결 인용 없음 또는 문장 조각·중복 배정 제외
BOK-20250625-b341bcf6d48e-표-413f225fbd5c08e7,금융안정보고서 2025년 6월,표,II-2-2,증권회사와 보험회사의 대체투자 현황1)2) 검,분석 목적; 통계기법·지수; 설명,research/bok-archive/02-금융안정보고서/2025-06-25_금융안정보고서(2025년 6월)/현안2. 비은행금융기관의 유형별 리스크 점검 및 시사점.pdf,11,제목·계열·직접 인용의 해석 근거 부족; 번호 직결 인용 없음 또는 문장 조각·중복 배정 제외
BOK-20250625-b341bcf6d48e-표-c67bc066d7e967fb,금융안정보고서 2025년 6월,표,II-2-3,"비은행금융기관의 유형별·업권별 리스크 평가1) 한 것으로 판단된다. 특히, 부동산PF의 경우 정",사용 데이터·출처; 단위; 데이터 형태; 종류; 분석 목적; 통계기법·지수; 설명,research/bok-archive/02-금융안정보고서/2025-06-25_금융안정보고서(2025년 6월)/금융안정보고서(2025년 6월).pdf,128,허용 종류로 판별 불가 또는 표 구조 미확인; 제목·계열·직접 인용의 해석 근거 부족; 번호 직결 인용 없음 또는 문장 조각·중복 배정 제외
BOK-20250625-b341bcf6d48e-표-4466dbbf8809e9a9,금융안정보고서 2025년 6월,표,II-2-3,"비은행금융기관의 유형별·업권별 리스크 평가1) 한 것으로 판단된다. 특히, 부동산PF의 경우 정",사용 데이터·출처; 단위; 데이터 형태; 종류; 분석 목적; 통계기법·지수; 설명,research/bok-archive/02-금융안정보고서/2025-06-25_금융안정보고서(2025년 6월)/현안2. 비은행금융기관의 유형별 리스크 점검 및 시사점.pdf,12,허용 종류로 판별 불가 또는 표 구조 미확인; 제목·계열·직접 인용의 해석 근거 부족; 번호 직결 인용 없음 또는 문장 조각·중복 배정 제외
BOK-20250625-b341bcf6d48e-표-7a071bbb2998f838,금융안정보고서 2025년 6월,표,III-1,가계부채 관리 기조와의 조화,사용 데이터·출처; 단위; 데이터 형태; 종류; 통계기법·지수,research/bok-archive/02-금융안정보고서/2025-06-25_금융안정보고서(2025년 6월)/금융안정보고서(2025년 6월).pdf,147,허용 종류로 판별 불가 또는 표 구조 미확인
BOK-20250625-b341bcf6d48e-표-8720212ea3125437,금융안정보고서 2025년 6월,표,III-2,취약부문에 대한 지원효과 제고,사용 데이터·출처; 단위; 데이터 형태; 종류; 통계기법·지수; 설명,research/bok-archive/02-금융안정보고서/2025-06-25_금융안정보고서(2025년 6월)/금융안정보고서(2025년 6월).pdf,148,허용 종류로 판별 불가 또는 표 구조 미확인; 번호 직결 인용 없음 또는 문장 조각·중복 배정 제외
BOK-20260624-91d0ea2e38e8-그림-38d697aaa282ccb5,금융안정보고서 2026년 6월,그림,I-1-1,가계 및 기업 신용 상황 변화 지도1) (1) 가계신용,데이터 형태; 종류; 분석 목적; 통계기법·지수; 설명,research/bok-archive/02-금융안정보고서/2026-06-24_금융안정보고서(2026년 6월)/금융안정보고서(2026년 6월).pdf,19,허용 종류로 판별 불가 또는 표 구조 미확인; 제목·계열·직접 인용의 해석 근거 부족; 번호 직결 인용 없음 또는 문장 조각·중복 배정 제외
BOK-20260624-91d0ea2e38e8-그림-1ec6e3778e36a5ec,금융안정보고서 2026년 6월,그림,I-1-2,가계신용,설명,research/bok-archive/02-금융안정보고서/2026-06-24_금융안정보고서(2026년 6월)/금융안정보고서(2026년 6월).pdf,20,번호 직결 인용 없음 또는 문장 조각·중복 배정 제외
BOK-20260624-91d0ea2e38e8-그림-6cc597df602f17a8,금융안정보고서 2026년 6월,그림,I-1-3,대출유형별 가계대출 변동,통계기법·지수,research/bok-archive/02-금융안정보고서/2026-06-24_금융안정보고서(2026년 6월)/금융안정보고서(2026년 6월).pdf,20,출처·단위·데이터 형태 등 미확인
BOK-20260624-91d0ea2e38e8-그림-ba1654e697408211,금융안정보고서 2026년 6월,그림,I-1-4,금융업권별 가계대출 변동,통계기법·지수,research/bok-archive/02-금융안정보고서/2026-06-24_금융안정보고서(2026년 6월)/금융안정보고서(2026년 6월).pdf,20,출처·단위·데이터 형태 등 미확인
BOK-20260624-91d0ea2e38e8-그림-d9d5a4f43157d149,금융안정보고서 2026년 6월,그림,I-1-7,금융기관 기업대출,통계기법·지수; 설명,research/bok-archive/02-금융안정보고서/2026-06-24_금융안정보고서(2026년 6월)/금융안정보고서(2026년 6월).pdf,23,번호 직결 인용 없음 또는 문장 조각·중복 배정 제외
BOK-20260624-91d0ea2e38e8-그림-5ab76dbe065235c3,금융안정보고서 2026년 6월,그림,I-1-8,기업규모별 기업대출,설명,research/bok-archive/02-금융안정보고서/2026-06-24_금융안정보고서(2026년 6월)/금융안정보고서(2026년 6월).pdf,24,번호 직결 인용 없음 또는 문장 조각·중복 배정 제외
BOK-20260624-91d0ea2e38e8-그림-63ea03429c3008a2,금융안정보고서 2026년 6월,그림,I-1-11,기업의 직접금융시장 조달 동향,설명,research/bok-archive/02-금융안정보고서/2026-06-24_금융안정보고서(2026년 6월)/금융안정보고서(2026년 6월).pdf,25,번호 직결 인용 없음 또는 문장 조각·중복 배정 제외
BOK-20260624-91d0ea2e38e8-그림-c24e82a90a6b9cc8,금융안정보고서 2026년 6월,그림,I-1-12,기업규모별 부채비율,설명,research/bok-archive/02-금융안정보고서/2026-06-24_금융안정보고서(2026년 6월)/금융안정보고서(2026년 6월).pdf,25,번호 직결 인용 없음 또는 문장 조각·중복 배정 제외
BOK-20260624-91d0ea2e38e8-그림-44c7bb03fa943738,금융안정보고서 2026년 6월,그림,I-1-13,기업규모별 매출액증가율 및 매출액영업이익률,설명,research/bok-archive/02-금융안정보고서/2026-06-24_금융안정보고서(2026년 6월)/금융안정보고서(2026년 6월).pdf,26,번호 직결 인용 없음 또는 문장 조각·중복 배정 제외
BOK-20260624-91d0ea2e38e8-그림-e1bed9ff3b02a10c,금융안정보고서 2026년 6월,그림,I-1-14,기업규모별 이자보상배율,설명,research/bok-archive/02-금융안정보고서/2026-06-24_금융안정보고서(2026년 6월)/금융안정보고서(2026년 6월).pdf,26,번호 직결 인용 없음 또는 문장 조각·중복 배정 제외
BOK-20260624-91d0ea2e38e8-그림-378ff1caae5f8117,금융안정보고서 2026년 6월,그림,I-1-15,부문별 민간신용 레버리지 및 증가율,설명,research/bok-archive/02-금융안정보고서/2026-06-24_금융안정보고서(2026년 6월)/금융안정보고서(2026년 6월).pdf,27,번호 직결 인용 없음 또는 문장 조각·중복 배정 제외
BOK-20260624-91d0ea2e38e8-그림-261d571944341dd7,금융안정보고서 2026년 6월,그림,I-1-16,글로벌 민간신용 레버리지 추이와 비교,설명,research/bok-archive/02-금융안정보고서/2026-06-24_금융안정보고서(2026년 6월)/금융안정보고서(2026년 6월).pdf,27,번호 직결 인용 없음 또는 문장 조각·중복 배정 제외
BOK-20260624-91d0ea2e38e8-그림-78b83ce8a765bfdb,금융안정보고서 2026년 6월,그림,I-2-1,금융 및 자산 시장 상황 변화 지도1),단위; 데이터 형태; 종류; 통계기법·지수; 설명,research/bok-archive/02-금융안정보고서/2026-06-24_금융안정보고서(2026년 6월)/금융안정보고서(2026년 6월).pdf,36,허용 종류로 판별 불가 또는 표 구조 미확인; 번호 직결 인용 없음 또는 문장 조각·중복 배정 제외
BOK-20260624-91d0ea2e38e8-그림-a0a0efca099f792e,금융안정보고서 2026년 6월,그림,I-2-2,국고채금리 추이,설명,research/bok-archive/02-금융안정보고서/2026-06-24_금융안정보고서(2026년 6월)/금융안정보고서(2026년 6월).pdf,37,번호 직결 인용 없음 또는 문장 조각·중복 배정 제외
BOK-20260624-91d0ea2e38e8-그림-4a8f3d94d476e3ee,금융안정보고서 2026년 6월,그림,I-2-3,회사채 신용스프레드 및 신용등급간 스프레드,설명,research/bok-archive/02-금융안정보고서/2026-06-24_금융안정보고서(2026년 6월)/금융안정보고서(2026년 6월).pdf,37,번호 직결 인용 없음 또는 문장 조각·중복 배정 제외
BOK-20260624-91d0ea2e38e8-그림-17ac4b5ae80cbc35,금융안정보고서 2026년 6월,그림,I-2-5,주가 변동성,단위,research/bok-archive/02-금융안정보고서/2026-06-24_금융안정보고서(2026년 6월)/금융안정보고서(2026년 6월).pdf,38,출처·단위·데이터 형태 등 미확인
BOK-20260624-91d0ea2e38e8-그림-cd186d5e4aa40796,금융안정보고서 2026년 6월,그림,I-2-6,PER 및 PBR,설명,research/bok-archive/02-금융안정보고서/2026-06-24_금융안정보고서(2026년 6월)/금융안정보고서(2026년 6월).pdf,39,번호 직결 인용 없음 또는 문장 조각·중복 배정 제외
BOK-20260624-91d0ea2e38e8-그림-0bd9fc2ee8d708e6,금융안정보고서 2026년 6월,그림,I-2-8,주식 리스크 프리미엄,설명,research/bok-archive/02-금융안정보고서/2026-06-24_금융안정보고서(2026년 6월)/금융안정보고서(2026년 6월).pdf,39,번호 직결 인용 없음 또는 문장 조각·중복 배정 제외
BOK-20260624-91d0ea2e38e8-그림-3f8834aee1e4e7e0,금융안정보고서 2026년 6월,그림,I-2-10,가격소득비율 및 가격임대료비율,설명,research/bok-archive/02-금융안정보고서/2026-06-24_금융안정보고서(2026년 6월)/금융안정보고서(2026년 6월).pdf,40,번호 직결 인용 없음 또는 문장 조각·중복 배정 제외
BOK-20260624-91d0ea2e38e8-그림-7fcfbe2e1f5013fd,금융안정보고서 2026년 6월,그림,I-2-11,월별 주택매매거래량,설명,research/bok-archive/02-금융안정보고서/2026-06-24_금융안정보고서(2026년 6월)/금융안정보고서(2026년 6월).pdf,41,번호 직결 인용 없음 또는 문장 조각·중복 배정 제외
BOK-20260624-91d0ea2e38e8-그림-af6f92aaa02f9986,금융안정보고서 2026년 6월,그림,I-2-14,아파트 입주 및 분양 물량,통계기법·지수; 설명,research/bok-archive/02-금융안정보고서/2026-06-24_금융안정보고서(2026년 6월)/금융안정보고서(2026년 6월).pdf,42,번호 직결 인용 없음 또는 문장 조각·중복 배정 제외
BOK-20260624-91d0ea2e38e8-그림-c61e4cbb88825696,금융안정보고서 2026년 6월,그림,I-2-15,상업용부동산 임대가격지수 및 공실률,설명,research/bok-archive/02-금융안정보고서/2026-06-24_금융안정보고서(2026년 6월)/금융안정보고서(2026년 6월).pdf,43,번호 직결 인용 없음 또는 문장 조각·중복 배정 제외
BOK-20260624-91d0ea2e38e8-그림-5d45a6d7d71068db,금융안정보고서 2026년 6월,그림,I-2-16,상업용부동산 자본수익률 및 거래량,설명,research/bok-archive/02-금융안정보고서/2026-06-24_금융안정보고서(2026년 6월)/금융안정보고서(2026년 6월).pdf,43,번호 직결 인용 없음 또는 문장 조각·중복 배정 제외
BOK-20260624-91d0ea2e38e8-그림-5224ab963543ee7d,금융안정보고서 2026년 6월,그림,I-2-17,글로벌 가상자산 시가총액,설명,research/bok-archive/02-금융안정보고서/2026-06-24_금융안정보고서(2026년 6월)/금융안정보고서(2026년 6월).pdf,44,번호 직결 인용 없음 또는 문장 조각·중복 배정 제외
BOK-20260624-91d0ea2e38e8-그림-89e56925ae1af95a,금융안정보고서 2026년 6월,그림,I-2-19,국내 가상자산시장 현황,통계기법·지수; 설명,research/bok-archive/02-금융안정보고서/2026-06-24_금융안정보고서(2026년 6월)/금융안정보고서(2026년 6월).pdf,45,번호 직결 인용 없음 또는 문장 조각·중복 배정 제외
BOK-20260624-91d0ea2e38e8-그림-34285f789078475d,금융안정보고서 2026년 6월,그림,I-3-1,은행 건전성 및 복원력 변화 지도1),데이터 형태; 종류; 통계기법·지수; 설명,research/bok-archive/02-금융안정보고서/2026-06-24_금융안정보고서(2026년 6월)/금융안정보고서(2026년 6월).pdf,55,허용 종류로 판별 불가 또는 표 구조 미확인; 번호 직결 인용 없음 또는 문장 조각·중복 배정 제외
BOK-20260624-91d0ea2e38e8-그림-493dcecb262efa93,금융안정보고서 2026년 6월,그림,I-3-2,비은행 건전성 및 복원력 변화 지도,데이터 형태; 종류; 통계기법·지수; 설명,research/bok-archive/02-금융안정보고서/2026-06-24_금융안정보고서(2026년 6월)/금융안정보고서(2026년 6월).pdf,55,허용 종류로 판별 불가 또는 표 구조 미확인; 번호 직결 인용 없음 또는 문장 조각·중복 배정 제외
BOK-20260624-91d0ea2e38e8-그림-508e4e9698844d24,금융안정보고서 2026년 6월,그림,I-3-3,일반은행 총자산 규모 및 대출 증가율,설명,research/bok-archive/02-금융안정보고서/2026-06-24_금융안정보고서(2026년 6월)/금융안정보고서(2026년 6월).pdf,56,번호 직결 인용 없음 또는 문장 조각·중복 배정 제외
BOK-20260624-91d0ea2e38e8-그림-58ca9a998ccebb46,금융안정보고서 2026년 6월,그림,I-3-4,일반은행 고정이하여신비율 및 부실채권 발생·정리 실적,설명,research/bok-archive/02-금융안정보고서/2026-06-24_금융안정보고서(2026년 6월)/금융안정보고서(2026년 6월).pdf,57,번호 직결 인용 없음 또는 문장 조각·중복 배정 제외
BOK-20260624-91d0ea2e38e8-그림-5b094e88108497e7,금융안정보고서 2026년 6월,그림,I-3-5,일반은행 차주별·업종별 고정이하여신비율,설명,research/bok-archive/02-금융안정보고서/2026-06-24_금융안정보고서(2026년 6월)/금융안정보고서(2026년 6월).pdf,57,번호 직결 인용 없음 또는 문장 조각·중복 배정 제외
BOK-20260624-91d0ea2e38e8-그림-f3dc97c1f6ff5842,금융안정보고서 2026년 6월,그림,I-3-6,일반은행 수익성,설명,research/bok-archive/02-금융안정보고서/2026-06-24_금융안정보고서(2026년 6월)/금융안정보고서(2026년 6월).pdf,58,번호 직결 인용 없음 또는 문장 조각·중복 배정 제외
BOK-20260624-91d0ea2e38e8-그림-3176341dee695589,금융안정보고서 2026년 6월,그림,I-3-8,일반은행 대손충당금적립비율,설명,research/bok-archive/02-금융안정보고서/2026-06-24_금융안정보고서(2026년 6월)/금융안정보고서(2026년 6월).pdf,59,번호 직결 인용 없음 또는 문장 조각·중복 배정 제외
BOK-20260624-91d0ea2e38e8-그림-fab5436c6f9ebd6e,금융안정보고서 2026년 6월,그림,I-3-9,일반은행 유동성커버리지비율(LCR),설명,research/bok-archive/02-금융안정보고서/2026-06-24_금융안정보고서(2026년 6월)/금융안정보고서(2026년 6월).pdf,59,번호 직결 인용 없음 또는 문장 조각·중복 배정 제외
BOK-20260624-91d0ea2e38e8-그림-d8345e00f5e58dab,금융안정보고서 2026년 6월,그림,I-3-10,비은행예금취급기관 총자산 규모 및 증가율,설명,research/bok-archive/02-금융안정보고서/2026-06-24_금융안정보고서(2026년 6월)/금융안정보고서(2026년 6월).pdf,60,번호 직결 인용 없음 또는 문장 조각·중복 배정 제외
BOK-20260624-91d0ea2e38e8-그림-3c0c92aaf9ddf1ab,금융안정보고서 2026년 6월,그림,I-3-14,비은행예금취급기관 당기순이익 구성요소,통계기법·지수,research/bok-archive/02-금융안정보고서/2026-06-24_금융안정보고서(2026년 6월)/금융안정보고서(2026년 6월).pdf,62,출처·단위·데이터 형태 등 미확인
BOK-20260624-91d0ea2e38e8-그림-0a0821e75b420c3d,금융안정보고서 2026년 6월,그림,I-3-18,비예금금융기관 총자산 규모 및 증가율,설명,research/bok-archive/02-금융안정보고서/2026-06-24_금융안정보고서(2026년 6월)/금융안정보고서(2026년 6월).pdf,64,번호 직결 인용 없음 또는 문장 조각·중복 배정 제외
BOK-20260624-91d0ea2e38e8-그림-5c2457042dc750e5,금융안정보고서 2026년 6월,그림,I-3-21,보험회사 손실흡수력 지표,통계기법·지수,research/bok-archive/02-금융안정보고서/2026-06-24_금융안정보고서(2026년 6월)/금융안정보고서(2026년 6월).pdf,66,출처·단위·데이터 형태 등 미확인
BOK-20260624-91d0ea2e38e8-그림-86ee806882231f4e,금융안정보고서 2026년 6월,그림,I-3-22,증권회사 손실흡수력 지표,통계기법·지수; 설명,research/bok-archive/02-금융안정보고서/2026-06-24_금융안정보고서(2026년 6월)/금융안정보고서(2026년 6월).pdf,66,번호 직결 인용 없음 또는 문장 조각·중복 배정 제외
BOK-20260624-91d0ea2e38e8-그림-d31504c211c388e8,금융안정보고서 2026년 6월,그림,I-3-23,여신전문금융회사 손실흡수력 지표,통계기법·지수; 설명,research/bok-archive/02-금융안정보고서/2026-06-24_금융안정보고서(2026년 6월)/금융안정보고서(2026년 6월).pdf,67,번호 직결 인용 없음 또는 문장 조각·중복 배정 제외
BOK-20260624-91d0ea2e38e8-그림-ffd0b1f7d2fa10ff,금융안정보고서 2026년 6월,그림,I-3-24,보험회사 유동성 대응능력 지표,통계기법·지수; 설명,research/bok-archive/02-금융안정보고서/2026-06-24_금융안정보고서(2026년 6월)/금융안정보고서(2026년 6월).pdf,67,번호 직결 인용 없음 또는 문장 조각·중복 배정 제외
BOK-20260624-91d0ea2e38e8-그림-47604f544b78c719,금융안정보고서 2026년 6월,그림,I-3-25,증권회사 유동성 대응능력 지표,통계기법·지수,research/bok-archive/02-금융안정보고서/2026-06-24_금융안정보고서(2026년 6월)/금융안정보고서(2026년 6월).pdf,68,출처·단위·데이터 형태 등 미확인
BOK-20260624-91d0ea2e38e8-그림-6b926a67880b1996,금융안정보고서 2026년 6월,그림,I-3-26,여신전문금융회사 유동성 대응능력 지표,통계기법·지수; 설명,research/bok-archive/02-금융안정보고서/2026-06-24_금융안정보고서(2026년 6월)/금융안정보고서(2026년 6월).pdf,68,번호 직결 인용 없음 또는 문장 조각·중복 배정 제외
BOK-20260624-91d0ea2e38e8-그림-465fe98c64efedc4,금융안정보고서 2026년 6월,그림,I-3-27,금융기관 간 상호거래 현황,설명,research/bok-archive/02-금융안정보고서/2026-06-24_금융안정보고서(2026년 6월)/금융안정보고서(2026년 6월).pdf,69,번호 직결 인용 없음 또는 문장 조각·중복 배정 제외
BOK-20260624-91d0ea2e38e8-그림-26708933fe9e9d1d,금융안정보고서 2026년 6월,그림,I-3-28,은행·투자펀드의 비은행 부문에 대한 자금조달 및 운용,통계기법·지수,research/bok-archive/02-금융안정보고서/2026-06-24_금융안정보고서(2026년 6월)/금융안정보고서(2026년 6월).pdf,70,출처·단위·데이터 형태 등 미확인
BOK-20260624-91d0ea2e38e8-그림-afe4f5fbace45fa7,금융안정보고서 2026년 6월,그림,I-3-29,금융시스템 상호연계 구조1)2)3),단위; 데이터 형태; 통계기법·지수; 설명,research/bok-archive/02-금융안정보고서/2026-06-24_금융안정보고서(2026년 6월)/금융안정보고서(2026년 6월).pdf,70,번호 직결 인용 없음 또는 문장 조각·중복 배정 제외
BOK-20260624-91d0ea2e38e8-그림-af93ddd2d4282084,금융안정보고서 2026년 6월,그림,I-3-30,은행과 비은행 부문의 자금조달 및 운용,통계기법·지수; 설명,research/bok-archive/02-금융안정보고서/2026-06-24_금융안정보고서(2026년 6월)/금융안정보고서(2026년 6월).pdf,71,번호 직결 인용 없음 또는 문장 조각·중복 배정 제외
BOK-20260624-91d0ea2e38e8-그림-5c5b1a9b322ca181,금융안정보고서 2026년 6월,그림,I-3-31,DebtRank 지수,단위; 설명,research/bok-archive/02-금융안정보고서/2026-06-24_금융안정보고서(2026년 6월)/금융안정보고서(2026년 6월).pdf,71,번호 직결 인용 없음 또는 문장 조각·중복 배정 제외
BOK-20260624-91d0ea2e38e8-그림-78548ada24df420f,금융안정보고서 2026년 6월,그림,I-4-1,대외부문 상황 변화 지도1),데이터 형태; 종류; 통계기법·지수; 설명,research/bok-archive/02-금융안정보고서/2026-06-24_금융안정보고서(2026년 6월)/금융안정보고서(2026년 6월).pdf,76,허용 종류로 판별 불가 또는 표 구조 미확인; 번호 직결 인용 없음 또는 문장 조각·중복 배정 제외
BOK-20260624-91d0ea2e38e8-그림-22c60199105795fc,금융안정보고서 2026년 6월,그림,I-4-3,외환스왑 및 통화스왑 시장 차익거래유인,설명,research/bok-archive/02-금융안정보고서/2026-06-24_금융안정보고서(2026년 6월)/금융안정보고서(2026년 6월).pdf,77,번호 직결 인용 없음 또는 문장 조각·중복 배정 제외
BOK-20260624-91d0ea2e38e8-그림-0655b1af00de117f,금융안정보고서 2026년 6월,그림,I-4-4,일반은행 대외 외화조달여건,설명,research/bok-archive/02-금융안정보고서/2026-06-24_금융안정보고서(2026년 6월)/금융안정보고서(2026년 6월).pdf,78,번호 직결 인용 없음 또는 문장 조각·중복 배정 제외
BOK-20260624-91d0ea2e38e8-그림-eeaebe8cfd537b48,금융안정보고서 2026년 6월,그림,I-4-5,외국인 국내증권투자 증감,통계기법·지수; 설명,research/bok-archive/02-금융안정보고서/2026-06-24_금융안정보고서(2026년 6월)/금융안정보고서(2026년 6월).pdf,78,번호 직결 인용 없음 또는 문장 조각·중복 배정 제외
BOK-20260624-91d0ea2e38e8-그림-3c92237d5ba1eda9,금융안정보고서 2026년 6월,그림,I-4-6,외국인 국내 주식 및 채권 투자자금의 증감,통계기법·지수,research/bok-archive/02-금융안정보고서/2026-06-24_금융안정보고서(2026년 6월)/금융안정보고서(2026년 6월).pdf,79,출처·단위·데이터 형태 등 미확인
BOK-20260624-91d0ea2e38e8-그림-c04d0038069e3f54,금융안정보고서 2026년 6월,그림,I-4-7,거주자 해외증권투자 증감,통계기법·지수,research/bok-archive/02-금융안정보고서/2026-06-24_금융안정보고서(2026년 6월)/금융안정보고서(2026년 6월).pdf,80,출처·단위·데이터 형태 등 미확인
BOK-20260624-91d0ea2e38e8-그림-7dde171c6abfdcbd,금융안정보고서 2026년 6월,그림,I-4-8,거주자 해외 주식 및 채권 투자자금의 투자주체별 증감,통계기법·지수,research/bok-archive/02-금융안정보고서/2026-06-24_금융안정보고서(2026년 6월)/금융안정보고서(2026년 6월).pdf,80,출처·단위·데이터 형태 등 미확인
BOK-20260624-91d0ea2e38e8-그림-d997cc875adf6150,금융안정보고서 2026년 6월,그림,I-4-9,순대외채권,통계기법·지수; 설명,research/bok-archive/02-금융안정보고서/2026-06-24_금융안정보고서(2026년 6월)/금융안정보고서(2026년 6월).pdf,81,번호 직결 인용 없음 또는 문장 조각·중복 배정 제외
BOK-20260624-91d0ea2e38e8-그림-8476be3bd8e8f860,금융안정보고서 2026년 6월,그림,I-4-10,부문별 대외 채권 및 채무 증감,통계기법·지수,research/bok-archive/02-금융안정보고서/2026-06-24_금융안정보고서(2026년 6월)/금융안정보고서(2026년 6월).pdf,81,출처·단위·데이터 형태 등 미확인
BOK-20260624-91d0ea2e38e8-그림-778efb8a46c04607,금융안정보고서 2026년 6월,그림,I-4-11,단기 대외채무 비중,설명,research/bok-archive/02-금융안정보고서/2026-06-24_금융안정보고서(2026년 6월)/금융안정보고서(2026년 6월).pdf,82,번호 직결 인용 없음 또는 문장 조각·중복 배정 제외
BOK-20260624-91d0ea2e38e8-그림-8f8126f3c1a80918,금융안정보고서 2026년 6월,그림,I-4-12,외환보유액 규모 및 증감액,설명,research/bok-archive/02-금융안정보고서/2026-06-24_금융안정보고서(2026년 6월)/금융안정보고서(2026년 6월).pdf,82,번호 직결 인용 없음 또는 문장 조각·중복 배정 제외
BOK-20260624-91d0ea2e38e8-그림-db90c88d04d6a826,금융안정보고서 2026년 6월,그림,I-5-1,지급결제시스템 리스크 지표,설명,research/bok-archive/02-금융안정보고서/2026-06-24_금융안정보고서(2026년 6월)/금융안정보고서(2026년 6월).pdf,93,번호 직결 인용 없음 또는 문장 조각·중복 배정 제외
BOK-20260624-91d0ea2e38e8-그림-00593058d2a91e5d,금융안정보고서 2026년 6월,그림,II-1-2,한국은행 기준금리 및 국고채 금리,통계기법·지수; 설명,research/bok-archive/02-금융안정보고서/2026-06-24_금융안정보고서(2026년 6월)/금융안정보고서(2026년 6월).pdf,100,번호 직결 인용 없음 또는 문장 조각·중복 배정 제외
BOK-20260624-91d0ea2e38e8-그림-ff558377dcf3b199,금융안정보고서 2026년 6월,그림,II-1-3,글로벌 금융여건 변화,통계기법·지수; 설명,research/bok-archive/02-금융안정보고서/2026-06-24_금융안정보고서(2026년 6월)/금융안정보고서(2026년 6월).pdf,101,번호 직결 인용 없음 또는 문장 조각·중복 배정 제외
BOK-20260624-91d0ea2e38e8-그림-d055e35d86ef8f4e,금융안정보고서 2026년 6월,그림,II-1-3,글로벌 금융여건 변화1),통계기법·지수; 설명,research/bok-archive/02-금융안정보고서/2026-06-24_금융안정보고서(2026년 6월)/현안1. 시장금리 상승에 따른 금융시스템 안정성 평가.pdf,5,번호 직결 인용 없음 또는 문장 조각·중복 배정 제외
BOK-20260624-91d0ea2e38e8-그림-5071f2762e0d8ed5,금융안정보고서 2026년 6월,그림,II-1-3,글로벌 금융여건 변화1),통계기법·지수; 설명,research/bok-archive/02-금융안정보고서/2026-06-24_금융안정보고서(2026년 6월)/현안1. 시장금리 상승에 따른 금융시스템 안정성 평가_2.pdf,5,번호 직결 인용 없음 또는 문장 조각·중복 배정 제외
BOK-20260624-91d0ea2e38e8-그림-ba94f9cf226f2ac5,금융안정보고서 2026년 6월,그림,II-1-4,부동산 시장의 금융불균형 상황1),통계기법·지수; 설명,research/bok-archive/02-금융안정보고서/2026-06-24_금융안정보고서(2026년 6월)/현안1. 시장금리 상승에 따른 금융시스템 안정성 평가.pdf,5,번호 직결 인용 없음 또는 문장 조각·중복 배정 제외
BOK-20260624-91d0ea2e38e8-그림-8280b0a302f893cc,금융안정보고서 2026년 6월,그림,II-1-4,부동산 시장의 금융불균형 상황1),통계기법·지수; 설명,research/bok-archive/02-금융안정보고서/2026-06-24_금융안정보고서(2026년 6월)/현안1. 시장금리 상승에 따른 금융시스템 안정성 평가_2.pdf,5,번호 직결 인용 없음 또는 문장 조각·중복 배정 제외
BOK-20260624-91d0ea2e38e8-그림-96784b0e6bbdbd40,금융안정보고서 2026년 6월,그림,II-1-5,주식 및 채권시장 상황,설명,research/bok-archive/02-금융안정보고서/2026-06-24_금융안정보고서(2026년 6월)/금융안정보고서(2026년 6월).pdf,102,번호 직결 인용 없음 또는 문장 조각·중복 배정 제외
BOK-20260624-91d0ea2e38e8-그림-2df1353665ae3ff5,금융안정보고서 2026년 6월,그림,II-1-5,주식 및 채권시장 상황1) 2 2,데이터 형태; 분석 목적; 통계기법·지수,research/bok-archive/02-금융안정보고서/2026-06-24_금융안정보고서(2026년 6월)/현안1. 시장금리 상승에 따른 금융시스템 안정성 평가.pdf,6,제목·계열·직접 인용의 해석 근거 부족
BOK-20260624-91d0ea2e38e8-그림-b4ef63601a216476,금융안정보고서 2026년 6월,그림,II-1-5,주식 및 채권시장 상황1) 2 2,데이터 형태; 분석 목적; 통계기법·지수; 설명,research/bok-archive/02-금융안정보고서/2026-06-24_금융안정보고서(2026년 6월)/현안1. 시장금리 상승에 따른 금융시스템 안정성 평가_2.pdf,6,제목·계열·직접 인용의 해석 근거 부족; 번호 직결 인용 없음 또는 문장 조각·중복 배정 제외
BOK-20260624-91d0ea2e38e8-그림-b96fa88d9a08a72c,금융안정보고서 2026년 6월,그림,II-1-6,부문별 신용리스크 상황 변화,통계기법·지수; 설명,research/bok-archive/02-금융안정보고서/2026-06-24_금융안정보고서(2026년 6월)/금융안정보고서(2026년 6월).pdf,102,번호 직결 인용 없음 또는 문장 조각·중복 배정 제외
BOK-20260624-91d0ea2e38e8-그림-927eaf1a02be2c10,금융안정보고서 2026년 6월,그림,II-1-6,부문별 신용리스크 상황 변화1),데이터 형태; 통계기법·지수,research/bok-archive/02-금융안정보고서/2026-06-24_금융안정보고서(2026년 6월)/현안1. 시장금리 상승에 따른 금융시스템 안정성 평가.pdf,6,출처·단위·데이터 형태 등 미확인
BOK-20260624-91d0ea2e38e8-그림-e7fedce752cea136,금융안정보고서 2026년 6월,그림,II-1-6,부문별 신용리스크 상황 변화1),데이터 형태; 통계기법·지수; 설명,research/bok-archive/02-금융안정보고서/2026-06-24_금융안정보고서(2026년 6월)/현안1. 시장금리 상승에 따른 금융시스템 안정성 평가_2.pdf,6,번호 직결 인용 없음 또는 문장 조각·중복 배정 제외
BOK-20260624-91d0ea2e38e8-그림-f20e9522a9674a9b,금융안정보고서 2026년 6월,그림,II-1-7,외환 및 외화자금 시장 상황 변화,설명,research/bok-archive/02-금융안정보고서/2026-06-24_금융안정보고서(2026년 6월)/금융안정보고서(2026년 6월).pdf,103,번호 직결 인용 없음 또는 문장 조각·중복 배정 제외
BOK-20260624-91d0ea2e38e8-그림-805a4e253642f258,금융안정보고서 2026년 6월,그림,II-1-7,외환 및 외화자금 시장 상황 변화1),데이터 형태; 통계기법·지수; 설명,research/bok-archive/02-금융안정보고서/2026-06-24_금융안정보고서(2026년 6월)/현안1. 시장금리 상승에 따른 금융시스템 안정성 평가.pdf,7,번호 직결 인용 없음 또는 문장 조각·중복 배정 제외
BOK-20260624-91d0ea2e38e8-그림-3bebb509d64db9d0,금융안정보고서 2026년 6월,그림,II-1-7,외환 및 외화자금 시장 상황 변화1),데이터 형태; 통계기법·지수,research/bok-archive/02-금융안정보고서/2026-06-24_금융안정보고서(2026년 6월)/현안1. 시장금리 상승에 따른 금융시스템 안정성 평가_2.pdf,7,출처·단위·데이터 형태 등 미확인
BOK-20260624-91d0ea2e38e8-그림-88cfc710d07543fe,금융안정보고서 2026년 6월,그림,II-1-8,금리 기대 변화기의 주요 금융안정 상황변화 지도,데이터 형태; 종류; 통계기법·지수,research/bok-archive/02-금융안정보고서/2026-06-24_금융안정보고서(2026년 6월)/금융안정보고서(2026년 6월).pdf,103,허용 종류로 판별 불가 또는 표 구조 미확인
BOK-20260624-91d0ea2e38e8-그림-f5805deb6df61753,금융안정보고서 2026년 6월,그림,II-1-9,금융안정 리스크 파급경로,단위; 데이터 형태; 통계기법·지수; 설명,research/bok-archive/02-금융안정보고서/2026-06-24_금융안정보고서(2026년 6월)/금융안정보고서(2026년 6월).pdf,104,번호 직결 인용 없음 또는 문장 조각·중복 배정 제외
BOK-20260624-91d0ea2e38e8-그림-f21039f01c4c0952,금융안정보고서 2026년 6월,그림,II-1-9,금융안정 리스크 파급경로,단위; 데이터 형태; 통계기법·지수; 설명,research/bok-archive/02-금융안정보고서/2026-06-24_금융안정보고서(2026년 6월)/현안1. 시장금리 상승에 따른 금융시스템 안정성 평가.pdf,8,번호 직결 인용 없음 또는 문장 조각·중복 배정 제외
BOK-20260624-91d0ea2e38e8-그림-b886f4bd8d0347c0,금융안정보고서 2026년 6월,그림,II-1-9,금융안정 리스크 파급경로,단위; 데이터 형태; 통계기법·지수; 설명,research/bok-archive/02-금융안정보고서/2026-06-24_금융안정보고서(2026년 6월)/현안1. 시장금리 상승에 따른 금융시스템 안정성 평가_2.pdf,8,번호 직결 인용 없음 또는 문장 조각·중복 배정 제외
BOK-20260624-91d0ea2e38e8-그림-bd133f4a73395a39,금융안정보고서 2026년 6월,그림,II-1-10,장기금리 변동 요인 분해,설명,research/bok-archive/02-금융안정보고서/2026-06-24_금융안정보고서(2026년 6월)/금융안정보고서(2026년 6월).pdf,104,번호 직결 인용 없음 또는 문장 조각·중복 배정 제외
BOK-20260624-91d0ea2e38e8-그림-aed02f36a96d81bf,금융안정보고서 2026년 6월,그림,II-1-10,장기금리 변동요인 분해,설명,research/bok-archive/02-금융안정보고서/2026-06-24_금융안정보고서(2026년 6월)/현안1. 시장금리 상승에 따른 금융시스템 안정성 평가.pdf,8,번호 직결 인용 없음 또는 문장 조각·중복 배정 제외
BOK-20260624-91d0ea2e38e8-그림-6b5be9fbf1ccaa89,금융안정보고서 2026년 6월,그림,II-1-10,장기금리 변동요인 분해,설명,research/bok-archive/02-금융안정보고서/2026-06-24_금융안정보고서(2026년 6월)/현안1. 시장금리 상승에 따른 금융시스템 안정성 평가_2.pdf,8,번호 직결 인용 없음 또는 문장 조각·중복 배정 제외
BOK-20260624-91d0ea2e38e8-그림-588f88ef306eef4d,금융안정보고서 2026년 6월,그림,II-1-11,국고채 수급여건,통계기법·지수; 설명,research/bok-archive/02-금융안정보고서/2026-06-24_금융안정보고서(2026년 6월)/현안1. 시장금리 상승에 따른 금융시스템 안정성 평가.pdf,9,번호 직결 인용 없음 또는 문장 조각·중복 배정 제외
BOK-20260624-91d0ea2e38e8-그림-9dc69aad45190677,금융안정보고서 2026년 6월,그림,II-1-11,국고채 수급여건,통계기법·지수; 설명,research/bok-archive/02-금융안정보고서/2026-06-24_금융안정보고서(2026년 6월)/현안1. 시장금리 상승에 따른 금융시스템 안정성 평가_2.pdf,9,번호 직결 인용 없음 또는 문장 조각·중복 배정 제외
BOK-20260624-91d0ea2e38e8-그림-496ecaf86a471b31,금융안정보고서 2026년 6월,그림,II-1-12,시장불안 시 외국인 국고채 매매 행태,설명,research/bok-archive/02-금융안정보고서/2026-06-24_금융안정보고서(2026년 6월)/금융안정보고서(2026년 6월).pdf,105,번호 직결 인용 없음 또는 문장 조각·중복 배정 제외
BOK-20260624-91d0ea2e38e8-그림-547759c32e918d7e,금융안정보고서 2026년 6월,그림,II-1-13,RP 매도 잔액 및 국채가격 하락에 따른 마진콜 리스크,설명,research/bok-archive/02-금융안정보고서/2026-06-24_금융안정보고서(2026년 6월)/금융안정보고서(2026년 6월).pdf,106,번호 직결 인용 없음 또는 문장 조각·중복 배정 제외
BOK-20260624-91d0ea2e38e8-그림-080ba0fb706d7afa,금융안정보고서 2026년 6월,그림,II-1-13,RP매도 잔액 및 국채가격 하락에 따른,단위; 데이터 형태; 분석 목적,research/bok-archive/02-금융안정보고서/2026-06-24_금융안정보고서(2026년 6월)/현안1. 시장금리 상승에 따른 금융시스템 안정성 평가.pdf,10,제목·계열·직접 인용의 해석 근거 부족
BOK-20260624-91d0ea2e38e8-그림-c8d79fdceff2f0bc,금융안정보고서 2026년 6월,그림,II-1-13,RP매도 잔액 및 국채가격 하락에 따른,분석 목적; 설명,research/bok-archive/02-금융안정보고서/2026-06-24_금융안정보고서(2026년 6월)/현안1. 시장금리 상승에 따른 금융시스템 안정성 평가_2.pdf,10,제목·계열·직접 인용의 해석 근거 부족; 번호 직결 인용 없음 또는 문장 조각·중복 배정 제외
BOK-20260624-91d0ea2e38e8-그림-efc3050086af6a1f,금융안정보고서 2026년 6월,그림,II-1-14,주요 RP 매수 주체 및 RP 담보채권 비중,설명,research/bok-archive/02-금융안정보고서/2026-06-24_금융안정보고서(2026년 6월)/금융안정보고서(2026년 6월).pdf,107,번호 직결 인용 없음 또는 문장 조각·중복 배정 제외
BOK-20260624-91d0ea2e38e8-그림-7339834b3ef1eec7,금융안정보고서 2026년 6월,그림,II-1-14,주요 RP 매수 주체 및 RP 담보채권 비중,설명,research/bok-archive/02-금융안정보고서/2026-06-24_금융안정보고서(2026년 6월)/현안1. 시장금리 상승에 따른 금융시스템 안정성 평가.pdf,11,번호 직결 인용 없음 또는 문장 조각·중복 배정 제외
BOK-20260624-91d0ea2e38e8-그림-0b7acfcc14d80e40,금융안정보고서 2026년 6월,그림,II-1-14,주요 RP 매수 주체 및 RP 담보채권 비중,설명,research/bok-archive/02-금융안정보고서/2026-06-24_금융안정보고서(2026년 6월)/현안1. 시장금리 상승에 따른 금융시스템 안정성 평가_2.pdf,11,번호 직결 인용 없음 또는 문장 조각·중복 배정 제외
BOK-20260624-91d0ea2e38e8-그림-b680aca538db5216,금융안정보고서 2026년 6월,그림,II-1-15,단기자금 시장금리 및 신용스프레드,설명,research/bok-archive/02-금융안정보고서/2026-06-24_금융안정보고서(2026년 6월)/현안1. 시장금리 상승에 따른 금융시스템 안정성 평가.pdf,11,번호 직결 인용 없음 또는 문장 조각·중복 배정 제외
BOK-20260624-91d0ea2e38e8-그림-61928f894b8e4002,금융안정보고서 2026년 6월,그림,II-1-15,단기자금 시장금리 및 신용스프레드,설명,research/bok-archive/02-금융안정보고서/2026-06-24_금융안정보고서(2026년 6월)/현안1. 시장금리 상승에 따른 금융시스템 안정성 평가_2.pdf,11,번호 직결 인용 없음 또는 문장 조각·중복 배정 제외
BOK-20260624-91d0ea2e38e8-그림-73721884a87eb5b0,금융안정보고서 2026년 6월,그림,II-1-16,차입 또는 레버리지 투자상품을 활용한 200 (백억원) (백억원) 200 0.4 신용미수반대매매 0.4,분석 목적; 설명,research/bok-archive/02-금융안정보고서/2026-06-24_금융안정보고서(2026년 6월)/현안1. 시장금리 상승에 따른 금융시스템 안정성 평가.pdf,12,제목·계열·직접 인용의 해석 근거 부족; 번호 직결 인용 없음 또는 문장 조각·중복 배정 제외
BOK-20260624-91d0ea2e38e8-그림-6b43dd4a821999b2,금융안정보고서 2026년 6월,그림,II-1-16,차입 또는 레버리지 투자상품을 활용한 200 (백억원) (백억원) 200 0.4 신용미수반대매매 0.4,분석 목적,research/bok-archive/02-금융안정보고서/2026-06-24_금융안정보고서(2026년 6월)/현안1. 시장금리 상승에 따른 금융시스템 안정성 평가_2.pdf,12,제목·계열·직접 인용의 해석 근거 부족
BOK-20260624-91d0ea2e38e8-그림-feeb7af5ca71789b,금융안정보고서 2026년 6월,그림,II-1-16,차입 또는 레버리지 투자상품을 활용한 주식투자 자금 유입,설명,research/bok-archive/02-금융안정보고서/2026-06-24_금융안정보고서(2026년 6월)/금융안정보고서(2026년 6월).pdf,108,번호 직결 인용 없음 또는 문장 조각·중복 배정 제외
BOK-20260624-91d0ea2e38e8-그림-af81d5cd1e0e4629,금융안정보고서 2026년 6월,그림,II-1-17,레버리지 ETF 순유출입 및,단위; 데이터 형태; 분석 목적; 설명,research/bok-archive/02-금융안정보고서/2026-06-24_금융안정보고서(2026년 6월)/현안1. 시장금리 상승에 따른 금융시스템 안정성 평가.pdf,12,제목·계열·직접 인용의 해석 근거 부족; 번호 직결 인용 없음 또는 문장 조각·중복 배정 제외
BOK-20260624-91d0ea2e38e8-그림-ab051b387ecbd28c,금융안정보고서 2026년 6월,그림,II-1-17,레버리지 ETF 순유출입 및 신용미수 반대매매,설명,research/bok-archive/02-금융안정보고서/2026-06-24_금융안정보고서(2026년 6월)/금융안정보고서(2026년 6월).pdf,108,번호 직결 인용 없음 또는 문장 조각·중복 배정 제외
BOK-20260624-91d0ea2e38e8-그림-a3d84f3b1aeede7f,금융안정보고서 2026년 6월,그림,II-1-18,금융기관 대출 연체율,설명,research/bok-archive/02-금융안정보고서/2026-06-24_금융안정보고서(2026년 6월)/금융안정보고서(2026년 6월).pdf,109,번호 직결 인용 없음 또는 문장 조각·중복 배정 제외
BOK-20260624-91d0ea2e38e8-그림-1d9fe0706d4c19d0,금융안정보고서 2026년 6월,그림,II-1-18,금융기관 대출 연체율,데이터 형태; 설명,research/bok-archive/02-금융안정보고서/2026-06-24_금융안정보고서(2026년 6월)/현안1. 시장금리 상승에 따른 금융시스템 안정성 평가.pdf,13,번호 직결 인용 없음 또는 문장 조각·중복 배정 제외
BOK-20260624-91d0ea2e38e8-그림-99d7227332e03f0b,금융안정보고서 2026년 6월,그림,II-1-18,금융기관 대출 연체율,데이터 형태; 설명,research/bok-archive/02-금융안정보고서/2026-06-24_금융안정보고서(2026년 6월)/현안1. 시장금리 상승에 따른 금융시스템 안정성 평가_2.pdf,13,번호 직결 인용 없음 또는 문장 조각·중복 배정 제외
BOK-20260624-91d0ea2e38e8-그림-86e1b9c8a44d8b7a,금융안정보고서 2026년 6월,그림,II-1-19,취약차주 연체진입률 및 대출금리,설명,research/bok-archive/02-금융안정보고서/2026-06-24_금융안정보고서(2026년 6월)/금융안정보고서(2026년 6월).pdf,109,번호 직결 인용 없음 또는 문장 조각·중복 배정 제외
BOK-20260624-91d0ea2e38e8-그림-1967920df60cd694,금융안정보고서 2026년 6월,그림,II-1-20,취약차주 장기연체 현황,설명,research/bok-archive/02-금융안정보고서/2026-06-24_금융안정보고서(2026년 6월)/금융안정보고서(2026년 6월).pdf,110,번호 직결 인용 없음 또는 문장 조각·중복 배정 제외
BOK-20260624-91d0ea2e38e8-그림-cad6d79720dea1e0,금융안정보고서 2026년 6월,그림,II-1-20,취약차주 장기연체 현황,데이터 형태; 통계기법·지수; 설명,research/bok-archive/02-금융안정보고서/2026-06-24_금융안정보고서(2026년 6월)/현안1. 시장금리 상승에 따른 금융시스템 안정성 평가.pdf,14,번호 직결 인용 없음 또는 문장 조각·중복 배정 제외
BOK-20260624-91d0ea2e38e8-그림-11303a9f235953db,금융안정보고서 2026년 6월,그림,II-1-20,취약차주 장기연체 현황,데이터 형태; 통계기법·지수; 설명,research/bok-archive/02-금융안정보고서/2026-06-24_금융안정보고서(2026년 6월)/현안1. 시장금리 상승에 따른 금융시스템 안정성 평가_2.pdf,14,번호 직결 인용 없음 또는 문장 조각·중복 배정 제외
BOK-20260624-91d0ea2e38e8-그림-bd86f08f8b6dcdca,금융안정보고서 2026년 6월,그림,II-1-21,중소기업 이자지급능력,통계기법·지수; 설명,research/bok-archive/02-금융안정보고서/2026-06-24_금융안정보고서(2026년 6월)/금융안정보고서(2026년 6월).pdf,110,번호 직결 인용 없음 또는 문장 조각·중복 배정 제외
BOK-20260624-91d0ea2e38e8-그림-7a5db7caa72d0d30,금융안정보고서 2026년 6월,그림,II-1-21,중소기업 이자지급능력,데이터 형태; 통계기법·지수; 설명,research/bok-archive/02-금융안정보고서/2026-06-24_금융안정보고서(2026년 6월)/현안1. 시장금리 상승에 따른 금융시스템 안정성 평가.pdf,14,번호 직결 인용 없음 또는 문장 조각·중복 배정 제외
BOK-20260624-91d0ea2e38e8-그림-4b62b565276577bc,금융안정보고서 2026년 6월,그림,II-1-21,중소기업 이자지급능력,데이터 형태; 통계기법·지수,research/bok-archive/02-금융안정보고서/2026-06-24_금융안정보고서(2026년 6월)/현안1. 시장금리 상승에 따른 금융시스템 안정성 평가_2.pdf,14,출처·단위·데이터 형태 등 미확인
BOK-20260624-91d0ea2e38e8-그림-f93b957a29d8d34b,금융안정보고서 2026년 6월,그림,II-1-22,업종별 이자보상배율 및 연체율,설명,research/bok-archive/02-금융안정보고서/2026-06-24_금융안정보고서(2026년 6월)/금융안정보고서(2026년 6월).pdf,111,번호 직결 인용 없음 또는 문장 조각·중복 배정 제외
BOK-20260624-91d0ea2e38e8-그림-f1c74b14c2d64477,금융안정보고서 2026년 6월,그림,II-1-22,업종별 이자보상배율 및 연체율1)2)3),단위; 데이터 형태; 설명,research/bok-archive/02-금융안정보고서/2026-06-24_금융안정보고서(2026년 6월)/현안1. 시장금리 상승에 따른 금융시스템 안정성 평가.pdf,15,번호 직결 인용 없음 또는 문장 조각·중복 배정 제외
BOK-20260624-91d0ea2e38e8-그림-770eb66a75bf6b9b,금융안정보고서 2026년 6월,그림,II-1-22,업종별 이자보상배율 및 연체율1)2)3),단위; 데이터 형태,research/bok-archive/02-금융안정보고서/2026-06-24_금융안정보고서(2026년 6월)/현안1. 시장금리 상승에 따른 금융시스템 안정성 평가_2.pdf,15,출처·단위·데이터 형태 등 미확인
BOK-20260624-91d0ea2e38e8-그림-ed69dc6cdded9fb1,금융안정보고서 2026년 6월,그림,II-1-23,회사채 시장을 통한 자금조달 현황,통계기법·지수; 설명,research/bok-archive/02-금융안정보고서/2026-06-24_금융안정보고서(2026년 6월)/금융안정보고서(2026년 6월).pdf,111,번호 직결 인용 없음 또는 문장 조각·중복 배정 제외
BOK-20260624-91d0ea2e38e8-그림-8cb31e18547d4dce,금융안정보고서 2026년 6월,그림,II-1-23,회사채 시장을 통한 자금조달 현황,데이터 형태; 통계기법·지수; 설명,research/bok-archive/02-금융안정보고서/2026-06-24_금융안정보고서(2026년 6월)/현안1. 시장금리 상승에 따른 금융시스템 안정성 평가.pdf,15,번호 직결 인용 없음 또는 문장 조각·중복 배정 제외
BOK-20260624-91d0ea2e38e8-그림-a554a957afa3d73b,금융안정보고서 2026년 6월,그림,II-1-23,회사채 시장을 통한 자금조달 현황,데이터 형태; 통계기법·지수; 설명,research/bok-archive/02-금융안정보고서/2026-06-24_금융안정보고서(2026년 6월)/현안1. 시장금리 상승에 따른 금융시스템 안정성 평가_2.pdf,15,번호 직결 인용 없음 또는 문장 조각·중복 배정 제외
BOK-20260624-91d0ea2e38e8-그림-5dded12c16733401,금융안정보고서 2026년 6월,그림,II-1-24,금융기관별 신규 연체채권 및 대출금리,통계기법·지수; 설명,research/bok-archive/02-금융안정보고서/2026-06-24_금융안정보고서(2026년 6월)/금융안정보고서(2026년 6월).pdf,112,번호 직결 인용 없음 또는 문장 조각·중복 배정 제외
BOK-20260624-91d0ea2e38e8-그림-1c59c4a9ab66cffe,금융안정보고서 2026년 6월,그림,II-1-24,금융기관별 신규 연체채권1) 및 대출금리2),데이터 형태; 통계기법·지수; 설명,research/bok-archive/02-금융안정보고서/2026-06-24_금융안정보고서(2026년 6월)/현안1. 시장금리 상승에 따른 금융시스템 안정성 평가.pdf,16,번호 직결 인용 없음 또는 문장 조각·중복 배정 제외
BOK-20260624-91d0ea2e38e8-그림-190bf3af885277d9,금융안정보고서 2026년 6월,그림,II-1-24,금융기관별 신규 연체채권1) 및 대출금리2),데이터 형태; 통계기법·지수; 설명,research/bok-archive/02-금융안정보고서/2026-06-24_금융안정보고서(2026년 6월)/현안1. 시장금리 상승에 따른 금융시스템 안정성 평가_2.pdf,16,번호 직결 인용 없음 또는 문장 조각·중복 배정 제외
BOK-20260624-91d0ea2e38e8-그림-03185085af8d726d,금융안정보고서 2026년 6월,그림,II-1-25,과거 기준금리 인상 이후 FVI 변화,설명,research/bok-archive/02-금융안정보고서/2026-06-24_금융안정보고서(2026년 6월)/금융안정보고서(2026년 6월).pdf,112,번호 직결 인용 없음 또는 문장 조각·중복 배정 제외
BOK-20260624-91d0ea2e38e8-그림-12f2acc35ba985c6,금융안정보고서 2026년 6월,그림,II-1-26,2000년 이후 시장금리 변동과 FSI∙FVI,설명,research/bok-archive/02-금융안정보고서/2026-06-24_금융안정보고서(2026년 6월)/금융안정보고서(2026년 6월).pdf,159,번호 직결 인용 없음 또는 문장 조각·중복 배정 제외
BOK-20260624-91d0ea2e38e8-그림-994fc34363873c4f,금융안정보고서 2026년 6월,그림,II-1-26-2000,년 이후 시장금리 변동과 FSI∙FVI1),사용 데이터·출처; 데이터 형태; 종류; 분석 목적; 설명,불명,불명,허용 종류로 판별 불가 또는 표 구조 미확인; 제목·계열·직접 인용의 해석 근거 부족; 번호 직결 인용 없음 또는 문장 조각·중복 배정 제외
BOK-20260624-91d0ea2e38e8-그림-27ab09529c0e6fe4,금융안정보고서 2026년 6월,그림,II-1-26-2000,년 이후 시장금리 변동과 FSI∙FVI1),사용 데이터·출처; 데이터 형태; 종류; 분석 목적; 설명,불명,불명,허용 종류로 판별 불가 또는 표 구조 미확인; 제목·계열·직접 인용의 해석 근거 부족; 번호 직결 인용 없음 또는 문장 조각·중복 배정 제외
BOK-20260624-91d0ea2e38e8-그림-4aa694809eca9899,금융안정보고서 2026년 6월,그림,II-1-26-2000,년 이후 시장금리 변동과 FSI∙FVI1),사용 데이터·출처; 데이터 형태; 종류; 분석 목적; 설명,불명,불명,허용 종류로 판별 불가 또는 표 구조 미확인; 제목·계열·직접 인용의 해석 근거 부족; 번호 직결 인용 없음 또는 문장 조각·중복 배정 제외
BOK-20260624-91d0ea2e38e8-그림-f70317de01af9200,금융안정보고서 2026년 6월,그림,II-2-1,비은행 부문 잠재리스크 유형 및 경로,단위; 데이터 형태; 통계기법·지수; 설명,research/bok-archive/02-금융안정보고서/2026-06-24_금융안정보고서(2026년 6월)/금융안정보고서(2026년 6월).pdf,118,번호 직결 인용 없음 또는 문장 조각·중복 배정 제외
BOK-20260624-91d0ea2e38e8-그림-4d86ead497517371,금융안정보고서 2026년 6월,그림,II-2-1,비은행 부문 잠재리스크 유형 및 경로,단위; 데이터 형태; 통계기법·지수; 설명,research/bok-archive/02-금융안정보고서/2026-06-24_금융안정보고서(2026년 6월)/현안2. 비은행 부문 잠재리스크 점검 및 시사점.pdf,4,번호 직결 인용 없음 또는 문장 조각·중복 배정 제외
BOK-20260624-91d0ea2e38e8-그림-83813ba8f5a5a269,금융안정보고서 2026년 6월,그림,II-2-1,비은행 부문 잠재리스크 유형 및 경로,단위; 데이터 형태; 통계기법·지수; 설명,research/bok-archive/02-금융안정보고서/2026-06-24_금융안정보고서(2026년 6월)/현안2. 비은행 부문 잠재리스크 점검 및 시사점_2.pdf,4,번호 직결 인용 없음 또는 문장 조각·중복 배정 제외
BOK-20260624-91d0ea2e38e8-그림-1579551cb8c6daeb,금융안정보고서 2026년 6월,그림,II-2-2,비은행권의 조달부채 구성,통계기법·지수; 설명,research/bok-archive/02-금융안정보고서/2026-06-24_금융안정보고서(2026년 6월)/금융안정보고서(2026년 6월).pdf,118,번호 직결 인용 없음 또는 문장 조각·중복 배정 제외
BOK-20260624-91d0ea2e38e8-그림-41dac533ecf4a79b,금융안정보고서 2026년 6월,그림,II-2-2,비은행권의 조달부채 구성1),통계기법·지수; 설명,research/bok-archive/02-금융안정보고서/2026-06-24_금융안정보고서(2026년 6월)/현안2. 비은행 부문 잠재리스크 점검 및 시사점.pdf,4,번호 직결 인용 없음 또는 문장 조각·중복 배정 제외
BOK-20260624-91d0ea2e38e8-그림-011b883e8f93c929,금융안정보고서 2026년 6월,그림,II-2-2,비은행권의 조달부채 구성1),통계기법·지수; 설명,research/bok-archive/02-금융안정보고서/2026-06-24_금융안정보고서(2026년 6월)/현안2. 비은행 부문 잠재리스크 점검 및 시사점_2.pdf,4,번호 직결 인용 없음 또는 문장 조각·중복 배정 제외
BOK-20260624-91d0ea2e38e8-그림-07b0c571dfa5df6b,금융안정보고서 2026년 6월,그림,II-2-3,비은행예금취급기관의 수신 및 증권회,분석 목적; 통계기법·지수; 설명,research/bok-archive/02-금융안정보고서/2026-06-24_금융안정보고서(2026년 6월)/현안2. 비은행 부문 잠재리스크 점검 및 시사점.pdf,5,제목·계열·직접 인용의 해석 근거 부족; 번호 직결 인용 없음 또는 문장 조각·중복 배정 제외
BOK-20260624-91d0ea2e38e8-그림-3e89d81673707521,금융안정보고서 2026년 6월,그림,II-2-3,비은행예금취급기관의 수신 및 증권회,분석 목적; 통계기법·지수; 설명,research/bok-archive/02-금융안정보고서/2026-06-24_금융안정보고서(2026년 6월)/현안2. 비은행 부문 잠재리스크 점검 및 시사점_2.pdf,5,제목·계열·직접 인용의 해석 근거 부족; 번호 직결 인용 없음 또는 문장 조각·중복 배정 제외
BOK-20260624-91d0ea2e38e8-그림-4a05edf5c7ab9b09,금융안정보고서 2026년 6월,그림,II-2-3,비은행예금취급기관의 수신 및 증권회사 투자자예탁금 변화,설명,research/bok-archive/02-금융안정보고서/2026-06-24_금융안정보고서(2026년 6월)/금융안정보고서(2026년 6월).pdf,119,번호 직결 인용 없음 또는 문장 조각·중복 배정 제외
BOK-20260624-91d0ea2e38e8-그림-f32143159b3db4ae,금융안정보고서 2026년 6월,그림,II-2-4,비은행예금취급기관의 수신 변동,설명,research/bok-archive/02-금융안정보고서/2026-06-24_금융안정보고서(2026년 6월)/금융안정보고서(2026년 6월).pdf,119,번호 직결 인용 없음 또는 문장 조각·중복 배정 제외
BOK-20260624-91d0ea2e38e8-그림-ecb264f4589725a7,금융안정보고서 2026년 6월,그림,II-2-4,비은행예금취급기관의 수신 변동,통계기법·지수; 설명,research/bok-archive/02-금융안정보고서/2026-06-24_금융안정보고서(2026년 6월)/현안2. 비은행 부문 잠재리스크 점검 및 시사점.pdf,5,번호 직결 인용 없음 또는 문장 조각·중복 배정 제외
BOK-20260624-91d0ea2e38e8-그림-b397686a7dc05a05,금융안정보고서 2026년 6월,그림,II-2-4,비은행예금취급기관의 수신 변동,통계기법·지수; 설명,research/bok-archive/02-금융안정보고서/2026-06-24_금융안정보고서(2026년 6월)/현안2. 비은행 부문 잠재리스크 점검 및 시사점_2.pdf,5,번호 직결 인용 없음 또는 문장 조각·중복 배정 제외
BOK-20260624-91d0ea2e38e8-그림-33779ee329e7bbee,금융안정보고서 2026년 6월,그림,II-2-5,보험회사의 자금유출,통계기법·지수,research/bok-archive/02-금융안정보고서/2026-06-24_금융안정보고서(2026년 6월)/금융안정보고서(2026년 6월).pdf,120,출처·단위·데이터 형태 등 미확인
BOK-20260624-91d0ea2e38e8-그림-e38319e5273ca0ce,금융안정보고서 2026년 6월,그림,II-2-5,보험회사의 자금유출,통계기법·지수; 설명,research/bok-archive/02-금융안정보고서/2026-06-24_금융안정보고서(2026년 6월)/현안2. 비은행 부문 잠재리스크 점검 및 시사점.pdf,6,번호 직결 인용 없음 또는 문장 조각·중복 배정 제외
BOK-20260624-91d0ea2e38e8-그림-7781fb43ccbd887c,금융안정보고서 2026년 6월,그림,II-2-5,보험회사의 자금유출,통계기법·지수; 설명,research/bok-archive/02-금융안정보고서/2026-06-24_금융안정보고서(2026년 6월)/현안2. 비은행 부문 잠재리스크 점검 및 시사점_2.pdf,6,번호 직결 인용 없음 또는 문장 조각·중복 배정 제외
BOK-20260624-91d0ea2e38e8-그림-69894dd89bc40855,금융안정보고서 2026년 6월,그림,II-2-6,여전채 발행상황,설명,research/bok-archive/02-금융안정보고서/2026-06-24_금융안정보고서(2026년 6월)/금융안정보고서(2026년 6월).pdf,120,번호 직결 인용 없음 또는 문장 조각·중복 배정 제외
BOK-20260624-91d0ea2e38e8-그림-73f1c992faf7a4d5,금융안정보고서 2026년 6월,그림,II-2-7,증권사 규모별 단기시장성 차입 규모 및 비중,설명,research/bok-archive/02-금융안정보고서/2026-06-24_금융안정보고서(2026년 6월)/금융안정보고서(2026년 6월).pdf,121,번호 직결 인용 없음 또는 문장 조각·중복 배정 제외
BOK-20260624-91d0ea2e38e8-그림-e5a491483142f3f4,금융안정보고서 2026년 6월,그림,II-2-7,증권회사 규모별 단기시장성 차입 규모,데이터 형태; 통계기법·지수; 설명,research/bok-archive/02-금융안정보고서/2026-06-24_금융안정보고서(2026년 6월)/현안2. 비은행 부문 잠재리스크 점검 및 시사점.pdf,7,번호 직결 인용 없음 또는 문장 조각·중복 배정 제외
BOK-20260624-91d0ea2e38e8-그림-e5ecf17e9342911d,금융안정보고서 2026년 6월,그림,II-2-7,증권회사 규모별 단기시장성 차입 규모 유의·부실우려비중,데이터 형태; 분석 목적; 설명,research/bok-archive/02-금융안정보고서/2026-06-24_금융안정보고서(2026년 6월)/현안2. 비은행 부문 잠재리스크 점검 및 시사점_2.pdf,7,제목·계열·직접 인용의 해석 근거 부족; 번호 직결 인용 없음 또는 문장 조각·중복 배정 제외
BOK-20260624-91d0ea2e38e8-그림-a5c32125790c10dc,금융안정보고서 2026년 6월,그림,II-2-9,업권별 부실 PF 익스포저 및 PF 연체율,설명,research/bok-archive/02-금융안정보고서/2026-06-24_금융안정보고서(2026년 6월)/현안2. 비은행 부문 잠재리스크 점검 및 시사점.pdf,8,번호 직결 인용 없음 또는 문장 조각·중복 배정 제외
BOK-20260624-91d0ea2e38e8-그림-3f1a2ea4bfd5a1c5,금융안정보고서 2026년 6월,그림,II-2-9,업권별 부실 PF 익스포저 및 PF 연체율,설명,research/bok-archive/02-금융안정보고서/2026-06-24_금융안정보고서(2026년 6월)/현안2. 비은행 부문 잠재리스크 점검 및 시사점_2.pdf,8,번호 직결 인용 없음 또는 문장 조각·중복 배정 제외
BOK-20260624-91d0ea2e38e8-그림-acfa405bd59991ce,금융안정보고서 2026년 6월,그림,II-2-9,업권별 부실 PF익스포저 및 PF연체율,설명,research/bok-archive/02-금융안정보고서/2026-06-24_금융안정보고서(2026년 6월)/금융안정보고서(2026년 6월).pdf,122,번호 직결 인용 없음 또는 문장 조각·중복 배정 제외
BOK-20260624-91d0ea2e38e8-그림-d5be443ca1b80b14,금융안정보고서 2026년 6월,그림,II-2-10,비은행권1)의 지역별∙용도별 PF 부실사,분석 목적; 통계기법·지수; 설명,research/bok-archive/02-금융안정보고서/2026-06-24_금융안정보고서(2026년 6월)/현안2. 비은행 부문 잠재리스크 점검 및 시사점.pdf,8,제목·계열·직접 인용의 해석 근거 부족; 번호 직결 인용 없음 또는 문장 조각·중복 배정 제외
BOK-20260624-91d0ea2e38e8-그림-120a3b852240cca8,금융안정보고서 2026년 6월,그림,II-2-10,비은행권1)의 지역별∙용도별 PF 부실사 80 80,분석 목적; 통계기법·지수; 설명,research/bok-archive/02-금융안정보고서/2026-06-24_금융안정보고서(2026년 6월)/현안2. 비은행 부문 잠재리스크 점검 및 시사점_2.pdf,8,제목·계열·직접 인용의 해석 근거 부족; 번호 직결 인용 없음 또는 문장 조각·중복 배정 제외
BOK-20260624-91d0ea2e38e8-그림-cc6f7c265914316a,금융안정보고서 2026년 6월,그림,II-2-12,증권회사 규모별 PF 채무보증 리스크,통계기법·지수; 설명,research/bok-archive/02-금융안정보고서/2026-06-24_금융안정보고서(2026년 6월)/금융안정보고서(2026년 6월).pdf,123,번호 직결 인용 없음 또는 문장 조각·중복 배정 제외
BOK-20260624-91d0ea2e38e8-그림-0e0e72ba25e37ce1,금융안정보고서 2026년 6월,그림,II-2-12,증권회사 규모별 PF 채무보증 리스크,통계기법·지수,research/bok-archive/02-금융안정보고서/2026-06-24_금융안정보고서(2026년 6월)/현안2. 비은행 부문 잠재리스크 점검 및 시사점.pdf,9,출처·단위·데이터 형태 등 미확인
BOK-20260624-91d0ea2e38e8-그림-e174592d3befee0d,금융안정보고서 2026년 6월,그림,II-2-12,증권회사 규모별 PF 채무보증 리스크 급기관은 PF 등 여신건전성 관리 필요성이 여,분석 목적; 통계기법·지수; 설명,research/bok-archive/02-금융안정보고서/2026-06-24_금융안정보고서(2026년 6월)/현안2. 비은행 부문 잠재리스크 점검 및 시사점_2.pdf,9,제목·계열·직접 인용의 해석 근거 부족; 번호 직결 인용 없음 또는 문장 조각·중복 배정 제외
BOK-20260624-91d0ea2e38e8-그림-2c3c02652207254c,금융안정보고서 2026년 6월,그림,II-2-13,비은행예금취급기관 가계대출 및 카드사,분석 목적; 통계기법·지수; 설명,research/bok-archive/02-금융안정보고서/2026-06-24_금융안정보고서(2026년 6월)/현안2. 비은행 부문 잠재리스크 점검 및 시사점.pdf,10,제목·계열·직접 인용의 해석 근거 부족; 번호 직결 인용 없음 또는 문장 조각·중복 배정 제외
BOK-20260624-91d0ea2e38e8-그림-7f6c99b9fc04aca1,금융안정보고서 2026년 6월,그림,II-2-13,비은행예금취급기관 가계대출 및 카드사,분석 목적; 통계기법·지수; 설명,research/bok-archive/02-금융안정보고서/2026-06-24_금융안정보고서(2026년 6월)/현안2. 비은행 부문 잠재리스크 점검 및 시사점_2.pdf,10,제목·계열·직접 인용의 해석 근거 부족; 번호 직결 인용 없음 또는 문장 조각·중복 배정 제외
BOK-20260624-91d0ea2e38e8-그림-33b1a77af0d515f2,금융안정보고서 2026년 6월,그림,II-2-14,생명보험회사의 수익기반,설명,research/bok-archive/02-금융안정보고서/2026-06-24_금융안정보고서(2026년 6월)/금융안정보고서(2026년 6월).pdf,124,번호 직결 인용 없음 또는 문장 조각·중복 배정 제외
BOK-20260624-91d0ea2e38e8-그림-53fb0a22a17cd2d1,금융안정보고서 2026년 6월,그림,II-2-14,생명보험회사의 수익기반,통계기법·지수; 설명,research/bok-archive/02-금융안정보고서/2026-06-24_금융안정보고서(2026년 6월)/현안2. 비은행 부문 잠재리스크 점검 및 시사점.pdf,10,번호 직결 인용 없음 또는 문장 조각·중복 배정 제외
BOK-20260624-91d0ea2e38e8-그림-c44ae3236c6e8c14,금융안정보고서 2026년 6월,그림,II-2-14,생명보험회사의 수익기반,통계기법·지수; 설명,research/bok-archive/02-금융안정보고서/2026-06-24_금융안정보고서(2026년 6월)/현안2. 비은행 부문 잠재리스크 점검 및 시사점_2.pdf,10,번호 직결 인용 없음 또는 문장 조각·중복 배정 제외
BOK-20260624-91d0ea2e38e8-그림-40b3230331fe8f7e,금융안정보고서 2026년 6월,그림,II-2-15,손해보험회사의 수익기반,설명,research/bok-archive/02-금융안정보고서/2026-06-24_금융안정보고서(2026년 6월)/현안2. 비은행 부문 잠재리스크 점검 및 시사점.pdf,11,번호 직결 인용 없음 또는 문장 조각·중복 배정 제외
BOK-20260624-91d0ea2e38e8-그림-50169d399206c313,금융안정보고서 2026년 6월,그림,II-2-15,손해보험회사의 수익기반,설명,research/bok-archive/02-금융안정보고서/2026-06-24_금융안정보고서(2026년 6월)/현안2. 비은행 부문 잠재리스크 점검 및 시사점_2.pdf,11,번호 직결 인용 없음 또는 문장 조각·중복 배정 제외
BOK-20260624-91d0ea2e38e8-그림-34b0e199563712d2,금융안정보고서 2026년 6월,그림,II-2-16,금융시스템 내 상호거래 추이1),통계기법·지수; 설명,research/bok-archive/02-금융안정보고서/2026-06-24_금융안정보고서(2026년 6월)/현안2. 비은행 부문 잠재리스크 점검 및 시사점.pdf,11,번호 직결 인용 없음 또는 문장 조각·중복 배정 제외
BOK-20260624-91d0ea2e38e8-그림-544a117fe95d4490,금융안정보고서 2026년 6월,그림,II-2-16,금융시스템 내 상호거래 추이1),통계기법·지수; 설명,research/bok-archive/02-금융안정보고서/2026-06-24_금융안정보고서(2026년 6월)/현안2. 비은행 부문 잠재리스크 점검 및 시사점_2.pdf,11,번호 직결 인용 없음 또는 문장 조각·중복 배정 제외
BOK-20260624-91d0ea2e38e8-그림-3331de07b904ad90,금융안정보고서 2026년 6월,그림,II-2-17,비은행 부문 간 상품별 상호거래1)2),데이터 형태; 통계기법·지수; 설명,research/bok-archive/02-금융안정보고서/2026-06-24_금융안정보고서(2026년 6월)/현안2. 비은행 부문 잠재리스크 점검 및 시사점.pdf,12,번호 직결 인용 없음 또는 문장 조각·중복 배정 제외
BOK-20260624-91d0ea2e38e8-그림-305c654a20391ac9,금융안정보고서 2026년 6월,그림,II-2-17,비은행 부문 간 상품별 상호거래1)2),데이터 형태; 통계기법·지수,research/bok-archive/02-금융안정보고서/2026-06-24_금융안정보고서(2026년 6월)/현안2. 비은행 부문 잠재리스크 점검 및 시사점_2.pdf,12,출처·단위·데이터 형태 등 미확인
BOK-20260624-91d0ea2e38e8-그림-6f8e12cad3602357,금융안정보고서 2026년 6월,그림,II-2-17,시장성 상품의 상호거래,통계기법·지수; 설명,research/bok-archive/02-금융안정보고서/2026-06-24_금융안정보고서(2026년 6월)/금융안정보고서(2026년 6월).pdf,126,번호 직결 인용 없음 또는 문장 조각·중복 배정 제외
BOK-20260624-91d0ea2e38e8-그림-ef1e5f2e568a275c,금융안정보고서 2026년 6월,그림,II-2-18,보험·증권 스트레스 테스트 결과1),데이터 형태; 설명,research/bok-archive/02-금융안정보고서/2026-06-24_금융안정보고서(2026년 6월)/현안2. 비은행 부문 잠재리스크 점검 및 시사점.pdf,14,번호 직결 인용 없음 또는 문장 조각·중복 배정 제외
BOK-20260624-91d0ea2e38e8-그림-c5c05e34aaf091ad,금융안정보고서 2026년 6월,그림,II-2-18,보험·증권 스트레스 테스트 결과1),데이터 형태; 설명,research/bok-archive/02-금융안정보고서/2026-06-24_금융안정보고서(2026년 6월)/현안2. 비은행 부문 잠재리스크 점검 및 시사점_2.pdf,14,번호 직결 인용 없음 또는 문장 조각·중복 배정 제외
BOK-20260624-91d0ea2e38e8-그림-2fd2187eec8da58e,금융안정보고서 2026년 6월,그림,II-2-19,여전사·서민금융 스트레스 테스트 결과,설명,research/bok-archive/02-금융안정보고서/2026-06-24_금융안정보고서(2026년 6월)/금융안정보고서(2026년 6월).pdf,128,번호 직결 인용 없음 또는 문장 조각·중복 배정 제외
BOK-20260624-91d0ea2e38e8-그림-4e4cfc5ae7b0f91d,금융안정보고서 2026년 6월,그림,II-2-19,여전사·서민금융 스트레스 테스트 결과1),데이터 형태; 설명,research/bok-archive/02-금융안정보고서/2026-06-24_금융안정보고서(2026년 6월)/현안2. 비은행 부문 잠재리스크 점검 및 시사점.pdf,14,번호 직결 인용 없음 또는 문장 조각·중복 배정 제외
BOK-20260624-91d0ea2e38e8-그림-1699ee006631f9f1,금융안정보고서 2026년 6월,그림,II-2-19,여전사·서민금융 스트레스 테스트 결과1),데이터 형태; 설명,research/bok-archive/02-금융안정보고서/2026-06-24_금융안정보고서(2026년 6월)/현안2. 비은행 부문 잠재리스크 점검 및 시사점_2.pdf,14,번호 직결 인용 없음 또는 문장 조각·중복 배정 제외
BOK-20260624-91d0ea2e38e8-그림-46895f2f5a4dd058,금융안정보고서 2026년 6월,그림,II-2-20,업권별 유동성 충격 전이배수 추이,설명,research/bok-archive/02-금융안정보고서/2026-06-24_금융안정보고서(2026년 6월)/금융안정보고서(2026년 6월).pdf,129,번호 직결 인용 없음 또는 문장 조각·중복 배정 제외
BOK-20260624-91d0ea2e38e8-그림-72115c35f5c0aa74,금융안정보고서 2026년 6월,그림,II-2-20,업권별 유동성 충격 전이배수 추이,데이터 형태; 설명,research/bok-archive/02-금융안정보고서/2026-06-24_금융안정보고서(2026년 6월)/현안2. 비은행 부문 잠재리스크 점검 및 시사점.pdf,15,번호 직결 인용 없음 또는 문장 조각·중복 배정 제외
BOK-20260624-91d0ea2e38e8-그림-3d2213d1c260ee4f,금융안정보고서 2026년 6월,그림,II-2-20,업권별 유동성 충격 전이배수 추이,데이터 형태,research/bok-archive/02-금융안정보고서/2026-06-24_금융안정보고서(2026년 6월)/현안2. 비은행 부문 잠재리스크 점검 및 시사점_2.pdf,15,출처·단위·데이터 형태 등 미확인
BOK-20260624-91d0ea2e38e8-그림-a053963b9509e3bb,금융안정보고서 2026년 6월,그림,III-1,자영업자 관련 개념별 규모,데이터 형태; 통계기법·지수,research/bok-archive/02-금융안정보고서/2026-06-24_금융안정보고서(2026년 6월)/금융안정보고서(2026년 6월).pdf,133,출처·단위·데이터 형태 등 미확인
BOK-20260624-91d0ea2e38e8-그림-b3a947688a5afe58,금융안정보고서 2026년 6월,그림,III-5,무점포판매 및 전자상거래 이용 추이,설명,research/bok-archive/02-금융안정보고서/2026-06-24_금융안정보고서(2026년 6월)/금융안정보고서(2026년 6월).pdf,136,번호 직결 인용 없음 또는 문장 조각·중복 배정 제외
BOK-20260624-91d0ea2e38e8-그림-f02f6a96ff8c2696,금융안정보고서 2026년 6월,그림,III-7,주요 업종별 개인사업자 수 및 대출 비중,설명,research/bok-archive/02-금융안정보고서/2026-06-24_금융안정보고서(2026년 6월)/금융안정보고서(2026년 6월).pdf,137,번호 직결 인용 없음 또는 문장 조각·중복 배정 제외
BOK-20260624-91d0ea2e38e8-그림-2e25e0e1e6b1782c,금융안정보고서 2026년 6월,그림,III-8,자영업자의 산업별 대출집중도와 자본생산성 간 관계,단위,research/bok-archive/02-금융안정보고서/2026-06-24_금융안정보고서(2026년 6월)/금융안정보고서(2026년 6월).pdf,138,출처·단위·데이터 형태 등 미확인
BOK-20260624-91d0ea2e38e8-그림-4c3440275c2ceb64,금융안정보고서 2026년 6월,그림,III-9,청년층 자영업 진입 추이,설명,research/bok-archive/02-금융안정보고서/2026-06-24_금융안정보고서(2026년 6월)/금융안정보고서(2026년 6월).pdf,138,번호 직결 인용 없음 또는 문장 조각·중복 배정 제외
BOK-20260624-91d0ea2e38e8-그림-e7f9522a622f16ae,금융안정보고서 2026년 6월,그림,III-10,고연령 자영업자 규모 및 비중 추이,설명,research/bok-archive/02-금융안정보고서/2026-06-24_금융안정보고서(2026년 6월)/금융안정보고서(2026년 6월).pdf,139,번호 직결 인용 없음 또는 문장 조각·중복 배정 제외
BOK-20260624-91d0ea2e38e8-그림-b60307be0aaa92c2,금융안정보고서 2026년 6월,그림,III-11,자영업 가구의 평균 채무상환능력 변화,설명,research/bok-archive/02-금융안정보고서/2026-06-24_금융안정보고서(2026년 6월)/금융안정보고서(2026년 6월).pdf,140,번호 직결 인용 없음 또는 문장 조각·중복 배정 제외
BOK-20260624-91d0ea2e38e8-그림-d4712d8c541051d9,금융안정보고서 2026년 6월,그림,III-14,자영업 구조 변화와 금융안정 리스크,사용 데이터·출처; 단위; 데이터 형태; 통계기법·지수,research/bok-archive/02-금융안정보고서/2026-06-24_금융안정보고서(2026년 6월)/금융안정보고서(2026년 6월).pdf,141,출처·단위·데이터 형태 등 미확인
BOK-20260624-91d0ea2e38e8-그림-a2885b952cffc980,금융안정보고서 2026년 6월,그림,III-15,매출 규모별 개인사업자 소멸률,설명,research/bok-archive/02-금융안정보고서/2026-06-24_금융안정보고서(2026년 6월)/금융안정보고서(2026년 6월).pdf,142,번호 직결 인용 없음 또는 문장 조각·중복 배정 제외
BOK-20260624-91d0ea2e38e8-그림-7f4e510447fae261,금융안정보고서 2026년 6월,그림,III-18,부동산임대업 자영업자의 건전성 추이,설명,research/bok-archive/02-금융안정보고서/2026-06-24_금융안정보고서(2026년 6월)/금융안정보고서(2026년 6월).pdf,143,번호 직결 인용 없음 또는 문장 조각·중복 배정 제외
BOK-20260624-91d0ea2e38e8-그림-1cdaa32e850a50ce,금융안정보고서 2026년 6월,그림,III-20,연령 및 금융업권별 자영업자 대출 비중,설명,research/bok-archive/02-금융안정보고서/2026-06-24_금융안정보고서(2026년 6월)/금융안정보고서(2026년 6월).pdf,144,번호 직결 인용 없음 또는 문장 조각·중복 배정 제외
BOK-20260624-91d0ea2e38e8-그림-2962a3a17cae48c2,금융안정보고서 2026년 6월,그림,III-21,자영업자 대출 연체율 변동요인 분해,설명,research/bok-archive/02-금융안정보고서/2026-06-24_금융안정보고서(2026년 6월)/금융안정보고서(2026년 6월).pdf,145,번호 직결 인용 없음 또는 문장 조각·중복 배정 제외
BOK-20260624-91d0ea2e38e8-그림-dd5d9616d103922d,금융안정보고서 2026년 6월,그림,III-22,2025년 추경이 자영업자에 미친 영향,설명,research/bok-archive/02-금융안정보고서/2026-06-24_금융안정보고서(2026년 6월)/금융안정보고서(2026년 6월).pdf,161,번호 직결 인용 없음 또는 문장 조각·중복 배정 제외
BOK-20260624-91d0ea2e38e8-그림-cf131737556394f1,금융안정보고서 2026년 6월,그림,III-22-2025,년 추경이 자영업자에 미친 영향,사용 데이터·출처; 데이터 형태; 종류; 분석 목적; 통계기법·지수; 설명,불명,불명,허용 종류로 판별 불가 또는 표 구조 미확인; 제목·계열·직접 인용의 해석 근거 부족; 번호 직결 인용 없음 또는 문장 조각·중복 배정 제외
BOK-20260624-91d0ea2e38e8-그림-5ffb8955dbb802fe,금융안정보고서 2026년 6월,그림,불명,1~5월중 종목별 외국인 국내 채권투자,번호; 통계기법·지수; 설명,불명,불명,번호 미확인; 캡션 또는 비결과물 오탐 여부 검수; 번호 직결 인용 없음 또는 문장 조각·중복 배정 제외
BOK-20260624-91d0ea2e38e8-그림-ace503c860c61ce9,금융안정보고서 2026년 6월,그림,불명,DTA 추이 및 주택가격과 DTA 간 상관관계,번호; 설명,불명,불명,번호 미확인; 캡션 또는 비결과물 오탐 여부 검수; 번호 직결 인용 없음 또는 문장 조각·중복 배정 제외
BOK-20260624-91d0ea2e38e8-그림-94705c923fd8ba85,금융안정보고서 2026년 6월,그림,불명,PF 부실 사업장 유형별 현황,번호; 설명,불명,불명,번호 미확인; 캡션 또는 비결과물 오탐 여부 검수; 번호 직결 인용 없음 또는 문장 조각·중복 배정 제외
BOK-20260624-91d0ea2e38e8-그림-b753aa8852878e47,금융안정보고서 2026년 6월,그림,불명,가계대출 연체율 및 지역별 주택 비중,번호; 설명,불명,불명,번호 미확인; 캡션 또는 비결과물 오탐 여부 검수; 번호 직결 인용 없음 또는 문장 조각·중복 배정 제외
BOK-20260624-91d0ea2e38e8-그림-1a72de8af28d50ad,금융안정보고서 2026년 6월,그림,불명,가상자산 선물시장 관련 지표,번호; 통계기법·지수; 설명,불명,불명,번호 미확인; 캡션 또는 비결과물 오탐 여부 검수; 번호 직결 인용 없음 또는 문장 조각·중복 배정 제외
BOK-20260624-91d0ea2e38e8-그림-db4d30794009379c,금융안정보고서 2026년 6월,그림,불명,국내은행의 부실여신 정리 현황,번호; 통계기법·지수; 설명,불명,불명,번호 미확인; 캡션 또는 비결과물 오탐 여부 검수; 번호 직결 인용 없음 또는 문장 조각·중복 배정 제외
BOK-20260624-91d0ea2e38e8-그림-2c165d1342ca6060,금융안정보고서 2026년 6월,그림,불명,국내주식 해외상장 주요 ETF 순매수,번호; 설명,불명,불명,번호 미확인; 캡션 또는 비결과물 오탐 여부 검수; 번호 직결 인용 없음 또는 문장 조각·중복 배정 제외
BOK-20260624-91d0ea2e38e8-그림-7286ee3eb18718d7,금융안정보고서 2026년 6월,그림,불명,글로벌 유동성과 가상자산 가격 간 연계성,번호; 단위; 종류; 통계기법·지수; 설명,불명,불명,번호 미확인; 캡션 또는 비결과물 오탐 여부 검수; 허용 종류로 판별 불가 또는 표 구조 미확인; 번호 직결 인용 없음 또는 문장 조각·중복 배정 제외
BOK-20260624-91d0ea2e38e8-그림-12d8f617453d72fd,금융안정보고서 2026년 6월,그림,불명,글로벌 주식 인덱스 내 국내주식 비중,번호; 설명,불명,불명,번호 미확인; 캡션 또는 비결과물 오탐 여부 검수; 번호 직결 인용 없음 또는 문장 조각·중복 배정 제외
BOK-20260624-91d0ea2e38e8-그림-c4a89238b30ec350,금융안정보고서 2026년 6월,그림,불명,금융불안지수(FSI) 및 금융취약성지수(FVI),번호; 설명,불명,불명,번호 미확인; 캡션 또는 비결과물 오탐 여부 검수; 번호 직결 인용 없음 또는 문장 조각·중복 배정 제외
BOK-20260624-91d0ea2e38e8-그림-230935048725e146,금융안정보고서 2026년 6월,그림,불명,"금융업권별 고정이하여신비율, 자본적정성 비율",번호; 설명,불명,불명,번호 미확인; 캡션 또는 비결과물 오탐 여부 검수; 번호 직결 인용 없음 또는 문장 조각·중복 배정 제외
BOK-20260624-91d0ea2e38e8-그림-7b64825798c94fe1,금융안정보고서 2026년 6월,그림,불명,기업부문 성장성 및 수익성,번호; 통계기법·지수; 설명,불명,불명,번호 미확인; 캡션 또는 비결과물 오탐 여부 검수; 번호 직결 인용 없음 또는 문장 조각·중복 배정 제외
BOK-20260624-91d0ea2e38e8-그림-f129d36ce20b427d,금융안정보고서 2026년 6월,그림,불명,"대외부문 자본유출입, 대외건전성 지표",번호; 설명,불명,불명,번호 미확인; 캡션 또는 비결과물 오탐 여부 검수; 번호 직결 인용 없음 또는 문장 조각·중복 배정 제외
BOK-20260624-91d0ea2e38e8-그림-5c9716484379a08c,금융안정보고서 2026년 6월,그림,불명,물류센터 공급물량 및 수도권 공실률,번호; 설명,불명,불명,번호 미확인; 캡션 또는 비결과물 오탐 여부 검수; 번호 직결 인용 없음 또는 문장 조각·중복 배정 제외
BOK-20260624-91d0ea2e38e8-그림-1ce7daee73bafbe0,금융안정보고서 2026년 6월,그림,불명,미 현물 ETF의 비트코인 보유 규모,번호; 통계기법·지수; 설명,불명,불명,번호 미확인; 캡션 또는 비결과물 오탐 여부 검수; 번호 직결 인용 없음 또는 문장 조각·중복 배정 제외
BOK-20260624-91d0ea2e38e8-그림-011d7822b5807929,금융안정보고서 2026년 6월,그림,불명,"민간신용 레버리지, 가계 및 기업 대출 연체율",번호; 설명,불명,불명,번호 미확인; 캡션 또는 비결과물 오탐 여부 검수; 번호 직결 인용 없음 또는 문장 조각·중복 배정 제외
BOK-20260624-91d0ea2e38e8-그림-f5d8817d1761cc58,금융안정보고서 2026년 6월,그림,불명,반감기별 비트코인 가격 및 신규 공급비율,번호; 설명,불명,불명,번호 미확인; 캡션 또는 비결과물 오탐 여부 검수; 번호 직결 인용 없음 또는 문장 조각·중복 배정 제외
BOK-20260624-91d0ea2e38e8-그림-c48f616f0d470a39,금융안정보고서 2026년 6월,그림,불명,부실 확대기 중 부실여신의 구성 비교,번호; 통계기법·지수; 설명,불명,불명,번호 미확인; 캡션 또는 비결과물 오탐 여부 검수; 번호 직결 인용 없음 또는 문장 조각·중복 배정 제외
BOK-20260624-91d0ea2e38e8-그림-bbd306095cd1ba66,금융안정보고서 2026년 6월,그림,불명,비트코인과 국내 금융시장 가격 변수 간 동적 조건부 상관계수,번호; 설명,불명,불명,번호 미확인; 캡션 또는 비결과물 오탐 여부 검수; 번호 직결 인용 없음 또는 문장 조각·중복 배정 제외
BOK-20260624-91d0ea2e38e8-그림-54967a8503bebed2,금융안정보고서 2026년 6월,그림,불명,비트코인과 나스닥·달러인덱스(DXY)·금(현물가격) 간 동적 조건부 상관계수,번호; 설명,불명,불명,번호 미확인; 캡션 또는 비결과물 오탐 여부 검수; 번호 직결 인용 없음 또는 문장 조각·중복 배정 제외
BOK-20260624-91d0ea2e38e8-그림-91b37528a0852028,금융안정보고서 2026년 6월,그림,불명,상승·하락기별 주요 가상자산 가격,번호; 통계기법·지수; 설명,불명,불명,번호 미확인; 캡션 또는 비결과물 오탐 여부 검수; 번호 직결 인용 없음 또는 문장 조각·중복 배정 제외
BOK-20260624-91d0ea2e38e8-그림-7a65ee777769cff2,금융안정보고서 2026년 6월,그림,불명,상업용부동산 담보대출 자산건전성 현황,번호; 통계기법·지수; 설명,불명,불명,번호 미확인; 캡션 또는 비결과물 오탐 여부 검수; 번호 직결 인용 없음 또는 문장 조각·중복 배정 제외
BOK-20260624-91d0ea2e38e8-그림-3189be2898b0cd17,금융안정보고서 2026년 6월,그림,불명,상업용부동산 담보대출 잔액 및 연체율,번호; 설명,불명,불명,번호 미확인; 캡션 또는 비결과물 오탐 여부 검수; 번호 직결 인용 없음 또는 문장 조각·중복 배정 제외
BOK-20260624-91d0ea2e38e8-그림-05cb13efab55a4b4,금융안정보고서 2026년 6월,그림,불명,상업용부동산 유형별 거래량 및 가격,번호; 설명,불명,불명,번호 미확인; 캡션 또는 비결과물 오탐 여부 검수; 번호 직결 인용 없음 또는 문장 조각·중복 배정 제외
BOK-20260624-91d0ea2e38e8-그림-003921b546796889,금융안정보고서 2026년 6월,그림,불명,소득대비 임대료 비율 및 이자 부담 현황,번호; 설명,불명,불명,번호 미확인; 캡션 또는 비결과물 오탐 여부 검수; 번호 직결 인용 없음 또는 문장 조각·중복 배정 제외
BOK-20260624-91d0ea2e38e8-그림-c0cf69a5bd33dc41,금융안정보고서 2026년 6월,그림,불명,스테이블코인 발행사 및 주요국 중앙은행의 미 T-bill 보유 및 매수 규모,번호; 통계기법·지수; 설명,불명,불명,번호 미확인; 캡션 또는 비결과물 오탐 여부 검수; 번호 직결 인용 없음 또는 문장 조각·중복 배정 제외
BOK-20260624-91d0ea2e38e8-그림-10b6e740bd5622ab,금융안정보고서 2026년 6월,그림,불명,스트래티지의 비트코인 투자 관련 지표,번호; 설명,불명,불명,번호 미확인; 캡션 또는 비결과물 오탐 여부 검수; 번호 직결 인용 없음 또는 문장 조각·중복 배정 제외
BOK-20260624-91d0ea2e38e8-그림-260911a028a432ee,금융안정보고서 2026년 6월,그림,불명,아시아 주식 연계 파생금융상품 잔액,번호; 설명,불명,불명,번호 미확인; 캡션 또는 비결과물 오탐 여부 검수; 번호 직결 인용 없음 또는 문장 조각·중복 배정 제외
BOK-20260624-91d0ea2e38e8-그림-1dcd5245911ac3ac,금융안정보고서 2026년 6월,그림,불명,업종별 금융기관 대출금,번호; 설명,불명,불명,번호 미확인; 캡션 또는 비결과물 오탐 여부 검수; 번호 직결 인용 없음 또는 문장 조각·중복 배정 제외
BOK-20260624-91d0ea2e38e8-그림-7546c33075b953ee,금융안정보고서 2026년 6월,그림,불명,업종별 이자보상배율,번호; 설명,research/bok-archive/02-금융안정보고서/2026-06-24_금융안정보고서(2026년 6월)/현안1. 시장금리 상승에 따른 금융시스템 안정성 평가.pdf,15,번호 미확인; 캡션 또는 비결과물 오탐 여부 검수; 번호 직결 인용 없음 또는 문장 조각·중복 배정 제외
BOK-20260624-91d0ea2e38e8-그림-e4a7b59b2a0d2833,금융안정보고서 2026년 6월,그림,불명,오피스 및 상가 지역별 공실률,번호; 설명,불명,불명,번호 미확인; 캡션 또는 비결과물 오탐 여부 검수; 번호 직결 인용 없음 또는 문장 조각·중복 배정 제외
BOK-20260624-91d0ea2e38e8-그림-a34f06c109cd4174,금융안정보고서 2026년 6월,그림,불명,외국인 국내 주식투자 및 KOSPI지수,번호; 설명,불명,불명,번호 미확인; 캡션 또는 비결과물 오탐 여부 검수; 번호 직결 인용 없음 또는 문장 조각·중복 배정 제외
BOK-20260624-91d0ea2e38e8-그림-9251669ba7e57ac1,금융안정보고서 2026년 6월,그림,불명,외국인 국내 증권투자자금,번호; 통계기법·지수; 설명,불명,불명,번호 미확인; 캡션 또는 비결과물 오탐 여부 검수; 번호 직결 인용 없음 또는 문장 조각·중복 배정 제외
BOK-20260624-91d0ea2e38e8-그림-1a590c51e4223e12,금융안정보고서 2026년 6월,그림,불명,월평균 외국인 국고채 순투자,번호; 설명,불명,불명,번호 미확인; 캡션 또는 비결과물 오탐 여부 검수; 번호 직결 인용 없음 또는 문장 조각·중복 배정 제외
BOK-20260624-91d0ea2e38e8-그림-93b4e33d75830ef1,금융안정보고서 2026년 6월,그림,불명,은행권 매각 부실채권 구성,번호; 통계기법·지수; 설명,불명,불명,번호 미확인; 캡션 또는 비결과물 오탐 여부 검수; 번호 직결 인용 없음 또는 문장 조각·중복 배정 제외
BOK-20260624-91d0ea2e38e8-그림-71dc03c6c16e91e9,금융안정보고서 2026년 6월,그림,불명,일본계 투자자 국고채 보유 잔액,번호; 설명,불명,불명,번호 미확인; 캡션 또는 비결과물 오탐 여부 검수; 번호 직결 인용 없음 또는 문장 조각·중복 배정 제외
BOK-20260624-91d0ea2e38e8-그림-91e6230170848e1e,금융안정보고서 2026년 6월,그림,불명,"주가 변동성 · 신용 스프레드, 주택매매가격 상승률",번호; 설명,불명,불명,번호 미확인; 캡션 또는 비결과물 오탐 여부 검수; 번호 직결 인용 없음 또는 문장 조각·중복 배정 제외
BOK-20260624-91d0ea2e38e8-그림-f4e8e6c3624b196e,금융안정보고서 2026년 6월,그림,불명,주식 레버리지 투자 규모 및 취약차주 연체율 추이,번호; 설명,불명,불명,번호 미확인; 캡션 또는 비결과물 오탐 여부 검수; 번호 직결 인용 없음 또는 문장 조각·중복 배정 제외
BOK-20260624-91d0ea2e38e8-그림-62b5bd74f090c102,금융안정보고서 2026년 6월,그림,불명,주택소유 유형별 DSR 및 단계별 DSR 변화,번호; 설명,불명,불명,번호 미확인; 캡션 또는 비결과물 오탐 여부 검수; 번호 직결 인용 없음 또는 문장 조각·중복 배정 제외
BOK-20260624-91d0ea2e38e8-그림-8733f8504bb8db36,금융안정보고서 2026년 6월,그림,불명,차익거래유인과 국내 단기 채권자금,번호; 통계기법·지수; 설명,불명,불명,번호 미확인; 캡션 또는 비결과물 오탐 여부 검수; 번호 직결 인용 없음 또는 문장 조각·중복 배정 제외
BOK-20260624-91d0ea2e38e8-그림-5b7263509394082d,금융안정보고서 2026년 6월,그림,불명,차주 및 업종별 국내은행 부실여신 추이,번호; 통계기법·지수; 설명,불명,불명,번호 미확인; 캡션 또는 비결과물 오탐 여부 검수; 번호 직결 인용 없음 또는 문장 조각·중복 배정 제외
BOK-20260624-91d0ea2e38e8-그림-6ae562e74089e5a0,금융안정보고서 2026년 6월,그림,불명,취약 업종의 구조적 부진,번호; 설명,불명,불명,번호 미확인; 캡션 또는 비결과물 오탐 여부 검수; 번호 직결 인용 없음 또는 문장 조각·중복 배정 제외
BOK-20260624-91d0ea2e38e8-그림-d9afa03205d0e19f,금융안정보고서 2026년 6월,그림,불명,취약 업종의 금융기관 대출 및 건전성 현황,번호; 통계기법·지수; 설명,불명,불명,번호 미확인; 캡션 또는 비결과물 오탐 여부 검수; 번호 직결 인용 없음 또는 문장 조각·중복 배정 제외
BOK-20260624-91d0ea2e38e8-그림-0d87d34b3adea8a3,금융안정보고서 2026년 6월,그림,불명,투자주체별 외국인 주식투자자금,번호; 통계기법·지수; 설명,불명,불명,번호 미확인; 캡션 또는 비결과물 오탐 여부 검수; 번호 직결 인용 없음 또는 문장 조각·중복 배정 제외
BOK-20260624-91d0ea2e38e8-표-509a42e20c71b3f0,금융안정보고서 2026년 6월,표,I-1-1,취약차주 비중1) 및 차주 특성별 가계대출 장기평균,분석 목적; 설명,research/bok-archive/02-금융안정보고서/2026-06-24_금융안정보고서(2026년 6월)/금융안정보고서(2026년 6월).pdf,22,제목·계열·직접 인용의 해석 근거 부족; 번호 직결 인용 없음 또는 문장 조각·중복 배정 제외
BOK-20260624-91d0ea2e38e8-표-51004f84dbfde655,금융안정보고서 2026년 6월,표,I-3-1,일반은행 단순기본자본비율1)2),데이터 형태,research/bok-archive/02-금융안정보고서/2026-06-24_금융안정보고서(2026년 6월)/금융안정보고서(2026년 6월).pdf,59,출처·단위·데이터 형태 등 미확인
BOK-20260624-91d0ea2e38e8-표-9c00812d2ab89648,금융안정보고서 2026년 6월,표,I-3-2,일반은행 NSFR1)2)3),데이터 형태; 설명,research/bok-archive/02-금융안정보고서/2026-06-24_금융안정보고서(2026년 6월)/금융안정보고서(2026년 6월).pdf,60,번호 직결 인용 없음 또는 문장 조각·중복 배정 제외
BOK-20260624-91d0ea2e38e8-표-d04a392dd4eb3247,금융안정보고서 2026년 6월,표,I-5-1,다주택자 주택담보대출 만기연장 제한 조치,단위; 데이터 형태; 통계기법·지수,research/bok-archive/02-금융안정보고서/2026-06-24_금융안정보고서(2026년 6월)/금융안정보고서(2026년 6월).pdf,87,출처·단위·데이터 형태 등 미확인
BOK-20260624-91d0ea2e38e8-표-6d0785ef1ffb47a7,금융안정보고서 2026년 6월,표,I-5-2,사업자대출 용도외 유용 적발시 조치사항,단위; 데이터 형태; 통계기법·지수,research/bok-archive/02-금융안정보고서/2026-06-24_금융안정보고서(2026년 6월)/금융안정보고서(2026년 6월).pdf,87,출처·단위·데이터 형태 등 미확인
BOK-20260624-91d0ea2e38e8-표-2dbdfebcdbeecc9e,금융안정보고서 2026년 6월,표,I-5-3,온라인투자연계금융업자에 대한 대출규제적용방안,단위; 데이터 형태; 통계기법·지수,research/bok-archive/02-금융안정보고서/2026-06-24_금융안정보고서(2026년 6월)/금융안정보고서(2026년 6월).pdf,87,출처·단위·데이터 형태 등 미확인
BOK-20260624-91d0ea2e38e8-표-cc91a7d9de072864,금융안정보고서 2026년 6월,표,I-5-4,외환건전성 제도 탄력적 조정방안 주요 내용,단위; 데이터 형태; 통계기법·지수; 설명,research/bok-archive/02-금융안정보고서/2026-06-24_금융안정보고서(2026년 6월)/금융안정보고서(2026년 6월).pdf,88,번호 직결 인용 없음 또는 문장 조각·중복 배정 제외
BOK-20260624-91d0ea2e38e8-표-141892833db2811f,금융안정보고서 2026년 6월,표,I-5-5,업권별 자본규제 합리화 세부 내용,단위; 데이터 형태; 통계기법·지수; 설명,research/bok-archive/02-금융안정보고서/2026-06-24_금융안정보고서(2026년 6월)/금융안정보고서(2026년 6월).pdf,90,번호 직결 인용 없음 또는 문장 조각·중복 배정 제외
BOK-20260624-91d0ea2e38e8-표-c12b296b09888ce9,금융안정보고서 2026년 6월,표,I-5-6,증권회사 부동산 NCR 위험값 개선방안,단위; 데이터 형태; 설명,research/bok-archive/02-금융안정보고서/2026-06-24_금융안정보고서(2026년 6월)/금융안정보고서(2026년 6월).pdf,90,번호 직결 인용 없음 또는 문장 조각·중복 배정 제외
BOK-20260624-91d0ea2e38e8-표-bcf919e6dc2226d1,금융안정보고서 2026년 6월,표,I-5-7,국내상장 ETF 규제 완화 내용,단위; 데이터 형태; 통계기법·지수; 설명,research/bok-archive/02-금융안정보고서/2026-06-24_금융안정보고서(2026년 6월)/금융안정보고서(2026년 6월).pdf,91,번호 직결 인용 없음 또는 문장 조각·중복 배정 제외
BOK-20260624-91d0ea2e38e8-표-b48a5304954a141e,금융안정보고서 2026년 6월,표,II-2-1,비은행 부문 간 주요 자금흐름,통계기법·지수; 설명,research/bok-archive/02-금융안정보고서/2026-06-24_금융안정보고서(2026년 6월)/금융안정보고서(2026년 6월).pdf,127,번호 직결 인용 없음 또는 문장 조각·중복 배정 제외
BOK-20260624-91d0ea2e38e8-표-0c14e764b29dce43,금융안정보고서 2026년 6월,표,II-2-1,비은행 부문 간 주요 자금흐름,통계기법·지수,research/bok-archive/02-금융안정보고서/2026-06-24_금융안정보고서(2026년 6월)/현안2. 비은행 부문 잠재리스크 점검 및 시사점.pdf,13,출처·단위·데이터 형태 등 미확인
BOK-20260624-91d0ea2e38e8-표-9fefa2422dbf5260,금융안정보고서 2026년 6월,표,II-2-1,비은행 부문 간 주요 자금흐름,통계기법·지수; 설명,research/bok-archive/02-금융안정보고서/2026-06-24_금융안정보고서(2026년 6월)/현안2. 비은행 부문 잠재리스크 점검 및 시사점_2.pdf,13,번호 직결 인용 없음 또는 문장 조각·중복 배정 제외
BOK-20260624-91d0ea2e38e8-표-e4ca22601fc02da2,금융안정보고서 2026년 6월,표,III-3,자영업자 대출 연체율 모형 추정 결과1) 6 6,데이터 형태; 분석 목적,research/bok-archive/02-금융안정보고서/2026-06-24_금융안정보고서(2026년 6월)/금융안정보고서(2026년 6월).pdf,145,제목·계열·직접 인용의 해석 근거 부족
BOK-20240329-1d931f5947ea-그림-0264280127f88db0,연차보고서 2023년도,그림,I-1,세계경제 성장률 추이,설명,research/bok-archive/05-연차보고서/2024-03-29_2023년도 연차보고서/(붙임2) 2023년도 연차보고서.pdf,19,번호 직결 인용 없음 또는 문장 조각·중복 배정 제외
BOK-20240329-1d931f5947ea-그림-3d1ba5555903df4a,연차보고서 2023년도,그림,I-2,세계경제 및 주요국 성장률,데이터 형태; 설명,research/bok-archive/05-연차보고서/2024-03-29_2023년도 연차보고서/(붙임2) 2023년도 연차보고서.pdf,19,번호 직결 인용 없음 또는 문장 조각·중복 배정 제외
BOK-20240329-1d931f5947ea-그림-cc340152973ec65b,연차보고서 2023년도,그림,I-3,세계교역 신장률1),통계기법·지수; 설명,research/bok-archive/05-연차보고서/2024-03-29_2023년도 연차보고서/(붙임2) 2023년도 연차보고서.pdf,20,번호 직결 인용 없음 또는 문장 조각·중복 배정 제외
BOK-20240329-1d931f5947ea-그림-dfa8c0848da91c32,연차보고서 2023년도,그림,I-4,국제유가 (월평균),단위; 설명,research/bok-archive/05-연차보고서/2024-03-29_2023년도 연차보고서/(붙임2) 2023년도 연차보고서.pdf,20,번호 직결 인용 없음 또는 문장 조각·중복 배정 제외
BOK-20240329-1d931f5947ea-그림-c00c01166a57eae6,연차보고서 2023년도,그림,I-5,GDP 성장률 및 지출항목별 기여도1),설명,research/bok-archive/05-연차보고서/2024-03-29_2023년도 연차보고서/(붙임2) 2023년도 연차보고서.pdf,21,번호 직결 인용 없음 또는 문장 조각·중복 배정 제외
BOK-20240329-1d931f5947ea-그림-e900677bc54cdeb7,연차보고서 2023년도,그림,I-6,소비 증감률 및 기여도,설명,research/bok-archive/05-연차보고서/2024-03-29_2023년도 연차보고서/(붙임2) 2023년도 연차보고서.pdf,21,번호 직결 인용 없음 또는 문장 조각·중복 배정 제외
BOK-20240329-1d931f5947ea-그림-e9e0fa573c7bc3ac,연차보고서 2023년도,그림,I-7,투자 증감률 및 기여도,설명,research/bok-archive/05-연차보고서/2024-03-29_2023년도 연차보고서/(붙임2) 2023년도 연차보고서.pdf,22,번호 직결 인용 없음 또는 문장 조각·중복 배정 제외
BOK-20240329-1d931f5947ea-그림-94192962de0fe99c,연차보고서 2023년도,그림,I-8,수출 증감률 및 기여도,설명,research/bok-archive/05-연차보고서/2024-03-29_2023년도 연차보고서/(붙임2) 2023년도 연차보고서.pdf,22,번호 직결 인용 없음 또는 문장 조각·중복 배정 제외
BOK-20240329-1d931f5947ea-그림-8d2012bac6408ce4,연차보고서 2023년도,그림,I-9,GDP 성장률 및 경제활동별 기여도 7,설명,research/bok-archive/05-연차보고서/2024-03-29_2023년도 연차보고서/(붙임2) 2023년도 연차보고서.pdf,23,번호 직결 인용 없음 또는 문장 조각·중복 배정 제외
BOK-20240329-1d931f5947ea-그림-8433e93e7ef0af75,연차보고서 2023년도,그림,I-10,산업별 취업자수 증감 15~29세 30~59세 60세이상 전체,분석 목적; 통계기법·지수; 설명,research/bok-archive/05-연차보고서/2024-03-29_2023년도 연차보고서/(붙임2) 2023년도 연차보고서.pdf,24,제목·계열·직접 인용의 해석 근거 부족; 번호 직결 인용 없음 또는 문장 조각·중복 배정 제외
BOK-20240329-1d931f5947ea-그림-95e71df799fffb75,연차보고서 2023년도,그림,I-11,종사상지위별 취업자수 증감,통계기법·지수; 설명,research/bok-archive/05-연차보고서/2024-03-29_2023년도 연차보고서/(붙임2) 2023년도 연차보고서.pdf,24,번호 직결 인용 없음 또는 문장 조각·중복 배정 제외
BOK-20240329-1d931f5947ea-그림-6e3c5f22ef5d79e9,연차보고서 2023년도,그림,I-12,연령별 취업자수 증감,통계기법·지수; 설명,research/bok-archive/05-연차보고서/2024-03-29_2023년도 연차보고서/(붙임2) 2023년도 연차보고서.pdf,24,번호 직결 인용 없음 또는 문장 조각·중복 배정 제외
BOK-20240329-1d931f5947ea-그림-d5f7267e9b38b281,연차보고서 2023년도,그림,I-13,종사상지위별 임금상승률 제,데이터 형태; 설명,research/bok-archive/05-연차보고서/2024-03-29_2023년도 연차보고서/(붙임2) 2023년도 연차보고서.pdf,25,번호 직결 인용 없음 또는 문장 조각·중복 배정 제외
BOK-20240329-1d931f5947ea-그림-455ffd138ce83710,연차보고서 2023년도,그림,I-14,주요 물가 지표,단위; 통계기법·지수; 설명,research/bok-archive/05-연차보고서/2024-03-29_2023년도 연차보고서/(붙임2) 2023년도 연차보고서.pdf,26,번호 직결 인용 없음 또는 문장 조각·중복 배정 제외
BOK-20240329-1d931f5947ea-그림-33af55b74159a3e5,연차보고서 2023년도,그림,I-16,경상수지,설명,research/bok-archive/05-연차보고서/2024-03-29_2023년도 연차보고서/(붙임2) 2023년도 연차보고서.pdf,27,번호 직결 인용 없음 또는 문장 조각·중복 배정 제외
BOK-20240329-1d931f5947ea-그림-c07770efb44b9f6e,연차보고서 2023년도,그림,I-17,서비스수지 13,설명,research/bok-archive/05-연차보고서/2024-03-29_2023년도 연차보고서/(붙임2) 2023년도 연차보고서.pdf,29,번호 직결 인용 없음 또는 문장 조각·중복 배정 제외
BOK-20240329-1d931f5947ea-그림-6e0c98daecfd624d,연차보고서 2023년도,그림,I-18,주요국 국채금리 및 EMBI+ 가산금리,데이터 형태; 설명,research/bok-archive/05-연차보고서/2024-03-29_2023년도 연차보고서/(붙임2) 2023년도 연차보고서.pdf,31,번호 직결 인용 없음 또는 문장 조각·중복 배정 제외
BOK-20240329-1d931f5947ea-그림-7179a41beafbc41e,연차보고서 2023년도,그림,I-19,주요 선진국 주가 및 MSCI 신흥국 지수,단위; 데이터 형태; 설명,research/bok-archive/05-연차보고서/2024-03-29_2023년도 연차보고서/(붙임2) 2023년도 연차보고서.pdf,32,번호 직결 인용 없음 또는 문장 조각·중복 배정 제외
BOK-20240329-1d931f5947ea-그림-68c6adb0b3783c72,연차보고서 2023년도,그림,I-20,달러/유로 및 엔/달러 환율,데이터 형태; 설명,research/bok-archive/05-연차보고서/2024-03-29_2023년도 연차보고서/(붙임2) 2023년도 연차보고서.pdf,32,번호 직결 인용 없음 또는 문장 조각·중복 배정 제외
BOK-20240329-1d931f5947ea-그림-2a8f3dc31e8473b1,연차보고서 2023년도,그림,I-21,국고채 금리 및 미국 국채 금리,데이터 형태; 통계기법·지수; 설명,research/bok-archive/05-연차보고서/2024-03-29_2023년도 연차보고서/(붙임2) 2023년도 연차보고서.pdf,33,번호 직결 인용 없음 또는 문장 조각·중복 배정 제외
BOK-20240329-1d931f5947ea-그림-da9f789b3c9c364f,연차보고서 2023년도,그림,I-23,주요 단기금리,단위; 데이터 형태; 통계기법·지수; 설명,research/bok-archive/05-연차보고서/2024-03-29_2023년도 연차보고서/(붙임2) 2023년도 연차보고서.pdf,34,번호 직결 인용 없음 또는 문장 조각·중복 배정 제외
BOK-20240329-1d931f5947ea-그림-2c4d604c845244b0,연차보고서 2023년도,그림,I-25,원/달러 환율 및 원화 명목실효환율 지수1) ･,데이터 형태; 설명,research/bok-archive/05-연차보고서/2024-03-29_2023년도 연차보고서/(붙임2) 2023년도 연차보고서.pdf,37,번호 직결 인용 없음 또는 문장 조각·중복 배정 제외
BOK-20240329-1d931f5947ea-그림-46912ecb6f058de6,연차보고서 2023년도,그림,I-26,원/달러 및 주요국 환율 변동성 (연평균),설명,research/bok-archive/05-연차보고서/2024-03-29_2023년도 연차보고서/(붙임2) 2023년도 연차보고서.pdf,37,번호 직결 인용 없음 또는 문장 조각·중복 배정 제외
BOK-20240329-1d931f5947ea-그림-4dded4f7e6c299b8,연차보고서 2023년도,그림,I-27,외환스왑레이트,데이터 형태; 통계기법·지수; 설명,research/bok-archive/05-연차보고서/2024-03-29_2023년도 연차보고서/(붙임2) 2023년도 연차보고서.pdf,38,번호 직결 인용 없음 또는 문장 조각·중복 배정 제외
BOK-20240329-1d931f5947ea-그림-6703da6e14511b28,연차보고서 2023년도,그림,II-1,물가안정목표와 소비자물가 상승률,데이터 형태; 설명,research/bok-archive/05-연차보고서/2024-03-29_2023년도 연차보고서/(붙임2) 2023년도 연차보고서.pdf,44,번호 직결 인용 없음 또는 문장 조각·중복 배정 제외
BOK-20240329-1d931f5947ea-그림-c97fe14ded402b70,연차보고서 2023년도,그림,II-2,기준금리,단위; 분석 목적; 통계기법·지수; 설명,research/bok-archive/05-연차보고서/2024-03-29_2023년도 연차보고서/(붙임2) 2023년도 연차보고서.pdf,45,제목·계열·직접 인용의 해석 근거 부족; 번호 직결 인용 없음 또는 문장 조각·중복 배정 제외
BOK-20240329-1d931f5947ea-그림-be3dbc894aaf3c86,연차보고서 2023년도,그림,II-4,공개시장운영 수단별 유동성 조절 규모,통계기법·지수; 설명,research/bok-archive/05-연차보고서/2024-03-29_2023년도 연차보고서/(붙임2) 2023년도 연차보고서.pdf,49,번호 직결 인용 없음 또는 문장 조각·중복 배정 제외
BOK-20240329-1d931f5947ea-그림-a70bdfd8c652edd7,연차보고서 2023년도,그림,II-6,금융불안지수(FSI) 및 금융취약성지수(FVI),데이터 형태; 설명,research/bok-archive/05-연차보고서/2024-03-29_2023년도 연차보고서/(붙임2) 2023년도 연차보고서.pdf,53,번호 직결 인용 없음 또는 문장 조각·중복 배정 제외
BOK-20240329-1d931f5947ea-그림-a20d3adb142d434f,연차보고서 2023년도,그림,II-8,기업신용1) 및 재무건전성2),데이터 형태; 통계기법·지수; 설명,research/bok-archive/05-연차보고서/2024-03-29_2023년도 연차보고서/(붙임2) 2023년도 연차보고서.pdf,53,번호 직결 인용 없음 또는 문장 조각·중복 배정 제외
BOK-20240329-1d931f5947ea-그림-566fedd02bc0de60,연차보고서 2023년도,그림,II-10,금융기관1) 자본비율2)3),설명,research/bok-archive/05-연차보고서/2024-03-29_2023년도 연차보고서/(붙임2) 2023년도 연차보고서.pdf,54,번호 직결 인용 없음 또는 문장 조각·중복 배정 제외
BOK-20240329-1d931f5947ea-그림-a7e174b0b454ba98,연차보고서 2023년도,그림,II-11,명목GDP 대비 대외채무 비율1) 및,분석 목적; 설명,research/bok-archive/05-연차보고서/2024-03-29_2023년도 연차보고서/(붙임2) 2023년도 연차보고서.pdf,55,제목·계열·직접 인용의 해석 근거 부족; 번호 직결 인용 없음 또는 문장 조각·중복 배정 제외
BOK-20240329-1d931f5947ea-그림-0e5e1a88ee123321,연차보고서 2023년도,그림,II-12,녹색금융 국제컨퍼런스 개최,단위; 데이터 형태; 통계기법·지수; 설명,research/bok-archive/05-연차보고서/2024-03-29_2023년도 연차보고서/(붙임2) 2023년도 연차보고서.pdf,60,번호 직결 인용 없음 또는 문장 조각·중복 배정 제외
BOK-20240329-1d931f5947ea-그림-7f3276b76dc63e75,연차보고서 2023년도,그림,II-13-2023,년 발행 기념주화,사용 데이터·출처; 단위; 데이터 형태; 종류; 통계기법·지수; 설명,불명,불명,허용 종류로 판별 불가 또는 표 구조 미확인; 번호 직결 인용 없음 또는 문장 조각·중복 배정 제외
BOK-20240329-1d931f5947ea-그림-da753b7c025ed576,연차보고서 2023년도,그림,II-14,위조지폐 발견장수,단위; 통계기법·지수; 설명,research/bok-archive/05-연차보고서/2024-03-29_2023년도 연차보고서/(붙임2) 2023년도 연차보고서.pdf,63,번호 직결 인용 없음 또는 문장 조각·중복 배정 제외
BOK-20240329-1d931f5947ea-그림-a38f49806d29c379,연차보고서 2023년도,그림,II-15,화폐사랑 콘텐츠 공모전 시상식,단위; 데이터 형태; 통계기법·지수; 설명,research/bok-archive/05-연차보고서/2024-03-29_2023년도 연차보고서/(붙임2) 2023년도 연차보고서.pdf,63,번호 직결 인용 없음 또는 문장 조각·중복 배정 제외
BOK-20240329-1d931f5947ea-그림-c056e9162cae1c58,연차보고서 2023년도,그림,II-16,현금사용 선택권 보장 포스터,단위; 데이터 형태; 통계기법·지수; 설명,research/bok-archive/05-연차보고서/2024-03-29_2023년도 연차보고서/(붙임2) 2023년도 연차보고서.pdf,64,번호 직결 인용 없음 또는 문장 조각·중복 배정 제외
BOK-20240329-1d931f5947ea-그림-745dd6f2cf216518,연차보고서 2023년도,그림,II-17,화폐유통시스템 유관기관 협의회 상반기,단위; 데이터 형태; 통계기법·지수; 설명,research/bok-archive/05-연차보고서/2024-03-29_2023년도 연차보고서/(붙임2) 2023년도 연차보고서.pdf,64,번호 직결 인용 없음 또는 문장 조각·중복 배정 제외
BOK-20240329-1d931f5947ea-그림-a15e723fe26f40e5,연차보고서 2023년도,그림,II-19,화폐수급장 내 자동화설비,단위; 데이터 형태; 통계기법·지수; 설명,research/bok-archive/05-연차보고서/2024-03-29_2023년도 연차보고서/(붙임2) 2023년도 연차보고서.pdf,66,번호 직결 인용 없음 또는 문장 조각·중복 배정 제외
BOK-20240329-1d931f5947ea-그림-53b5a791fa7fa94c,연차보고서 2023년도,그림,II-21,한은금융망 결제금액 (일평균),설명,research/bok-archive/05-연차보고서/2024-03-29_2023년도 연차보고서/(붙임2) 2023년도 연차보고서.pdf,67,번호 직결 인용 없음 또는 문장 조각·중복 배정 제외
BOK-20240329-1d931f5947ea-그림-b02d619ccd04aa07,연차보고서 2023년도,그림,II-22,모바일현금카드 앱 및 ATM 이용 화면 (예시),데이터 형태; 통계기법·지수; 설명,research/bok-archive/05-연차보고서/2024-03-29_2023년도 연차보고서/(붙임2) 2023년도 연차보고서.pdf,71,번호 직결 인용 없음 또는 문장 조각·중복 배정 제외
BOK-20240329-1d931f5947ea-그림-785d2253c3aaf123,연차보고서 2023년도,그림,II-24,MOEF-BOK-FSC-IMF 공동 컨퍼런스,데이터 형태; 통계기법·지수; 설명,research/bok-archive/05-연차보고서/2024-03-29_2023년도 연차보고서/(붙임2) 2023년도 연차보고서.pdf,72,번호 직결 인용 없음 또는 문장 조각·중복 배정 제외
BOK-20240329-1d931f5947ea-그림-9add08a91834d40f,연차보고서 2023년도,그림,II-26,BIS 고위급 대표단과의 업무협의,단위; 데이터 형태; 통계기법·지수; 설명,research/bok-archive/05-연차보고서/2024-03-29_2023년도 연차보고서/(붙임2) 2023년도 연차보고서.pdf,79,번호 직결 인용 없음 또는 문장 조각·중복 배정 제외
BOK-20240329-1d931f5947ea-그림-d3fa63863c9bceff,연차보고서 2023년도,그림,II-27,한국은행 총재-IMF 수석부총재 간 특별대담,단위; 데이터 형태; 통계기법·지수; 설명,research/bok-archive/05-연차보고서/2024-03-29_2023년도 연차보고서/(붙임2) 2023년도 연차보고서.pdf,80,번호 직결 인용 없음 또는 문장 조각·중복 배정 제외
BOK-20240329-1d931f5947ea-그림-5664d5af3a072736,연차보고서 2023년도,그림,II-28,카자흐스탄 지식교류프로그램(KPP),데이터 형태; 통계기법·지수; 설명,research/bok-archive/05-연차보고서/2024-03-29_2023년도 연차보고서/(붙임2) 2023년도 연차보고서.pdf,82,번호 직결 인용 없음 또는 문장 조각·중복 배정 제외
BOK-20240329-1d931f5947ea-그림-ca91b3c85a7a5133,연차보고서 2023년도,그림,II-29,BIS 총재회의,단위; 데이터 형태; 통계기법·지수; 설명,research/bok-archive/05-연차보고서/2024-03-29_2023년도 연차보고서/(붙임2) 2023년도 연차보고서.pdf,84,번호 직결 인용 없음 또는 문장 조각·중복 배정 제외
BOK-20240329-1d931f5947ea-그림-04a22c1a6762fe3a,연차보고서 2023년도,그림,II-30-2023,년 한국은행 노동시장 세미나,사용 데이터·출처; 단위; 데이터 형태; 종류; 통계기법·지수; 설명,불명,불명,허용 종류로 판별 불가 또는 표 구조 미확인; 번호 직결 인용 없음 또는 문장 조각·중복 배정 제외
BOK-20240329-1d931f5947ea-그림-3d6cabb5ececcc30,연차보고서 2023년도,그림,II-31-2023,"한국은행 국제컨퍼런스 (2023년 6월 1∼2일, 서울)",단위; 데이터 형태; 통계기법·지수; 설명,research/bok-archive/05-연차보고서/2024-03-29_2023년도 연차보고서/(붙임2) 2023년도 연차보고서.pdf,88,번호 직결 인용 없음 또는 문장 조각·중복 배정 제외
BOK-20240329-1d931f5947ea-그림-c7b1d9a662b9bed2,연차보고서 2023년도,그림,II-32-2023,BOK 지역경제 심포지엄,단위; 데이터 형태; 통계기법·지수; 설명,research/bok-archive/05-연차보고서/2024-03-29_2023년도 연차보고서/(붙임2) 2023년도 연차보고서.pdf,91,번호 직결 인용 없음 또는 문장 조각·중복 배정 제외
BOK-20240329-1d931f5947ea-그림-9f5c99612041674f,연차보고서 2023년도,그림,II-33,한국통계학회-한국은행 통계포럼 (2023년 9월 15일),단위; 데이터 형태; 통계기법·지수; 설명,research/bok-archive/05-연차보고서/2024-03-29_2023년도 연차보고서/(붙임2) 2023년도 연차보고서.pdf,94,번호 직결 인용 없음 또는 문장 조각·중복 배정 제외
BOK-20240329-1d931f5947ea-그림-17e3c9ded41aaec8,연차보고서 2023년도,그림,II-34,한국은행 금융･경제 스냅샷 메인화면,단위; 데이터 형태; 통계기법·지수; 설명,research/bok-archive/05-연차보고서/2024-03-29_2023년도 연차보고서/(붙임2) 2023년도 연차보고서.pdf,96,번호 직결 인용 없음 또는 문장 조각·중복 배정 제외
BOK-20240329-1d931f5947ea-그림-cb62572b138477a8,연차보고서 2023년도,그림,II-35,금융･경제 스냅샷 편의기능,단위; 데이터 형태; 통계기법·지수; 설명,research/bok-archive/05-연차보고서/2024-03-29_2023년도 연차보고서/(붙임2) 2023년도 연차보고서.pdf,96,번호 직결 인용 없음 또는 문장 조각·중복 배정 제외
BOK-20240329-1d931f5947ea-그림-52ab607ab604897e,연차보고서 2023년도,그림,II-36,대정부 일시대출 평균잔액 및 누계액,설명,research/bok-archive/05-연차보고서/2024-03-29_2023년도 연차보고서/(붙임2) 2023년도 연차보고서.pdf,99,번호 직결 인용 없음 또는 문장 조각·중복 배정 제외
BOK-20240329-1d931f5947ea-그림-f89ed529be902545,연차보고서 2023년도,그림,II-37,재정증권 발행 및 상환,단위; 데이터 형태; 통계기법·지수; 설명,research/bok-archive/05-연차보고서/2024-03-29_2023년도 연차보고서/(붙임2) 2023년도 연차보고서.pdf,99,번호 직결 인용 없음 또는 문장 조각·중복 배정 제외
BOK-20240329-1d931f5947ea-그림-1b09e826c50eddc7,연차보고서 2023년도,그림,II-39,통화정책 경시대회 결선 (2023년 8월 14일),단위; 데이터 형태; 통계기법·지수; 설명,research/bok-archive/05-연차보고서/2024-03-29_2023년도 연차보고서/(붙임2) 2023년도 연차보고서.pdf,102,번호 직결 인용 없음 또는 문장 조각·중복 배정 제외
BOK-20240329-1d931f5947ea-그림-3c2242bc127dce86,연차보고서 2023년도,그림,II-40,"유튜브 ｢BOK 정책브리핑｣, ｢중장기",단위; 데이터 형태; 분석 목적; 통계기법·지수; 설명,research/bok-archive/05-연차보고서/2024-03-29_2023년도 연차보고서/(붙임2) 2023년도 연차보고서.pdf,102,제목·계열·직접 인용의 해석 근거 부족; 번호 직결 인용 없음 또는 문장 조각·중복 배정 제외
BOK-20240329-1d931f5947ea-그림-c41d1a432cc25c0f,연차보고서 2023년도,그림,II-41,홍보영상 ｢한국은행이 하는 일｣,단위; 데이터 형태; 통계기법·지수; 설명,research/bok-archive/05-연차보고서/2024-03-29_2023년도 연차보고서/(붙임2) 2023년도 연차보고서.pdf,103,번호 직결 인용 없음 또는 문장 조각·중복 배정 제외
BOK-20240329-1d931f5947ea-그림-da29afde5f52adde,연차보고서 2023년도,그림,II-42,하계 어린이 박물관 교실(2023년 8월 9일),단위; 데이터 형태; 통계기법·지수; 설명,research/bok-archive/05-연차보고서/2024-03-29_2023년도 연차보고서/(붙임2) 2023년도 연차보고서.pdf,104,번호 직결 인용 없음 또는 문장 조각·중복 배정 제외
BOK-20240329-1d931f5947ea-그림-df5c1ac6b4baaec0,연차보고서 2023년도,그림,II-43,"한국은행 사회공헌활동(연탄배달 봉사, 자선 연주회)",단위; 데이터 형태; 통계기법·지수; 설명,research/bok-archive/05-연차보고서/2024-03-29_2023년도 연차보고서/(붙임2) 2023년도 연차보고서.pdf,104,번호 직결 인용 없음 또는 문장 조각·중복 배정 제외
BOK-20240329-1d931f5947ea-그림-f9a24d7912abf55b,연차보고서 2023년도,그림,II-44,취약계층을 위한 PC 기부,단위; 데이터 형태; 통계기법·지수; 설명,research/bok-archive/05-연차보고서/2024-03-29_2023년도 연차보고서/(붙임2) 2023년도 연차보고서.pdf,105,번호 직결 인용 없음 또는 문장 조각·중복 배정 제외
BOK-20240329-1d931f5947ea-그림-73a51a16c0f07d52,연차보고서 2023년도,그림,II-45,｢한은금요강좌｣ 외부강사 초청 주제,단위; 데이터 형태; 통계기법·지수; 설명,research/bok-archive/05-연차보고서/2024-03-29_2023년도 연차보고서/(붙임2) 2023년도 연차보고서.pdf,105,번호 직결 인용 없음 또는 문장 조각·중복 배정 제외
BOK-20240329-1d931f5947ea-그림-95fc020af695bcf6,연차보고서 2023년도,그림,II-47,동영상 ｢청소년 경제 아카데미｣,단위; 데이터 형태; 통계기법·지수; 설명,research/bok-archive/05-연차보고서/2024-03-29_2023년도 연차보고서/(붙임2) 2023년도 연차보고서.pdf,107,번호 직결 인용 없음 또는 문장 조각·중복 배정 제외
BOK-20240329-1d931f5947ea-그림-6a3406cb30bfc2e5,연차보고서 2023년도,그림,II-48,체험형 경제교육 교구 ｢한은이와 함께하는 션,단위; 데이터 형태; 분석 목적; 통계기법·지수; 설명,research/bok-archive/05-연차보고서/2024-03-29_2023년도 연차보고서/(붙임2) 2023년도 연차보고서.pdf,107,제목·계열·직접 인용의 해석 근거 부족; 번호 직결 인용 없음 또는 문장 조각·중복 배정 제외
BOK-20240329-1d931f5947ea-그림-0fce60f0e26ccc29,연차보고서 2023년도,그림,III-1,통합별관 내 소통공간,단위; 데이터 형태; 통계기법·지수; 설명,research/bok-archive/05-연차보고서/2024-03-29_2023년도 연차보고서/(붙임2) 2023년도 연차보고서.pdf,114,번호 직결 인용 없음 또는 문장 조각·중복 배정 제외
BOK-20240329-1d931f5947ea-그림-632a0f16d1b5765d,연차보고서 2023년도,그림,III-2,한국은행의 운영리스크 관리 구조 영,단위; 데이터 형태; 통계기법·지수; 설명,research/bok-archive/05-연차보고서/2024-03-29_2023년도 연차보고서/(붙임2) 2023년도 연차보고서.pdf,115,번호 직결 인용 없음 또는 문장 조각·중복 배정 제외
BOK-20240329-1d931f5947ea-그림-9889a7c4308cc9e9,연차보고서 2023년도,그림,III-3,한국은행의 운영리스크 관리 흐름도,단위; 데이터 형태; 통계기법·지수; 설명,research/bok-archive/05-연차보고서/2024-03-29_2023년도 연차보고서/(붙임2) 2023년도 연차보고서.pdf,115,번호 직결 인용 없음 또는 문장 조각·중복 배정 제외
BOK-20240329-1d931f5947ea-그림-6a657dafd34f5bf0,연차보고서 2023년도,그림,III-4,청렴 북세미나,단위; 데이터 형태; 통계기법·지수; 설명,research/bok-archive/05-연차보고서/2024-03-29_2023년도 연차보고서/(붙임2) 2023년도 연차보고서.pdf,118,번호 직결 인용 없음 또는 문장 조각·중복 배정 제외
BOK-20240329-1d931f5947ea-그림-f253745cde550b8c,연차보고서 2023년도,그림,III-5,한국은행 인공지능 챗봇,단위; 데이터 형태; 통계기법·지수; 설명,research/bok-archive/05-연차보고서/2024-03-29_2023년도 연차보고서/(붙임2) 2023년도 연차보고서.pdf,119,번호 직결 인용 없음 또는 문장 조각·중복 배정 제외
BOK-20240329-1d931f5947ea-그림-35973e9f3af7e559,연차보고서 2023년도,그림,III-6,제10차 정보화 디지털 전략계획(2022∼2026),단위; 데이터 형태; 통계기법·지수; 설명,research/bok-archive/05-연차보고서/2024-03-29_2023년도 연차보고서/(붙임2) 2023년도 연차보고서.pdf,120,번호 직결 인용 없음 또는 문장 조각·중복 배정 제외
BOK-20240329-1d931f5947ea-그림-04d0d185c6effbad,연차보고서 2023년도,그림,III-8,한국은행 본부 건물(2023년 12월 31일 현재),단위; 데이터 형태; 통계기법·지수; 설명,research/bok-archive/05-연차보고서/2024-03-29_2023년도 연차보고서/(붙임2) 2023년도 연차보고서.pdf,121,번호 직결 인용 없음 또는 문장 조각·중복 배정 제외
BOK-20240329-1d931f5947ea-그림-490630fe669bb3b9,연차보고서 2023년도,그림,III-10,청년인턴 집합연수,단위; 데이터 형태; 통계기법·지수; 설명,research/bok-archive/05-연차보고서/2024-03-29_2023년도 연차보고서/(붙임2) 2023년도 연차보고서.pdf,122,번호 직결 인용 없음 또는 문장 조각·중복 배정 제외
BOK-20240329-1d931f5947ea-그림-67981f9a4aa81f87,연차보고서 2023년도,그림,III-12,지방인재･지역전문 채용 규모 및 비중,설명,research/bok-archive/05-연차보고서/2024-03-29_2023년도 연차보고서/(붙임2) 2023년도 연차보고서.pdf,123,번호 직결 인용 없음 또는 문장 조각·중복 배정 제외
BOK-20240329-1d931f5947ea-그림-80746d3915552df8,연차보고서 2023년도,그림,III-14,부채 및 자본 현황1)(주요 항목) (기말 기준),통계기법·지수; 설명,research/bok-archive/05-연차보고서/2024-03-29_2023년도 연차보고서/(붙임2) 2023년도 연차보고서.pdf,125,번호 직결 인용 없음 또는 문장 조각·중복 배정 제외
BOK-20240329-1d931f5947ea-표-f2975dbf5fc259d5,연차보고서 2023년도,표,I-1,경제활동별 GDP 성장률,종류; 설명,research/bok-archive/05-연차보고서/2024-03-29_2023년도 연차보고서/(붙임2) 2023년도 연차보고서.pdf,23,허용 종류로 판별 불가 또는 표 구조 미확인; 번호 직결 인용 없음 또는 문장 조각·중복 배정 제외
BOK-20240329-1d931f5947ea-표-4c9df16c06cf2d12,연차보고서 2023년도,표,I-2,제조업 업종별 성장률,종류; 설명,research/bok-archive/05-연차보고서/2024-03-29_2023년도 연차보고서/(붙임2) 2023년도 연차보고서.pdf,23,허용 종류로 판별 불가 또는 표 구조 미확인; 번호 직결 인용 없음 또는 문장 조각·중복 배정 제외
BOK-20240329-1d931f5947ea-표-ae05a492afe81ca2,연차보고서 2023년도,표,I-3,고용 관련 지표,종류; 통계기법·지수; 설명,research/bok-archive/05-연차보고서/2024-03-29_2023년도 연차보고서/(붙임2) 2023년도 연차보고서.pdf,24,허용 종류로 판별 불가 또는 표 구조 미확인; 번호 직결 인용 없음 또는 문장 조각·중복 배정 제외
BOK-20240329-1d931f5947ea-표-59e0ba965bd79307,연차보고서 2023년도,표,I-4,임금 지표 상승률,종류; 설명,research/bok-archive/05-연차보고서/2024-03-29_2023년도 연차보고서/(붙임2) 2023년도 연차보고서.pdf,25,허용 종류로 판별 불가 또는 표 구조 미확인; 번호 직결 인용 없음 또는 문장 조각·중복 배정 제외
BOK-20240329-1d931f5947ea-표-35a0a200b0b74771,연차보고서 2023년도,표,I-5,주택가격 상승률 실,단위; 데이터 형태; 종류; 설명,research/bok-archive/05-연차보고서/2024-03-29_2023년도 연차보고서/(붙임2) 2023년도 연차보고서.pdf,27,허용 종류로 판별 불가 또는 표 구조 미확인; 번호 직결 인용 없음 또는 문장 조각·중복 배정 제외
BOK-20240329-1d931f5947ea-표-8c00cda6f0e4fac4,연차보고서 2023년도,표,I-6,주요 품목별 수출,종류; 통계기법·지수; 설명,research/bok-archive/05-연차보고서/2024-03-29_2023년도 연차보고서/(붙임2) 2023년도 연차보고서.pdf,28,허용 종류로 판별 불가 또는 표 구조 미확인; 번호 직결 인용 없음 또는 문장 조각·중복 배정 제외
BOK-20240329-1d931f5947ea-표-6bb3116075042564,연차보고서 2023년도,표,I-7,주요 품목별 수입,종류; 통계기법·지수; 설명,research/bok-archive/05-연차보고서/2024-03-29_2023년도 연차보고서/(붙임2) 2023년도 연차보고서.pdf,28,허용 종류로 판별 불가 또는 표 구조 미확인; 번호 직결 인용 없음 또는 문장 조각·중복 배정 제외
BOK-20240329-1d931f5947ea-표-fb54a8a3a3db583b,연차보고서 2023년도,표,I-9,주요국 국채금리 및 리스크 프리미엄,단위; 데이터 형태; 종류; 통계기법·지수; 설명,research/bok-archive/05-연차보고서/2024-03-29_2023년도 연차보고서/(붙임2) 2023년도 연차보고서.pdf,31,허용 종류로 판별 불가 또는 표 구조 미확인; 번호 직결 인용 없음 또는 문장 조각·중복 배정 제외
BOK-20240329-1d931f5947ea-표-6b33203ef2275e84,연차보고서 2023년도,표,I-10,주요 금융기관 수신 (기간 중 증감액 기준),종류; 설명,research/bok-archive/05-연차보고서/2024-03-29_2023년도 연차보고서/(붙임2) 2023년도 연차보고서.pdf,35,허용 종류로 판별 불가 또는 표 구조 미확인; 번호 직결 인용 없음 또는 문장 조각·중복 배정 제외
BOK-20240329-1d931f5947ea-표-df40681376ee0d28,연차보고서 2023년도,표,I-11,금융기관 대출 (기간 중 증감액 기준),종류; 설명,research/bok-archive/05-연차보고서/2024-03-29_2023년도 연차보고서/(붙임2) 2023년도 연차보고서.pdf,36,허용 종류로 판별 불가 또는 표 구조 미확인; 번호 직결 인용 없음 또는 문장 조각·중복 배정 제외
BOK-20240329-1d931f5947ea-표-c9e476cffe374be1,연차보고서 2023년도,표,II-2,한국은행 예수금 (기말 기준),데이터 형태; 종류; 통계기법·지수; 설명,research/bok-archive/05-연차보고서/2024-03-29_2023년도 연차보고서/(붙임2) 2023년도 연차보고서.pdf,46,허용 종류로 판별 불가 또는 표 구조 미확인; 번호 직결 인용 없음 또는 문장 조각·중복 배정 제외
BOK-20240329-1d931f5947ea-표-8c29eb83982d7e08,연차보고서 2023년도,표,II-4,공개시장운영 수단별 유동성 조절 규모,종류; 통계기법·지수; 설명,research/bok-archive/05-연차보고서/2024-03-29_2023년도 연차보고서/(붙임2) 2023년도 연차보고서.pdf,48,허용 종류로 판별 불가 또는 표 구조 미확인; 번호 직결 인용 없음 또는 문장 조각·중복 배정 제외
BOK-20240329-1d931f5947ea-표-e1d525af447b4282,연차보고서 2023년도,표,II-5,은행에 대한 공동검사,단위; 종류; 통계기법·지수; 설명,research/bok-archive/05-연차보고서/2024-03-29_2023년도 연차보고서/(붙임2) 2023년도 연차보고서.pdf,55,허용 종류로 판별 불가 또는 표 구조 미확인; 번호 직결 인용 없음 또는 문장 조각·중복 배정 제외
BOK-20240329-1d931f5947ea-표-ba226bb62576c4e0,연차보고서 2023년도,표,II-7,화폐발행･환수 및 발행잔액1) 45,데이터 형태; 종류; 설명,research/bok-archive/05-연차보고서/2024-03-29_2023년도 연차보고서/(붙임2) 2023년도 연차보고서.pdf,61,허용 종류로 판별 불가 또는 표 구조 미확인; 번호 직결 인용 없음 또는 문장 조각·중복 배정 제외
BOK-20240329-1d931f5947ea-표-46a109ce9c08932a,연차보고서 2023년도,표,II-8,화폐 제조규모1),종류; 통계기법·지수; 설명,research/bok-archive/05-연차보고서/2024-03-29_2023년도 연차보고서/(붙임2) 2023년도 연차보고서.pdf,61,허용 종류로 판별 불가 또는 표 구조 미확인; 번호 직결 인용 없음 또는 문장 조각·중복 배정 제외
BOK-20240329-1d931f5947ea-표-5a2229a718cdb220,연차보고서 2023년도,표,II-10,차액결제이행용 담보제공비율 인상 일정 조정1),데이터 형태; 설명,research/bok-archive/05-연차보고서/2024-03-29_2023년도 연차보고서/(붙임2) 2023년도 연차보고서.pdf,68,번호 직결 인용 없음 또는 문장 조각·중복 배정 제외
BOK-20240329-1d931f5947ea-표-2a665cf7795aee7b,연차보고서 2023년도,표,II-11,외환당국 순거래 내역1),종류; 통계기법·지수; 설명,research/bok-archive/05-연차보고서/2024-03-29_2023년도 연차보고서/(붙임2) 2023년도 연차보고서.pdf,74,허용 종류로 판별 불가 또는 표 구조 미확인; 번호 직결 인용 없음 또는 문장 조각·중복 배정 제외
BOK-20240329-1d931f5947ea-표-c06a62e89b7f4eb2,연차보고서 2023년도,표,II-13,외화자산1) 구성 내역 (기말 기준),종류; 통계기법·지수; 설명,research/bok-archive/05-연차보고서/2024-03-29_2023년도 연차보고서/(붙임2) 2023년도 연차보고서.pdf,76,허용 종류로 판별 불가 또는 표 구조 미확인; 번호 직결 인용 없음 또는 문장 조각·중복 배정 제외
BOK-20240329-1d931f5947ea-표-1ff7ec70402afd0e,연차보고서 2023년도,표,II-14,ESG 관련 자산 투자 현황 (기말 기준),종류; 통계기법·지수; 설명,research/bok-archive/05-연차보고서/2024-03-29_2023년도 연차보고서/(붙임2) 2023년도 연차보고서.pdf,77,허용 종류로 판별 불가 또는 표 구조 미확인; 번호 직결 인용 없음 또는 문장 조각·중복 배정 제외
BOK-20240329-1d931f5947ea-표-2a425f69bfc9061c,연차보고서 2023년도,표,II-15,외화자산 운용 시 국내 금융기관 활용 현황,단위; 데이터 형태; 종류; 통계기법·지수; 설명,research/bok-archive/05-연차보고서/2024-03-29_2023년도 연차보고서/(붙임2) 2023년도 연차보고서.pdf,78,허용 종류로 판별 불가 또는 표 구조 미확인; 번호 직결 인용 없음 또는 문장 조각·중복 배정 제외
BOK-20240329-1d931f5947ea-표-4b2adb47a58d5116,연차보고서 2023년도,표,II-17,역내 국제회의 주요 논의 내용 (2023년 중),단위; 데이터 형태; 통계기법·지수; 설명,research/bok-archive/05-연차보고서/2024-03-29_2023년도 연차보고서/(붙임2) 2023년도 연차보고서.pdf,81,번호 직결 인용 없음 또는 문장 조각·중복 배정 제외
BOK-20240329-1d931f5947ea-표-fd2bb29bdc2c0a54,연차보고서 2023년도,표,II-18,지식교류프로그램(KPP) 실적 (2023년 중),데이터 형태; 종류; 통계기법·지수; 설명,research/bok-archive/05-연차보고서/2024-03-29_2023년도 연차보고서/(붙임2) 2023년도 연차보고서.pdf,82,허용 종류로 판별 불가 또는 표 구조 미확인; 번호 직결 인용 없음 또는 문장 조각·중복 배정 제외
BOK-20240329-1d931f5947ea-표-a2a919fc2ce71b34,연차보고서 2023년도,표,II-20,국제금융기구 출자･출연금 현황,단위; 데이터 형태; 종류; 통계기법·지수; 설명,research/bok-archive/05-연차보고서/2024-03-29_2023년도 연차보고서/(붙임2) 2023년도 연차보고서.pdf,83,허용 종류로 판별 불가 또는 표 구조 미확인; 번호 직결 인용 없음 또는 문장 조각·중복 배정 제외
BOK-20240329-1d931f5947ea-표-b5f0bf9628dd8654,연차보고서 2023년도,표,II-21,IMF에 대한 융자 현황,단위; 데이터 형태; 종류; 통계기법·지수; 설명,research/bok-archive/05-연차보고서/2024-03-29_2023년도 연차보고서/(붙임2) 2023년도 연차보고서.pdf,83,허용 종류로 판별 불가 또는 표 구조 미확인; 번호 직결 인용 없음 또는 문장 조각·중복 배정 제외
BOK-20240329-1d931f5947ea-표-0424b6718def668a,연차보고서 2023년도,표,II-22,역대 CGFS 의장 명단,단위; 종류; 통계기법·지수; 설명,research/bok-archive/05-연차보고서/2024-03-29_2023년도 연차보고서/(붙임2) 2023년도 연차보고서.pdf,84,허용 종류로 판별 불가 또는 표 구조 미확인; 번호 직결 인용 없음 또는 문장 조각·중복 배정 제외
BOK-20240329-1d931f5947ea-표-d43b67195b9c6c7e,연차보고서 2023년도,표,II-23,BOK 이슈노트,단위; 데이터 형태; 종류; 통계기법·지수; 설명,research/bok-archive/05-연차보고서/2024-03-29_2023년도 연차보고서/(붙임2) 2023년도 연차보고서.pdf,87,허용 종류로 판별 불가 또는 표 구조 미확인; 번호 직결 인용 없음 또는 문장 조각·중복 배정 제외
BOK-20240329-1d931f5947ea-표-207ae67df311f698,연차보고서 2023년도,표,II-24,BOK 경제연구,단위; 데이터 형태; 종류; 통계기법·지수; 설명,research/bok-archive/05-연차보고서/2024-03-29_2023년도 연차보고서/(붙임2) 2023년도 연차보고서.pdf,89,허용 종류로 판별 불가 또는 표 구조 미확인; 번호 직결 인용 없음 또는 문장 조각·중복 배정 제외
BOK-20240329-1d931f5947ea-표-bc8bdb10b8279adb,연차보고서 2023년도,표,II-25,국고금 수납 및 지급,데이터 형태; 종류; 통계기법·지수; 설명,research/bok-archive/05-연차보고서/2024-03-29_2023년도 연차보고서/(붙임2) 2023년도 연차보고서.pdf,97,허용 종류로 판별 불가 또는 표 구조 미확인; 번호 직결 인용 없음 또는 문장 조각·중복 배정 제외
BOK-20240329-1d931f5947ea-표-75d63b24404a7451,연차보고서 2023년도,표,II-26,국고대리점 현황1) 및 수납금액,단위; 데이터 형태; 종류; 통계기법·지수; 설명,research/bok-archive/05-연차보고서/2024-03-29_2023년도 연차보고서/(붙임2) 2023년도 연차보고서.pdf,98,허용 종류로 판별 불가 또는 표 구조 미확인; 번호 직결 인용 없음 또는 문장 조각·중복 배정 제외
BOK-20240329-1d931f5947ea-표-4fe48422c0d19503,연차보고서 2023년도,표,II-34,화폐박물관1) 관람자 수 (기간 중),종류; 통계기법·지수; 설명,research/bok-archive/05-연차보고서/2024-03-29_2023년도 연차보고서/(붙임2) 2023년도 연차보고서.pdf,104,허용 종류로 판별 불가 또는 표 구조 미확인; 번호 직결 인용 없음 또는 문장 조각·중복 배정 제외
BOK-20240329-1d931f5947ea-표-e373a90c1005a8cd,연차보고서 2023년도,표,II-35,현장 경제교육 실적1)2) 니,단위; 종류; 통계기법·지수; 설명,research/bok-archive/05-연차보고서/2024-03-29_2023년도 연차보고서/(붙임2) 2023년도 연차보고서.pdf,105,허용 종류로 판별 불가 또는 표 구조 미확인; 번호 직결 인용 없음 또는 문장 조각·중복 배정 제외
BOK-20240329-1d931f5947ea-표-ae882301ed94e7ec,연차보고서 2023년도,표,II-36,신･구 전략체계 비교,단위; 데이터 형태; 종류; 통계기법·지수; 설명,research/bok-archive/05-연차보고서/2024-03-29_2023년도 연차보고서/(붙임2) 2023년도 연차보고서.pdf,109,허용 종류로 판별 불가 또는 표 구조 미확인; 번호 직결 인용 없음 또는 문장 조각·중복 배정 제외
BOK-20240329-1d931f5947ea-표-6e2cda8ce1b16c6a,연차보고서 2023년도,표,III-1,연도별 직원 채용 규모1),통계기법·지수; 설명,research/bok-archive/05-연차보고서/2024-03-29_2023년도 연차보고서/(붙임2) 2023년도 연차보고서.pdf,117,번호 직결 인용 없음 또는 문장 조각·중복 배정 제외
BOK-20240329-1d931f5947ea-표-aef092e9f011c3a7,연차보고서 2023년도,표,III-2,손익 현황,데이터 형태; 통계기법·지수; 설명,research/bok-archive/05-연차보고서/2024-03-29_2023년도 연차보고서/(붙임2) 2023년도 연차보고서.pdf,125,번호 직결 인용 없음 또는 문장 조각·중복 배정 제외
BOK-20240329-1d931f5947ea-표-a7f448b069c05c79,연차보고서 2023년도,표,III-3,대차대조표 (제74기 2023년 12월 31일 현재),사용 데이터·출처; 단위; 데이터 형태; 종류; 통계기법·지수; 설명,research/bok-archive/05-연차보고서/2024-03-29_2023년도 연차보고서/(붙임2) 2023년도 연차보고서.pdf,126,허용 종류로 판별 불가 또는 표 구조 미확인; 번호 직결 인용 없음 또는 문장 조각·중복 배정 제외
BOK-20240329-1d931f5947ea-표-eb461f30729dff69,연차보고서 2023년도,표,III-4,손익계산서 (제74기 2023년 1월 1일부터 2023년 12월 31일까지),사용 데이터·출처; 단위; 데이터 형태; 종류; 통계기법·지수; 설명,research/bok-archive/05-연차보고서/2024-03-29_2023년도 연차보고서/(붙임2) 2023년도 연차보고서.pdf,128,허용 종류로 판별 불가 또는 표 구조 미확인; 번호 직결 인용 없음 또는 문장 조각·중복 배정 제외
BOK-20240329-1d931f5947ea-표-93b37116637a66d8,연차보고서 2023년도,표,III-5,자본변동표 (제74기 2023년 1월 1일부터 2023년 12월 31일까지),사용 데이터·출처; 단위; 데이터 형태; 종류; 통계기법·지수; 설명,research/bok-archive/05-연차보고서/2024-03-29_2023년도 연차보고서/(붙임2) 2023년도 연차보고서.pdf,130,허용 종류로 판별 불가 또는 표 구조 미확인; 번호 직결 인용 없음 또는 문장 조각·중복 배정 제외
BOK-20240329-1d931f5947ea-표-ecfba34608bfb943,연차보고서 2023년도,표,III-6,이익잉여금처분계산서 (제74기 2023년 1월 1일부터 2023년 12월 31일까지),사용 데이터·출처; 단위; 데이터 형태; 통계기법·지수; 설명,research/bok-archive/05-연차보고서/2024-03-29_2023년도 연차보고서/(붙임2) 2023년도 연차보고서.pdf,130,번호 직결 인용 없음 또는 문장 조각·중복 배정 제외
BOK-20240329-1d931f5947ea-표-1ad1ab61452b825d,연차보고서 2023년도,표,IV-5,대차대조표 (제73기 2022년 12월 31일 현재),사용 데이터·출처; 단위; 데이터 형태; 종류; 통계기법·지수; 설명,research/bok-archive/05-연차보고서/2024-03-29_2023년도 연차보고서/(붙임2) 2023년도 연차보고서.pdf,126,허용 종류로 판별 불가 또는 표 구조 미확인; 번호 직결 인용 없음 또는 문장 조각·중복 배정 제외
BOK-20240329-1d931f5947ea-표-22d3f73f9101e32c,연차보고서 2023년도,표,IV-6,손익계산서 (제73기 2022년 1월 1일부터 2022년 12월 31일까지),사용 데이터·출처; 단위; 데이터 형태; 종류; 통계기법·지수; 설명,research/bok-archive/05-연차보고서/2024-03-29_2023년도 연차보고서/(붙임2) 2023년도 연차보고서.pdf,128,허용 종류로 판별 불가 또는 표 구조 미확인; 번호 직결 인용 없음 또는 문장 조각·중복 배정 제외
BOK-20240329-1d931f5947ea-표-38a8e34bde35c32f,연차보고서 2023년도,표,IV-7,자본변동표 (제73기 2022년 1월 1일부터 2022년 12월 31일까지),사용 데이터·출처; 단위; 데이터 형태; 종류; 통계기법·지수; 설명,research/bok-archive/05-연차보고서/2024-03-29_2023년도 연차보고서/(붙임2) 2023년도 연차보고서.pdf,130,허용 종류로 판별 불가 또는 표 구조 미확인; 번호 직결 인용 없음 또는 문장 조각·중복 배정 제외
BOK-20240329-1d931f5947ea-표-d9fc654da9200d7b,연차보고서 2023년도,표,IV-8,이익잉여금처분계산서 (제73기 2022년 1월 1일부터 2022년 12월 31일까지),사용 데이터·출처; 단위; 데이터 형태; 통계기법·지수; 설명,research/bok-archive/05-연차보고서/2024-03-29_2023년도 연차보고서/(붙임2) 2023년도 연차보고서.pdf,130,번호 직결 인용 없음 또는 문장 조각·중복 배정 제외
BOK-20250328-ba4969e7440c-그림-b4183cac9cdb0bc4,연차보고서 2024년도,그림,I-1,세계경제 성장률 추이,설명,research/bok-archive/05-연차보고서/2025-03-28_2024년도 연차보고서/2024년도 연차보고서.pdf,15,번호 직결 인용 없음 또는 문장 조각·중복 배정 제외
BOK-20250328-ba4969e7440c-그림-99c50a5572b617f0,연차보고서 2024년도,그림,I-4,국제유가 (월평균),단위; 설명,research/bok-archive/05-연차보고서/2025-03-28_2024년도 연차보고서/2024년도 연차보고서.pdf,16,번호 직결 인용 없음 또는 문장 조각·중복 배정 제외
BOK-20250328-ba4969e7440c-그림-df3f95cbd5da0b39,연차보고서 2024년도,그림,I-5,GDP 성장률 및 지출항목별 기여도1),설명,research/bok-archive/05-연차보고서/2025-03-28_2024년도 연차보고서/2024년도 연차보고서.pdf,17,번호 직결 인용 없음 또는 문장 조각·중복 배정 제외
BOK-20250328-ba4969e7440c-그림-1048f5638dca2846,연차보고서 2024년도,그림,I-8,수출 증감률 및 기여도,설명,research/bok-archive/05-연차보고서/2025-03-28_2024년도 연차보고서/2024년도 연차보고서.pdf,18,번호 직결 인용 없음 또는 문장 조각·중복 배정 제외
BOK-20250328-ba4969e7440c-그림-82777699363bf58f,연차보고서 2024년도,그림,I-9,GDP 성장률 및 경제활동별 기여도 7,설명,research/bok-archive/05-연차보고서/2025-03-28_2024년도 연차보고서/2024년도 연차보고서.pdf,19,번호 직결 인용 없음 또는 문장 조각·중복 배정 제외
BOK-20250328-ba4969e7440c-그림-16ad85b0725448e6,연차보고서 2024년도,그림,I-10,산업별 취업자수 증감 15~29세 30~59세 60세이상 전체,단위; 데이터 형태; 분석 목적; 통계기법·지수; 설명,research/bok-archive/05-연차보고서/2025-03-28_2024년도 연차보고서/2024년도 연차보고서.pdf,20,제목·계열·직접 인용의 해석 근거 부족; 번호 직결 인용 없음 또는 문장 조각·중복 배정 제외
BOK-20250328-ba4969e7440c-그림-c571e87ac7b4d67a,연차보고서 2024년도,그림,I-11,종사상지위별 취업자수 증감,통계기법·지수; 설명,research/bok-archive/05-연차보고서/2025-03-28_2024년도 연차보고서/2024년도 연차보고서.pdf,20,번호 직결 인용 없음 또는 문장 조각·중복 배정 제외
BOK-20250328-ba4969e7440c-그림-c6ca32b2f1016100,연차보고서 2024년도,그림,I-12,연령별 취업자수 증감,통계기법·지수; 설명,research/bok-archive/05-연차보고서/2025-03-28_2024년도 연차보고서/2024년도 연차보고서.pdf,20,번호 직결 인용 없음 또는 문장 조각·중복 배정 제외
BOK-20250328-ba4969e7440c-그림-c7e86f2695489455,연차보고서 2024년도,그림,I-13,종사상지위별 임금상승률 9,단위; 데이터 형태; 설명,research/bok-archive/05-연차보고서/2025-03-28_2024년도 연차보고서/2024년도 연차보고서.pdf,21,번호 직결 인용 없음 또는 문장 조각·중복 배정 제외
BOK-20250328-ba4969e7440c-그림-1bdc19c02d0dc57d,연차보고서 2024년도,그림,I-14,주요 물가 지표,단위; 데이터 형태; 통계기법·지수; 설명,research/bok-archive/05-연차보고서/2025-03-28_2024년도 연차보고서/2024년도 연차보고서.pdf,22,번호 직결 인용 없음 또는 문장 조각·중복 배정 제외
BOK-20250328-ba4969e7440c-그림-85ace67681ab1738,연차보고서 2024년도,그림,I-15,소비자물가상승률 및 품목별 기여도,설명,research/bok-archive/05-연차보고서/2025-03-28_2024년도 연차보고서/2024년도 연차보고서.pdf,22,번호 직결 인용 없음 또는 문장 조각·중복 배정 제외
BOK-20250328-ba4969e7440c-그림-ada288c85ae0b9ab,연차보고서 2024년도,그림,I-16,경상수지,단위; 데이터 형태; 설명,research/bok-archive/05-연차보고서/2025-03-28_2024년도 연차보고서/2024년도 연차보고서.pdf,23,번호 직결 인용 없음 또는 문장 조각·중복 배정 제외
BOK-20250328-ba4969e7440c-그림-48a98c63ac96f447,연차보고서 2024년도,그림,I-17,서비스수지 13,설명,research/bok-archive/05-연차보고서/2025-03-28_2024년도 연차보고서/2024년도 연차보고서.pdf,25,번호 직결 인용 없음 또는 문장 조각·중복 배정 제외
BOK-20250328-ba4969e7440c-그림-5e5b8d62af14de75,연차보고서 2024년도,그림,I-19,주요 선진국 주가 및 MSCI 신흥국 지수,단위; 데이터 형태; 설명,research/bok-archive/05-연차보고서/2025-03-28_2024년도 연차보고서/2024년도 연차보고서.pdf,27,번호 직결 인용 없음 또는 문장 조각·중복 배정 제외
BOK-20250328-ba4969e7440c-그림-cc6af5a15192d6e8,연차보고서 2024년도,그림,I-22,회사채 금리 및 신용스프레드1) 17,데이터 형태; 설명,research/bok-archive/05-연차보고서/2025-03-28_2024년도 연차보고서/2024년도 연차보고서.pdf,29,번호 직결 인용 없음 또는 문장 조각·중복 배정 제외
BOK-20250328-ba4969e7440c-그림-bc0c640aa064dadc,연차보고서 2024년도,그림,I-24,코스피 및 코스닥지수,단위; 데이터 형태; 설명,research/bok-archive/05-연차보고서/2025-03-28_2024년도 연차보고서/2024년도 연차보고서.pdf,29,번호 직결 인용 없음 또는 문장 조각·중복 배정 제외
BOK-20250328-ba4969e7440c-그림-fca1ad963aac07c0,연차보고서 2024년도,그림,I-27,외환스왑레이트,데이터 형태; 통계기법·지수; 설명,research/bok-archive/05-연차보고서/2025-03-28_2024년도 연차보고서/2024년도 연차보고서.pdf,32,번호 직결 인용 없음 또는 문장 조각·중복 배정 제외
BOK-20250328-ba4969e7440c-그림-629980584727cc68,연차보고서 2024년도,그림,II-2,기준금리 업,단위; 분석 목적; 통계기법·지수; 설명,research/bok-archive/05-연차보고서/2025-03-28_2024년도 연차보고서/2024년도 연차보고서.pdf,39,제목·계열·직접 인용의 해석 근거 부족; 번호 직결 인용 없음 또는 문장 조각·중복 배정 제외
BOK-20250328-ba4969e7440c-그림-97b26aeb86900223,연차보고서 2024년도,그림,II-4,금융중개지원대출의 한도 및 금리1) 추이,단위; 데이터 형태; 통계기법·지수; 설명,research/bok-archive/05-연차보고서/2025-03-28_2024년도 연차보고서/2024년도 연차보고서.pdf,43,번호 직결 인용 없음 또는 문장 조각·중복 배정 제외
BOK-20250328-ba4969e7440c-그림-b31c19972ed93812,연차보고서 2024년도,그림,II-5,출입기자단 간담회 (2024년 6월 18일),단위; 데이터 형태; 통계기법·지수; 설명,research/bok-archive/05-연차보고서/2025-03-28_2024년도 연차보고서/2024년도 연차보고서.pdf,44,번호 직결 인용 없음 또는 문장 조각·중복 배정 제외
BOK-20250328-ba4969e7440c-그림-7046b63b270e8cb0,연차보고서 2024년도,그림,II-6,｢향후 통화정책 관련 주요 현안｣ 관련 기자,단위; 데이터 형태; 분석 목적; 통계기법·지수; 설명,research/bok-archive/05-연차보고서/2025-03-28_2024년도 연차보고서/2024년도 연차보고서.pdf,44,제목·계열·직접 인용의 해석 근거 부족; 번호 직결 인용 없음 또는 문장 조각·중복 배정 제외
BOK-20250328-ba4969e7440c-그림-4dd32ea1cef3e482,연차보고서 2024년도,그림,II-7,대한상공회의소 강연 (2024년 11월 19일),단위; 데이터 형태; 통계기법·지수; 설명,research/bok-archive/05-연차보고서/2025-03-28_2024년도 연차보고서/2024년도 연차보고서.pdf,44,번호 직결 인용 없음 또는 문장 조각·중복 배정 제외
BOK-20250328-ba4969e7440c-그림-da0a90a4f0f3e0c6,연차보고서 2024년도,그림,II-8,덴마크 중앙은행 총재 면담 (2024년 11월 13일),단위; 데이터 형태; 통계기법·지수; 설명,research/bok-archive/05-연차보고서/2025-03-28_2024년도 연차보고서/2024년도 연차보고서.pdf,45,번호 직결 인용 없음 또는 문장 조각·중복 배정 제외
BOK-20250328-ba4969e7440c-그림-382742434e92b1ce,연차보고서 2024년도,그림,II-9,금융불안지수(FSI) 및 금융취약성지수(FVI),데이터 형태; 설명,research/bok-archive/05-연차보고서/2025-03-28_2024년도 연차보고서/2024년도 연차보고서.pdf,48,번호 직결 인용 없음 또는 문장 조각·중복 배정 제외
BOK-20250328-ba4969e7440c-그림-445d7e468ccaa2d4,연차보고서 2024년도,그림,II-10,가계신용1),데이터 형태; 통계기법·지수; 설명,research/bok-archive/05-연차보고서/2025-03-28_2024년도 연차보고서/2024년도 연차보고서.pdf,48,번호 직결 인용 없음 또는 문장 조각·중복 배정 제외
BOK-20250328-ba4969e7440c-그림-4978f2b7a155a3bf,연차보고서 2024년도,그림,II-11,기업신용1) 및 재무건전성2),데이터 형태; 통계기법·지수; 설명,research/bok-archive/05-연차보고서/2025-03-28_2024년도 연차보고서/2024년도 연차보고서.pdf,48,번호 직결 인용 없음 또는 문장 조각·중복 배정 제외
BOK-20250328-ba4969e7440c-그림-19165fb0a740e568,연차보고서 2024년도,그림,II-12,일반은행 자산건전성 및 수익성,통계기법·지수; 설명,research/bok-archive/05-연차보고서/2025-03-28_2024년도 연차보고서/2024년도 연차보고서.pdf,49,번호 직결 인용 없음 또는 문장 조각·중복 배정 제외
BOK-20250328-ba4969e7440c-그림-a7835be1e0548b65,연차보고서 2024년도,그림,II-13,금융기관1) 자본비율2)3),설명,research/bok-archive/05-연차보고서/2025-03-28_2024년도 연차보고서/2024년도 연차보고서.pdf,49,번호 직결 인용 없음 또는 문장 조각·중복 배정 제외
BOK-20250328-ba4969e7440c-그림-07efb18eafdca542,연차보고서 2024년도,그림,II-14,명목GDP 대비 대외채무 비율1) 및,분석 목적; 설명,research/bok-archive/05-연차보고서/2025-03-28_2024년도 연차보고서/2024년도 연차보고서.pdf,50,제목·계열·직접 인용의 해석 근거 부족; 번호 직결 인용 없음 또는 문장 조각·중복 배정 제외
BOK-20250328-ba4969e7440c-그림-2c216aca811c0e2f,연차보고서 2024년도,그림,II-15,｢BCBS 산하 PSG 회의｣ (2024년 10월 23~24일),단위; 데이터 형태; 통계기법·지수; 설명,research/bok-archive/05-연차보고서/2025-03-28_2024년도 연차보고서/2024년도 연차보고서.pdf,51,번호 직결 인용 없음 또는 문장 조각·중복 배정 제외
BOK-20250328-ba4969e7440c-그림-cbaabec22df1f659,연차보고서 2024년도,그림,II-16,｢한국의 주력산업과 경제발전｣ 기념주화1),단위; 데이터 형태; 통계기법·지수; 설명,research/bok-archive/05-연차보고서/2025-03-28_2024년도 연차보고서/2024년도 연차보고서.pdf,55,번호 직결 인용 없음 또는 문장 조각·중복 배정 제외
BOK-20250328-ba4969e7440c-그림-59f533385b207162,연차보고서 2024년도,그림,II-19,화폐사랑 콘텐츠 공모전 수상자 시상,단위; 데이터 형태; 통계기법·지수; 설명,research/bok-archive/05-연차보고서/2025-03-28_2024년도 연차보고서/2024년도 연차보고서.pdf,56,번호 직결 인용 없음 또는 문장 조각·중복 배정 제외
BOK-20250328-ba4969e7440c-그림-416fbc2c9e66bbbc,연차보고서 2024년도,그림,II-20,현금사용 선택권 보장 포스터,단위; 데이터 형태; 통계기법·지수; 설명,research/bok-archive/05-연차보고서/2025-03-28_2024년도 연차보고서/2024년도 연차보고서.pdf,56,번호 직결 인용 없음 또는 문장 조각·중복 배정 제외
BOK-20250328-ba4969e7440c-그림-3b6a7c0c0f951bec,연차보고서 2024년도,그림,II-22,한은금융망 결제금액 (일평균),설명,research/bok-archive/05-연차보고서/2025-03-28_2024년도 연차보고서/2024년도 연차보고서.pdf,58,번호 직결 인용 없음 또는 문장 조각·중복 배정 제외
BOK-20250328-ba4969e7440c-그림-d45b9913f4942548,연차보고서 2024년도,그림,II-23,과학기술정보통신부-금융위원회-한국은행,단위; 데이터 형태; 분석 목적; 통계기법·지수; 설명,research/bok-archive/05-연차보고서/2025-03-28_2024년도 연차보고서/2024년도 연차보고서.pdf,61,제목·계열·직접 인용의 해석 근거 부족; 번호 직결 인용 없음 또는 문장 조각·중복 배정 제외
BOK-20250328-ba4969e7440c-그림-5c8ca4366ba2544d,연차보고서 2024년도,그림,II-24,한국은행-금융결제원-삼성전자 업무협약,단위; 데이터 형태; 통계기법·지수; 설명,research/bok-archive/05-연차보고서/2025-03-28_2024년도 연차보고서/2024년도 연차보고서.pdf,63,번호 직결 인용 없음 또는 문장 조각·중복 배정 제외
BOK-20250328-ba4969e7440c-그림-e48674a9df79a428,연차보고서 2024년도,그림,II-25,BIS AI 전문가 세미나,단위; 데이터 형태; 통계기법·지수; 설명,research/bok-archive/05-연차보고서/2025-03-28_2024년도 연차보고서/2024년도 연차보고서.pdf,72,번호 직결 인용 없음 또는 문장 조각·중복 배정 제외
BOK-20250328-ba4969e7440c-그림-da8eb28559a84d46,연차보고서 2024년도,그림,II-26,피터슨연구소 주최 고위급 패널토론,단위; 데이터 형태; 통계기법·지수; 설명,research/bok-archive/05-연차보고서/2025-03-28_2024년도 연차보고서/2024년도 연차보고서.pdf,72,번호 직결 인용 없음 또는 문장 조각·중복 배정 제외
BOK-20250328-ba4969e7440c-그림-2341a98def03d5c5,연차보고서 2024년도,그림,II-28,네팔 지식교류프로그램(KPP),데이터 형태; 통계기법·지수; 설명,research/bok-archive/05-연차보고서/2025-03-28_2024년도 연차보고서/2024년도 연차보고서.pdf,75,번호 직결 인용 없음 또는 문장 조각·중복 배정 제외
BOK-20250328-ba4969e7440c-그림-008be62a204e39f0,연차보고서 2024년도,그림,II-29-2024,년 2차 중앙은행 업무연수,사용 데이터·출처; 단위; 데이터 형태; 종류; 통계기법·지수; 설명,불명,불명,허용 종류로 판별 불가 또는 표 구조 미확인; 번호 직결 인용 없음 또는 문장 조각·중복 배정 제외
BOK-20250328-ba4969e7440c-그림-efad1bc186b38e5c,연차보고서 2024년도,그림,II-30,｢한국은행-KDI 노동시장 세미나｣,단위; 데이터 형태; 통계기법·지수; 설명,research/bok-archive/05-연차보고서/2025-03-28_2024년도 연차보고서/2024년도 연차보고서.pdf,80,번호 직결 인용 없음 또는 문장 조각·중복 배정 제외
BOK-20250328-ba4969e7440c-그림-6e3ead21b2055393,연차보고서 2024년도,그림,II-31,｢한국은행-대한상공회의소 공동세미나｣,데이터 형태; 통계기법·지수; 설명,research/bok-archive/05-연차보고서/2025-03-28_2024년도 연차보고서/2024년도 연차보고서.pdf,81,번호 직결 인용 없음 또는 문장 조각·중복 배정 제외
BOK-20250328-ba4969e7440c-그림-8ed72b892afc86c6,연차보고서 2024년도,그림,II-32,｢서울대 국가미래전략원-한국은행 공동,단위; 데이터 형태; 분석 목적; 통계기법·지수; 설명,research/bok-archive/05-연차보고서/2025-03-28_2024년도 연차보고서/2024년도 연차보고서.pdf,81,제목·계열·직접 인용의 해석 근거 부족; 번호 직결 인용 없음 또는 문장 조각·중복 배정 제외
BOK-20250328-ba4969e7440c-그림-38a82dd094e3c0d5,연차보고서 2024년도,그림,II-33,"｢2024 한국은행 국제컨퍼런스｣ (2024년 5월 30~31일, 서울)",단위; 데이터 형태; 통계기법·지수; 설명,research/bok-archive/05-연차보고서/2025-03-28_2024년도 연차보고서/2024년도 연차보고서.pdf,83,번호 직결 인용 없음 또는 문장 조각·중복 배정 제외
BOK-20250328-ba4969e7440c-그림-d7af2ac0024d1a16,연차보고서 2024년도,그림,II-34,｢한국통계학회-한국은행 공동포럼｣ (2024년 9월 13일),단위; 데이터 형태; 통계기법·지수; 설명,research/bok-archive/05-연차보고서/2025-03-28_2024년도 연차보고서/2024년도 연차보고서.pdf,87,번호 직결 인용 없음 또는 문장 조각·중복 배정 제외
BOK-20250328-ba4969e7440c-그림-93291e64b568acbd,연차보고서 2024년도,그림,II-37,재정증권 발행 및 상환 증,단위; 데이터 형태; 통계기법·지수; 설명,research/bok-archive/05-연차보고서/2025-03-28_2024년도 연차보고서/2024년도 연차보고서.pdf,91,번호 직결 인용 없음 또는 문장 조각·중복 배정 제외
BOK-20250328-ba4969e7440c-그림-57d33d49b5be04b3,연차보고서 2024년도,그림,II-39,기후변화 리스크의 정책·업무 파급경로,사용 데이터·출처; 단위; 데이터 형태; 통계기법·지수; 설명,research/bok-archive/05-연차보고서/2025-03-28_2024년도 연차보고서/2024년도 연차보고서.pdf,93,번호 직결 인용 없음 또는 문장 조각·중복 배정 제외
BOK-20250328-ba4969e7440c-그림-e8f65a8c0efd110b,연차보고서 2024년도,그림,II-40,｢한국은행-한국경제발전학회 공동 심포지엄｣,단위; 데이터 형태; 통계기법·지수; 설명,research/bok-archive/05-연차보고서/2025-03-28_2024년도 연차보고서/2024년도 연차보고서.pdf,95,번호 직결 인용 없음 또는 문장 조각·중복 배정 제외
BOK-20250328-ba4969e7440c-그림-ac824d5c9a519502,연차보고서 2024년도,그림,II-41,한국은행 기후변화 대응 관련 조직체계,사용 데이터·출처; 단위; 데이터 형태; 통계기법·지수; 설명,research/bok-archive/05-연차보고서/2025-03-28_2024년도 연차보고서/2024년도 연차보고서.pdf,98,번호 직결 인용 없음 또는 문장 조각·중복 배정 제외
BOK-20250328-ba4969e7440c-그림-554566dbb1fa3887,연차보고서 2024년도,그림,II-42,"유튜브 ｢BOK 마켓브리핑｣, ｢BOK 영상보고서｣",단위; 데이터 형태; 통계기법·지수; 설명,research/bok-archive/05-연차보고서/2025-03-28_2024년도 연차보고서/2024년도 연차보고서.pdf,99,번호 직결 인용 없음 또는 문장 조각·중복 배정 제외
BOK-20250328-ba4969e7440c-그림-b36e7a291e5d4956,연차보고서 2024년도,그림,II-43,"유튜브 ｢통화정책 경시대회｣,",단위; 데이터 형태; 통계기법·지수; 설명,research/bok-archive/05-연차보고서/2025-03-28_2024년도 연차보고서/2024년도 연차보고서.pdf,100,번호 직결 인용 없음 또는 문장 조각·중복 배정 제외
BOK-20250328-ba4969e7440c-그림-7d37613dbc161576,연차보고서 2024년도,그림,II-44,유튜브 ｢브이로그｣,단위; 데이터 형태; 통계기법·지수; 설명,research/bok-archive/05-연차보고서/2025-03-28_2024년도 연차보고서/2024년도 연차보고서.pdf,100,번호 직결 인용 없음 또는 문장 조각·중복 배정 제외
BOK-20250328-ba4969e7440c-그림-2e3d607a9e5439ee,연차보고서 2024년도,그림,II-45,"인스타그램 ｢BOK graph｣, ｢한은 부서톡톡｣",단위; 데이터 형태; 통계기법·지수; 설명,research/bok-archive/05-연차보고서/2025-03-28_2024년도 연차보고서/2024년도 연차보고서.pdf,100,번호 직결 인용 없음 또는 문장 조각·중복 배정 제외
BOK-20250328-ba4969e7440c-그림-dd93f3270dab1fb9,연차보고서 2024년도,그림,II-46,한국은행 홈페이지 메인화면,단위; 데이터 형태; 통계기법·지수; 설명,research/bok-archive/05-연차보고서/2025-03-28_2024년도 연차보고서/2024년도 연차보고서.pdf,101,번호 직결 인용 없음 또는 문장 조각·중복 배정 제외
BOK-20250328-ba4969e7440c-그림-2fbd6a5b216521a3,연차보고서 2024년도,그림,II-47,커뮤니케이션 트레이닝,단위; 데이터 형태; 통계기법·지수; 설명,research/bok-archive/05-연차보고서/2025-03-28_2024년도 연차보고서/2024년도 연차보고서.pdf,101,번호 직결 인용 없음 또는 문장 조각·중복 배정 제외
BOK-20250328-ba4969e7440c-그림-47768dc995bc40ce,연차보고서 2024년도,그림,II-51,취약계층 앞 생필품 나눔박스 지원 청소년 대상 경제교육 357 573 604,단위; 데이터 형태; 분석 목적; 통계기법·지수; 설명,research/bok-archive/05-연차보고서/2025-03-28_2024년도 연차보고서/2024년도 연차보고서.pdf,103,제목·계열·직접 인용의 해석 근거 부족; 번호 직결 인용 없음 또는 문장 조각·중복 배정 제외
BOK-20250328-ba4969e7440c-그림-a15450cfe3bf5d6c,연차보고서 2024년도,그림,II-52,연탄배달 봉사 (2024년 12월 12일),단위; 데이터 형태; 통계기법·지수; 설명,research/bok-archive/05-연차보고서/2025-03-28_2024년도 연차보고서/2024년도 연차보고서.pdf,103,번호 직결 인용 없음 또는 문장 조각·중복 배정 제외
BOK-20250328-ba4969e7440c-그림-824e20517cff775e,연차보고서 2024년도,그림,II-53,｢한은금요강좌｣ 외부강사 초청 주제,단위; 데이터 형태; 통계기법·지수; 설명,research/bok-archive/05-연차보고서/2025-03-28_2024년도 연차보고서/2024년도 연차보고서.pdf,104,번호 직결 인용 없음 또는 문장 조각·중복 배정 제외
BOK-20250328-ba4969e7440c-그림-44d76191efb26f5e,연차보고서 2024년도,그림,II-54,"동영상 ｢초등학생 나한은, 경제 만렙으로 게임",단위; 데이터 형태; 분석 목적; 통계기법·지수; 설명,research/bok-archive/05-연차보고서/2025-03-28_2024년도 연차보고서/2024년도 연차보고서.pdf,105,제목·계열·직접 인용의 해석 근거 부족; 번호 직결 인용 없음 또는 문장 조각·중복 배정 제외
BOK-20250328-ba4969e7440c-그림-56f87663001852a9,연차보고서 2024년도,그림,II-55,한국은행 스튜디오를 활용한 영상 콘텐츠,단위; 데이터 형태; 통계기법·지수; 설명,research/bok-archive/05-연차보고서/2025-03-28_2024년도 연차보고서/2024년도 연차보고서.pdf,106,번호 직결 인용 없음 또는 문장 조각·중복 배정 제외
BOK-20250328-ba4969e7440c-그림-3444694766e53b7d,연차보고서 2024년도,그림,II-56,한국은행 스튜디오 공간,단위; 데이터 형태; 통계기법·지수; 설명,research/bok-archive/05-연차보고서/2025-03-28_2024년도 연차보고서/2024년도 연차보고서.pdf,106,번호 직결 인용 없음 또는 문장 조각·중복 배정 제외
BOK-20250328-ba4969e7440c-그림-a79ed7a24abf0438,연차보고서 2024년도,그림,II-58,한국은행 홈페이지 내 블로그 메뉴,단위; 데이터 형태; 통계기법·지수; 설명,research/bok-archive/05-연차보고서/2025-03-28_2024년도 연차보고서/2024년도 연차보고서.pdf,107,번호 직결 인용 없음 또는 문장 조각·중복 배정 제외
BOK-20250328-ba4969e7440c-그림-c32b81370bc26b7f,연차보고서 2024년도,그림,III-1,한국은행의 운영리스크 관리 구조,단위; 데이터 형태; 통계기법·지수; 설명,research/bok-archive/05-연차보고서/2025-03-28_2024년도 연차보고서/2024년도 연차보고서.pdf,113,번호 직결 인용 없음 또는 문장 조각·중복 배정 제외
BOK-20250328-ba4969e7440c-그림-999cb469e56daaf6,연차보고서 2024년도,그림,III-3,｢2024 BOK 청렴골든벨｣ 포스터,단위; 데이터 형태; 통계기법·지수; 설명,research/bok-archive/05-연차보고서/2025-03-28_2024년도 연차보고서/2024년도 연차보고서.pdf,116,번호 직결 인용 없음 또는 문장 조각·중복 배정 제외
BOK-20250328-ba4969e7440c-그림-ef68b40ea5886c2a,연차보고서 2024년도,그림,III-4,한국은행 금융·경제 스냅샷 – 인구구조 전망,단위; 데이터 형태; 통계기법·지수; 설명,research/bok-archive/05-연차보고서/2025-03-28_2024년도 연차보고서/2024년도 연차보고서.pdf,117,번호 직결 인용 없음 또는 문장 조각·중복 배정 제외
BOK-20250328-ba4969e7440c-그림-7e503073299b8b8c,연차보고서 2024년도,그림,III-5,팀·반장 이상 직책 보임 여성 직원 규모 및,분석 목적; 통계기법·지수; 설명,research/bok-archive/05-연차보고서/2025-03-28_2024년도 연차보고서/2024년도 연차보고서.pdf,119,제목·계열·직접 인용의 해석 근거 부족; 번호 직결 인용 없음 또는 문장 조각·중복 배정 제외
BOK-20250328-ba4969e7440c-그림-4cca471ea8faf5a4,연차보고서 2024년도,그림,III-6,신입 종합기획직원(G5) 출신 대학교 수,통계기법·지수; 설명,research/bok-archive/05-연차보고서/2025-03-28_2024년도 연차보고서/2024년도 연차보고서.pdf,119,번호 직결 인용 없음 또는 문장 조각·중복 배정 제외
BOK-20250328-ba4969e7440c-그림-53ef8c9b4407bf7e,연차보고서 2024년도,그림,III-7,지방인재･지역전문 채용 규모 및 비중,설명,research/bok-archive/05-연차보고서/2025-03-28_2024년도 연차보고서/2024년도 연차보고서.pdf,119,번호 직결 인용 없음 또는 문장 조각·중복 배정 제외
BOK-20250328-ba4969e7440c-그림-4ea87c5fbdbbe7da,연차보고서 2024년도,그림,III-8,자산 현황1) (주요 항목) (기말 기준),통계기법·지수; 설명,research/bok-archive/05-연차보고서/2025-03-28_2024년도 연차보고서/2024년도 연차보고서.pdf,120,번호 직결 인용 없음 또는 문장 조각·중복 배정 제외
BOK-20250328-ba4969e7440c-그림-8af30a5aab84046c,연차보고서 2024년도,그림,III-9,부채 및 자본 현황1) (주요 항목) (기말 기준),통계기법·지수; 설명,research/bok-archive/05-연차보고서/2025-03-28_2024년도 연차보고서/2024년도 연차보고서.pdf,121,번호 직결 인용 없음 또는 문장 조각·중복 배정 제외
BOK-20250328-ba4969e7440c-표-df9870af54e1a8b6,연차보고서 2024년도,표,I-1,경제활동별 GDP 성장률,종류; 설명,research/bok-archive/05-연차보고서/2025-03-28_2024년도 연차보고서/2024년도 연차보고서.pdf,19,허용 종류로 판별 불가 또는 표 구조 미확인; 번호 직결 인용 없음 또는 문장 조각·중복 배정 제외
BOK-20250328-ba4969e7440c-표-47299b8fb8cd9ed5,연차보고서 2024년도,표,I-2,제조업 업종별 성장률,종류; 설명,research/bok-archive/05-연차보고서/2025-03-28_2024년도 연차보고서/2024년도 연차보고서.pdf,19,허용 종류로 판별 불가 또는 표 구조 미확인; 번호 직결 인용 없음 또는 문장 조각·중복 배정 제외
BOK-20250328-ba4969e7440c-표-cfe738d4a6af1c6c,연차보고서 2024년도,표,I-4,임금 지표 상승률,종류; 설명,research/bok-archive/05-연차보고서/2025-03-28_2024년도 연차보고서/2024년도 연차보고서.pdf,21,허용 종류로 판별 불가 또는 표 구조 미확인; 번호 직결 인용 없음 또는 문장 조각·중복 배정 제외
BOK-20250328-ba4969e7440c-표-c735ceaf0222f46f,연차보고서 2024년도,표,I-5,주택가격 상승률,데이터 형태; 종류; 설명,research/bok-archive/05-연차보고서/2025-03-28_2024년도 연차보고서/2024년도 연차보고서.pdf,23,허용 종류로 판별 불가 또는 표 구조 미확인; 번호 직결 인용 없음 또는 문장 조각·중복 배정 제외
BOK-20250328-ba4969e7440c-표-9eed873c4e04b2bb,연차보고서 2024년도,표,I-8-2024,년 권역별1) 주요 지표p,사용 데이터·출처; 단위; 데이터 형태; 종류; 통계기법·지수; 설명,불명,불명,허용 종류로 판별 불가 또는 표 구조 미확인; 번호 직결 인용 없음 또는 문장 조각·중복 배정 제외
BOK-20250328-ba4969e7440c-표-8671d807187dfa1d,연차보고서 2024년도,표,I-9,주요국 국채금리 및 리스크 프리미엄,단위; 데이터 형태; 종류; 통계기법·지수; 설명,research/bok-archive/05-연차보고서/2025-03-28_2024년도 연차보고서/2024년도 연차보고서.pdf,26,허용 종류로 판별 불가 또는 표 구조 미확인; 번호 직결 인용 없음 또는 문장 조각·중복 배정 제외
BOK-20250328-ba4969e7440c-표-64ad5a4b34b32753,연차보고서 2024년도,표,I-10,금융기관 대출 (기간 중 증감액 기준),종류; 설명,research/bok-archive/05-연차보고서/2025-03-28_2024년도 연차보고서/2024년도 연차보고서.pdf,30,허용 종류로 판별 불가 또는 표 구조 미확인; 번호 직결 인용 없음 또는 문장 조각·중복 배정 제외
BOK-20250328-ba4969e7440c-표-e3d30072d2fe8966,연차보고서 2024년도,표,I-11,주요 금융기관 수신 (기간 중 증감액 기준) 외,종류; 설명,research/bok-archive/05-연차보고서/2025-03-28_2024년도 연차보고서/2024년도 연차보고서.pdf,31,허용 종류로 판별 불가 또는 표 구조 미확인; 번호 직결 인용 없음 또는 문장 조각·중복 배정 제외
BOK-20250328-ba4969e7440c-표-40b91ba1844359ab,연차보고서 2024년도,표,II-2,한국은행 원화대출금1) (기말 기준),데이터 형태; 종류; 통계기법·지수; 설명,research/bok-archive/05-연차보고서/2025-03-28_2024년도 연차보고서/2024년도 연차보고서.pdf,42,허용 종류로 판별 불가 또는 표 구조 미확인; 번호 직결 인용 없음 또는 문장 조각·중복 배정 제외
BOK-20250328-ba4969e7440c-표-7fede36c02a69406,연차보고서 2024년도,표,II-4,금융중개지원대출 프로그램별 한도 및 금리1),데이터 형태; 종류; 통계기법·지수; 설명,research/bok-archive/05-연차보고서/2025-03-28_2024년도 연차보고서/2024년도 연차보고서.pdf,42,허용 종류로 판별 불가 또는 표 구조 미확인; 번호 직결 인용 없음 또는 문장 조각·중복 배정 제외
BOK-20250328-ba4969e7440c-표-61e92b47a035f29c,연차보고서 2024년도,표,II-5,은행에 대한 공동검사,단위; 종류; 통계기법·지수; 설명,research/bok-archive/05-연차보고서/2025-03-28_2024년도 연차보고서/2024년도 연차보고서.pdf,50,허용 종류로 판별 불가 또는 표 구조 미확인; 번호 직결 인용 없음 또는 문장 조각·중복 배정 제외
BOK-20250328-ba4969e7440c-표-72d91abe9c349156,연차보고서 2024년도,표,II-6,｢시장상황 점검회의｣ 개최 내역,단위; 데이터 형태; 통계기법·지수; 설명,research/bok-archive/05-연차보고서/2025-03-28_2024년도 연차보고서/2024년도 연차보고서.pdf,52,번호 직결 인용 없음 또는 문장 조각·중복 배정 제외
BOK-20250328-ba4969e7440c-표-2a3e10983105b1d8,연차보고서 2024년도,표,II-8,우리나라의 통화스왑 체결 현황,단위; 데이터 형태; 통계기법·지수; 설명,research/bok-archive/05-연차보고서/2025-03-28_2024년도 연차보고서/2024년도 연차보고서.pdf,53,번호 직결 인용 없음 또는 문장 조각·중복 배정 제외
BOK-20250328-ba4969e7440c-표-55f96175d293b69c,연차보고서 2024년도,표,II-9,화폐발행･환수 및 발행잔액1),데이터 형태; 종류; 설명,research/bok-archive/05-연차보고서/2025-03-28_2024년도 연차보고서/2024년도 연차보고서.pdf,54,허용 종류로 판별 불가 또는 표 구조 미확인; 번호 직결 인용 없음 또는 문장 조각·중복 배정 제외
BOK-20250328-ba4969e7440c-표-c62cd6ea872223a7,연차보고서 2024년도,표,II-10,화폐 제조규모1),종류; 통계기법·지수; 설명,research/bok-archive/05-연차보고서/2025-03-28_2024년도 연차보고서/2024년도 연차보고서.pdf,54,허용 종류로 판별 불가 또는 표 구조 미확인; 번호 직결 인용 없음 또는 문장 조각·중복 배정 제외
BOK-20250328-ba4969e7440c-표-3ac2de39b8f7ce3a,연차보고서 2024년도,표,II-11,일중 일시결제부족자금 지원규모 (일평균),단위; 종류; 설명,research/bok-archive/05-연차보고서/2025-03-28_2024년도 연차보고서/2024년도 연차보고서.pdf,58,허용 종류로 판별 불가 또는 표 구조 미확인; 번호 직결 인용 없음 또는 문장 조각·중복 배정 제외
BOK-20250328-ba4969e7440c-표-89fdc8e8e848d689,연차보고서 2024년도,표,II-12,차액결제이행용 담보제공비율1) 인상 계획,데이터 형태; 설명,research/bok-archive/05-연차보고서/2025-03-28_2024년도 연차보고서/2024년도 연차보고서.pdf,60,번호 직결 인용 없음 또는 문장 조각·중복 배정 제외
BOK-20250328-ba4969e7440c-표-368b56bf352ee942,연차보고서 2024년도,표,II-13,외환당국 순거래 내역1) 업,종류; 통계기법·지수; 설명,research/bok-archive/05-연차보고서/2025-03-28_2024년도 연차보고서/2024년도 연차보고서.pdf,65,허용 종류로 판별 불가 또는 표 구조 미확인; 번호 직결 인용 없음 또는 문장 조각·중복 배정 제외
BOK-20250328-ba4969e7440c-표-b6712df3e64d1599,연차보고서 2024년도,표,II-14,외환보유액 구성 내역 (기말 기준),단위; 데이터 형태; 종류; 통계기법·지수; 설명,research/bok-archive/05-연차보고서/2025-03-28_2024년도 연차보고서/2024년도 연차보고서.pdf,66,허용 종류로 판별 불가 또는 표 구조 미확인; 번호 직결 인용 없음 또는 문장 조각·중복 배정 제외
BOK-20250328-ba4969e7440c-표-49e350ff41e9009c,연차보고서 2024년도,표,II-15,외화자산1) 구성 내역 (기말 기준),종류; 통계기법·지수; 설명,research/bok-archive/05-연차보고서/2025-03-28_2024년도 연차보고서/2024년도 연차보고서.pdf,67,허용 종류로 판별 불가 또는 표 구조 미확인; 번호 직결 인용 없음 또는 문장 조각·중복 배정 제외
BOK-20250328-ba4969e7440c-표-f66e6000feb738d2,연차보고서 2024년도,표,II-16,외화자산 운용 시 국내 금융기관 활용 현황,단위; 데이터 형태; 종류; 통계기법·지수; 설명,research/bok-archive/05-연차보고서/2025-03-28_2024년도 연차보고서/2024년도 연차보고서.pdf,68,허용 종류로 판별 불가 또는 표 구조 미확인; 번호 직결 인용 없음 또는 문장 조각·중복 배정 제외
BOK-20250328-ba4969e7440c-표-9f4fe28ab1b8c516,연차보고서 2024년도,표,II-17,국제회의 주요 논의 내용 (2024년 중),단위; 데이터 형태; 종류; 통계기법·지수; 설명,research/bok-archive/05-연차보고서/2025-03-28_2024년도 연차보고서/2024년도 연차보고서.pdf,73,허용 종류로 판별 불가 또는 표 구조 미확인; 번호 직결 인용 없음 또는 문장 조각·중복 배정 제외
BOK-20250328-ba4969e7440c-표-ca54090ae4123667,연차보고서 2024년도,표,II-18,역내 국제회의 주요 논의 내용 (2024년 중),단위; 데이터 형태; 통계기법·지수; 설명,research/bok-archive/05-연차보고서/2025-03-28_2024년도 연차보고서/2024년도 연차보고서.pdf,74,번호 직결 인용 없음 또는 문장 조각·중복 배정 제외
BOK-20250328-ba4969e7440c-표-8ecf4a2ee3e5a0fe,연차보고서 2024년도,표,II-21,국제금융기구 출자･출연금 현황,단위; 데이터 형태; 종류; 통계기법·지수; 설명,research/bok-archive/05-연차보고서/2025-03-28_2024년도 연차보고서/2024년도 연차보고서.pdf,76,허용 종류로 판별 불가 또는 표 구조 미확인; 번호 직결 인용 없음 또는 문장 조각·중복 배정 제외
BOK-20250328-ba4969e7440c-표-aee8020a9b68b64f,연차보고서 2024년도,표,II-23-2024,년 발간 BOK 이슈노트,사용 데이터·출처; 단위; 데이터 형태; 종류; 통계기법·지수; 설명,불명,불명,허용 종류로 판별 불가 또는 표 구조 미확인; 번호 직결 인용 없음 또는 문장 조각·중복 배정 제외
BOK-20250328-ba4969e7440c-표-68d3d3ee397c1f96,연차보고서 2024년도,표,II-24-2024,년 발간 BOK 경제연구,사용 데이터·출처; 단위; 데이터 형태; 종류; 통계기법·지수; 설명,불명,불명,허용 종류로 판별 불가 또는 표 구조 미확인; 번호 직결 인용 없음 또는 문장 조각·중복 배정 제외
BOK-20250328-ba4969e7440c-표-93672d0accdae5c8,연차보고서 2024년도,표,II-25,경제규모 및 국민소득1),종류; 설명,research/bok-archive/05-연차보고서/2025-03-28_2024년도 연차보고서/2024년도 연차보고서.pdf,88,허용 종류로 판별 불가 또는 표 구조 미확인; 번호 직결 인용 없음 또는 문장 조각·중복 배정 제외
BOK-20250328-ba4969e7440c-표-7d75eff2485582be,연차보고서 2024년도,표,II-26-2020,년 기준년의 경제구조,사용 데이터·출처; 데이터 형태; 종류; 통계기법·지수; 설명,불명,불명,허용 종류로 판별 불가 또는 표 구조 미확인; 번호 직결 인용 없음 또는 문장 조각·중복 배정 제외
BOK-20250328-ba4969e7440c-표-d9284ca017c02fc8,연차보고서 2024년도,표,II-28,국고대리점 현황1) 및 수납금액,단위; 데이터 형태; 종류; 통계기법·지수; 설명,research/bok-archive/05-연차보고서/2025-03-28_2024년도 연차보고서/2024년도 연차보고서.pdf,89,허용 종류로 판별 불가 또는 표 구조 미확인; 번호 직결 인용 없음 또는 문장 조각·중복 배정 제외
BOK-20250328-ba4969e7440c-표-9c8b8418569942b2,연차보고서 2024년도,표,II-29,국고전산망 처리 실적 (일평균),단위; 종류; 설명,research/bok-archive/05-연차보고서/2025-03-28_2024년도 연차보고서/2024년도 연차보고서.pdf,90,허용 종류로 판별 불가 또는 표 구조 미확인; 번호 직결 인용 없음 또는 문장 조각·중복 배정 제외
BOK-20250328-ba4969e7440c-표-6dcf2bb2a74d6fb4,연차보고서 2024년도,표,II-31,국고채권 발행 및 상환,통계기법·지수; 설명,research/bok-archive/05-연차보고서/2025-03-28_2024년도 연차보고서/2024년도 연차보고서.pdf,91,번호 직결 인용 없음 또는 문장 조각·중복 배정 제외
BOK-20250328-ba4969e7440c-표-24bf086a69494f9c,연차보고서 2024년도,표,II-32,기금 조달(운용) 현황,단위; 데이터 형태; 종류; 통계기법·지수; 설명,research/bok-archive/05-연차보고서/2025-03-28_2024년도 연차보고서/2024년도 연차보고서.pdf,92,허용 종류로 판별 불가 또는 표 구조 미확인; 번호 직결 인용 없음 또는 문장 조각·중복 배정 제외
BOK-20250328-ba4969e7440c-표-30f2046b2ac69e8e,연차보고서 2024년도,표,II-33,한국은행 기금관리 업무의 주요 내용,단위; 데이터 형태; 통계기법·지수; 설명,research/bok-archive/05-연차보고서/2025-03-28_2024년도 연차보고서/2024년도 연차보고서.pdf,92,번호 직결 인용 없음 또는 문장 조각·중복 배정 제외
BOK-20250328-ba4969e7440c-표-ca6793d12547ca55,연차보고서 2024년도,표,II-34,한국은행 기후변화 대응 전략표,사용 데이터·출처; 단위; 데이터 형태; 통계기법·지수; 설명,research/bok-archive/05-연차보고서/2025-03-28_2024년도 연차보고서/2024년도 연차보고서.pdf,94,번호 직결 인용 없음 또는 문장 조각·중복 배정 제외
BOK-20250328-ba4969e7440c-표-e1c98ccb69fb1442,연차보고서 2024년도,표,II-35-2024,년 중 기후 관련 주요 조사연구 자료 발간 실적,사용 데이터·출처; 단위; 데이터 형태; 종류; 통계기법·지수; 설명,불명,불명,허용 종류로 판별 불가 또는 표 구조 미확인; 번호 직결 인용 없음 또는 문장 조각·중복 배정 제외
BOK-20250328-ba4969e7440c-표-4ad1b63b8d549737,연차보고서 2024년도,표,II-36-2023,년 한국은행 온실가스 배출 실적,사용 데이터·출처; 단위; 데이터 형태; 종류; 통계기법·지수; 설명,불명,불명,허용 종류로 판별 불가 또는 표 구조 미확인; 번호 직결 인용 없음 또는 문장 조각·중복 배정 제외
BOK-20250328-ba4969e7440c-표-ce4c8e6573430599,연차보고서 2024년도,표,II-37,ESG 관련 자산 투자 현황 (2024년 말 기준),종류; 통계기법·지수; 설명,research/bok-archive/05-연차보고서/2025-03-28_2024년도 연차보고서/2024년도 연차보고서.pdf,97,허용 종류로 판별 불가 또는 표 구조 미확인; 번호 직결 인용 없음 또는 문장 조각·중복 배정 제외
BOK-20250328-ba4969e7440c-표-6a95d866a26e6f1e,연차보고서 2024년도,표,II-38,"한국은행 소셜미디어 운영 현황1) 또한, 한국은행에서 실시한 ｢통화정책 경시대",단위; 데이터 형태; 종류; 분석 목적; 통계기법·지수; 설명,research/bok-archive/05-연차보고서/2025-03-28_2024년도 연차보고서/2024년도 연차보고서.pdf,99,허용 종류로 판별 불가 또는 표 구조 미확인; 제목·계열·직접 인용의 해석 근거 부족; 번호 직결 인용 없음 또는 문장 조각·중복 배정 제외
BOK-20250328-ba4969e7440c-표-7436cc4918133f89,연차보고서 2024년도,표,II-39,홈페이지(메인) 방문자 수 (기간 중),종류; 통계기법·지수; 설명,research/bok-archive/05-연차보고서/2025-03-28_2024년도 연차보고서/2024년도 연차보고서.pdf,101,허용 종류로 판별 불가 또는 표 구조 미확인; 번호 직결 인용 없음 또는 문장 조각·중복 배정 제외
BOK-20250328-ba4969e7440c-표-054a6d24c23ae27e,연차보고서 2024년도,표,II-40,트레이닝 과정별 참여자 수,데이터 형태; 종류; 통계기법·지수; 설명,research/bok-archive/05-연차보고서/2025-03-28_2024년도 연차보고서/2024년도 연차보고서.pdf,101,허용 종류로 판별 불가 또는 표 구조 미확인; 번호 직결 인용 없음 또는 문장 조각·중복 배정 제외
BOK-20250328-ba4969e7440c-표-2b7c56d59e988b8a,연차보고서 2024년도,표,II-41,경제교육 실적1)2),단위; 종류; 통계기법·지수; 설명,research/bok-archive/05-연차보고서/2025-03-28_2024년도 연차보고서/2024년도 연차보고서.pdf,103,허용 종류로 판별 불가 또는 표 구조 미확인; 번호 직결 인용 없음 또는 문장 조각·중복 배정 제외
BOK-20250328-ba4969e7440c-표-3d201713b87a37e0,연차보고서 2024년도,표,III-1,연도별 직원 채용 규모1),종류; 통계기법·지수; 설명,research/bok-archive/05-연차보고서/2025-03-28_2024년도 연차보고서/2024년도 연차보고서.pdf,115,허용 종류로 판별 불가 또는 표 구조 미확인; 번호 직결 인용 없음 또는 문장 조각·중복 배정 제외
BOK-20250328-ba4969e7440c-표-5a65471b4d4a88d5,연차보고서 2024년도,표,III-2,한국은행 종합청렴도 평가 결과 고 공유하는 대시보드를 마련하였다,단위; 데이터 형태; 종류; 분석 목적; 통계기법·지수; 설명,research/bok-archive/05-연차보고서/2025-03-28_2024년도 연차보고서/2024년도 연차보고서.pdf,116,허용 종류로 판별 불가 또는 표 구조 미확인; 제목·계열·직접 인용의 해석 근거 부족; 번호 직결 인용 없음 또는 문장 조각·중복 배정 제외
BOK-20250328-ba4969e7440c-표-d6ce0f85e4a7bf48,연차보고서 2024년도,표,III-3,손익 현황,데이터 형태; 통계기법·지수; 설명,research/bok-archive/05-연차보고서/2025-03-28_2024년도 연차보고서/2024년도 연차보고서.pdf,121,번호 직결 인용 없음 또는 문장 조각·중복 배정 제외
BOK-20250328-ba4969e7440c-표-46f0c08099343def,연차보고서 2024년도,표,III-4,대차대조표 (제75기 2024년 12월 31일 기준),사용 데이터·출처; 단위; 데이터 형태; 종류; 통계기법·지수; 설명,research/bok-archive/05-연차보고서/2025-03-28_2024년도 연차보고서/2024년도 연차보고서.pdf,122,허용 종류로 판별 불가 또는 표 구조 미확인; 번호 직결 인용 없음 또는 문장 조각·중복 배정 제외
BOK-20250328-ba4969e7440c-표-f1371842a9c337f0,연차보고서 2024년도,표,III-5,손익계산서 (제75기 2024년 1월 1일부터 2024년 12월 31일까지),사용 데이터·출처; 단위; 데이터 형태; 종류; 통계기법·지수; 설명,research/bok-archive/05-연차보고서/2025-03-28_2024년도 연차보고서/2024년도 연차보고서.pdf,124,허용 종류로 판별 불가 또는 표 구조 미확인; 번호 직결 인용 없음 또는 문장 조각·중복 배정 제외
BOK-20250328-ba4969e7440c-표-dfa425acad4e8420,연차보고서 2024년도,표,III-6,자본변동표 (제75기 2024년 1월 1일부터 2024년 12월 31일까지),사용 데이터·출처; 단위; 데이터 형태; 종류; 통계기법·지수; 설명,research/bok-archive/05-연차보고서/2025-03-28_2024년도 연차보고서/2024년도 연차보고서.pdf,126,허용 종류로 판별 불가 또는 표 구조 미확인; 번호 직결 인용 없음 또는 문장 조각·중복 배정 제외
BOK-20250328-ba4969e7440c-표-cb7e82624c47b1fa,연차보고서 2024년도,표,III-7,이익잉여금처분계산서 (제75기 2024년 1월 1일부터 2024년 12월 31일까지),사용 데이터·출처; 단위; 데이터 형태; 통계기법·지수; 설명,research/bok-archive/05-연차보고서/2025-03-28_2024년도 연차보고서/2024년도 연차보고서.pdf,126,번호 직결 인용 없음 또는 문장 조각·중복 배정 제외
BOK-20250328-ba4969e7440c-표-3d48f75fc4c2138e,연차보고서 2024년도,표,IV-5,대차대조표 (제74기 2023년 12월 31일 기준),사용 데이터·출처; 단위; 데이터 형태; 종류; 통계기법·지수; 설명,research/bok-archive/05-연차보고서/2025-03-28_2024년도 연차보고서/2024년도 연차보고서.pdf,122,허용 종류로 판별 불가 또는 표 구조 미확인; 번호 직결 인용 없음 또는 문장 조각·중복 배정 제외
BOK-20250328-ba4969e7440c-표-c24e48b347de0f72,연차보고서 2024년도,표,IV-6,손익계산서 (제74기 2023년 1월 1일부터 2023년 12월 31일까지),사용 데이터·출처; 단위; 데이터 형태; 종류; 통계기법·지수; 설명,research/bok-archive/05-연차보고서/2025-03-28_2024년도 연차보고서/2024년도 연차보고서.pdf,124,허용 종류로 판별 불가 또는 표 구조 미확인; 번호 직결 인용 없음 또는 문장 조각·중복 배정 제외
BOK-20250328-ba4969e7440c-표-4bbd6f57dedba6e0,연차보고서 2024년도,표,IV-7,자본변동표 (제74기 2023년 1월 1일부터 2023년 12월 31일까지),사용 데이터·출처; 단위; 데이터 형태; 종류; 통계기법·지수; 설명,research/bok-archive/05-연차보고서/2025-03-28_2024년도 연차보고서/2024년도 연차보고서.pdf,126,허용 종류로 판별 불가 또는 표 구조 미확인; 번호 직결 인용 없음 또는 문장 조각·중복 배정 제외
BOK-20250328-ba4969e7440c-표-b9a6f19a56ba26d3,연차보고서 2024년도,표,IV-8,이익잉여금처분계산서 (제74기 2023년 1월 1일부터 2023년 12월 31일까지),사용 데이터·출처; 단위; 데이터 형태; 통계기법·지수; 설명,research/bok-archive/05-연차보고서/2025-03-28_2024년도 연차보고서/2024년도 연차보고서.pdf,126,번호 직결 인용 없음 또는 문장 조각·중복 배정 제외
BOK-20260327-be01015e1429-그림-733ceff02cd783a3,연차보고서 2025년도,그림,I-1,세계경제 성장률 추이,단위; 데이터 형태; 설명,research/bok-archive/05-연차보고서/2026-03-27_2025년도 연차보고서/2025년도(제76차) 연차보고서F.pdf,15,번호 직결 인용 없음 또는 문장 조각·중복 배정 제외
BOK-20260327-be01015e1429-그림-d9469d1ffea4c02d,연차보고서 2025년도,그림,I-3,세계교역 신장률1),통계기법·지수; 설명,research/bok-archive/05-연차보고서/2026-03-27_2025년도 연차보고서/2025년도(제76차) 연차보고서F.pdf,16,번호 직결 인용 없음 또는 문장 조각·중복 배정 제외
BOK-20260327-be01015e1429-그림-da84070e9a40de83,연차보고서 2025년도,그림,I-4,국제유가 (월평균),단위; 데이터 형태; 설명,research/bok-archive/05-연차보고서/2026-03-27_2025년도 연차보고서/2025년도(제76차) 연차보고서F.pdf,17,번호 직결 인용 없음 또는 문장 조각·중복 배정 제외
BOK-20260327-be01015e1429-그림-c38f0b69e0f2195a,연차보고서 2025년도,그림,I-5,GDP 성장률 및 지출항목별 기여도1),단위; 데이터 형태; 설명,research/bok-archive/05-연차보고서/2026-03-27_2025년도 연차보고서/2025년도(제76차) 연차보고서F.pdf,18,번호 직결 인용 없음 또는 문장 조각·중복 배정 제외
BOK-20260327-be01015e1429-그림-8091393673d0017b,연차보고서 2025년도,그림,I-6,소비 증감률 및 기여도,단위; 데이터 형태; 설명,research/bok-archive/05-연차보고서/2026-03-27_2025년도 연차보고서/2025년도(제76차) 연차보고서F.pdf,18,번호 직결 인용 없음 또는 문장 조각·중복 배정 제외
BOK-20260327-be01015e1429-그림-6321441d8eea1755,연차보고서 2025년도,그림,I-7,투자 증감률 및 기여도,단위; 데이터 형태; 설명,research/bok-archive/05-연차보고서/2026-03-27_2025년도 연차보고서/2025년도(제76차) 연차보고서F.pdf,19,번호 직결 인용 없음 또는 문장 조각·중복 배정 제외
BOK-20260327-be01015e1429-그림-aa247c4ea622968a,연차보고서 2025년도,그림,I-9,GDP 성장률 및 경제활동별 기여도,단위; 데이터 형태; 설명,research/bok-archive/05-연차보고서/2026-03-27_2025년도 연차보고서/2025년도(제76차) 연차보고서F.pdf,20,번호 직결 인용 없음 또는 문장 조각·중복 배정 제외
BOK-20260327-be01015e1429-그림-6afac6f684da6152,연차보고서 2025년도,그림,I-10,산업별 취업자수 증감,단위; 데이터 형태; 통계기법·지수; 설명,research/bok-archive/05-연차보고서/2026-03-27_2025년도 연차보고서/2025년도(제76차) 연차보고서F.pdf,21,번호 직결 인용 없음 또는 문장 조각·중복 배정 제외
BOK-20260327-be01015e1429-그림-92014bb9e30445e7,연차보고서 2025년도,그림,I-11,연령별 취업자수 증감,단위; 데이터 형태; 통계기법·지수; 설명,research/bok-archive/05-연차보고서/2026-03-27_2025년도 연차보고서/2025년도(제76차) 연차보고서F.pdf,21,번호 직결 인용 없음 또는 문장 조각·중복 배정 제외
BOK-20260327-be01015e1429-그림-e99f58d4305dbf60,연차보고서 2025년도,그림,I-12,종사상지위별 취업자수 증감,단위; 데이터 형태; 통계기법·지수; 설명,research/bok-archive/05-연차보고서/2026-03-27_2025년도 연차보고서/2025년도(제76차) 연차보고서F.pdf,21,번호 직결 인용 없음 또는 문장 조각·중복 배정 제외
BOK-20260327-be01015e1429-그림-7492c21df0539b3a,연차보고서 2025년도,그림,I-13,종사상지위별 임금상승률,단위; 데이터 형태; 설명,research/bok-archive/05-연차보고서/2026-03-27_2025년도 연차보고서/2025년도(제76차) 연차보고서F.pdf,22,번호 직결 인용 없음 또는 문장 조각·중복 배정 제외
BOK-20260327-be01015e1429-그림-3ea58927eb44804c,연차보고서 2025년도,그림,I-14,주요 물가 지표,단위; 데이터 형태; 통계기법·지수; 설명,research/bok-archive/05-연차보고서/2026-03-27_2025년도 연차보고서/2025년도(제76차) 연차보고서F.pdf,23,번호 직결 인용 없음 또는 문장 조각·중복 배정 제외
BOK-20260327-be01015e1429-그림-5efa45481efae251,연차보고서 2025년도,그림,I-15,소비자물가상승률 및 품목별 기여도,설명,research/bok-archive/05-연차보고서/2026-03-27_2025년도 연차보고서/2025년도(제76차) 연차보고서F.pdf,23,번호 직결 인용 없음 또는 문장 조각·중복 배정 제외
BOK-20260327-be01015e1429-그림-77d467f001861472,연차보고서 2025년도,그림,I-16,경상수지,단위; 데이터 형태; 설명,research/bok-archive/05-연차보고서/2026-03-27_2025년도 연차보고서/2025년도(제76차) 연차보고서F.pdf,24,번호 직결 인용 없음 또는 문장 조각·중복 배정 제외
BOK-20260327-be01015e1429-그림-1d9ddcbcc2d34a2a,연차보고서 2025년도,그림,I-17,서비스수지,단위; 데이터 형태; 설명,research/bok-archive/05-연차보고서/2026-03-27_2025년도 연차보고서/2025년도(제76차) 연차보고서F.pdf,26,번호 직결 인용 없음 또는 문장 조각·중복 배정 제외
BOK-20260327-be01015e1429-그림-ffa825c63b8fdccc,연차보고서 2025년도,그림,I-18,주요국 국채금리 및 EMBI+ 가산금리,단위; 데이터 형태; 설명,research/bok-archive/05-연차보고서/2026-03-27_2025년도 연차보고서/2025년도(제76차) 연차보고서F.pdf,28,번호 직결 인용 없음 또는 문장 조각·중복 배정 제외
BOK-20260327-be01015e1429-그림-19dba3741b98312a,연차보고서 2025년도,그림,I-19,주요 선진국 주가 및 MSCI 신흥국 지수,단위; 데이터 형태; 설명,research/bok-archive/05-연차보고서/2026-03-27_2025년도 연차보고서/2025년도(제76차) 연차보고서F.pdf,28,번호 직결 인용 없음 또는 문장 조각·중복 배정 제외
BOK-20260327-be01015e1429-그림-ffd9ec7b06b5db0c,연차보고서 2025년도,그림,I-20,달러/유로 및 엔/달러 환율,단위; 데이터 형태; 설명,research/bok-archive/05-연차보고서/2026-03-27_2025년도 연차보고서/2025년도(제76차) 연차보고서F.pdf,29,번호 직결 인용 없음 또는 문장 조각·중복 배정 제외
BOK-20260327-be01015e1429-그림-970b1dce6fa59e06,연차보고서 2025년도,그림,I-21,국고채금리 및 미국 국채금리,단위; 데이터 형태; 통계기법·지수; 설명,research/bok-archive/05-연차보고서/2026-03-27_2025년도 연차보고서/2025년도(제76차) 연차보고서F.pdf,30,번호 직결 인용 없음 또는 문장 조각·중복 배정 제외
BOK-20260327-be01015e1429-그림-8fb710ad9c61bea2,연차보고서 2025년도,그림,I-22,회사채 금리 및 신용스프레드1),단위; 데이터 형태; 설명,research/bok-archive/05-연차보고서/2026-03-27_2025년도 연차보고서/2025년도(제76차) 연차보고서F.pdf,31,번호 직결 인용 없음 또는 문장 조각·중복 배정 제외
BOK-20260327-be01015e1429-그림-956de47835549338,연차보고서 2025년도,그림,I-23,주요 단기금리,단위; 데이터 형태; 통계기법·지수; 설명,research/bok-archive/05-연차보고서/2026-03-27_2025년도 연차보고서/2025년도(제76차) 연차보고서F.pdf,31,번호 직결 인용 없음 또는 문장 조각·중복 배정 제외
BOK-20260327-be01015e1429-그림-df2595b4f763f359,연차보고서 2025년도,그림,I-25,원/달러 환율 및 원화 명목실효환율 지수1),단위; 데이터 형태; 설명,research/bok-archive/05-연차보고서/2026-03-27_2025년도 연차보고서/2025년도(제76차) 연차보고서F.pdf,34,번호 직결 인용 없음 또는 문장 조각·중복 배정 제외
BOK-20260327-be01015e1429-그림-35f07f8562a65fce,연차보고서 2025년도,그림,I-26,원/달러 및 주요국 환율 변동성(연평균),데이터 형태; 설명,research/bok-archive/05-연차보고서/2026-03-27_2025년도 연차보고서/2025년도(제76차) 연차보고서F.pdf,34,번호 직결 인용 없음 또는 문장 조각·중복 배정 제외
BOK-20260327-be01015e1429-그림-519b340c42397522,연차보고서 2025년도,그림,I-27,외환스왑레이트,단위; 데이터 형태; 통계기법·지수; 설명,research/bok-archive/05-연차보고서/2026-03-27_2025년도 연차보고서/2025년도(제76차) 연차보고서F.pdf,34,번호 직결 인용 없음 또는 문장 조각·중복 배정 제외
BOK-20260327-be01015e1429-그림-ce907c6f0d353773,연차보고서 2025년도,그림,II-2,기준금리,단위; 데이터 형태; 분석 목적; 통계기법·지수; 설명,research/bok-archive/05-연차보고서/2026-03-27_2025년도 연차보고서/2025년도(제76차) 연차보고서F.pdf,41,제목·계열·직접 인용의 해석 근거 부족; 번호 직결 인용 없음 또는 문장 조각·중복 배정 제외
BOK-20260327-be01015e1429-그림-14cd079f94e8a08c,연차보고서 2025년도,그림,II-3,공개시장운영 수단별 지급준비금 조절규모,단위; 데이터 형태; 통계기법·지수; 설명,research/bok-archive/05-연차보고서/2026-03-27_2025년도 연차보고서/2025년도(제76차) 연차보고서F.pdf,43,번호 직결 인용 없음 또는 문장 조각·중복 배정 제외
BOK-20260327-be01015e1429-그림-dca61600660fa803,연차보고서 2025년도,그림,II-4,금융중개지원대출의 한도 및 금리1) 추이 명시적으로 전달하기 위한 노력으로 총재 기,데이터 형태; 분석 목적; 통계기법·지수; 설명,research/bok-archive/05-연차보고서/2026-03-27_2025년도 연차보고서/2025년도(제76차) 연차보고서F.pdf,45,제목·계열·직접 인용의 해석 근거 부족; 번호 직결 인용 없음 또는 문장 조각·중복 배정 제외
BOK-20260327-be01015e1429-그림-8f872344da444afd,연차보고서 2025년도,그림,II-5,기자단 신년간담회 (2025년 2월 12일),단위; 데이터 형태; 통계기법·지수; 설명,research/bok-archive/05-연차보고서/2026-03-27_2025년도 연차보고서/2025년도(제76차) 연차보고서F.pdf,46,번호 직결 인용 없음 또는 문장 조각·중복 배정 제외
BOK-20260327-be01015e1429-그림-b592348345ceef30,연차보고서 2025년도,그림,II-6,한국은행-금융감독원 공동 기후 컨퍼런스 토론 (2025년 3월 18일),단위; 데이터 형태; 통계기법·지수; 설명,research/bok-archive/05-연차보고서/2026-03-27_2025년도 연차보고서/2025년도(제76차) 연차보고서F.pdf,46,번호 직결 인용 없음 또는 문장 조각·중복 배정 제외
BOK-20260327-be01015e1429-그림-44a35f008effba22,연차보고서 2025년도,그림,II-7,「한국의 생산성이 미국의 절반밖에 되지 않는 이유」 기자간담회 (2025년 3월 19일),단위; 데이터 형태; 통계기법·지수; 설명,research/bok-archive/05-연차보고서/2026-03-27_2025년도 연차보고서/2025년도(제76차) 연차보고서F.pdf,46,번호 직결 인용 없음 또는 문장 조각·중복 배정 제외
BOK-20260327-be01015e1429-그림-6ae7a70ce4b8744f,연차보고서 2025년도,그림,II-8,「우리나라의 잠재성장률 하락과 통화정책」 기자간담회 (2025년 6월 24일),단위; 데이터 형태; 설명,research/bok-archive/05-연차보고서/2026-03-27_2025년도 연차보고서/2025년도(제76차) 연차보고서F.pdf,46,번호 직결 인용 없음 또는 문장 조각·중복 배정 제외
BOK-20260327-be01015e1429-그림-b0f816537ff394bb,연차보고서 2025년도,그림,II-9,한국은행 통화정책 컨퍼런스 기조연설 (2025년 12월 15일),단위; 데이터 형태; 통계기법·지수; 설명,research/bok-archive/05-연차보고서/2026-03-27_2025년도 연차보고서/2025년도(제76차) 연차보고서F.pdf,47,번호 직결 인용 없음 또는 문장 조각·중복 배정 제외
BOK-20260327-be01015e1429-그림-af4fc5c100d8ce7d,연차보고서 2025년도,그림,II-10,베트남 중앙은행 부총재 면담 (2025년 3월 5일),단위; 데이터 형태; 통계기법·지수; 설명,research/bok-archive/05-연차보고서/2026-03-27_2025년도 연차보고서/2025년도(제76차) 연차보고서F.pdf,47,번호 직결 인용 없음 또는 문장 조각·중복 배정 제외
BOK-20260327-be01015e1429-그림-7d25cc6ef83f14cf,연차보고서 2025년도,그림,II-11,금융불안지수(FSI) 및 금융취약성지수(FVI),데이터 형태; 설명,research/bok-archive/05-연차보고서/2026-03-27_2025년도 연차보고서/2025년도(제76차) 연차보고서F.pdf,51,번호 직결 인용 없음 또는 문장 조각·중복 배정 제외
BOK-20260327-be01015e1429-그림-b0d0cfbffb42f8f1,연차보고서 2025년도,그림,II-13,기업신용1) 및 재무건전성2),단위; 데이터 형태; 통계기법·지수; 설명,research/bok-archive/05-연차보고서/2026-03-27_2025년도 연차보고서/2025년도(제76차) 연차보고서F.pdf,51,번호 직결 인용 없음 또는 문장 조각·중복 배정 제외
BOK-20260327-be01015e1429-그림-7e3fbfd3de7add77,연차보고서 2025년도,그림,II-14,금융기관 고정이하여신비율,데이터 형태; 설명,research/bok-archive/05-연차보고서/2026-03-27_2025년도 연차보고서/2025년도(제76차) 연차보고서F.pdf,52,번호 직결 인용 없음 또는 문장 조각·중복 배정 제외
BOK-20260327-be01015e1429-그림-f82333133282fd47,연차보고서 2025년도,그림,II-15,금융기관1) 자본비율2)3),단위; 데이터 형태; 설명,research/bok-archive/05-연차보고서/2026-03-27_2025년도 연차보고서/2025년도(제76차) 연차보고서F.pdf,52,번호 직결 인용 없음 또는 문장 조각·중복 배정 제외
BOK-20260327-be01015e1429-그림-fd3fb92d53c2f087,연차보고서 2025년도,그림,II-16,명목GDP 대비 대외채무 비율 및 외환보유액,단위; 데이터 형태; 설명,research/bok-archive/05-연차보고서/2026-03-27_2025년도 연차보고서/2025년도(제76차) 연차보고서F.pdf,53,번호 직결 인용 없음 또는 문장 조각·중복 배정 제외
BOK-20260327-be01015e1429-그림-58c157cd8e1d7644,연차보고서 2025년도,그림,II-17,한·중 통화스왑,단위; 데이터 형태; 통계기법·지수; 설명,research/bok-archive/05-연차보고서/2026-03-27_2025년도 연차보고서/2025년도(제76차) 연차보고서F.pdf,55,번호 직결 인용 없음 또는 문장 조각·중복 배정 제외
BOK-20260327-be01015e1429-그림-a3fe7b91ec60617d,연차보고서 2025년도,그림,II-18-2025,년 발행 기념주화,사용 데이터·출처; 단위; 데이터 형태; 종류; 통계기법·지수; 설명,불명,불명,허용 종류로 판별 불가 또는 표 구조 미확인; 번호 직결 인용 없음 또는 문장 조각·중복 배정 제외
BOK-20260327-be01015e1429-그림-c2158cc10784542f,연차보고서 2025년도,그림,II-19,‘알기 쉬운 위조지폐 확인법’ 앱 홈화면,단위; 데이터 형태; 통계기법·지수; 설명,research/bok-archive/05-연차보고서/2026-03-27_2025년도 연차보고서/2025년도(제76차) 연차보고서F.pdf,58,번호 직결 인용 없음 또는 문장 조각·중복 배정 제외
BOK-20260327-be01015e1429-그림-bad12dc7071110a5,연차보고서 2025년도,그림,II-20,"위조지폐 발견장수 조 8,404억 원으로 장수 기준으로는 3억 6,401만",단위; 데이터 형태; 분석 목적; 통계기법·지수; 설명,research/bok-archive/05-연차보고서/2026-03-27_2025년도 연차보고서/2025년도(제76차) 연차보고서F.pdf,59,제목·계열·직접 인용의 해석 근거 부족; 번호 직결 인용 없음 또는 문장 조각·중복 배정 제외
BOK-20260327-be01015e1429-그림-f8d2c695fc0a8cb4,연차보고서 2025년도,그림,II-21,화폐사랑 콘텐츠 공모전 수상자 시상 (2025년 11월 18일),단위; 데이터 형태; 통계기법·지수; 설명,research/bok-archive/05-연차보고서/2026-03-27_2025년도 연차보고서/2025년도(제76차) 연차보고서F.pdf,59,번호 직결 인용 없음 또는 문장 조각·중복 배정 제외
BOK-20260327-be01015e1429-그림-deba3750c1a8177c,연차보고서 2025년도,그림,II-22,현금사용 선택권 홍보 동영상,단위; 데이터 형태; 통계기법·지수; 설명,research/bok-archive/05-연차보고서/2026-03-27_2025년도 연차보고서/2025년도(제76차) 연차보고서F.pdf,60,번호 직결 인용 없음 또는 문장 조각·중복 배정 제외
BOK-20260327-be01015e1429-그림-795ef1146af27be0,연차보고서 2025년도,그림,II-23,화폐유통시스템 유관기관 협의회 (2025년 11월 13일 개최),단위; 데이터 형태; 통계기법·지수; 설명,research/bok-archive/05-연차보고서/2026-03-27_2025년도 연차보고서/2025년도(제76차) 연차보고서F.pdf,60,번호 직결 인용 없음 또는 문장 조각·중복 배정 제외
BOK-20260327-be01015e1429-그림-173394fbae8cd87e,연차보고서 2025년도,그림,II-24,한은금융망 결제금액 (일평균),단위; 데이터 형태; 설명,research/bok-archive/05-연차보고서/2026-03-27_2025년도 연차보고서/2025년도(제76차) 연차보고서F.pdf,61,번호 직결 인용 없음 또는 문장 조각·중복 배정 제외
BOK-20260327-be01015e1429-그림-76023af96ddcbd94,연차보고서 2025년도,그림,II-25,실시간총액결제와 이연차액결제,단위; 데이터 형태; 통계기법·지수; 설명,research/bok-archive/05-연차보고서/2026-03-27_2025년도 연차보고서/2025년도(제76차) 연차보고서F.pdf,62,번호 직결 인용 없음 또는 문장 조각·중복 배정 제외
BOK-20260327-be01015e1429-그림-4183a27631ae22a3,연차보고서 2025년도,그림,II-26,차액결제이행용 담보제공비율1),단위; 데이터 형태; 설명,research/bok-archive/05-연차보고서/2026-03-27_2025년도 연차보고서/2025년도(제76차) 연차보고서F.pdf,63,번호 직결 인용 없음 또는 문장 조각·중복 배정 제외
BOK-20260327-be01015e1429-그림-4d8acdd25ab59c11,연차보고서 2025년도,그림,II-27,모바일현금카드 서비스 이용실적,단위; 데이터 형태; 통계기법·지수; 설명,research/bok-archive/05-연차보고서/2026-03-27_2025년도 연차보고서/2025년도(제76차) 연차보고서F.pdf,66,번호 직결 인용 없음 또는 문장 조각·중복 배정 제외
BOK-20260327-be01015e1429-그림-c5b477154ba5dac7,연차보고서 2025년도,그림,II-28,한국-인도네시아 QR연계 거래구조 (한국 관광객 → 인도네시아 방문),단위; 데이터 형태; 통계기법·지수; 설명,research/bok-archive/05-연차보고서/2026-03-27_2025년도 연차보고서/2025년도(제76차) 연차보고서F.pdf,67,번호 직결 인용 없음 또는 문장 조각·중복 배정 제외
BOK-20260327-be01015e1429-그림-d6ad6cba6adcf546,연차보고서 2025년도,그림,II-29,외교정책협회(FPA) Medal 수상,데이터 형태; 통계기법·지수; 설명,research/bok-archive/05-연차보고서/2026-03-27_2025년도 연차보고서/2025년도(제76차) 연차보고서F.pdf,76,번호 직결 인용 없음 또는 문장 조각·중복 배정 제외
BOK-20260327-be01015e1429-그림-4278c2c5d6f21d48,연차보고서 2025년도,그림,II-30,ASEAN+3 재무장관ᆞ중앙은행총재 회의,단위; 데이터 형태; 통계기법·지수; 설명,research/bok-archive/05-연차보고서/2026-03-27_2025년도 연차보고서/2025년도(제76차) 연차보고서F.pdf,78,번호 직결 인용 없음 또는 문장 조각·중복 배정 제외
BOK-20260327-be01015e1429-그림-dce5b2e6d40cdbc0,연차보고서 2025년도,그림,II-31,우즈베키스탄 지식교류프로그램(KPP),데이터 형태; 통계기법·지수; 설명,research/bok-archive/05-연차보고서/2026-03-27_2025년도 연차보고서/2025년도(제76차) 연차보고서F.pdf,80,번호 직결 인용 없음 또는 문장 조각·중복 배정 제외
BOK-20260327-be01015e1429-그림-c8afff23708657b9,연차보고서 2025년도,그림,II-32,2025년 2차 중앙은행 업무연수,단위; 데이터 형태; 통계기법·지수; 설명,불명,불명,번호 직결 인용 없음 또는 문장 조각·중복 배정 제외
BOK-20260327-be01015e1429-그림-3debf4516ee8a96e,연차보고서 2025년도,그림,II-32-2025,"년 2차 중앙은행 업무연수 데 빈곤감축 및 성장지원기금(PRGT, Poverty",사용 데이터·출처; 단위; 데이터 형태; 종류; 분석 목적; 통계기법·지수; 설명,불명,불명,허용 종류로 판별 불가 또는 표 구조 미확인; 제목·계열·직접 인용의 해석 근거 부족; 번호 직결 인용 없음 또는 문장 조각·중복 배정 제외
BOK-20260327-be01015e1429-그림-0c9454d1305f61ea,연차보고서 2025년도,그림,II-33,「ECB 중앙은행 포럼」 정책 토론,데이터 형태; 통계기법·지수; 설명,research/bok-archive/05-연차보고서/2026-03-27_2025년도 연차보고서/2025년도(제76차) 연차보고서F.pdf,82,번호 직결 인용 없음 또는 문장 조각·중복 배정 제외
BOK-20260327-be01015e1429-그림-34be77a4e087b646,연차보고서 2025년도,그림,II-34,「한국은행-대한상공회의소 공동세미나」 -,단위; 데이터 형태; 통계기법·지수; 설명,research/bok-archive/05-연차보고서/2026-03-27_2025년도 연차보고서/2025년도(제76차) 연차보고서F.pdf,85,번호 직결 인용 없음 또는 문장 조각·중복 배정 제외
BOK-20260327-be01015e1429-그림-0b13d591f7452b31,연차보고서 2025년도,그림,II-36,「한국은행-금융학회 공동 심포지엄」,단위; 데이터 형태; 통계기법·지수; 설명,research/bok-archive/05-연차보고서/2026-03-27_2025년도 연차보고서/2025년도(제76차) 연차보고서F.pdf,87,번호 직결 인용 없음 또는 문장 조각·중복 배정 제외
BOK-20260327-be01015e1429-그림-f2f5e450077d12c5,연차보고서 2025년도,그림,II-37,"「2025 한국은행 국제컨퍼런스」 (2025년 6월 2~3일, 서울)",단위; 데이터 형태; 통계기법·지수; 설명,research/bok-archive/05-연차보고서/2026-03-27_2025년도 연차보고서/2025년도(제76차) 연차보고서F.pdf,89,번호 직결 인용 없음 또는 문장 조각·중복 배정 제외
BOK-20260327-be01015e1429-그림-2ede4492739e5246,연차보고서 2025년도,그림,II-38,「한국은행-통계청 공동포럼」 (2025년 3월 26일),단위; 데이터 형태; 통계기법·지수; 설명,research/bok-archive/05-연차보고서/2026-03-27_2025년도 연차보고서/2025년도(제76차) 연차보고서F.pdf,93,번호 직결 인용 없음 또는 문장 조각·중복 배정 제외
BOK-20260327-be01015e1429-그림-f729ad56114294c4,연차보고서 2025년도,그림,II-39,은행·국민건강보험공단 공동 심포지엄,단위; 데이터 형태; 통계기법·지수; 설명,research/bok-archive/05-연차보고서/2026-03-27_2025년도 연차보고서/2025년도(제76차) 연차보고서F.pdf,94,번호 직결 인용 없음 또는 문장 조각·중복 배정 제외
BOK-20260327-be01015e1429-그림-01347aec1023a05f,연차보고서 2025년도,그림,II-41,재정증권 발행 및 상환,단위; 데이터 형태; 통계기법·지수; 설명,research/bok-archive/05-연차보고서/2026-03-27_2025년도 연차보고서/2025년도(제76차) 연차보고서F.pdf,97,번호 직결 인용 없음 또는 문장 조각·중복 배정 제외
BOK-20260327-be01015e1429-그림-c81c4e2e640f81b8,연차보고서 2025년도,그림,II-43,「한국은행-금융감독원 공동 기후금융 컨퍼런스」 (2025년 3월 18일),단위; 데이터 형태; 통계기법·지수; 설명,research/bok-archive/05-연차보고서/2026-03-27_2025년도 연차보고서/2025년도(제76차) 연차보고서F.pdf,101,번호 직결 인용 없음 또는 문장 조각·중복 배정 제외
BOK-20260327-be01015e1429-그림-8fafe2e179bdd405,연차보고서 2025년도,그림,II-44,「2025년 BOK 지역경제 심포지엄」 (2025년 11월 18일),단위; 데이터 형태; 통계기법·지수; 설명,research/bok-archive/05-연차보고서/2026-03-27_2025년도 연차보고서/2025년도(제76차) 연차보고서F.pdf,101,번호 직결 인용 없음 또는 문장 조각·중복 배정 제외
BOK-20260327-be01015e1429-그림-e076502aa5f0a8db,연차보고서 2025년도,그림,II-45,유튜브 ｢BOK 현지브리핑｣,단위; 데이터 형태; 통계기법·지수; 설명,research/bok-archive/05-연차보고서/2026-03-27_2025년도 연차보고서/2025년도(제76차) 연차보고서F.pdf,103,번호 직결 인용 없음 또는 문장 조각·중복 배정 제외
BOK-20260327-be01015e1429-그림-2b7d240d97fc4ecb,연차보고서 2025년도,그림,II-46,"유튜브 ｢BOK 人터뷰｣, ｢BOK 인사이트｣",단위; 데이터 형태; 통계기법·지수; 설명,research/bok-archive/05-연차보고서/2026-03-27_2025년도 연차보고서/2025년도(제76차) 연차보고서F.pdf,104,번호 직결 인용 없음 또는 문장 조각·중복 배정 제외
BOK-20260327-be01015e1429-그림-1687d717396bfda3,연차보고서 2025년도,그림,II-47,유튜브 ｢BOK 인사이드｣,단위; 데이터 형태; 통계기법·지수; 설명,research/bok-archive/05-연차보고서/2026-03-27_2025년도 연차보고서/2025년도(제76차) 연차보고서F.pdf,104,번호 직결 인용 없음 또는 문장 조각·중복 배정 제외
BOK-20260327-be01015e1429-그림-35f9c5e8589c7949,연차보고서 2025년도,그림,II-48,"인스타그램 「함께한은」, 「전국한은트립」",단위; 데이터 형태; 통계기법·지수; 설명,research/bok-archive/05-연차보고서/2026-03-27_2025년도 연차보고서/2025년도(제76차) 연차보고서F.pdf,104,번호 직결 인용 없음 또는 문장 조각·중복 배정 제외
BOK-20260327-be01015e1429-그림-c225601573332716,연차보고서 2025년도,그림,II-49,2025년 통화정책 경시대회 전국 결선,단위; 데이터 형태; 통계기법·지수; 설명,불명,불명,번호 직결 인용 없음 또는 문장 조각·중복 배정 제외
BOK-20260327-be01015e1429-그림-320cc5362915d861,연차보고서 2025년도,그림,II-49-2025,"년 통화정책 경시대회 전국 결선 영 재개, 기획상품 공모전 개최, 맞춤형 교육",사용 데이터·출처; 단위; 데이터 형태; 종류; 분석 목적; 통계기법·지수; 설명,불명,불명,허용 종류로 판별 불가 또는 표 구조 미확인; 제목·계열·직접 인용의 해석 근거 부족; 번호 직결 인용 없음 또는 문장 조각·중복 배정 제외
BOK-20260327-be01015e1429-그림-365b80cf276d6a4c,연차보고서 2025년도,그림,II-50,한국은행 모바일 앱,단위; 데이터 형태; 통계기법·지수; 설명,research/bok-archive/05-연차보고서/2026-03-27_2025년도 연차보고서/2025년도(제76차) 연차보고서F.pdf,105,번호 직결 인용 없음 또는 문장 조각·중복 배정 제외
BOK-20260327-be01015e1429-그림-6e3d5a24b3a7e1ed,연차보고서 2025년도,그림,II-51,한국은행 화폐박물관 뮤지엄숍,단위; 데이터 형태; 통계기법·지수; 설명,research/bok-archive/05-연차보고서/2026-03-27_2025년도 연차보고서/2025년도(제76차) 연차보고서F.pdf,106,번호 직결 인용 없음 또는 문장 조각·중복 배정 제외
BOK-20260327-be01015e1429-그림-ff75860b83dc1433,연차보고서 2025년도,그림,II-52,‘세계의 화폐실’ 전시실 전경,단위; 데이터 형태; 통계기법·지수; 설명,research/bok-archive/05-연차보고서/2026-03-27_2025년도 연차보고서/2025년도(제76차) 연차보고서F.pdf,106,번호 직결 인용 없음 또는 문장 조각·중복 배정 제외
BOK-20260327-be01015e1429-그림-db363c46c6b3d0b8,연차보고서 2025년도,그림,II-53,한국은행 디지털아카이브 홈페이지,단위; 데이터 형태; 통계기법·지수; 설명,research/bok-archive/05-연차보고서/2026-03-27_2025년도 연차보고서/2025년도(제76차) 연차보고서F.pdf,106,번호 직결 인용 없음 또는 문장 조각·중복 배정 제외
BOK-20260327-be01015e1429-그림-8c4290512476a01b,연차보고서 2025년도,그림,II-54,커뮤니케이션 트레이닝,단위; 데이터 형태; 통계기법·지수; 설명,research/bok-archive/05-연차보고서/2026-03-27_2025년도 연차보고서/2025년도(제76차) 연차보고서F.pdf,107,번호 직결 인용 없음 또는 문장 조각·중복 배정 제외
BOK-20260327-be01015e1429-그림-25496c51c25f3df1,연차보고서 2025년도,그림,II-55,서울노인복지센터 급식 봉사,단위; 데이터 형태; 통계기법·지수; 설명,research/bok-archive/05-연차보고서/2026-03-27_2025년도 연차보고서/2025년도(제76차) 연차보고서F.pdf,108,번호 직결 인용 없음 또는 문장 조각·중복 배정 제외
BOK-20260327-be01015e1429-그림-7b91ae539d814acf,연차보고서 2025년도,그림,II-56,홍제동 개미마을 연탄배달,단위; 데이터 형태; 통계기법·지수; 설명,research/bok-archive/05-연차보고서/2026-03-27_2025년도 연차보고서/2025년도(제76차) 연차보고서F.pdf,108,번호 직결 인용 없음 또는 문장 조각·중복 배정 제외
BOK-20260327-be01015e1429-그림-ad1ec4101d725c58,연차보고서 2025년도,그림,II-57,「한은금요강좌」 외부강사 초청 주제,데이터 형태; 통계기법·지수; 설명,research/bok-archive/05-연차보고서/2026-03-27_2025년도 연차보고서/2025년도(제76차) 연차보고서F.pdf,109,번호 직결 인용 없음 또는 문장 조각·중복 배정 제외
BOK-20260327-be01015e1429-그림-a40f1c638bd8f8be,연차보고서 2025년도,그림,II-58,동영상 「사회초년생의 슬기로운 금융생활」,단위; 데이터 형태; 통계기법·지수; 설명,research/bok-archive/05-연차보고서/2026-03-27_2025년도 연차보고서/2025년도(제76차) 연차보고서F.pdf,110,번호 직결 인용 없음 또는 문장 조각·중복 배정 제외
BOK-20260327-be01015e1429-그림-3b6a4fea9eaa978a,연차보고서 2025년도,그림,II-59,영문 BOK 이슈노트,단위; 데이터 형태; 통계기법·지수; 설명,research/bok-archive/05-연차보고서/2026-03-27_2025년도 연차보고서/2025년도(제76차) 연차보고서F.pdf,111,번호 직결 인용 없음 또는 문장 조각·중복 배정 제외
BOK-20260327-be01015e1429-그림-8894ed8a278925d4,연차보고서 2025년도,그림,II-60,한국은행 영문 블로그,단위; 데이터 형태; 통계기법·지수; 설명,research/bok-archive/05-연차보고서/2026-03-27_2025년도 연차보고서/2025년도(제76차) 연차보고서F.pdf,111,번호 직결 인용 없음 또는 문장 조각·중복 배정 제외
BOK-20260327-be01015e1429-그림-acdf88a9de253101,연차보고서 2025년도,그림,II-61,BOK 이슈노트 영상,단위; 데이터 형태; 통계기법·지수; 설명,research/bok-archive/05-연차보고서/2026-03-27_2025년도 연차보고서/2025년도(제76차) 연차보고서F.pdf,111,번호 직결 인용 없음 또는 문장 조각·중복 배정 제외
BOK-20260327-be01015e1429-그림-8f3c07a95f25d532,연차보고서 2025년도,그림,II-62,복지시설 환경미화 및 벽화그리기,단위; 데이터 형태; 통계기법·지수; 설명,research/bok-archive/05-연차보고서/2026-03-27_2025년도 연차보고서/2025년도(제76차) 연차보고서F.pdf,112,번호 직결 인용 없음 또는 문장 조각·중복 배정 제외
BOK-20260327-be01015e1429-그림-77f984669965aeda,연차보고서 2025년도,그림,II-63,해변정화 및 ‘BOK(福) 정원’ 조성,단위; 데이터 형태; 통계기법·지수; 설명,research/bok-archive/05-연차보고서/2026-03-27_2025년도 연차보고서/2025년도(제76차) 연차보고서F.pdf,112,번호 직결 인용 없음 또는 문장 조각·중복 배정 제외
BOK-20260327-be01015e1429-그림-a70b6ce417a7fc2f,연차보고서 2025년도,그림,II-64,산불 및 집중호우 피해지역 복구 지원,단위; 데이터 형태; 통계기법·지수; 설명,research/bok-archive/05-연차보고서/2026-03-27_2025년도 연차보고서/2025년도(제76차) 연차보고서F.pdf,112,번호 직결 인용 없음 또는 문장 조각·중복 배정 제외
BOK-20260327-be01015e1429-그림-11b47b49a6f2facd,연차보고서 2025년도,그림,III-1,한국은행의 운영리스크 관리 구조,단위; 데이터 형태; 통계기법·지수; 설명,research/bok-archive/05-연차보고서/2026-03-27_2025년도 연차보고서/2025년도(제76차) 연차보고서F.pdf,118,번호 직결 인용 없음 또는 문장 조각·중복 배정 제외
BOK-20260327-be01015e1429-그림-415d52d69c3a0cdb,연차보고서 2025년도,그림,III-2,한국은행의 운영리스크 관리 흐름도,단위; 데이터 형태; 통계기법·지수; 설명,research/bok-archive/05-연차보고서/2026-03-27_2025년도 연차보고서/2025년도(제76차) 연차보고서F.pdf,119,번호 직결 인용 없음 또는 문장 조각·중복 배정 제외
BOK-20260327-be01015e1429-그림-97e730ee7b3baef6,연차보고서 2025년도,그림,III-3,「2025 BOK 청렴 골든벨」 포스터,단위; 데이터 형태; 통계기법·지수; 설명,research/bok-archive/05-연차보고서/2026-03-27_2025년도 연차보고서/2025년도(제76차) 연차보고서F.pdf,122,번호 직결 인용 없음 또는 문장 조각·중복 배정 제외
BOK-20260327-be01015e1429-그림-feadc3b32abca97b,연차보고서 2025년도,그림,III-4,BOKI의 주요 기능,단위; 데이터 형태; 통계기법·지수; 설명,research/bok-archive/05-연차보고서/2026-03-27_2025년도 연차보고서/2025년도(제76차) 연차보고서F.pdf,122,번호 직결 인용 없음 또는 문장 조각·중복 배정 제외
BOK-20260327-be01015e1429-그림-6a7e30ece18556e6,연차보고서 2025년도,그림,III-5,IT센터 경기본부 이전 완료 기념 (2025년 10월),단위; 데이터 형태; 통계기법·지수; 설명,research/bok-archive/05-연차보고서/2026-03-27_2025년도 연차보고서/2025년도(제76차) 연차보고서F.pdf,123,번호 직결 인용 없음 또는 문장 조각·중복 배정 제외
BOK-20260327-be01015e1429-그림-3bebaa889685e24d,연차보고서 2025년도,그림,III-6,팀ᆞ반장 이상 직책 보임 여성 직원 규모,통계기법·지수; 설명,research/bok-archive/05-연차보고서/2026-03-27_2025년도 연차보고서/2025년도(제76차) 연차보고서F.pdf,124,번호 직결 인용 없음 또는 문장 조각·중복 배정 제외
BOK-20260327-be01015e1429-그림-3b9aba8baf172e9f,연차보고서 2025년도,그림,III-7,신입 종합기획직원1)(G5) 출신 대학교 수,통계기법·지수; 설명,research/bok-archive/05-연차보고서/2026-03-27_2025년도 연차보고서/2025년도(제76차) 연차보고서F.pdf,124,번호 직결 인용 없음 또는 문장 조각·중복 배정 제외
BOK-20260327-be01015e1429-그림-31d3ba7cdcb8bca1,연차보고서 2025년도,그림,III-8,지방인재ᆞ지역전문 채용 규모 및 비중1),설명,research/bok-archive/05-연차보고서/2026-03-27_2025년도 연차보고서/2025년도(제76차) 연차보고서F.pdf,124,번호 직결 인용 없음 또는 문장 조각·중복 배정 제외
BOK-20260327-be01015e1429-그림-ee16079e5e9a0a00,연차보고서 2025년도,그림,III-9,BIDAS.ai를 활용한 데이터 분석,단위; 데이터 형태; 통계기법·지수; 설명,research/bok-archive/05-연차보고서/2026-03-27_2025년도 연차보고서/2025년도(제76차) 연차보고서F.pdf,125,번호 직결 인용 없음 또는 문장 조각·중복 배정 제외
BOK-20260327-be01015e1429-그림-4264d274bdd06580,연차보고서 2025년도,그림,III-10,숫자로 보는 경기IT센터 구축 및 이전,단위; 데이터 형태; 통계기법·지수; 설명,research/bok-archive/05-연차보고서/2026-03-27_2025년도 연차보고서/2025년도(제76차) 연차보고서F.pdf,126,번호 직결 인용 없음 또는 문장 조각·중복 배정 제외
BOK-20260327-be01015e1429-그림-f4e4379a0845980f,연차보고서 2025년도,그림,III-12,부채 및 자본 현황1),통계기법·지수; 설명,research/bok-archive/05-연차보고서/2026-03-27_2025년도 연차보고서/2025년도(제76차) 연차보고서F.pdf,128,번호 직결 인용 없음 또는 문장 조각·중복 배정 제외
BOK-20260327-be01015e1429-그림-f180b117ee0cecd8,연차보고서 2025년도,그림,불명,Ⅱ- 34 「한국은행-대한상공회의소 공동세미나」 - AI 기반의 성장과 혁신 (2025년 12월 5일),번호; 단위; 데이터 형태; 통계기법·지수; 설명,불명,불명,번호 미확인; 캡션 또는 비결과물 오탐 여부 검수; 번호 직결 인용 없음 또는 문장 조각·중복 배정 제외
BOK-20260327-be01015e1429-그림-7b5eae4748667b90,연차보고서 2025년도,그림,불명,Ⅱ- 35 「한국은행-KDI 공동심포지엄」 - 초고령사회 빈곤과 노동: 정책 방향을 묻다(2025년 5월 15일),번호; 단위; 데이터 형태; 통계기법·지수; 설명,불명,불명,번호 미확인; 캡션 또는 비결과물 오탐 여부 검수; 번호 직결 인용 없음 또는 문장 조각·중복 배정 제외
BOK-20260327-be01015e1429-그림-21fa22e412b8a47c,연차보고서 2025년도,그림,불명,Ⅱ- 36 「한국은행-금융학회 공동 심포지엄」 - 잠재성장률 제고를 위한 금융의 역할 (2025년 12월 9일),번호; 단위; 데이터 형태; 설명,불명,불명,번호 미확인; 캡션 또는 비결과물 오탐 여부 검수; 번호 직결 인용 없음 또는 문장 조각·중복 배정 제외
BOK-20260327-be01015e1429-그림-7a7dc66747cd2f4c,연차보고서 2025년도,그림,불명,"Ⅱ- 37 「2025 한국은행 국제컨퍼런스」 (2025년 6월 2~3일, 서울)",번호; 단위; 데이터 형태; 통계기법·지수; 설명,research/bok-archive/05-연차보고서/2026-03-27_2025년도 연차보고서/2025년도(제76차) 연차보고서F.pdf,89,번호 미확인; 캡션 또는 비결과물 오탐 여부 검수; 번호 직결 인용 없음 또는 문장 조각·중복 배정 제외
BOK-20260327-be01015e1429-그림-5217b8601d629d3c,연차보고서 2025년도,그림,불명,Ⅱ- 38 「한국은행-통계청 공동포럼」 (2025년 3월 26일),번호; 단위; 데이터 형태; 통계기법·지수; 설명,research/bok-archive/05-연차보고서/2026-03-27_2025년도 연차보고서/2025년도(제76차) 연차보고서F.pdf,93,번호 미확인; 캡션 또는 비결과물 오탐 여부 검수; 번호 직결 인용 없음 또는 문장 조각·중복 배정 제외
BOK-20260327-be01015e1429-표-baf71806b322d565,연차보고서 2025년도,표,I-1,경제활동별 GDP 성장률,설명,research/bok-archive/05-연차보고서/2026-03-27_2025년도 연차보고서/2025년도(제76차) 연차보고서F.pdf,20,번호 직결 인용 없음 또는 문장 조각·중복 배정 제외
BOK-20260327-be01015e1429-표-612a4d064b8ed1c1,연차보고서 2025년도,표,I-2,제조업 업종별 성장률,설명,research/bok-archive/05-연차보고서/2026-03-27_2025년도 연차보고서/2025년도(제76차) 연차보고서F.pdf,20,번호 직결 인용 없음 또는 문장 조각·중복 배정 제외
BOK-20260327-be01015e1429-표-c1992266fea87a79,연차보고서 2025년도,표,I-3,고용 관련 지표,통계기법·지수; 설명,research/bok-archive/05-연차보고서/2026-03-27_2025년도 연차보고서/2025년도(제76차) 연차보고서F.pdf,21,번호 직결 인용 없음 또는 문장 조각·중복 배정 제외
BOK-20260327-be01015e1429-표-9a1c85daa50b30f9,연차보고서 2025년도,표,I-4,임금 지표 상승률,설명,research/bok-archive/05-연차보고서/2026-03-27_2025년도 연차보고서/2025년도(제76차) 연차보고서F.pdf,22,번호 직결 인용 없음 또는 문장 조각·중복 배정 제외
BOK-20260327-be01015e1429-표-37024b991acc70a0,연차보고서 2025년도,표,I-5,주택가격 상승률,설명,research/bok-archive/05-연차보고서/2026-03-27_2025년도 연차보고서/2025년도(제76차) 연차보고서F.pdf,24,번호 직결 인용 없음 또는 문장 조각·중복 배정 제외
BOK-20260327-be01015e1429-표-3ec374d767d96f16,연차보고서 2025년도,표,I-6,주요 품목별 수출,통계기법·지수; 설명,research/bok-archive/05-연차보고서/2026-03-27_2025년도 연차보고서/2025년도(제76차) 연차보고서F.pdf,25,번호 직결 인용 없음 또는 문장 조각·중복 배정 제외
BOK-20260327-be01015e1429-표-6d99bf73dc8874f7,연차보고서 2025년도,표,I-7,주요 품목별 수입,통계기법·지수; 설명,research/bok-archive/05-연차보고서/2026-03-27_2025년도 연차보고서/2025년도(제76차) 연차보고서F.pdf,25,번호 직결 인용 없음 또는 문장 조각·중복 배정 제외
BOK-20260327-be01015e1429-표-fd02c010fdd95abc,연차보고서 2025년도,표,I-8,2025년 권역별 1) 주요 지표,통계기법·지수; 설명,불명,불명,번호 직결 인용 없음 또는 문장 조각·중복 배정 제외
BOK-20260327-be01015e1429-표-e48ddaff44380ac8,연차보고서 2025년도,표,I-8-2025,년 권역별1) 주요 지표,사용 데이터·출처; 단위; 데이터 형태; 종류; 통계기법·지수; 설명,불명,불명,허용 종류로 판별 불가 또는 표 구조 미확인; 번호 직결 인용 없음 또는 문장 조각·중복 배정 제외
BOK-20260327-be01015e1429-표-6ed5043fba10c49b,연차보고서 2025년도,표,I-9,주요국 국채금리 및 리스크 프리미엄,단위; 통계기법·지수; 설명,research/bok-archive/05-연차보고서/2026-03-27_2025년도 연차보고서/2025년도(제76차) 연차보고서F.pdf,27,번호 직결 인용 없음 또는 문장 조각·중복 배정 제외
BOK-20260327-be01015e1429-표-7d136014edffdf18,연차보고서 2025년도,표,I-10,금융기관 대출,통계기법·지수; 설명,research/bok-archive/05-연차보고서/2026-03-27_2025년도 연차보고서/2025년도(제76차) 연차보고서F.pdf,32,번호 직결 인용 없음 또는 문장 조각·중복 배정 제외
BOK-20260327-be01015e1429-표-c228bde16757b5be,연차보고서 2025년도,표,I-11,주요 금융기관 수신,통계기법·지수; 설명,research/bok-archive/05-연차보고서/2026-03-27_2025년도 연차보고서/2025년도(제76차) 연차보고서F.pdf,33,번호 직결 인용 없음 또는 문장 조각·중복 배정 제외
BOK-20260327-be01015e1429-표-fb6053506cf270bc,연차보고서 2025년도,표,II-1,공개시장운영 수단별 지급준비금 조절규모(평잔 기준),통계기법·지수; 설명,research/bok-archive/05-연차보고서/2026-03-27_2025년도 연차보고서/2025년도(제76차) 연차보고서F.pdf,43,번호 직결 인용 없음 또는 문장 조각·중복 배정 제외
BOK-20260327-be01015e1429-표-893a48c59fc8f7e8,연차보고서 2025년도,표,II-2,한국은행 원화대출금 1) (기말 기준),통계기법·지수; 설명,research/bok-archive/05-연차보고서/2026-03-27_2025년도 연차보고서/2025년도(제76차) 연차보고서F.pdf,43,번호 직결 인용 없음 또는 문장 조각·중복 배정 제외
BOK-20260327-be01015e1429-표-7fbcf1025dd00efa,연차보고서 2025년도,표,II-3,한국은행 예수금 (기말 기준),통계기법·지수; 설명,research/bok-archive/05-연차보고서/2026-03-27_2025년도 연차보고서/2025년도(제76차) 연차보고서F.pdf,43,번호 직결 인용 없음 또는 문장 조각·중복 배정 제외
BOK-20260327-be01015e1429-표-441339bb48f4f5d5,연차보고서 2025년도,표,II-4,금융중개지원대출 프로그램별 한도 및 금리 1),통계기법·지수; 설명,research/bok-archive/05-연차보고서/2026-03-27_2025년도 연차보고서/2025년도(제76차) 연차보고서F.pdf,44,번호 직결 인용 없음 또는 문장 조각·중복 배정 제외
BOK-20260327-be01015e1429-표-d44c8ae65b9a05e3,연차보고서 2025년도,표,II-5,공개시장운영 제도 개편 내용,단위; 통계기법·지수; 설명,research/bok-archive/05-연차보고서/2026-03-27_2025년도 연차보고서/2025년도(제76차) 연차보고서F.pdf,48,번호 직결 인용 없음 또는 문장 조각·중복 배정 제외
BOK-20260327-be01015e1429-표-4254f84bb200075c,연차보고서 2025년도,표,II-6,은행에 대한 공동검사,통계기법·지수; 설명,research/bok-archive/05-연차보고서/2026-03-27_2025년도 연차보고서/2025년도(제76차) 연차보고서F.pdf,53,번호 직결 인용 없음 또는 문장 조각·중복 배정 제외
BOK-20260327-be01015e1429-표-7cbd6dc188d18c90,연차보고서 2025년도,표,II-7,「시장상황 점검회의」 개최 내역,단위; 통계기법·지수; 설명,research/bok-archive/05-연차보고서/2026-03-27_2025년도 연차보고서/2025년도(제76차) 연차보고서F.pdf,55,번호 직결 인용 없음 또는 문장 조각·중복 배정 제외
BOK-20260327-be01015e1429-표-a5622a4e4a0d01e6,연차보고서 2025년도,표,II-8,우리나라의 통화스왑 체결 현황,단위; 통계기법·지수; 설명,research/bok-archive/05-연차보고서/2026-03-27_2025년도 연차보고서/2025년도(제76차) 연차보고서F.pdf,55,번호 직결 인용 없음 또는 문장 조각·중복 배정 제외
BOK-20260327-be01015e1429-표-8ed511501e6754be,연차보고서 2025년도,표,II-9,화폐발행·환수 및 발행잔액 1),설명,research/bok-archive/05-연차보고서/2026-03-27_2025년도 연차보고서/2025년도(제76차) 연차보고서F.pdf,57,번호 직결 인용 없음 또는 문장 조각·중복 배정 제외
BOK-20260327-be01015e1429-표-d30168ed2be7eaa1,연차보고서 2025년도,표,II-10,화폐 제조규모 1),통계기법·지수; 설명,research/bok-archive/05-연차보고서/2026-03-27_2025년도 연차보고서/2025년도(제76차) 연차보고서F.pdf,57,번호 직결 인용 없음 또는 문장 조각·중복 배정 제외
BOK-20260327-be01015e1429-표-eaa04f2cf815b9d4,연차보고서 2025년도,표,II-11,일중 일시결제부족자금 지원규모 (일평균),설명,research/bok-archive/05-연차보고서/2026-03-27_2025년도 연차보고서/2025년도(제76차) 연차보고서F.pdf,61,번호 직결 인용 없음 또는 문장 조각·중복 배정 제외
BOK-20260327-be01015e1429-표-f188d50f81e26590,연차보고서 2025년도,표,II-12,원화 스테이블코인 도입에 따른 리스크,단위; 통계기법·지수; 설명,research/bok-archive/05-연차보고서/2026-03-27_2025년도 연차보고서/2025년도(제76차) 연차보고서F.pdf,68,번호 직결 인용 없음 또는 문장 조각·중복 배정 제외
BOK-20260327-be01015e1429-표-6a861a3505e4eae5,연차보고서 2025년도,표,II-13,외환당국 순거래 내역 1),통계기법·지수; 설명,research/bok-archive/05-연차보고서/2026-03-27_2025년도 연차보고서/2025년도(제76차) 연차보고서F.pdf,70,번호 직결 인용 없음 또는 문장 조각·중복 배정 제외
BOK-20260327-be01015e1429-표-289ddd5d23e1c2de,연차보고서 2025년도,표,II-14,외환보유액 구성 내역 (기말 기준),통계기법·지수; 설명,research/bok-archive/05-연차보고서/2026-03-27_2025년도 연차보고서/2025년도(제76차) 연차보고서F.pdf,71,번호 직결 인용 없음 또는 문장 조각·중복 배정 제외
BOK-20260327-be01015e1429-표-df3ffae640c48d7e,연차보고서 2025년도,표,II-15,외화자산 1) 구성 내역 (기말 기준),통계기법·지수; 설명,research/bok-archive/05-연차보고서/2026-03-27_2025년도 연차보고서/2025년도(제76차) 연차보고서F.pdf,72,번호 직결 인용 없음 또는 문장 조각·중복 배정 제외
BOK-20260327-be01015e1429-표-8249892757674ff7,연차보고서 2025년도,표,II-16,외화자산 운용 시 국내 금융기관 활용 현황,단위; 통계기법·지수; 설명,research/bok-archive/05-연차보고서/2026-03-27_2025년도 연차보고서/2025년도(제76차) 연차보고서F.pdf,73,번호 직결 인용 없음 또는 문장 조각·중복 배정 제외
BOK-20260327-be01015e1429-표-b514cb4ea6aaceac,연차보고서 2025년도,표,II-17,국제회의 주요 논의 내용 (2025년 중),단위; 통계기법·지수; 설명,research/bok-archive/05-연차보고서/2026-03-27_2025년도 연차보고서/2025년도(제76차) 연차보고서F.pdf,77,번호 직결 인용 없음 또는 문장 조각·중복 배정 제외
BOK-20260327-be01015e1429-표-287ff961e82274be,연차보고서 2025년도,표,II-18,역내 국제회의 주요 논의 내용 (2025년 중),단위; 통계기법·지수; 설명,research/bok-archive/05-연차보고서/2026-03-27_2025년도 연차보고서/2025년도(제76차) 연차보고서F.pdf,79,번호 직결 인용 없음 또는 문장 조각·중복 배정 제외
BOK-20260327-be01015e1429-표-d31ef127f94afe0a,연차보고서 2025년도,표,II-18-2025,그림 Ⅱ- 18. 2025년 발행 기념주화,단위; 통계기법·지수; 설명,불명,불명,번호 직결 인용 없음 또는 문장 조각·중복 배정 제외
BOK-20260327-be01015e1429-표-2819a82268b9d2e5,연차보고서 2025년도,표,II-19,지식교류프로그램(KPP) 실적 (2025년 중),통계기법·지수; 설명,research/bok-archive/05-연차보고서/2026-03-27_2025년도 연차보고서/2025년도(제76차) 연차보고서F.pdf,79,번호 직결 인용 없음 또는 문장 조각·중복 배정 제외
BOK-20260327-be01015e1429-표-b717777b46f1a037,연차보고서 2025년도,표,II-20,중앙은행 업무연수(CBSP) 실적 (2025년 중),단위; 통계기법·지수; 설명,research/bok-archive/05-연차보고서/2026-03-27_2025년도 연차보고서/2025년도(제76차) 연차보고서F.pdf,80,번호 직결 인용 없음 또는 문장 조각·중복 배정 제외
BOK-20260327-be01015e1429-표-d3740f5da306c82f,연차보고서 2025년도,표,II-21,국제금융기구 출자･출연금 현황,통계기법·지수; 설명,research/bok-archive/05-연차보고서/2026-03-27_2025년도 연차보고서/2025년도(제76차) 연차보고서F.pdf,81,번호 직결 인용 없음 또는 문장 조각·중복 배정 제외
BOK-20260327-be01015e1429-표-f2f0dcf1e9eb6175,연차보고서 2025년도,표,II-22,IMF에 대한 융자 현황,통계기법·지수; 설명,research/bok-archive/05-연차보고서/2026-03-27_2025년도 연차보고서/2025년도(제76차) 연차보고서F.pdf,81,번호 직결 인용 없음 또는 문장 조각·중복 배정 제외
BOK-20260327-be01015e1429-표-554f9884ecc1e302,연차보고서 2025년도,표,II-23,2025년 발간 BOK 이슈노트,단위; 통계기법·지수; 설명,불명,불명,번호 직결 인용 없음 또는 문장 조각·중복 배정 제외
BOK-20260327-be01015e1429-표-9577af1ed93a39f1,연차보고서 2025년도,표,II-23-2025,년 발간 BOK 이슈노트,사용 데이터·출처; 단위; 데이터 형태; 종류; 통계기법·지수; 설명,불명,불명,허용 종류로 판별 불가 또는 표 구조 미확인; 번호 직결 인용 없음 또는 문장 조각·중복 배정 제외
BOK-20260327-be01015e1429-표-17e360de59820dc5,연차보고서 2025년도,표,II-24,2025년 발간 BOK 경제연구,단위; 통계기법·지수; 설명,불명,불명,번호 직결 인용 없음 또는 문장 조각·중복 배정 제외
BOK-20260327-be01015e1429-표-a29204328e548fca,연차보고서 2025년도,표,II-24-2025,년 발간 BOK 경제연구,사용 데이터·출처; 단위; 데이터 형태; 종류; 통계기법·지수; 설명,불명,불명,허용 종류로 판별 불가 또는 표 구조 미확인; 번호 직결 인용 없음 또는 문장 조각·중복 배정 제외
BOK-20260327-be01015e1429-표-cb43e1a349440b82,연차보고서 2025년도,표,II-25,국고금 수납 및 지급,통계기법·지수; 설명,research/bok-archive/05-연차보고서/2026-03-27_2025년도 연차보고서/2025년도(제76차) 연차보고서F.pdf,95,번호 직결 인용 없음 또는 문장 조각·중복 배정 제외
BOK-20260327-be01015e1429-표-b1c0174a8f4a7cf1,연차보고서 2025년도,표,II-26,국고대리점 현황 1) 및 수납금액,통계기법·지수; 설명,research/bok-archive/05-연차보고서/2026-03-27_2025년도 연차보고서/2025년도(제76차) 연차보고서F.pdf,95,번호 직결 인용 없음 또는 문장 조각·중복 배정 제외
BOK-20260327-be01015e1429-표-48ebecdc9ccc60ad,연차보고서 2025년도,표,II-27,국고전산망 처리 실적 (일평균),설명,research/bok-archive/05-연차보고서/2026-03-27_2025년도 연차보고서/2025년도(제76차) 연차보고서F.pdf,96,번호 직결 인용 없음 또는 문장 조각·중복 배정 제외
BOK-20260327-be01015e1429-표-1c414ae6bd8929d5,연차보고서 2025년도,표,II-28,대정부 일시대출금 한도,통계기법·지수; 설명,research/bok-archive/05-연차보고서/2026-03-27_2025년도 연차보고서/2025년도(제76차) 연차보고서F.pdf,96,번호 직결 인용 없음 또는 문장 조각·중복 배정 제외
BOK-20260327-be01015e1429-표-96b77dcfed2812f0,연차보고서 2025년도,표,II-29,국고채권 발행 및 상환,통계기법·지수; 설명,research/bok-archive/05-연차보고서/2026-03-27_2025년도 연차보고서/2025년도(제76차) 연차보고서F.pdf,97,번호 직결 인용 없음 또는 문장 조각·중복 배정 제외
BOK-20260327-be01015e1429-표-dcb1578802abe15c,연차보고서 2025년도,표,II-30,기금 조달(운용) 현황,통계기법·지수; 설명,research/bok-archive/05-연차보고서/2026-03-27_2025년도 연차보고서/2025년도(제76차) 연차보고서F.pdf,98,번호 직결 인용 없음 또는 문장 조각·중복 배정 제외
BOK-20260327-be01015e1429-표-378f817edb741207,연차보고서 2025년도,표,II-31,한국은행 기금관리 업무의 주요 내용,단위; 통계기법·지수; 설명,research/bok-archive/05-연차보고서/2026-03-27_2025년도 연차보고서/2025년도(제76차) 연차보고서F.pdf,98,번호 직결 인용 없음 또는 문장 조각·중복 배정 제외
BOK-20260327-be01015e1429-표-788a9558c745fec7,연차보고서 2025년도,표,II-32,한국은행의 기후변화 대응 전략표,단위; 통계기법·지수; 설명,research/bok-archive/05-연차보고서/2026-03-27_2025년도 연차보고서/2025년도(제76차) 연차보고서F.pdf,99,번호 직결 인용 없음 또는 문장 조각·중복 배정 제외
BOK-20260327-be01015e1429-표-8a37e6a03cddfde6,연차보고서 2025년도,표,II-33,2025년 중 기후·에너지 관련 주요 조사연구 자료 발간 실적,단위; 통계기법·지수; 설명,불명,불명,번호 직결 인용 없음 또는 문장 조각·중복 배정 제외
BOK-20260327-be01015e1429-표-53f750f5e6cbad62,연차보고서 2025년도,표,II-33-2025,년 중 기후·에너지 관련 주요 조사연구,사용 데이터·출처; 단위; 데이터 형태; 종류; 분석 목적; 통계기법·지수; 설명,불명,불명,허용 종류로 판별 불가 또는 표 구조 미확인; 제목·계열·직접 인용의 해석 근거 부족; 번호 직결 인용 없음 또는 문장 조각·중복 배정 제외
BOK-20260327-be01015e1429-표-5a2662ea97fdfb27,연차보고서 2025년도,표,II-34,2024년 한국은행 온실가스 배출 실적,통계기법·지수; 설명,불명,불명,번호 직결 인용 없음 또는 문장 조각·중복 배정 제외
BOK-20260327-be01015e1429-표-2a90558f3c9dc7f4,연차보고서 2025년도,표,II-34-2024,년 한국은행 온실가스 배출 실적,사용 데이터·출처; 데이터 형태; 종류; 통계기법·지수; 설명,불명,불명,허용 종류로 판별 불가 또는 표 구조 미확인; 번호 직결 인용 없음 또는 문장 조각·중복 배정 제외
BOK-20260327-be01015e1429-표-4117502eb41c2b2e,연차보고서 2025년도,표,II-35,ESG 관련 자산 투자 현황 (기말 기준),통계기법·지수; 설명,research/bok-archive/05-연차보고서/2026-03-27_2025년도 연차보고서/2025년도(제76차) 연차보고서F.pdf,102,번호 직결 인용 없음 또는 문장 조각·중복 배정 제외
BOK-20260327-be01015e1429-표-56e77ff60f01ced1,연차보고서 2025년도,표,II-36,한국은행 소셜미디어 운영 현황 1),통계기법·지수; 설명,research/bok-archive/05-연차보고서/2026-03-27_2025년도 연차보고서/2025년도(제76차) 연차보고서F.pdf,105,번호 직결 인용 없음 또는 문장 조각·중복 배정 제외
BOK-20260327-be01015e1429-표-cc64c85090dbdeed,연차보고서 2025년도,표,II-37,경제교육 실적 1) 2),통계기법·지수; 설명,research/bok-archive/05-연차보고서/2026-03-27_2025년도 연차보고서/2025년도(제76차) 연차보고서F.pdf,109,번호 직결 인용 없음 또는 문장 조각·중복 배정 제외
BOK-20260327-be01015e1429-표-99a58faf43ac5cf0,연차보고서 2025년도,표,II-38,한국은행 영문 홈페이지 방문자 수(기간 중),통계기법·지수; 설명,research/bok-archive/05-연차보고서/2026-03-27_2025년도 연차보고서/2025년도(제76차) 연차보고서F.pdf,111,번호 직결 인용 없음 또는 문장 조각·중복 배정 제외
BOK-20260327-be01015e1429-표-963a433a24c47174,연차보고서 2025년도,표,III-1,연도별 직원 채용 규모 1),통계기법·지수; 설명,research/bok-archive/05-연차보고서/2026-03-27_2025년도 연차보고서/2025년도(제76차) 연차보고서F.pdf,121,번호 직결 인용 없음 또는 문장 조각·중복 배정 제외
BOK-20260327-be01015e1429-표-bd409bed83703d82,연차보고서 2025년도,표,III-2,손익 현황,통계기법·지수; 설명,research/bok-archive/05-연차보고서/2026-03-27_2025년도 연차보고서/2025년도(제76차) 연차보고서F.pdf,128,번호 직결 인용 없음 또는 문장 조각·중복 배정 제외
BOK-20240415-d93aa3d55345-그림-5f0861f438dc1c70,지급결제보고서 2023년도,그림,I-6,일중RP 잔액 6,설명,research/bok-archive/04-지급결제보고서/2024-04-15_2023년도 지급결제보고서/2023년도 지급결제보고서(2024년 4월).pdf,26,번호 직결 인용 없음 또는 문장 조각·중복 배정 제외
BOK-20240415-d93aa3d55345-그림-7240eacfd992b244,지급결제보고서 2023년도,그림,I-7,한은금융망 시간대별 결제집중률 7,통계기법·지수,research/bok-archive/04-지급결제보고서/2024-04-15_2023년도 지급결제보고서/2023년도 지급결제보고서(2024년 4월).pdf,27,출처·단위·데이터 형태 등 미확인
BOK-20240415-d93aa3d55345-그림-fc374ce9dff56e55,지급결제보고서 2023년도,그림,I-9,소액결제시스템을 통한 결제규모 8,설명,research/bok-archive/04-지급결제보고서/2024-04-15_2023년도 지급결제보고서/2023년도 지급결제보고서(2024년 4월).pdf,28,번호 직결 인용 없음 또는 문장 조각·중복 배정 제외
BOK-20240415-d93aa3d55345-그림-b9eab3ede4facf71,지급결제보고서 2023년도,그림,II-1,모바일현금카드 앱 및 ATM 이용 화면 22,단위; 데이터 형태; 통계기법·지수; 설명,research/bok-archive/04-지급결제보고서/2024-04-15_2023년도 지급결제보고서/2023년도 지급결제보고서(2024년 4월).pdf,42,번호 직결 인용 없음 또는 문장 조각·중복 배정 제외
BOK-20240415-d93aa3d55345-그림-bb4cf1d5e4edd719,지급결제보고서 2023년도,그림,II-2,민간 지도플랫폼에서의 ATM 정보 검색 화면 23,단위; 데이터 형태; 통계기법·지수; 설명,research/bok-archive/04-지급결제보고서/2024-04-15_2023년도 지급결제보고서/2023년도 지급결제보고서(2024년 4월).pdf,43,번호 직결 인용 없음 또는 문장 조각·중복 배정 제외
BOK-20240415-d93aa3d55345-그림-8deca24f2b4e0649,지급결제보고서 2023년도,그림,II-3,현금사용 선택권 보장 홍보 포스터 24,단위; 데이터 형태; 통계기법·지수; 설명,research/bok-archive/04-지급결제보고서/2024-04-15_2023년도 지급결제보고서/2023년도 지급결제보고서(2024년 4월).pdf,44,번호 직결 인용 없음 또는 문장 조각·중복 배정 제외
BOK-20240415-d93aa3d55345-그림-9b9c6fb1234c7bc4,지급결제보고서 2023년도,그림,IV-1,전 세계 CBDC 연구·개발 현황 49,단위; 데이터 형태; 통계기법·지수; 설명,research/bok-archive/04-지급결제보고서/2024-04-15_2023년도 지급결제보고서/2023년도 지급결제보고서(2024년 4월).pdf,69,번호 직결 인용 없음 또는 문장 조각·중복 배정 제외
BOK-20240415-d93aa3d55345-그림-90344175c7f7fac1,지급결제보고서 2023년도,그림,IV-2,한국은행의 CBDC 관련 연구 현황 50,단위; 데이터 형태; 통계기법·지수; 설명,research/bok-archive/04-지급결제보고서/2024-04-15_2023년도 지급결제보고서/2023년도 지급결제보고서(2024년 4월).pdf,70,번호 직결 인용 없음 또는 문장 조각·중복 배정 제외
BOK-20240415-d93aa3d55345-그림-ff438ab585ed188b,지급결제보고서 2023년도,그림,IV-3,CBDC 활용성 테스트 추진 계획 공동 기자설명회 50,단위; 데이터 형태; 통계기법·지수; 설명,research/bok-archive/04-지급결제보고서/2024-04-15_2023년도 지급결제보고서/2023년도 지급결제보고서(2024년 4월).pdf,70,번호 직결 인용 없음 또는 문장 조각·중복 배정 제외
BOK-20240415-d93aa3d55345-그림-26736bd9e2bf3112,지급결제보고서 2023년도,그림,IV-4,한국은행-한국거래소 업무협약 체결 51,단위; 데이터 형태; 통계기법·지수; 설명,research/bok-archive/04-지급결제보고서/2024-04-15_2023년도 지급결제보고서/2023년도 지급결제보고서(2024년 4월).pdf,71,번호 직결 인용 없음 또는 문장 조각·중복 배정 제외
BOK-20240415-d93aa3d55345-그림-4ec6590037cff67f,지급결제보고서 2023년도,그림,IV-5,오프라인 CBDC 거래방식 개요 51,단위; 데이터 형태; 통계기법·지수; 설명,research/bok-archive/04-지급결제보고서/2024-04-15_2023년도 지급결제보고서/2023년도 지급결제보고서(2024년 4월).pdf,71,번호 직결 인용 없음 또는 문장 조각·중복 배정 제외
BOK-20240415-d93aa3d55345-그림-54a7bea5858b1140,지급결제보고서 2023년도,그림,IV-6,CBDC 카드뉴스 및 해설 동영상 52,단위; 데이터 형태; 통계기법·지수; 설명,research/bok-archive/04-지급결제보고서/2024-04-15_2023년도 지급결제보고서/2023년도 지급결제보고서(2024년 4월).pdf,72,번호 직결 인용 없음 또는 문장 조각·중복 배정 제외
BOK-20240415-d93aa3d55345-그림-0ccb5005d440aeb4,지급결제보고서 2023년도,그림,IV-7,BIS 사무총장 초청 세미나 53,단위; 데이터 형태; 통계기법·지수; 설명,research/bok-archive/04-지급결제보고서/2024-04-15_2023년도 지급결제보고서/2023년도 지급결제보고서(2024년 4월).pdf,73,번호 직결 인용 없음 또는 문장 조각·중복 배정 제외
BOK-20240415-d93aa3d55345-그림-0012b55c624ea7d5,지급결제보고서 2023년도,그림,IV-8-2023,MOEF-BOK-FSC-IMF 공동 국제컨퍼런스 53,사용 데이터·출처; 단위; 데이터 형태; 종류; 통계기법·지수; 설명,불명,불명,허용 종류로 판별 불가 또는 표 구조 미확인; 번호 직결 인용 없음 또는 문장 조각·중복 배정 제외
BOK-20240415-d93aa3d55345-그림-af58679251c64350,지급결제보고서 2023년도,그림,IV-9,결제방식별 신속자금이체시스템 도입 현황 56,단위; 데이터 형태; 통계기법·지수; 설명,research/bok-archive/04-지급결제보고서/2024-04-15_2023년도 지급결제보고서/2023년도 지급결제보고서(2024년 4월).pdf,76,번호 직결 인용 없음 또는 문장 조각·중복 배정 제외
BOK-20240415-d93aa3d55345-그림-38c05606d0e80480,지급결제보고서 2023년도,그림,IV-10,RTGS 방식 신속자금이체시스템 관련 미 연준과의 세미나 57,단위; 데이터 형태; 통계기법·지수; 설명,research/bok-archive/04-지급결제보고서/2024-04-15_2023년도 지급결제보고서/2023년도 지급결제보고서(2024년 4월).pdf,77,번호 직결 인용 없음 또는 문장 조각·중복 배정 제외
BOK-20240415-d93aa3d55345-그림-8e102917581ba448,지급결제보고서 2023년도,그림,IV-11,ISO 20022 전문을 통한 국가 간 지급(예시)1),단위; 데이터 형태; 통계기법·지수; 설명,research/bok-archive/04-지급결제보고서/2024-04-15_2023년도 지급결제보고서/2023년도 지급결제보고서(2024년 4월).pdf,78,번호 직결 인용 없음 또는 문장 조각·중복 배정 제외
BOK-20240415-d93aa3d55345-그림-782493e438597b35,지급결제보고서 2023년도,그림,IV-12,일관처리되는 ISO 20022 전문 전달 과정 59,단위; 데이터 형태; 통계기법·지수; 설명,research/bok-archive/04-지급결제보고서/2024-04-15_2023년도 지급결제보고서/2023년도 지급결제보고서(2024년 4월).pdf,79,번호 직결 인용 없음 또는 문장 조각·중복 배정 제외
BOK-20240415-d93aa3d55345-그림-a9076f63480ae27b,지급결제보고서 2023년도,그림,IV-13,ISO 20022의 확장성 59,단위; 데이터 형태; 통계기법·지수; 설명,research/bok-archive/04-지급결제보고서/2024-04-15_2023년도 지급결제보고서/2023년도 지급결제보고서(2024년 4월).pdf,79,번호 직결 인용 없음 또는 문장 조각·중복 배정 제외
BOK-20240415-d93aa3d55345-그림-5c6ce2db814ca218,지급결제보고서 2023년도,그림,불명,순이체한도 소진율(일평균) 및 주의수준(70%) 상회 횟수 추이,번호; 설명,불명,불명,번호 미확인; 캡션 또는 비결과물 오탐 여부 검수; 번호 직결 인용 없음 또는 문장 조각·중복 배정 제외
BOK-20240415-d93aa3d55345-그림-39f838484f7da978,지급결제보고서 2023년도,그림,불명,전자금융공동망 이용규모(일평균) 및 증감률,번호; 설명,불명,불명,번호 미확인; 캡션 또는 비결과물 오탐 여부 검수; 번호 직결 인용 없음 또는 문장 조각·중복 배정 제외
BOK-20240415-d93aa3d55345-그림-738a5403a86c1006,지급결제보고서 2023년도,그림,불명,주요 지급결제시스템별 결제규모 추이(일평균),번호; 설명,불명,불명,번호 미확인; 캡션 또는 비결과물 오탐 여부 검수; 번호 직결 인용 없음 또는 문장 조각·중복 배정 제외
BOK-20240415-d93aa3d55345-그림-b21b5506baa76174,지급결제보고서 2023년도,그림,불명,카드기반 간편지급서비스 이용 비중,번호; 설명,불명,불명,번호 미확인; 캡션 또는 비결과물 오탐 여부 검수; 번호 직결 인용 없음 또는 문장 조각·중복 배정 제외
BOK-20240415-d93aa3d55345-표-66d6d3b3153f3330,지급결제보고서 2023년도,표,I-1,자금종류별 한은금융망 결제규모 3,설명,research/bok-archive/04-지급결제보고서/2024-04-15_2023년도 지급결제보고서/2023년도 지급결제보고서(2024년 4월).pdf,23,번호 직결 인용 없음 또는 문장 조각·중복 배정 제외
BOK-20240415-d93aa3d55345-표-4e29884239935eb7,지급결제보고서 2023년도,표,I-2,한은금융망 외화거래자금 결제규모 4,단위; 종류,research/bok-archive/04-지급결제보고서/2024-04-15_2023년도 지급결제보고서/2023년도 지급결제보고서(2024년 4월).pdf,24,허용 종류로 판별 불가 또는 표 구조 미확인
BOK-20240415-d93aa3d55345-표-e9cd7f1e8cfb4d6d,지급결제보고서 2023년도,표,I-3,일중 일시결제유동성 공급규모 5,단위; 종류,research/bok-archive/04-지급결제보고서/2024-04-15_2023년도 지급결제보고서/2023년도 지급결제보고서(2024년 4월).pdf,25,허용 종류로 판별 불가 또는 표 구조 미확인
BOK-20240415-d93aa3d55345-표-e79e85594f5c4072,지급결제보고서 2023년도,표,I-5,일중당좌대출 최대소진율 및 대기비율 추이 6,종류,research/bok-archive/04-지급결제보고서/2024-04-15_2023년도 지급결제보고서/2023년도 지급결제보고서(2024년 4월).pdf,26,허용 종류로 판별 불가 또는 표 구조 미확인
BOK-20240415-d93aa3d55345-표-4ade0bf2c0343e28,지급결제보고서 2023년도,표,I-6,금융공동망·어음교환시스템·지로시스템을 통한 결제규모 8,단위; 종류; 통계기법·지수,research/bok-archive/04-지급결제보고서/2024-04-15_2023년도 지급결제보고서/2023년도 지급결제보고서(2024년 4월).pdf,28,허용 종류로 판별 불가 또는 표 구조 미확인
BOK-20240415-d93aa3d55345-표-e96b9ced9a855364,지급결제보고서 2023년도,표,I-7,소액결제시스템 참가기관별 순이체한도 현황 9,단위; 종류; 통계기법·지수,research/bok-archive/04-지급결제보고서/2024-04-15_2023년도 지급결제보고서/2023년도 지급결제보고서(2024년 4월).pdf,29,허용 종류로 판별 불가 또는 표 구조 미확인
BOK-20240415-d93aa3d55345-표-c88acbca3c262379,지급결제보고서 2023년도,표,I-8,순이체한도 이용 현황 9,종류; 통계기법·지수; 설명,research/bok-archive/04-지급결제보고서/2024-04-15_2023년도 지급결제보고서/2023년도 지급결제보고서(2024년 4월).pdf,29,허용 종류로 판별 불가 또는 표 구조 미확인; 번호 직결 인용 없음 또는 문장 조각·중복 배정 제외
BOK-20240415-d93aa3d55345-표-343424ad2195241a,지급결제보고서 2023년도,표,I-9,CLS시스템 결제규모 10,단위; 종류,research/bok-archive/04-지급결제보고서/2024-04-15_2023년도 지급결제보고서/2023년도 지급결제보고서(2024년 4월).pdf,30,허용 종류로 판별 불가 또는 표 구조 미확인
BOK-20240415-d93aa3d55345-표-ebed40e8ea7b5d84,지급결제보고서 2023년도,표,I-10,증권거래자금 결제규모 11,단위,research/bok-archive/04-지급결제보고서/2024-04-15_2023년도 지급결제보고서/2023년도 지급결제보고서(2024년 4월).pdf,31,출처·단위·데이터 형태 등 미확인
BOK-20240415-d93aa3d55345-표-4ff48cd6533498e8,지급결제보고서 2023년도,표,I-11,기준시한 이후 증권결제 건수,종류; 통계기법·지수,research/bok-archive/04-지급결제보고서/2024-04-15_2023년도 지급결제보고서/2023년도 지급결제보고서(2024년 4월).pdf,31,허용 종류로 판별 불가 또는 표 구조 미확인
BOK-20240415-d93aa3d55345-표-2810d7943f5fdabc,지급결제보고서 2023년도,표,I-12,장외시장 증권분리결제 비중 11,종류,research/bok-archive/04-지급결제보고서/2024-04-15_2023년도 지급결제보고서/2023년도 지급결제보고서(2024년 4월).pdf,31,허용 종류로 판별 불가 또는 표 구조 미확인
BOK-20240415-d93aa3d55345-표-320a59f1e85ca29e,지급결제보고서 2023년도,표,II-1,차액결제이행용 담보제공비율 인상 일정 19,데이터 형태; 종류; 설명,research/bok-archive/04-지급결제보고서/2024-04-15_2023년도 지급결제보고서/2023년도 지급결제보고서(2024년 4월).pdf,39,허용 종류로 판별 불가 또는 표 구조 미확인; 번호 직결 인용 없음 또는 문장 조각·중복 배정 제외
BOK-20240415-d93aa3d55345-표-7e8d6101820836cc,지급결제보고서 2023년도,표,II-2,차액결제이행용 적격담보증권 포괄범위 확대 20,단위; 데이터 형태; 종류; 통계기법·지수; 설명,research/bok-archive/04-지급결제보고서/2024-04-15_2023년도 지급결제보고서/2023년도 지급결제보고서(2024년 4월).pdf,40,허용 종류로 판별 불가 또는 표 구조 미확인; 번호 직결 인용 없음 또는 문장 조각·중복 배정 제외
BOK-20240415-d93aa3d55345-표-2809fcaa75971616,지급결제보고서 2023년도,표,II-3,오픈뱅킹공동망 이용업무별 자격기준 21,사용 데이터·출처; 단위; 데이터 형태; 종류; 통계기법·지수; 설명,research/bok-archive/04-지급결제보고서/2024-04-15_2023년도 지급결제보고서/2023년도 지급결제보고서(2024년 4월).pdf,41,허용 종류로 판별 불가 또는 표 구조 미확인; 번호 직결 인용 없음 또는 문장 조각·중복 배정 제외
BOK-20240415-d93aa3d55345-표-a81e9acd6d142b21,지급결제보고서 2023년도,표,III-1-2023,년 중 지급결제시스템 정기평가 실시 현황 32,단위; 데이터 형태; 종류; 통계기법·지수; 설명,research/bok-archive/04-지급결제보고서/2024-04-15_2023년도 지급결제보고서/2023년도 지급결제보고서(2024년 4월).pdf,52,허용 종류로 판별 불가 또는 표 구조 미확인; 번호 직결 인용 없음 또는 문장 조각·중복 배정 제외
BOK-20240415-d93aa3d55345-표-efb181371593612b,지급결제보고서 2023년도,표,III-2-2023,년 중 은행 및 금융투자회사 지급결제 부문 32,단위; 데이터 형태; 종류; 분석 목적; 통계기법·지수; 설명,research/bok-archive/04-지급결제보고서/2024-04-15_2023년도 지급결제보고서/2023년도 지급결제보고서(2024년 4월).pdf,52,허용 종류로 판별 불가 또는 표 구조 미확인; 제목·계열·직접 인용의 해석 근거 부족; 번호 직결 인용 없음 또는 문장 조각·중복 배정 제외
BOK-20240415-d93aa3d55345-표-e443d3f0c3328679,지급결제보고서 2023년도,표,III-3,FSB의 글로벌 스테이블코인 최종 권고안 세부 항목 37,단위; 데이터 형태; 종류; 통계기법·지수; 설명,research/bok-archive/04-지급결제보고서/2024-04-15_2023년도 지급결제보고서/2023년도 지급결제보고서(2024년 4월).pdf,57,허용 종류로 판별 불가 또는 표 구조 미확인; 번호 직결 인용 없음 또는 문장 조각·중복 배정 제외
BOK-20240415-d93aa3d55345-표-c9600bbd78ad1de5,지급결제보고서 2023년도,표,IV-1,차액결제이행용 담보납입규모 55,종류; 통계기법·지수; 설명,research/bok-archive/04-지급결제보고서/2024-04-15_2023년도 지급결제보고서/2023년도 지급결제보고서(2024년 4월).pdf,75,허용 종류로 판별 불가 또는 표 구조 미확인; 번호 직결 인용 없음 또는 문장 조각·중복 배정 제외
BOK-20240415-d93aa3d55345-표-8cb18ad44bd1df7e,지급결제보고서 2023년도,표,IV-2,주요국 거액결제시스템 ISO 20022 도입 현황 58,사용 데이터·출처; 단위; 종류; 통계기법·지수; 설명,research/bok-archive/04-지급결제보고서/2024-04-15_2023년도 지급결제보고서/2023년도 지급결제보고서(2024년 4월).pdf,78,허용 종류로 판별 불가 또는 표 구조 미확인; 번호 직결 인용 없음 또는 문장 조각·중복 배정 제외
BOK-20250421-8d4a319823d7-그림-f4ab3eec327cb9d3,지급결제보고서 2024년도,그림,I-1,한은금융망 증권거래자금 결제규모(일평균),설명,research/bok-archive/04-지급결제보고서/2025-04-21_2024년도 지급결제보고서/2024년도 지급결제보고서(2025년 4월).pdf,21,번호 직결 인용 없음 또는 문장 조각·중복 배정 제외
BOK-20250421-8d4a319823d7-그림-6f8eca995a50cb39,지급결제보고서 2024년도,그림,I-3,참가기관과 한국은행 간 결제규모(일평균),설명,research/bok-archive/04-지급결제보고서/2025-04-21_2024년도 지급결제보고서/2024년도 지급결제보고서(2025년 4월).pdf,22,번호 직결 인용 없음 또는 문장 조각·중복 배정 제외
BOK-20250421-8d4a319823d7-그림-aa8677372552795d,지급결제보고서 2024년도,그림,I-5,일중당좌대출 잔액1)(일평균),설명,research/bok-archive/04-지급결제보고서/2025-04-21_2024년도 지급결제보고서/2024년도 지급결제보고서(2025년 4월).pdf,23,번호 직결 인용 없음 또는 문장 조각·중복 배정 제외
BOK-20250421-8d4a319823d7-그림-1bd868fa0227510f,지급결제보고서 2024년도,그림,I-7,한은금융망 시간대별 결제집중률1)(금액 기준),통계기법·지수,research/bok-archive/04-지급결제보고서/2025-04-21_2024년도 지급결제보고서/2024년도 지급결제보고서(2025년 4월).pdf,25,출처·단위·데이터 형태 등 미확인
BOK-20250421-8d4a319823d7-그림-aa1a8d04ce6675b9,지급결제보고서 2024년도,그림,I-8,한은금융망 운영시간 연장횟수 및 평균 연장,설명,research/bok-archive/04-지급결제보고서/2025-04-21_2024년도 지급결제보고서/2024년도 지급결제보고서(2025년 4월).pdf,25,번호 직결 인용 없음 또는 문장 조각·중복 배정 제외
BOK-20250421-8d4a319823d7-그림-b89e2b45f09078fb,지급결제보고서 2024년도,그림,I-9,소액결제시스템을 통한 결제규모(일평균),설명,research/bok-archive/04-지급결제보고서/2025-04-21_2024년도 지급결제보고서/2024년도 지급결제보고서(2025년 4월).pdf,26,번호 직결 인용 없음 또는 문장 조각·중복 배정 제외
BOK-20250421-8d4a319823d7-그림-9c225ebfcf138424,지급결제보고서 2024년도,그림,II-1,차액결제이행용 담보증권의 담보인정비율,단위; 데이터 형태; 설명,research/bok-archive/04-지급결제보고서/2025-04-21_2024년도 지급결제보고서/2024년도 지급결제보고서(2025년 4월).pdf,38,번호 직결 인용 없음 또는 문장 조각·중복 배정 제외
BOK-20250421-8d4a319823d7-그림-39ebd9496190ca35,지급결제보고서 2024년도,그림,II-2,한은금융망 참가기관1),단위; 데이터 형태; 통계기법·지수; 설명,research/bok-archive/04-지급결제보고서/2025-04-21_2024년도 지급결제보고서/2024년도 지급결제보고서(2025년 4월).pdf,39,번호 직결 인용 없음 또는 문장 조각·중복 배정 제외
BOK-20250421-8d4a319823d7-그림-1b97711726c7ef71,지급결제보고서 2024년도,그림,II-3,모바일현금카드 ATM 입출금서비스 이용실적1),통계기법·지수; 설명,research/bok-archive/04-지급결제보고서/2025-04-21_2024년도 지급결제보고서/2024년도 지급결제보고서(2025년 4월).pdf,40,번호 직결 인용 없음 또는 문장 조각·중복 배정 제외
BOK-20250421-8d4a319823d7-그림-75e97387cbfb93c0,지급결제보고서 2024년도,그림,II-4,한국은행-금융결제원-삼성전자 업무협약 체결,데이터 형태; 통계기법·지수; 설명,research/bok-archive/04-지급결제보고서/2025-04-21_2024년도 지급결제보고서/2024년도 지급결제보고서(2025년 4월).pdf,41,번호 직결 인용 없음 또는 문장 조각·중복 배정 제외
BOK-20250421-8d4a319823d7-그림-e9f5122fd29fd0c6,지급결제보고서 2024년도,그림,II-5,현금사용 선택권 보장 홍보 포스터,단위; 데이터 형태; 통계기법·지수; 설명,research/bok-archive/04-지급결제보고서/2025-04-21_2024년도 지급결제보고서/2024년도 지급결제보고서(2025년 4월).pdf,42,번호 직결 인용 없음 또는 문장 조각·중복 배정 제외
BOK-20250421-8d4a319823d7-그림-8c820e03460ae308,지급결제보고서 2024년도,그림,III-1,업무지속계획의 영역,단위; 데이터 형태; 통계기법·지수; 설명,research/bok-archive/04-지급결제보고서/2025-04-21_2024년도 지급결제보고서/2024년도 지급결제보고서(2025년 4월).pdf,54,번호 직결 인용 없음 또는 문장 조각·중복 배정 제외
BOK-20250421-8d4a319823d7-그림-8e69a2e6d0478e0e,지급결제보고서 2024년도,그림,III-2,이탈리아 중앙은행1)과의 정례협의,단위; 데이터 형태; 통계기법·지수; 설명,research/bok-archive/04-지급결제보고서/2025-04-21_2024년도 지급결제보고서/2024년도 지급결제보고서(2025년 4월).pdf,56,번호 직결 인용 없음 또는 문장 조각·중복 배정 제외
BOK-20250421-8d4a319823d7-그림-90e5ad32771935e8,지급결제보고서 2024년도,그림,III-3,BIS CPMI 회원국의 ISO 20022 도입 현황1),단위; 데이터 형태; 설명,research/bok-archive/04-지급결제보고서/2025-04-21_2024년도 지급결제보고서/2024년도 지급결제보고서(2025년 4월).pdf,57,번호 직결 인용 없음 또는 문장 조각·중복 배정 제외
BOK-20250421-8d4a319823d7-그림-a7d755ddeb1e44d4,지급결제보고서 2024년도,그림,III-4,한은금융망 ISO 20022 도입 사업 추진 일정,단위; 설명,research/bok-archive/04-지급결제보고서/2025-04-21_2024년도 지급결제보고서/2024년도 지급결제보고서(2025년 4월).pdf,58,번호 직결 인용 없음 또는 문장 조각·중복 배정 제외
BOK-20250421-8d4a319823d7-그림-8ea062660053539e,지급결제보고서 2024년도,그림,IV-1,디지털화폐 시스템 구성도(안)1),단위; 데이터 형태; 통계기법·지수; 설명,research/bok-archive/04-지급결제보고서/2025-04-21_2024년도 지급결제보고서/2024년도 지급결제보고서(2025년 4월).pdf,73,번호 직결 인용 없음 또는 문장 조각·중복 배정 제외
BOK-20250421-8d4a319823d7-그림-31763ae3a3d7fc5f,지급결제보고서 2024년도,그림,IV-2,과학기술정보통신부-금융위원회-한국은행,단위; 데이터 형태; 분석 목적; 통계기법·지수; 설명,research/bok-archive/04-지급결제보고서/2025-04-21_2024년도 지급결제보고서/2024년도 지급결제보고서(2025년 4월).pdf,73,제목·계열·직접 인용의 해석 근거 부족; 번호 직결 인용 없음 또는 문장 조각·중복 배정 제외
BOK-20250421-8d4a319823d7-그림-cc21be075ec45682,지급결제보고서 2024년도,그림,IV-3,예 금 토큰 사용처,단위; 데이터 형태; 통계기법·지수; 설명,research/bok-archive/04-지급결제보고서/2025-04-21_2024년도 지급결제보고서/2024년도 지급결제보고서(2025년 4월).pdf,74,번호 직결 인용 없음 또는 문장 조각·중복 배정 제외
BOK-20250421-8d4a319823d7-그림-6b3587a90ae81eaf,지급결제보고서 2024년도,그림,IV-4,탄소배출권 유통 실험 시나리오(한국거래소,단위; 데이터 형태; 통계기법·지수; 설명,research/bok-archive/04-지급결제보고서/2025-04-21_2024년도 지급결제보고서/2024년도 지급결제보고서(2025년 4월).pdf,74,번호 직결 인용 없음 또는 문장 조각·중복 배정 제외
BOK-20250421-8d4a319823d7-그림-8e363bb50f46c6a0,지급결제보고서 2024년도,그림,IV-5,일 반 고객 대상 토큰화 증권 발행 테스트,단위; 데이터 형태; 통계기법·지수; 설명,research/bok-archive/04-지급결제보고서/2025-04-21_2024년도 지급결제보고서/2024년도 지급결제보고서(2025년 4월).pdf,75,번호 직결 인용 없음 또는 문장 조각·중복 배정 제외
BOK-20250421-8d4a319823d7-그림-ab3e216ee0fe9974,지급결제보고서 2024년도,그림,IV-6,금융기관 대상 토큰화 증권 발행 테스트,데이터 형태; 통계기법·지수; 설명,research/bok-archive/04-지급결제보고서/2025-04-21_2024년도 지급결제보고서/2024년도 지급결제보고서(2025년 4월).pdf,75,번호 직결 인용 없음 또는 문장 조각·중복 배정 제외
BOK-20250421-8d4a319823d7-그림-d451e782b28dcf7c,지급결제보고서 2024년도,그림,IV-7,한국은행-개인정보보호위원회 공동 개인정보,단위; 데이터 형태; 분석 목적; 통계기법·지수; 설명,research/bok-archive/04-지급결제보고서/2025-04-21_2024년도 지급결제보고서/2024년도 지급결제보고서(2025년 4월).pdf,76,제목·계열·직접 인용의 해석 근거 부족; 번호 직결 인용 없음 또는 문장 조각·중복 배정 제외
BOK-20250421-8d4a319823d7-그림-84c923a688d7a367,지급결제보고서 2024년도,그림,IV-8,BIS CPMI 회원국의 거액결제시스템 운영시간,단위; 데이터 형태; 통계기법·지수; 설명,research/bok-archive/04-지급결제보고서/2025-04-21_2024년도 지급결제보고서/2024년도 지급결제보고서(2025년 4월).pdf,79,번호 직결 인용 없음 또는 문장 조각·중복 배정 제외
BOK-20250421-8d4a319823d7-그림-af2d36afb77e4edf,지급결제보고서 2024년도,그림,IV-9,가상자산위원회 논의 참여(2025.1.15일),단위; 데이터 형태; 통계기법·지수; 설명,research/bok-archive/04-지급결제보고서/2025-04-21_2024년도 지급결제보고서/2024년도 지급결제보고서(2025년 4월).pdf,82,번호 직결 인용 없음 또는 문장 조각·중복 배정 제외
BOK-20250421-8d4a319823d7-그림-7742d56e285dd836,지급결제보고서 2024년도,그림,IV-10,판매대금 정산구조 예시 7월 29일,단위; 데이터 형태; 통계기법·지수; 설명,research/bok-archive/04-지급결제보고서/2025-04-21_2024년도 지급결제보고서/2024년도 지급결제보고서(2025년 4월).pdf,84,번호 직결 인용 없음 또는 문장 조각·중복 배정 제외
BOK-20250421-8d4a319823d7-그림-f8d2cb92529692ed,지급결제보고서 2024년도,그림,IV-11,티메프 주요 재무지표(양사 합산),설명,research/bok-archive/04-지급결제보고서/2025-04-21_2024년도 지급결제보고서/2024년도 지급결제보고서(2025년 4월).pdf,85,번호 직결 인용 없음 또는 문장 조각·중복 배정 제외
BOK-20250421-8d4a319823d7-그림-33eda026b7e65b88,지급결제보고서 2024년도,그림,IV-12,업종별 미정산 대금,설명,research/bok-archive/04-지급결제보고서/2025-04-21_2024년도 지급결제보고서/2024년도 지급결제보고서(2025년 4월).pdf,85,번호 직결 인용 없음 또는 문장 조각·중복 배정 제외
BOK-20250421-8d4a319823d7-그림-ba87a8b5f67f4be4,지급결제보고서 2024년도,그림,IV-13,티메프 사태 문제점 및 정부 개선방안,단위; 데이터 형태; 통계기법·지수; 설명,research/bok-archive/04-지급결제보고서/2025-04-21_2024년도 지급결제보고서/2024년도 지급결제보고서(2025년 4월).pdf,86,번호 직결 인용 없음 또는 문장 조각·중복 배정 제외
BOK-20250421-8d4a319823d7-그림-85890c2f59252691,지급결제보고서 2024년도,그림,불명,2024년 중 대형 공모주 청약일 전후 10영업일간 금융투자회사 순자금이체액 규모 추이,번호; 통계기법·지수; 설명,불명,불명,번호 미확인; 캡션 또는 비결과물 오탐 여부 검수; 번호 직결 인용 없음 또는 문장 조각·중복 배정 제외
BOK-20250421-8d4a319823d7-그림-4e0aec0172543ea1,지급결제보고서 2024년도,그림,불명,고령층 비중 / 인구와 국토면적을 고려한 ATM 수,번호; 설명,불명,불명,번호 미확인; 캡션 또는 비결과물 오탐 여부 검수; 번호 직결 인용 없음 또는 문장 조각·중복 배정 제외
BOK-20250421-8d4a319823d7-그림-b7e7b37003a921a6,지급결제보고서 2024년도,그림,불명,대형 공모주 청약일 전후 10영업일간 금융기관 등의 순이체한도 소진율 추이,번호; 설명,불명,불명,번호 미확인; 캡션 또는 비결과물 오탐 여부 검수; 번호 직결 인용 없음 또는 문장 조각·중복 배정 제외
BOK-20250421-8d4a319823d7-그림-7560be7575599891,지급결제보고서 2024년도,그림,불명,디지털 경쟁력 / 기업규제 효율성,번호; 단위; 통계기법·지수; 설명,불명,불명,번호 미확인; 캡션 또는 비결과물 오탐 여부 검수; 번호 직결 인용 없음 또는 문장 조각·중복 배정 제외
BOK-20250421-8d4a319823d7-그림-b4edebfd74b5fd05,지급결제보고서 2024년도,그림,불명,선진국 간 현금사용도 격차(2023년 기준),번호; 설명,불명,불명,번호 미확인; 캡션 또는 비결과물 오탐 여부 검수; 번호 직결 인용 없음 또는 문장 조각·중복 배정 제외
BOK-20250421-8d4a319823d7-그림-0083853b6a5be529,지급결제보고서 2024년도,그림,불명,선진국과 신흥국의 현금사용도 차이(2023년 기준),번호; 설명,불명,불명,번호 미확인; 캡션 또는 비결과물 오탐 여부 검수; 번호 직결 인용 없음 또는 문장 조각·중복 배정 제외
BOK-20250421-8d4a319823d7-그림-408999c8431422eb,지급결제보고서 2024년도,그림,불명,선진국과 우리나라의 현금사용 결정 요인 비교,번호; 단위; 설명,불명,불명,번호 미확인; 캡션 또는 비결과물 오탐 여부 검수; 번호 직결 인용 없음 또는 문장 조각·중복 배정 제외
BOK-20250421-8d4a319823d7-그림-68643524543f0671,지급결제보고서 2024년도,그림,불명,순이체한도 소진율(일평균) 및 주의수준(70%) 상회 횟수 추이,번호; 설명,불명,불명,번호 미확인; 캡션 또는 비결과물 오탐 여부 검수; 번호 직결 인용 없음 또는 문장 조각·중복 배정 제외
BOK-20250421-8d4a319823d7-그림-8eab75b4391f943f,지급결제보고서 2024년도,그림,불명,외국인 투자자의 국내채권 투자금액(연말 잔액 기준),번호; 설명,불명,불명,번호 미확인; 캡션 또는 비결과물 오탐 여부 검수; 번호 직결 인용 없음 또는 문장 조각·중복 배정 제외
BOK-20250421-8d4a319823d7-그림-e9ba743864108a92,지급결제보고서 2024년도,그림,불명,정부에 대한 신뢰도 / 위험회피 성향(가계의 안전자산 선호),번호; 통계기법·지수; 설명,불명,불명,번호 미확인; 캡션 또는 비결과물 오탐 여부 검수; 번호 직결 인용 없음 또는 문장 조각·중복 배정 제외
BOK-20250421-8d4a319823d7-그림-375853d4d0cbb939,지급결제보고서 2024년도,그림,불명,주요 지급결제시스템별 결제규모 추이(일평균),번호; 설명,불명,불명,번호 미확인; 캡션 또는 비결과물 오탐 여부 검수; 번호 직결 인용 없음 또는 문장 조각·중복 배정 제외
BOK-20250421-8d4a319823d7-그림-ccdc06d54bc8046c,지급결제보고서 2024년도,그림,불명,카드기반 간편지급서비스 이용 비중,번호; 설명,불명,불명,번호 미확인; 캡션 또는 비결과물 오탐 여부 검수; 번호 직결 인용 없음 또는 문장 조각·중복 배정 제외
BOK-20250421-8d4a319823d7-그림-50be9c7891cbbdd2,지급결제보고서 2024년도,그림,불명,한국은행의 증권 커스터디 제공 규모(연말 잔액 기준),번호; 설명,불명,불명,번호 미확인; 캡션 또는 비결과물 오탐 여부 검수; 번호 직결 인용 없음 또는 문장 조각·중복 배정 제외
BOK-20250421-8d4a319823d7-표-4bcab02b6d15aeb7,지급결제보고서 2024년도,표,I-2,한은금융망 외화거래자금 결제규모,단위,research/bok-archive/04-지급결제보고서/2025-04-21_2024년도 지급결제보고서/2024년도 지급결제보고서(2025년 4월).pdf,22,출처·단위·데이터 형태 등 미확인
BOK-20250421-8d4a319823d7-표-0352ca1e0e68e30f,지급결제보고서 2024년도,표,I-3,일중 일시결제유동성 공급규모(일평균),단위; 종류,research/bok-archive/04-지급결제보고서/2025-04-21_2024년도 지급결제보고서/2024년도 지급결제보고서(2025년 4월).pdf,22,허용 종류로 판별 불가 또는 표 구조 미확인
BOK-20250421-8d4a319823d7-표-62a6081fabe6e4b8,지급결제보고서 2024년도,표,I-5,일중당좌대출 최대소진율 및 대기비율 추이,종류,research/bok-archive/04-지급결제보고서/2025-04-21_2024년도 지급결제보고서/2024년도 지급결제보고서(2025년 4월).pdf,24,허용 종류로 판별 불가 또는 표 구조 미확인
BOK-20250421-8d4a319823d7-표-a8cc87087662e358,지급결제보고서 2024년도,표,I-6,금융공동망·어음교환시스템·지로시스템을 통한,단위; 분석 목적; 통계기법·지수,research/bok-archive/04-지급결제보고서/2025-04-21_2024년도 지급결제보고서/2024년도 지급결제보고서(2025년 4월).pdf,26,제목·계열·직접 인용의 해석 근거 부족
BOK-20250421-8d4a319823d7-표-8e3af1167de7f411,지급결제보고서 2024년도,표,I-7,소액결제시스템 참가기관별 순이체한도1) 현황,단위; 종류,research/bok-archive/04-지급결제보고서/2025-04-21_2024년도 지급결제보고서/2024년도 지급결제보고서(2025년 4월).pdf,27,허용 종류로 판별 불가 또는 표 구조 미확인
BOK-20250421-8d4a319823d7-표-63c87931b9215757,지급결제보고서 2024년도,표,I-8,순이체한도 이용 현황,종류; 설명,research/bok-archive/04-지급결제보고서/2025-04-21_2024년도 지급결제보고서/2024년도 지급결제보고서(2025년 4월).pdf,27,허용 종류로 판별 불가 또는 표 구조 미확인; 번호 직결 인용 없음 또는 문장 조각·중복 배정 제외
BOK-20250421-8d4a319823d7-표-7bdf6be48288dc03,지급결제보고서 2024년도,표,I-9,CLS시스템 결제규모1)(일평균),단위; 종류,research/bok-archive/04-지급결제보고서/2025-04-21_2024년도 지급결제보고서/2024년도 지급결제보고서(2025년 4월).pdf,28,허용 종류로 판별 불가 또는 표 구조 미확인
BOK-20250421-8d4a319823d7-표-ff23b4c71cb9bba8,지급결제보고서 2024년도,표,I-10,증권거래자금 결제규모(일평균),단위; 설명,research/bok-archive/04-지급결제보고서/2025-04-21_2024년도 지급결제보고서/2024년도 지급결제보고서(2025년 4월).pdf,29,번호 직결 인용 없음 또는 문장 조각·중복 배정 제외
BOK-20250421-8d4a319823d7-표-8e9d5b1941df81e3,지급결제보고서 2024년도,표,I-11,기준시한 이후 증권결제 건수,데이터 형태; 종류; 통계기법·지수,research/bok-archive/04-지급결제보고서/2025-04-21_2024년도 지급결제보고서/2024년도 지급결제보고서(2025년 4월).pdf,29,허용 종류로 판별 불가 또는 표 구조 미확인
BOK-20250421-8d4a319823d7-표-27a438e78170405b,지급결제보고서 2024년도,표,I-12,장외시장 증권대금동시결제 비중1)2),종류; 설명,research/bok-archive/04-지급결제보고서/2025-04-21_2024년도 지급결제보고서/2024년도 지급결제보고서(2025년 4월).pdf,29,허용 종류로 판별 불가 또는 표 구조 미확인; 번호 직결 인용 없음 또는 문장 조각·중복 배정 제외
BOK-20250421-8d4a319823d7-표-5334e1207aab2d32,지급결제보고서 2024년도,표,II-1,차액결제이행용 담보제공비율1),종류; 설명,research/bok-archive/04-지급결제보고서/2025-04-21_2024년도 지급결제보고서/2024년도 지급결제보고서(2025년 4월).pdf,37,허용 종류로 판별 불가 또는 표 구조 미확인; 번호 직결 인용 없음 또는 문장 조각·중복 배정 제외
BOK-20250421-8d4a319823d7-표-c2a04dd332a4eb74,지급결제보고서 2024년도,표,II-2,차액결제이행용 적격담보증권 포괄범위 확대,데이터 형태; 종류; 통계기법·지수; 설명,research/bok-archive/04-지급결제보고서/2025-04-21_2024년도 지급결제보고서/2024년도 지급결제보고서(2025년 4월).pdf,37,허용 종류로 판별 불가 또는 표 구조 미확인; 번호 직결 인용 없음 또는 문장 조각·중복 배정 제외
BOK-20250421-8d4a319823d7-표-070b38706012f0a0,지급결제보고서 2024년도,표,III-1-2024,년 중 지급결제시스템 정기평가 실시 현황,단위; 데이터 형태; 종류; 통계기법·지수; 설명,research/bok-archive/04-지급결제보고서/2025-04-21_2024년도 지급결제보고서/2024년도 지급결제보고서(2025년 4월).pdf,51,허용 종류로 판별 불가 또는 표 구조 미확인; 번호 직결 인용 없음 또는 문장 조각·중복 배정 제외
BOK-20250421-8d4a319823d7-표-2f4f835f555d58a9,지급결제보고서 2024년도,표,III-2-2024,년 중 지급결제 부문 공동검사 현황,단위; 통계기법·지수; 설명,research/bok-archive/04-지급결제보고서/2025-04-21_2024년도 지급결제보고서/2024년도 지급결제보고서(2025년 4월).pdf,52,번호 직결 인용 없음 또는 문장 조각·중복 배정 제외
BOK-20250421-8d4a319823d7-표-561c0767e165b29a,지급결제보고서 2024년도,표,III-3,비상상황의 구분,사용 데이터·출처; 단위; 데이터 형태; 통계기법·지수; 설명,research/bok-archive/04-지급결제보고서/2025-04-21_2024년도 지급결제보고서/2024년도 지급결제보고서(2025년 4월).pdf,55,번호 직결 인용 없음 또는 문장 조각·중복 배정 제외
BOK-20250421-8d4a319823d7-표-3c989f7e39347287,지급결제보고서 2024년도,표,IV-1,디지털통화 종류 및 성격1),단위; 데이터 형태; 종류; 통계기법·지수; 설명,research/bok-archive/04-지급결제보고서/2025-04-21_2024년도 지급결제보고서/2024년도 지급결제보고서(2025년 4월).pdf,73,허용 종류로 판별 불가 또는 표 구조 미확인; 번호 직결 인용 없음 또는 문장 조각·중복 배정 제외
BOK-20250421-8d4a319823d7-표-dd7e1807b4c45902,지급결제보고서 2024년도,표,IV-2,디지털 바우처 프로그램,단위; 데이터 형태; 종류; 통계기법·지수; 설명,research/bok-archive/04-지급결제보고서/2025-04-21_2024년도 지급결제보고서/2024년도 지급결제보고서(2025년 4월).pdf,74,허용 종류로 판별 불가 또는 표 구조 미확인; 번호 직결 인용 없음 또는 문장 조각·중복 배정 제외
BOK-20250421-8d4a319823d7-표-eb7f308955c2bcd1,지급결제보고서 2024년도,표,IV-3,G20 로드맵의 개선방안,데이터 형태; 통계기법·지수; 설명,research/bok-archive/04-지급결제보고서/2025-04-21_2024년도 지급결제보고서/2024년도 지급결제보고서(2025년 4월).pdf,78,번호 직결 인용 없음 또는 문장 조각·중복 배정 제외
BOK-20250421-8d4a319823d7-표-fcde342497d760d0,지급결제보고서 2024년도,표,IV-4,티메프 사태 주요 일지,단위; 데이터 형태; 종류; 통계기법·지수; 설명,research/bok-archive/04-지급결제보고서/2025-04-21_2024년도 지급결제보고서/2024년도 지급결제보고서(2025년 4월).pdf,84,허용 종류로 판별 불가 또는 표 구조 미확인; 번호 직결 인용 없음 또는 문장 조각·중복 배정 제외
BOK-20260413-7266b886719b-그림-10e4efc019a2ab65,지급결제보고서 2025년도,그림,I-1,한은금융망 증권거래자금 결제규모(일평균),설명,research/bok-archive/04-지급결제보고서/2026-04-13_2025년도 지급결제보고서/2025년도 지급결제보고서(2026년 4월).pdf,21,번호 직결 인용 없음 또는 문장 조각·중복 배정 제외
BOK-20260413-7266b886719b-그림-1b49921ad57bf9ff,지급결제보고서 2025년도,그림,I-2,한은금융망 차액결제규모(일평균),설명,research/bok-archive/04-지급결제보고서/2026-04-13_2025년도 지급결제보고서/2025년도 지급결제보고서(2026년 4월).pdf,22,번호 직결 인용 없음 또는 문장 조각·중복 배정 제외
BOK-20260413-7266b886719b-그림-9f3b1f1346b254f0,지급결제보고서 2025년도,그림,I-3,참가기관과 한국은행 간 결제규모(일평균),설명,research/bok-archive/04-지급결제보고서/2026-04-13_2025년도 지급결제보고서/2025년도 지급결제보고서(2026년 4월).pdf,22,번호 직결 인용 없음 또는 문장 조각·중복 배정 제외
BOK-20260413-7266b886719b-그림-5f3094c9890d00b4,지급결제보고서 2025년도,그림,I-4,일중당좌대출 이용규모1) 및 시간2)(일평균) 0.0 0.0,설명,research/bok-archive/04-지급결제보고서/2026-04-13_2025년도 지급결제보고서/2025년도 지급결제보고서(2026년 4월).pdf,23,번호 직결 인용 없음 또는 문장 조각·중복 배정 제외
BOK-20260413-7266b886719b-그림-691aaa52f57ca326,지급결제보고서 2025년도,그림,I-5,일중당좌대출 잔액1)(일평균),설명,research/bok-archive/04-지급결제보고서/2026-04-13_2025년도 지급결제보고서/2025년도 지급결제보고서(2026년 4월).pdf,23,번호 직결 인용 없음 또는 문장 조각·중복 배정 제외
BOK-20260413-7266b886719b-그림-6e81ff18366bf213,지급결제보고서 2025년도,그림,I-6,일중RP 잔액,설명,research/bok-archive/04-지급결제보고서/2026-04-13_2025년도 지급결제보고서/2025년도 지급결제보고서(2026년 4월).pdf,24,번호 직결 인용 없음 또는 문장 조각·중복 배정 제외
BOK-20260413-7266b886719b-그림-cee9cd8007d10ad7,지급결제보고서 2025년도,그림,I-7,한은금융망 시간대별 결제집중률,통계기법·지수; 설명,research/bok-archive/04-지급결제보고서/2026-04-13_2025년도 지급결제보고서/2025년도 지급결제보고서(2026년 4월).pdf,25,번호 직결 인용 없음 또는 문장 조각·중복 배정 제외
BOK-20260413-7266b886719b-그림-66355cc423a2b013,지급결제보고서 2025년도,그림,I-8,한은금융망 마감 연장횟수·평균 연장시간,설명,research/bok-archive/04-지급결제보고서/2026-04-13_2025년도 지급결제보고서/2025년도 지급결제보고서(2026년 4월).pdf,25,번호 직결 인용 없음 또는 문장 조각·중복 배정 제외
BOK-20260413-7266b886719b-그림-7ee5573bc579aa38,지급결제보고서 2025년도,그림,I-9,소액결제시스템 결제규모(일평균) (일반이체) 439 520 560 7.6,설명,research/bok-archive/04-지급결제보고서/2026-04-13_2025년도 지급결제보고서/2025년도 지급결제보고서(2026년 4월).pdf,26,번호 직결 인용 없음 또는 문장 조각·중복 배정 제외
BOK-20260413-7266b886719b-그림-2c162f8c92f595fa,지급결제보고서 2025년도,그림,I-10,CLS시스템 외환동시결제 비중1)2)(일평균),설명,research/bok-archive/04-지급결제보고서/2026-04-13_2025년도 지급결제보고서/2025년도 지급결제보고서(2026년 4월).pdf,28,번호 직결 인용 없음 또는 문장 조각·중복 배정 제외
BOK-20260413-7266b886719b-그림-65c7ce21dd562c1a,지급결제보고서 2025년도,그림,II-1,WGBI 편입국 중앙은행 거액결제시스템 운영,단위; 데이터 형태; 분석 목적; 통계기법·지수; 설명,research/bok-archive/04-지급결제보고서/2026-04-13_2025년도 지급결제보고서/2025년도 지급결제보고서(2026년 4월).pdf,35,제목·계열·직접 인용의 해석 근거 부족; 번호 직결 인용 없음 또는 문장 조각·중복 배정 제외
BOK-20260413-7266b886719b-그림-0a212e410cc9daed,지급결제보고서 2025년도,그림,II-2,역외 원화결제시스템 결제 구조,단위; 데이터 형태; 통계기법·지수; 설명,research/bok-archive/04-지급결제보고서/2026-04-13_2025년도 지급결제보고서/2025년도 지급결제보고서(2026년 4월).pdf,37,번호 직결 인용 없음 또는 문장 조각·중복 배정 제외
BOK-20260413-7266b886719b-그림-20eea86d6a7975a6,지급결제보고서 2025년도,그림,II-3,한은금융망 ISO 20022 도입 사업 추진 일정,단위; 설명,research/bok-archive/04-지급결제보고서/2026-04-13_2025년도 지급결제보고서/2025년도 지급결제보고서(2026년 4월).pdf,40,번호 직결 인용 없음 또는 문장 조각·중복 배정 제외
BOK-20260413-7266b886719b-그림-db77a56ba73eda12,지급결제보고서 2025년도,그림,II-4,제51차 EMEAP WGPMI 회의 서울 개최,단위; 데이터 형태; 통계기법·지수; 설명,research/bok-archive/04-지급결제보고서/2026-04-13_2025년도 지급결제보고서/2025년도 지급결제보고서(2026년 4월).pdf,41,번호 직결 인용 없음 또는 문장 조각·중복 배정 제외
BOK-20260413-7266b886719b-그림-2f711f04a42647a5,지급결제보고서 2025년도,그림,III-1,차액결제이행용 담보제공비율1),설명,research/bok-archive/04-지급결제보고서/2026-04-13_2025년도 지급결제보고서/2025년도 지급결제보고서(2026년 4월).pdf,49,번호 직결 인용 없음 또는 문장 조각·중복 배정 제외
BOK-20260413-7266b886719b-그림-cc8450cf84894e5d,지급결제보고서 2025년도,그림,III-2,국내은행의 채권보유 금액1) 및 수익성,설명,research/bok-archive/04-지급결제보고서/2026-04-13_2025년도 지급결제보고서/2025년도 지급결제보고서(2026년 4월).pdf,50,번호 직결 인용 없음 또는 문장 조각·중복 배정 제외
BOK-20260413-7266b886719b-그림-4cbbb77cdfb8f149,지급결제보고서 2025년도,그림,III-3,오픈뱅킹 이용실적,설명,research/bok-archive/04-지급결제보고서/2026-04-13_2025년도 지급결제보고서/2025년도 지급결제보고서(2026년 4월).pdf,52,번호 직결 인용 없음 또는 문장 조각·중복 배정 제외
BOK-20260413-7266b886719b-그림-7b2a0be85f742af1,지급결제보고서 2025년도,그림,III-4,모바일현금카드 서비스 이용실적,통계기법·지수; 설명,research/bok-archive/04-지급결제보고서/2026-04-13_2025년도 지급결제보고서/2025년도 지급결제보고서(2026년 4월).pdf,55,번호 직결 인용 없음 또는 문장 조각·중복 배정 제외
BOK-20260413-7266b886719b-그림-d13137f8f938142a,지급결제보고서 2025년도,그림,III-5,모바일현금카드 서비스 이용 이벤트 포스터,단위; 데이터 형태; 통계기법·지수; 설명,research/bok-archive/04-지급결제보고서/2026-04-13_2025년도 지급결제보고서/2025년도 지급결제보고서(2026년 4월).pdf,56,번호 직결 인용 없음 또는 문장 조각·중복 배정 제외
BOK-20260413-7266b886719b-그림-fd3b8fd10734585f,지급결제보고서 2025년도,그림,III-6,현 금사용선택권 보장 홍보 포스터,단위; 데이터 형태; 통계기법·지수; 설명,research/bok-archive/04-지급결제보고서/2026-04-13_2025년도 지급결제보고서/2025년도 지급결제보고서(2026년 4월).pdf,57,번호 직결 인용 없음 또는 문장 조각·중복 배정 제외
BOK-20260413-7266b886719b-그림-1a473c22766d1395,지급결제보고서 2025년도,그림,IV-1,디지털화폐 네트워크 구성도1),단위; 데이터 형태; 통계기법·지수; 설명,research/bok-archive/04-지급결제보고서/2026-04-13_2025년도 지급결제보고서/2025년도 지급결제보고서(2026년 4월).pdf,67,번호 직결 인용 없음 또는 문장 조각·중복 배정 제외
BOK-20260413-7266b886719b-그림-87447330b0d39540,지급결제보고서 2025년도,그림,IV-2,그림 IV-2. 예금 토큰 결제 처리 절차,데이터 형태; 통계기법·지수; 설명,research/bok-archive/04-지급결제보고서/2026-04-13_2025년도 지급결제보고서/2025년도 지급결제보고서(2026년 4월).pdf,69,번호 직결 인용 없음 또는 문장 조각·중복 배정 제외
BOK-20260413-7266b886719b-그림-bf9f6b553299825d,지급결제보고서 2025년도,그림,IV-3,후속 실거래 사업에서의 주요 개선 희망사항1),단위; 데이터 형태; 통계기법·지수; 설명,research/bok-archive/04-지급결제보고서/2026-04-13_2025년도 지급결제보고서/2025년도 지급결제보고서(2026년 4월).pdf,69,번호 직결 인용 없음 또는 문장 조각·중복 배정 제외
BOK-20260413-7266b886719b-그림-87ee9014e3891781,지급결제보고서 2025년도,그림,IV-4,발행 주체(은행권 중심 컨소시엄),단위; 데이터 형태; 통계기법·지수; 설명,research/bok-archive/04-지급결제보고서/2026-04-13_2025년도 지급결제보고서/2025년도 지급결제보고서(2026년 4월).pdf,73,번호 직결 인용 없음 또는 문장 조각·중복 배정 제외
BOK-20260413-7266b886719b-그림-dfa86b84273f8bdb,지급결제보고서 2025년도,그림,IV-5,관계기관 간 정책협의체 신설,단위; 데이터 형태; 통계기법·지수; 설명,research/bok-archive/04-지급결제보고서/2026-04-13_2025년도 지급결제보고서/2025년도 지급결제보고서(2026년 4월).pdf,74,번호 직결 인용 없음 또는 문장 조각·중복 배정 제외
BOK-20260413-7266b886719b-그림-25dc7111a8fceb05,지급결제보고서 2025년도,그림,IV-6,우리나라-인도네시아 QR 연계 거래구조,데이터 형태; 통계기법·지수; 설명,research/bok-archive/04-지급결제보고서/2026-04-13_2025년도 지급결제보고서/2025년도 지급결제보고서(2026년 4월).pdf,76,번호 직결 인용 없음 또는 문장 조각·중복 배정 제외
BOK-20260413-7266b886719b-그림-843f6e9bb10a6f7e,지급결제보고서 2025년도,그림,IV-7,우리나라-인도네시아 QR 연계 거래구조,단위; 데이터 형태; 통계기법·지수; 설명,research/bok-archive/04-지급결제보고서/2026-04-13_2025년도 지급결제보고서/2025년도 지급결제보고서(2026년 4월).pdf,76,번호 직결 인용 없음 또는 문장 조각·중복 배정 제외
BOK-20260413-7266b886719b-그림-db0a31ce698aba09,지급결제보고서 2025년도,그림,IV-8,현지통화 직거래(LCT) 체제1)2),데이터 형태; 통계기법·지수; 설명,research/bok-archive/04-지급결제보고서/2026-04-13_2025년도 지급결제보고서/2025년도 지급결제보고서(2026년 4월).pdf,76,번호 직결 인용 없음 또는 문장 조각·중복 배정 제외
BOK-20260413-7266b886719b-그림-acff915fb7483c10,지급결제보고서 2025년도,그림,IV-9,넥서스 송금 예시 화면,단위; 데이터 형태; 통계기법·지수; 설명,research/bok-archive/04-지급결제보고서/2026-04-13_2025년도 지급결제보고서/2025년도 지급결제보고서(2026년 4월).pdf,77,번호 직결 인용 없음 또는 문장 조각·중복 배정 제외
BOK-20260413-7266b886719b-그림-72b03188bb106431,지급결제보고서 2025년도,그림,불명,10월 11일 중 국내 스테이블코인 가격 변동,번호; 통계기법·지수; 설명,불명,불명,번호 미확인; 캡션 또는 비결과물 오탐 여부 검수; 번호 직결 인용 없음 또는 문장 조각·중복 배정 제외
BOK-20260413-7266b886719b-그림-751fb098d88ed4eb,지급결제보고서 2025년도,그림,불명,10월 11일 중 바이낸스 USDe 가격 추이,번호; 통계기법·지수; 설명,불명,불명,번호 미확인; 캡션 또는 비결과물 오탐 여부 검수; 번호 직결 인용 없음 또는 문장 조각·중복 배정 제외
BOK-20260413-7266b886719b-그림-f5394c0934f8cc43,지급결제보고서 2025년도,그림,불명,가상자산 보유금액 및 일평균 거래대금,번호; 설명,불명,불명,번호 미확인; 캡션 또는 비결과물 오탐 여부 검수; 번호 직결 인용 없음 또는 문장 조각·중복 배정 제외
BOK-20260413-7266b886719b-그림-3d2e0391eb13b611,지급결제보고서 2025년도,그림,불명,가상자산 예치금 규모,번호; 통계기법·지수; 설명,불명,불명,번호 미확인; 캡션 또는 비결과물 오탐 여부 검수; 번호 직결 인용 없음 또는 문장 조각·중복 배정 제외
BOK-20260413-7266b886719b-그림-8fd8701b23138fcb,지급결제보고서 2025년도,그림,불명,가상자산 투자자 수,번호; 통계기법·지수; 설명,불명,불명,번호 미확인; 캡션 또는 비결과물 오탐 여부 검수; 번호 직결 인용 없음 또는 문장 조각·중복 배정 제외
BOK-20260413-7266b886719b-그림-360ea5686a66878e,지급결제보고서 2025년도,그림,불명,기업 업종 및 종사자 수별 현금지출,번호; 종류; 통계기법·지수; 설명,불명,불명,번호 미확인; 캡션 또는 비결과물 오탐 여부 검수; 허용 종류로 판별 불가 또는 표 구조 미확인; 번호 직결 인용 없음 또는 문장 조각·중복 배정 제외
BOK-20260413-7266b886719b-그림-ada86af92df4559b,지급결제보고서 2025년도,그림,불명,빗썸과 업비트의 비트코인 거래상황 비교,번호; 통계기법·지수; 설명,불명,불명,번호 미확인; 캡션 또는 비결과물 오탐 여부 검수; 번호 직결 인용 없음 또는 문장 조각·중복 배정 제외
BOK-20260413-7266b886719b-그림-3f472ae5d5e7fe51,지급결제보고서 2025년도,그림,불명,순이체한도 소진율(일평균) 및 주의수준(70%) 상회 횟수 추이,번호; 설명,불명,불명,번호 미확인; 캡션 또는 비결과물 오탐 여부 검수; 번호 직결 인용 없음 또는 문장 조각·중복 배정 제외
BOK-20260413-7266b886719b-그림-73612f9066cc169d,지급결제보고서 2025년도,그림,불명,스테이블코인 보유금액 및 일평균 거래대금,번호; 설명,불명,불명,번호 미확인; 캡션 또는 비결과물 오탐 여부 검수; 번호 직결 인용 없음 또는 문장 조각·중복 배정 제외
BOK-20260413-7266b886719b-그림-b878117f3b75ad7f,지급결제보고서 2025년도,그림,불명,주요 지급결제시스템별 결제규모 추이(일평균),번호; 설명,불명,불명,번호 미확인; 캡션 또는 비결과물 오탐 여부 검수; 번호 직결 인용 없음 또는 문장 조각·중복 배정 제외
BOK-20260413-7266b886719b-그림-394bc8c3280941b9,지급결제보고서 2025년도,그림,불명,카드기반 간편지급서비스 이용 비중,번호; 설명,불명,불명,번호 미확인; 캡션 또는 비결과물 오탐 여부 검수; 번호 직결 인용 없음 또는 문장 조각·중복 배정 제외
BOK-20260413-7266b886719b-그림-4f7b101bdb4d1d73,지급결제보고서 2025년도,그림,불명,해외 직접 구매(직구) 및 판매(역직구)액 규모,번호; 통계기법·지수; 설명,불명,불명,번호 미확인; 캡션 또는 비결과물 오탐 여부 검수; 번호 직결 인용 없음 또는 문장 조각·중복 배정 제외
BOK-20260413-7266b886719b-그림-4419f77ea8f4ff66,지급결제보고서 2025년도,그림,불명,현금 없는 사회 및 현금사용선택권의 제도적 보장 필요성에 대한 의견,번호; 종류; 통계기법·지수; 설명,불명,불명,번호 미확인; 캡션 또는 비결과물 오탐 여부 검수; 허용 종류로 판별 불가 또는 표 구조 미확인; 번호 직결 인용 없음 또는 문장 조각·중복 배정 제외
BOK-20260413-7266b886719b-그림-ffec12008e9c8002,지급결제보고서 2025년도,그림,불명,현금 없는 사회의 문제점,번호; 종류; 통계기법·지수; 설명,불명,불명,번호 미확인; 캡션 또는 비결과물 오탐 여부 검수; 허용 종류로 판별 불가 또는 표 구조 미확인; 번호 직결 인용 없음 또는 문장 조각·중복 배정 제외
BOK-20260413-7266b886719b-표-fc496c078af746d6,지급결제보고서 2025년도,표,I-1,자금종류별 한은금융망 결제규모(일평균),설명,research/bok-archive/04-지급결제보고서/2026-04-13_2025년도 지급결제보고서/2025년도 지급결제보고서(2026년 4월).pdf,21,번호 직결 인용 없음 또는 문장 조각·중복 배정 제외
BOK-20260413-7266b886719b-표-64ea6739af604309,지급결제보고서 2025년도,표,I-2,한은금융망 외화거래자금 결제규모(일평균),단위; 설명,research/bok-archive/04-지급결제보고서/2026-04-13_2025년도 지급결제보고서/2025년도 지급결제보고서(2026년 4월).pdf,22,번호 직결 인용 없음 또는 문장 조각·중복 배정 제외
BOK-20260413-7266b886719b-표-8f12387012cd03f2,지급결제보고서 2025년도,표,I-3,일중 일시결제유동성 공급규모(일평균),단위; 종류; 설명,research/bok-archive/04-지급결제보고서/2026-04-13_2025년도 지급결제보고서/2025년도 지급결제보고서(2026년 4월).pdf,22,허용 종류로 판별 불가 또는 표 구조 미확인; 번호 직결 인용 없음 또는 문장 조각·중복 배정 제외
BOK-20260413-7266b886719b-표-b6184fdffa5b14be,지급결제보고서 2025년도,표,I-4,일중RP 이용규모(일평균),설명,research/bok-archive/04-지급결제보고서/2026-04-13_2025년도 지급결제보고서/2025년도 지급결제보고서(2026년 4월).pdf,24,번호 직결 인용 없음 또는 문장 조각·중복 배정 제외
BOK-20260413-7266b886719b-표-71c21cdc657bf68a,지급결제보고서 2025년도,표,I-5,일중당좌대출 최대소진율 및 대기비율 추이,종류; 설명,research/bok-archive/04-지급결제보고서/2026-04-13_2025년도 지급결제보고서/2025년도 지급결제보고서(2026년 4월).pdf,25,허용 종류로 판별 불가 또는 표 구조 미확인; 번호 직결 인용 없음 또는 문장 조각·중복 배정 제외
BOK-20260413-7266b886719b-표-fed5d07153128f4d,지급결제보고서 2025년도,표,I-6,금융공동망·어음교환시스템·지로시스템,단위; 분석 목적; 통계기법·지수; 설명,research/bok-archive/04-지급결제보고서/2026-04-13_2025년도 지급결제보고서/2025년도 지급결제보고서(2026년 4월).pdf,26,제목·계열·직접 인용의 해석 근거 부족; 번호 직결 인용 없음 또는 문장 조각·중복 배정 제외
BOK-20260413-7266b886719b-표-4ec70075bc6b5a74,지급결제보고서 2025년도,표,I-7,소액결제시스템 참가기관별 순이체한도1) 현황,단위; 종류; 설명,research/bok-archive/04-지급결제보고서/2026-04-13_2025년도 지급결제보고서/2025년도 지급결제보고서(2026년 4월).pdf,27,허용 종류로 판별 불가 또는 표 구조 미확인; 번호 직결 인용 없음 또는 문장 조각·중복 배정 제외
BOK-20260413-7266b886719b-표-54539e2ae4b117f2,지급결제보고서 2025년도,표,I-8,순이체한도 이용 현황,종류; 설명,research/bok-archive/04-지급결제보고서/2026-04-13_2025년도 지급결제보고서/2025년도 지급결제보고서(2026년 4월).pdf,27,허용 종류로 판별 불가 또는 표 구조 미확인; 번호 직결 인용 없음 또는 문장 조각·중복 배정 제외
BOK-20260413-7266b886719b-표-accfbcf2350063b3,지급결제보고서 2025년도,표,I-9,CLS시스템 결제규모1)(일평균),단위; 종류; 설명,research/bok-archive/04-지급결제보고서/2026-04-13_2025년도 지급결제보고서/2025년도 지급결제보고서(2026년 4월).pdf,28,허용 종류로 판별 불가 또는 표 구조 미확인; 번호 직결 인용 없음 또는 문장 조각·중복 배정 제외
BOK-20260413-7266b886719b-표-d34e510909086ec2,지급결제보고서 2025년도,표,I-10,증권거래자금 결제규모(일평균),단위; 설명,research/bok-archive/04-지급결제보고서/2026-04-13_2025년도 지급결제보고서/2025년도 지급결제보고서(2026년 4월).pdf,29,번호 직결 인용 없음 또는 문장 조각·중복 배정 제외
BOK-20260413-7266b886719b-표-4af9d2022c4d85fa,지급결제보고서 2025년도,표,I-11,기준시한 이후 증권결제 건수,데이터 형태; 종류; 통계기법·지수; 설명,research/bok-archive/04-지급결제보고서/2026-04-13_2025년도 지급결제보고서/2025년도 지급결제보고서(2026년 4월).pdf,29,허용 종류로 판별 불가 또는 표 구조 미확인; 번호 직결 인용 없음 또는 문장 조각·중복 배정 제외
BOK-20260413-7266b886719b-표-d45486218bb0f028,지급결제보고서 2025년도,표,I-12,장외시장 증권대금동시결제 비중1)2),종류; 설명,research/bok-archive/04-지급결제보고서/2026-04-13_2025년도 지급결제보고서/2025년도 지급결제보고서(2026년 4월).pdf,29,허용 종류로 판별 불가 또는 표 구조 미확인; 번호 직결 인용 없음 또는 문장 조각·중복 배정 제외
BOK-20260413-7266b886719b-표-56ccda553710c915,지급결제보고서 2025년도,표,II-1,한은금융망 운영시간 변경 이력,통계기법·지수; 설명,research/bok-archive/04-지급결제보고서/2026-04-13_2025년도 지급결제보고서/2025년도 지급결제보고서(2026년 4월).pdf,35,번호 직결 인용 없음 또는 문장 조각·중복 배정 제외
BOK-20260413-7266b886719b-표-a5bd02a0b8874d1d,지급결제보고서 2025년도,표,II-2,세부업무별 한은금융망 마감시각 변경,단위; 데이터 형태; 통계기법·지수; 설명,research/bok-archive/04-지급결제보고서/2026-04-13_2025년도 지급결제보고서/2025년도 지급결제보고서(2026년 4월).pdf,36,번호 직결 인용 없음 또는 문장 조각·중복 배정 제외
BOK-20260413-7266b886719b-표-70b7f17005cb8fd9,지급결제보고서 2025년도,표,II-3,역외 원화결제시스템 구축 관련 주요 일정,단위; 데이터 형태; 종류; 통계기법·지수; 설명,research/bok-archive/04-지급결제보고서/2026-04-13_2025년도 지급결제보고서/2025년도 지급결제보고서(2026년 4월).pdf,38,허용 종류로 판별 불가 또는 표 구조 미확인; 번호 직결 인용 없음 또는 문장 조각·중복 배정 제외
BOK-20260413-7266b886719b-표-0c563fead560b557,지급결제보고서 2025년도,표,III-1-2025,년 중 지급결제시스템 정기평가 내용,단위; 데이터 형태; 종류; 통계기법·지수; 설명,research/bok-archive/04-지급결제보고서/2026-04-13_2025년도 지급결제보고서/2025년도 지급결제보고서(2026년 4월).pdf,51,허용 종류로 판별 불가 또는 표 구조 미확인; 번호 직결 인용 없음 또는 문장 조각·중복 배정 제외
BOK-20260413-7266b886719b-표-f616ece0b312c588,지급결제보고서 2025년도,표,III-2-2025,년 중 지급결제 부문 공동검사 내용,단위; 데이터 형태; 통계기법·지수; 설명,research/bok-archive/04-지급결제보고서/2026-04-13_2025년도 지급결제보고서/2025년도 지급결제보고서(2026년 4월).pdf,52,번호 직결 인용 없음 또는 문장 조각·중복 배정 제외
BOK-20260413-7266b886719b-표-02f606b9c53e4d82,지급결제보고서 2025년도,표,III-3,주요국 중앙은행 및 정부의 ATM 관련 역할,단위; 데이터 형태; 종류; 통계기법·지수; 설명,research/bok-archive/04-지급결제보고서/2026-04-13_2025년도 지급결제보고서/2025년도 지급결제보고서(2026년 4월).pdf,58,허용 종류로 판별 불가 또는 표 구조 미확인; 번호 직결 인용 없음 또는 문장 조각·중복 배정 제외
BOK-20260413-7266b886719b-표-92ed677db5a74387,지급결제보고서 2025년도,표,IV-1,디지털 바우처 프로그램(1차 실거래 파일럿),단위; 통계기법·지수; 설명,research/bok-archive/04-지급결제보고서/2026-04-13_2025년도 지급결제보고서/2025년도 지급결제보고서(2026년 4월).pdf,68,번호 직결 인용 없음 또는 문장 조각·중복 배정 제외
BOK-20231214-a6a31d67f5d9-그림-36595d8f285664f1,통화신용정책보고서 2023년 12월,그림,개요 1,주요국 경제성장률,설명,불명,불명,번호 직결 인용 없음 또는 문장 조각·중복 배정 제외
BOK-20231214-a6a31d67f5d9-그림-b3f3faf043070a2b,통화신용정책보고서 2023년 12월,그림,개요 2,주요국 소비자물가 상승률,설명,research/bok-archive/01-통화신용정책보고서/2023-12-14_통화신용정책보고서(2023년 12월)/통화신용정책보고서(2023년 12월).pdf,28,번호 직결 인용 없음 또는 문장 조각·중복 배정 제외
BOK-20231214-a6a31d67f5d9-그림-6b255178f033f750,통화신용정책보고서 2023년 12월,그림,개요 3,"미국 국채 금리, 글로벌 주가지수 및 달러화 지수",설명,불명,불명,번호 직결 인용 없음 또는 문장 조각·중복 배정 제외
BOK-20231214-a6a31d67f5d9-그림-e5b9e387707d7ba6,통화신용정책보고서 2023년 12월,그림,개요 4,실질GDP 성장률,설명,불명,불명,번호 직결 인용 없음 또는 문장 조각·중복 배정 제외
BOK-20231214-a6a31d67f5d9-그림-bedf5275d9aac226,통화신용정책보고서 2023년 12월,그림,개요 5,취업자수 증감 및 명목임금 상승률,설명,불명,불명,번호 직결 인용 없음 또는 문장 조각·중복 배정 제외
BOK-20231214-a6a31d67f5d9-그림-abb176950d58e1a4,통화신용정책보고서 2023년 12월,그림,개요 6,물가상승률,설명,불명,불명,번호 직결 인용 없음 또는 문장 조각·중복 배정 제외
BOK-20231214-a6a31d67f5d9-그림-15d71b57592babae,통화신용정책보고서 2023년 12월,그림,개요 7,주택매매∙전세 가격 상승률 및 주택가격전망 CSI,설명,불명,불명,번호 직결 인용 없음 또는 문장 조각·중복 배정 제외
BOK-20231214-a6a31d67f5d9-그림-64f8c7b15fddbfcb,통화신용정책보고서 2023년 12월,그림,개요 8,국내 금리∙주가∙환율,설명,불명,불명,번호 직결 인용 없음 또는 문장 조각·중복 배정 제외
BOK-20231214-a6a31d67f5d9-그림-4ca992d635d83d0f,통화신용정책보고서 2023년 12월,그림,개요 9,예금은행 대출 증감,설명,불명,불명,번호 직결 인용 없음 또는 문장 조각·중복 배정 제외
BOK-20231214-a6a31d67f5d9-그림-dd983b67e305ab91,통화신용정책보고서 2023년 12월,그림,개요 10,한국은행 기준금리,설명,research/bok-archive/01-통화신용정책보고서/2023-12-14_통화신용정책보고서(2023년 12월)/통화신용정책보고서(2023년 12월).pdf,61,번호 직결 인용 없음 또는 문장 조각·중복 배정 제외
BOK-20231214-a6a31d67f5d9-그림-bc2b562432531568,통화신용정책보고서 2023년 12월,그림,개요 11,한국은행 금융중개지원대출의 한도 및 금리,설명,research/bok-archive/01-통화신용정책보고서/2023-12-14_통화신용정책보고서(2023년 12월)/통화신용정책보고서(2023년 12월).pdf,64,번호 직결 인용 없음 또는 문장 조각·중복 배정 제외
BOK-20231214-a6a31d67f5d9-그림-146b7acfa3ca7695,통화신용정책보고서 2023년 12월,그림,I-1,세계경제,단위; 분석 목적; 설명,research/bok-archive/01-통화신용정책보고서/2023-12-14_통화신용정책보고서(2023년 12월)/통화신용정책보고서(2023년 12월).pdf,19,제목·계열·직접 인용의 해석 근거 부족; 번호 직결 인용 없음 또는 문장 조각·중복 배정 제외
BOK-20231214-a6a31d67f5d9-그림-44c6342ff7ce7fce,통화신용정책보고서 2023년 12월,그림,참고 I-1-1,산업별 GDP 성장기여도,설명,불명,불명,번호 직결 인용 없음 또는 문장 조각·중복 배정 제외
BOK-20231214-a6a31d67f5d9-그림-b14b1672502a0ebb,통화신용정책보고서 2023년 12월,그림,참고 I-1-2,GDP-산업간 상관계수 및 산업별 변동성,단위; 설명,불명,불명,번호 직결 인용 없음 또는 문장 조각·중복 배정 제외
BOK-20231214-a6a31d67f5d9-그림-bbd7f055aa3a0921,통화신용정책보고서 2023년 12월,그림,참고 I-1-3,"제조업 생산, 출하, 재고 추이",설명,불명,불명,번호 직결 인용 없음 또는 문장 조각·중복 배정 제외
BOK-20231214-a6a31d67f5d9-그림-149e22bd1786ce80,통화신용정책보고서 2023년 12월,그림,참고 I-1-4,제조업 경기순환시계,단위; 설명,불명,불명,번호 직결 인용 없음 또는 문장 조각·중복 배정 제외
BOK-20231214-a6a31d67f5d9-그림-d58b766ad43ae013,통화신용정책보고서 2023년 12월,그림,참고 I-1-5,제조업 경기 회복기 비교,통계기법·지수; 설명,불명,불명,번호 직결 인용 없음 또는 문장 조각·중복 배정 제외
BOK-20231214-a6a31d67f5d9-그림-e7f683f07ce74d1e,통화신용정책보고서 2023년 12월,그림,참고 I-1-6,주요국 제조업 경기 회복 흐름 비교,통계기법·지수; 설명,불명,불명,번호 직결 인용 없음 또는 문장 조각·중복 배정 제외
BOK-20231214-a6a31d67f5d9-그림-d7f5786ef331bc38,통화신용정책보고서 2023년 12월,그림,참고 I-1-7,반도체 생산 및 수출금액,통계기법·지수; 설명,불명,불명,번호 직결 인용 없음 또는 문장 조각·중복 배정 제외
BOK-20231214-a6a31d67f5d9-그림-a182fa68293f3950,통화신용정책보고서 2023년 12월,그림,참고 I-1-8,글로벌 메모리 반도체 매출 전망,설명,불명,불명,번호 직결 인용 없음 또는 문장 조각·중복 배정 제외
BOK-20231214-a6a31d67f5d9-그림-08e637cab82b8d0b,통화신용정책보고서 2023년 12월,그림,참고 I-1-9,제조업 업종별 생산 기여도,설명,불명,불명,번호 직결 인용 없음 또는 문장 조각·중복 배정 제외
BOK-20231214-a6a31d67f5d9-그림-cd4d61a4edd0c699,통화신용정책보고서 2023년 12월,그림,참고 I-1-10,글로벌 테크 사이클 지표,설명,불명,불명,번호 직결 인용 없음 또는 문장 조각·중복 배정 제외
BOK-20231214-a6a31d67f5d9-그림-15ccd6121e043e0b,통화신용정책보고서 2023년 12월,그림,참고 I-1-11,글로벌 교역 성장률과 IT 및 비IT 생산 증가율,설명,불명,불명,번호 직결 인용 없음 또는 문장 조각·중복 배정 제외
BOK-20231214-a6a31d67f5d9-그림-61e6c98bdcd61608,통화신용정책보고서 2023년 12월,그림,I-2,세계경제,분석 목적; 통계기법·지수; 설명,research/bok-archive/01-통화신용정책보고서/2023-12-14_통화신용정책보고서(2023년 12월)/통화신용정책보고서(2023년 12월).pdf,20,제목·계열·직접 인용의 해석 근거 부족; 번호 직결 인용 없음 또는 문장 조각·중복 배정 제외
BOK-20231214-a6a31d67f5d9-그림-5864d13f58aa6a3c,통화신용정책보고서 2023년 12월,그림,참고 I-2-1,금년 9월이후 주요국 수익률곡선 변동,설명,불명,불명,번호 직결 인용 없음 또는 문장 조각·중복 배정 제외
BOK-20231214-a6a31d67f5d9-그림-d7895b5e56e3efe0,통화신용정책보고서 2023년 12월,그림,참고 I-2-2,9월 이후 주요국 장단기 금리차 추이,설명,불명,불명,번호 직결 인용 없음 또는 문장 조각·중복 배정 제외
BOK-20231214-a6a31d67f5d9-그림-d83c682ee6e655e0,통화신용정책보고서 2023년 12월,그림,참고 I-2-3,미 국채금리의 국가별 국체금리에 미치는 영향력,통계기법·지수; 설명,불명,불명,번호 직결 인용 없음 또는 문장 조각·중복 배정 제외
BOK-20231214-a6a31d67f5d9-그림-ff64d9896586ccc0,통화신용정책보고서 2023년 12월,그림,참고 I-2-4,국가별 미 국채금리의 영향력 및 국채금리(10년) 변동폭,설명,불명,불명,번호 직결 인용 없음 또는 문장 조각·중복 배정 제외
BOK-20231214-a6a31d67f5d9-그림-5a9689670cf7ef4f,통화신용정책보고서 2023년 12월,그림,참고 I-2-5,주요국 국채금리 변동요인 분해,설명,불명,불명,번호 직결 인용 없음 또는 문장 조각·중복 배정 제외
BOK-20231214-a6a31d67f5d9-그림-6d56bf3a63e8d4b5,통화신용정책보고서 2023년 12월,그림,참고 I-2-6,주요국의 만기물별 기대단기금리와 정책금리 간 격차,설명,불명,불명,번호 직결 인용 없음 또는 문장 조각·중복 배정 제외
BOK-20231214-a6a31d67f5d9-그림-a95b918371a2b85e,통화신용정책보고서 2023년 12월,그림,참고 I-2-7,주요국 국채(10년) 기간프리미엄 수준 및 장단기 금리차,설명,불명,불명,번호 직결 인용 없음 또는 문장 조각·중복 배정 제외
BOK-20231214-a6a31d67f5d9-그림-8e314e446e5c1d9c,통화신용정책보고서 2023년 12월,그림,I-3,세계경제,분석 목적; 통계기법·지수; 설명,research/bok-archive/01-통화신용정책보고서/2023-12-14_통화신용정책보고서(2023년 12월)/통화신용정책보고서(2023년 12월).pdf,21,제목·계열·직접 인용의 해석 근거 부족; 번호 직결 인용 없음 또는 문장 조각·중복 배정 제외
BOK-20231214-a6a31d67f5d9-그림-8cad3b6ba631cee8,통화신용정책보고서 2023년 12월,그림,참고 I-3-1,은행 가계대출금리,설명,불명,불명,번호 직결 인용 없음 또는 문장 조각·중복 배정 제외
BOK-20231214-a6a31d67f5d9-그림-c70f9c864f1716c9,통화신용정책보고서 2023년 12월,그림,참고 I-3-2,주요 지표금리 변동폭,설명,불명,불명,번호 직결 인용 없음 또는 문장 조각·중복 배정 제외
BOK-20231214-a6a31d67f5d9-그림-63b18b2f8d6f1cb6,통화신용정책보고서 2023년 12월,그림,참고 I-3-3,대출종류별 지표금리 변동폭,설명,불명,불명,번호 직결 인용 없음 또는 문장 조각·중복 배정 제외
BOK-20231214-a6a31d67f5d9-그림-d5fe6a707fdabada,통화신용정책보고서 2023년 12월,그림,참고 I-3-4,가계대출금리 변동폭,설명,불명,불명,번호 직결 인용 없음 또는 문장 조각·중복 배정 제외
BOK-20231214-a6a31d67f5d9-그림-8208832d89dffea8,통화신용정책보고서 2023년 12월,그림,참고 I-3-5,가계대출금리 변동요인 분해,설명,불명,불명,번호 직결 인용 없음 또는 문장 조각·중복 배정 제외
BOK-20231214-a6a31d67f5d9-그림-31c183fbac5b7583,통화신용정책보고서 2023년 12월,그림,I-4,세계경제,분석 목적; 설명,research/bok-archive/01-통화신용정책보고서/2023-12-14_통화신용정책보고서(2023년 12월)/통화신용정책보고서(2023년 12월).pdf,21,제목·계열·직접 인용의 해석 근거 부족; 번호 직결 인용 없음 또는 문장 조각·중복 배정 제외
BOK-20231214-a6a31d67f5d9-그림-38659210d1f0b33f,통화신용정책보고서 2023년 12월,그림,참고 I-4-1,민간부문 해외증권투자,설명,불명,불명,번호 직결 인용 없음 또는 문장 조각·중복 배정 제외
BOK-20231214-a6a31d67f5d9-그림-5f87b6e0a02e962a,통화신용정책보고서 2023년 12월,그림,참고 I-4-2,보험사 및 은행의 해외증권투자,설명,불명,불명,번호 직결 인용 없음 또는 문장 조각·중복 배정 제외
BOK-20231214-a6a31d67f5d9-그림-e4bdef4de4dda1e9,통화신용정책보고서 2023년 12월,그림,참고 I-4-3,개인 및 자산운용사의 해외증권투자,설명,불명,불명,번호 직결 인용 없음 또는 문장 조각·중복 배정 제외
BOK-20231214-a6a31d67f5d9-그림-aa8f602c9b50051b,통화신용정책보고서 2023년 12월,그림,참고 I-4-4,개인 보유 해외채권,통계기법·지수; 설명,불명,불명,번호 직결 인용 없음 또는 문장 조각·중복 배정 제외
BOK-20231214-a6a31d67f5d9-그림-e44c8e094210d9ed,통화신용정책보고서 2023년 12월,그림,참고 I-4-5,자산운용사의 해외펀드 설정원본 증감,설명,불명,불명,번호 직결 인용 없음 또는 문장 조각·중복 배정 제외
BOK-20231214-a6a31d67f5d9-그림-0e9fe8d0eeadd35b,통화신용정책보고서 2023년 12월,그림,참고 I-4-6,주체별 해외채권투자 비중,설명,불명,불명,번호 직결 인용 없음 또는 문장 조각·중복 배정 제외
BOK-20231214-a6a31d67f5d9-그림-35995021fccd2fff,통화신용정책보고서 2023년 12월,그림,참고 I-4-7,환율 및 민간부문 해외주식투자,설명,불명,불명,번호 직결 인용 없음 또는 문장 조각·중복 배정 제외
BOK-20231214-a6a31d67f5d9-그림-63400ac107559926,통화신용정책보고서 2023년 12월,그림,I-5,세계경제,분석 목적; 설명,research/bok-archive/01-통화신용정책보고서/2023-12-14_통화신용정책보고서(2023년 12월)/통화신용정책보고서(2023년 12월).pdf,21,제목·계열·직접 인용의 해석 근거 부족; 번호 직결 인용 없음 또는 문장 조각·중복 배정 제외
BOK-20231214-a6a31d67f5d9-그림-67c47b0e19cd9453,통화신용정책보고서 2023년 12월,그림,I-6,실물경제,분석 목적; 통계기법·지수; 설명,research/bok-archive/01-통화신용정책보고서/2023-12-14_통화신용정책보고서(2023년 12월)/통화신용정책보고서(2023년 12월).pdf,22,제목·계열·직접 인용의 해석 근거 부족; 번호 직결 인용 없음 또는 문장 조각·중복 배정 제외
BOK-20231214-a6a31d67f5d9-그림-3e084c1fca2c5c78,통화신용정책보고서 2023년 12월,그림,I-7,실물경제,분석 목적; 통계기법·지수; 설명,research/bok-archive/01-통화신용정책보고서/2023-12-14_통화신용정책보고서(2023년 12월)/통화신용정책보고서(2023년 12월).pdf,23,제목·계열·직접 인용의 해석 근거 부족; 번호 직결 인용 없음 또는 문장 조각·중복 배정 제외
BOK-20231214-a6a31d67f5d9-그림-17d3cb96c04ad1c5,통화신용정책보고서 2023년 12월,그림,I-8,실물경제,분석 목적; 통계기법·지수; 설명,research/bok-archive/01-통화신용정책보고서/2023-12-14_통화신용정책보고서(2023년 12월)/통화신용정책보고서(2023년 12월).pdf,23,제목·계열·직접 인용의 해석 근거 부족; 번호 직결 인용 없음 또는 문장 조각·중복 배정 제외
BOK-20231214-a6a31d67f5d9-그림-1354450987086825,통화신용정책보고서 2023년 12월,그림,I-9,실물경제,분석 목적; 설명,research/bok-archive/01-통화신용정책보고서/2023-12-14_통화신용정책보고서(2023년 12월)/통화신용정책보고서(2023년 12월).pdf,24,제목·계열·직접 인용의 해석 근거 부족; 번호 직결 인용 없음 또는 문장 조각·중복 배정 제외
BOK-20231214-a6a31d67f5d9-그림-0704f298f2b9a22f,통화신용정책보고서 2023년 12월,그림,I-10,실물경제,분석 목적; 통계기법·지수; 설명,research/bok-archive/01-통화신용정책보고서/2023-12-14_통화신용정책보고서(2023년 12월)/통화신용정책보고서(2023년 12월).pdf,25,제목·계열·직접 인용의 해석 근거 부족; 번호 직결 인용 없음 또는 문장 조각·중복 배정 제외
BOK-20231214-a6a31d67f5d9-그림-8d59b88a2baa2f8f,통화신용정책보고서 2023년 12월,그림,I-11,실물경제,분석 목적; 설명,research/bok-archive/01-통화신용정책보고서/2023-12-14_통화신용정책보고서(2023년 12월)/통화신용정책보고서(2023년 12월).pdf,26,제목·계열·직접 인용의 해석 근거 부족; 번호 직결 인용 없음 또는 문장 조각·중복 배정 제외
BOK-20231214-a6a31d67f5d9-그림-db6fbaeec11860d3,통화신용정책보고서 2023년 12월,그림,I-12,실물경제,분석 목적; 설명,research/bok-archive/01-통화신용정책보고서/2023-12-14_통화신용정책보고서(2023년 12월)/통화신용정책보고서(2023년 12월).pdf,27,제목·계열·직접 인용의 해석 근거 부족; 번호 직결 인용 없음 또는 문장 조각·중복 배정 제외
BOK-20231214-a6a31d67f5d9-그림-d2604810a588d28e,통화신용정책보고서 2023년 12월,그림,I-13,물가,설명,research/bok-archive/01-통화신용정책보고서/2023-12-14_통화신용정책보고서(2023년 12월)/통화신용정책보고서(2023년 12월).pdf,28,번호 직결 인용 없음 또는 문장 조각·중복 배정 제외
BOK-20231214-a6a31d67f5d9-그림-53e366e52bc396b0,통화신용정책보고서 2023년 12월,그림,I-14,물가,설명,research/bok-archive/01-통화신용정책보고서/2023-12-14_통화신용정책보고서(2023년 12월)/통화신용정책보고서(2023년 12월).pdf,28,번호 직결 인용 없음 또는 문장 조각·중복 배정 제외
BOK-20231214-a6a31d67f5d9-그림-a160a4a2f46efbe8,통화신용정책보고서 2023년 12월,그림,I-15,물가,설명,research/bok-archive/01-통화신용정책보고서/2023-12-14_통화신용정책보고서(2023년 12월)/통화신용정책보고서(2023년 12월).pdf,29,번호 직결 인용 없음 또는 문장 조각·중복 배정 제외
BOK-20231214-a6a31d67f5d9-그림-d729ba9c7f157258,통화신용정책보고서 2023년 12월,그림,I-16,물가,설명,research/bok-archive/01-통화신용정책보고서/2023-12-14_통화신용정책보고서(2023년 12월)/통화신용정책보고서(2023년 12월).pdf,30,번호 직결 인용 없음 또는 문장 조각·중복 배정 제외
BOK-20231214-a6a31d67f5d9-그림-1639d29a5a518f94,통화신용정책보고서 2023년 12월,그림,I-17,물가,설명,research/bok-archive/01-통화신용정책보고서/2023-12-14_통화신용정책보고서(2023년 12월)/통화신용정책보고서(2023년 12월).pdf,30,번호 직결 인용 없음 또는 문장 조각·중복 배정 제외
BOK-20231214-a6a31d67f5d9-그림-81e51455aa871953,통화신용정책보고서 2023년 12월,그림,I-18,물가,설명,research/bok-archive/01-통화신용정책보고서/2023-12-14_통화신용정책보고서(2023년 12월)/통화신용정책보고서(2023년 12월).pdf,30,번호 직결 인용 없음 또는 문장 조각·중복 배정 제외
BOK-20231214-a6a31d67f5d9-그림-4dc662a685bc3d09,통화신용정책보고서 2023년 12월,그림,I-19,물가,설명,research/bok-archive/01-통화신용정책보고서/2023-12-14_통화신용정책보고서(2023년 12월)/통화신용정책보고서(2023년 12월).pdf,31,번호 직결 인용 없음 또는 문장 조각·중복 배정 제외
BOK-20231214-a6a31d67f5d9-그림-acff981623d6334e,통화신용정책보고서 2023년 12월,그림,I-20,금융·외환시장,분석 목적; 설명,research/bok-archive/01-통화신용정책보고서/2023-12-14_통화신용정책보고서(2023년 12월)/통화신용정책보고서(2023년 12월).pdf,32,제목·계열·직접 인용의 해석 근거 부족; 번호 직결 인용 없음 또는 문장 조각·중복 배정 제외
BOK-20231214-a6a31d67f5d9-그림-312466c1ec80741a,통화신용정책보고서 2023년 12월,그림,I-21,금융·외환시장,분석 목적; 통계기법·지수; 설명,research/bok-archive/01-통화신용정책보고서/2023-12-14_통화신용정책보고서(2023년 12월)/통화신용정책보고서(2023년 12월).pdf,33,제목·계열·직접 인용의 해석 근거 부족; 번호 직결 인용 없음 또는 문장 조각·중복 배정 제외
BOK-20231214-a6a31d67f5d9-그림-414c44dcbb96ac60,통화신용정책보고서 2023년 12월,그림,I-22,금융·외환시장,분석 목적; 설명,research/bok-archive/01-통화신용정책보고서/2023-12-14_통화신용정책보고서(2023년 12월)/통화신용정책보고서(2023년 12월).pdf,33,제목·계열·직접 인용의 해석 근거 부족; 번호 직결 인용 없음 또는 문장 조각·중복 배정 제외
BOK-20231214-a6a31d67f5d9-그림-321cf56990fa9c4d,통화신용정책보고서 2023년 12월,그림,I-23,금융·외환시장,분석 목적; 통계기법·지수; 설명,research/bok-archive/01-통화신용정책보고서/2023-12-14_통화신용정책보고서(2023년 12월)/통화신용정책보고서(2023년 12월).pdf,34,제목·계열·직접 인용의 해석 근거 부족; 번호 직결 인용 없음 또는 문장 조각·중복 배정 제외
BOK-20231214-a6a31d67f5d9-그림-0d97d501f9869740,통화신용정책보고서 2023년 12월,그림,I-24,금융·외환시장,분석 목적; 설명,research/bok-archive/01-통화신용정책보고서/2023-12-14_통화신용정책보고서(2023년 12월)/통화신용정책보고서(2023년 12월).pdf,34,제목·계열·직접 인용의 해석 근거 부족; 번호 직결 인용 없음 또는 문장 조각·중복 배정 제외
BOK-20231214-a6a31d67f5d9-그림-0ef7e9e5d8833f1a,통화신용정책보고서 2023년 12월,그림,I-25,금융·외환시장,분석 목적; 설명,research/bok-archive/01-통화신용정책보고서/2023-12-14_통화신용정책보고서(2023년 12월)/통화신용정책보고서(2023년 12월).pdf,35,제목·계열·직접 인용의 해석 근거 부족; 번호 직결 인용 없음 또는 문장 조각·중복 배정 제외
BOK-20231214-a6a31d67f5d9-그림-68c770bdb84a1491,통화신용정책보고서 2023년 12월,그림,I-26,금융·외환시장,분석 목적; 설명,research/bok-archive/01-통화신용정책보고서/2023-12-14_통화신용정책보고서(2023년 12월)/통화신용정책보고서(2023년 12월).pdf,35,제목·계열·직접 인용의 해석 근거 부족; 번호 직결 인용 없음 또는 문장 조각·중복 배정 제외
BOK-20231214-a6a31d67f5d9-그림-7e908b38e55d086c,통화신용정책보고서 2023년 12월,그림,I-27,금융·외환시장,분석 목적; 설명,research/bok-archive/01-통화신용정책보고서/2023-12-14_통화신용정책보고서(2023년 12월)/통화신용정책보고서(2023년 12월).pdf,37,제목·계열·직접 인용의 해석 근거 부족; 번호 직결 인용 없음 또는 문장 조각·중복 배정 제외
BOK-20231214-a6a31d67f5d9-그림-48e8f26c40836514,통화신용정책보고서 2023년 12월,그림,I-28,금융·외환시장,분석 목적; 설명,research/bok-archive/01-통화신용정책보고서/2023-12-14_통화신용정책보고서(2023년 12월)/통화신용정책보고서(2023년 12월).pdf,37,제목·계열·직접 인용의 해석 근거 부족; 번호 직결 인용 없음 또는 문장 조각·중복 배정 제외
BOK-20231214-a6a31d67f5d9-그림-0e2df6f1678c58c1,통화신용정책보고서 2023년 12월,그림,I-29,금융·외환시장,분석 목적; 설명,research/bok-archive/01-통화신용정책보고서/2023-12-14_통화신용정책보고서(2023년 12월)/통화신용정책보고서(2023년 12월).pdf,38,제목·계열·직접 인용의 해석 근거 부족; 번호 직결 인용 없음 또는 문장 조각·중복 배정 제외
BOK-20231214-a6a31d67f5d9-그림-a996f3f9b2c10e1d,통화신용정책보고서 2023년 12월,그림,I-30,금융·외환시장,분석 목적; 설명,research/bok-archive/01-통화신용정책보고서/2023-12-14_통화신용정책보고서(2023년 12월)/통화신용정책보고서(2023년 12월).pdf,39,제목·계열·직접 인용의 해석 근거 부족; 번호 직결 인용 없음 또는 문장 조각·중복 배정 제외
BOK-20231214-a6a31d67f5d9-그림-b48bd88e239dd587,통화신용정책보고서 2023년 12월,그림,I-31,금융상황지수 및 구성요소별 기여도,단위; 데이터 형태; 설명,research/bok-archive/01-통화신용정책보고서/2023-12-14_통화신용정책보고서(2023년 12월)/통화신용정책보고서(2023년 12월).pdf,39,번호 직결 인용 없음 또는 문장 조각·중복 배정 제외
BOK-20231214-a6a31d67f5d9-그림-1b97a52e2962b549,통화신용정책보고서 2023년 12월,그림,II-1,기준금리,분석 목적; 통계기법·지수; 설명,research/bok-archive/01-통화신용정책보고서/2023-12-14_통화신용정책보고서(2023년 12월)/통화신용정책보고서(2023년 12월).pdf,61,제목·계열·직접 인용의 해석 근거 부족; 번호 직결 인용 없음 또는 문장 조각·중복 배정 제외
BOK-20231214-a6a31d67f5d9-그림-028821e017f80890,통화신용정책보고서 2023년 12월,그림,II-2,기준금리,분석 목적; 통계기법·지수; 설명,research/bok-archive/01-통화신용정책보고서/2023-12-14_통화신용정책보고서(2023년 12월)/통화신용정책보고서(2023년 12월).pdf,63,제목·계열·직접 인용의 해석 근거 부족; 번호 직결 인용 없음 또는 문장 조각·중복 배정 제외
BOK-20231214-a6a31d67f5d9-그림-22c2e489eb97062c,통화신용정책보고서 2023년 12월,그림,II-3,기준금리,분석 목적; 통계기법·지수; 설명,research/bok-archive/01-통화신용정책보고서/2023-12-14_통화신용정책보고서(2023년 12월)/통화신용정책보고서(2023년 12월).pdf,63,제목·계열·직접 인용의 해석 근거 부족; 번호 직결 인용 없음 또는 문장 조각·중복 배정 제외
BOK-20231214-a6a31d67f5d9-그림-e20e099a176ca15b,통화신용정책보고서 2023년 12월,그림,II-4,금융중개지원대출,통계기법·지수; 설명,research/bok-archive/01-통화신용정책보고서/2023-12-14_통화신용정책보고서(2023년 12월)/통화신용정책보고서(2023년 12월).pdf,64,번호 직결 인용 없음 또는 문장 조각·중복 배정 제외
BOK-20231214-a6a31d67f5d9-그림-998099c18764ad1b,통화신용정책보고서 2023년 12월,그림,III-1,주요 고려사항,분석 목적; 설명,research/bok-archive/01-통화신용정책보고서/2023-12-14_통화신용정책보고서(2023년 12월)/통화신용정책보고서(2023년 12월).pdf,75,제목·계열·직접 인용의 해석 근거 부족; 번호 직결 인용 없음 또는 문장 조각·중복 배정 제외
BOK-20231214-a6a31d67f5d9-그림-c694a0abf71f66ed,통화신용정책보고서 2023년 12월,그림,참고 III-1-1,주요국 정책금리,설명,불명,불명,번호 직결 인용 없음 또는 문장 조각·중복 배정 제외
BOK-20231214-a6a31d67f5d9-그림-1dc51dd8110dbfe0,통화신용정책보고서 2023년 12월,그림,참고 III-1-2,금융시장의 미 연준 정책금리 기대 변화,설명,불명,불명,번호 직결 인용 없음 또는 문장 조각·중복 배정 제외
BOK-20231214-a6a31d67f5d9-그림-841a632244552275,통화신용정책보고서 2023년 12월,그림,III-2,주요 고려사항,분석 목적; 통계기법·지수; 설명,research/bok-archive/01-통화신용정책보고서/2023-12-14_통화신용정책보고서(2023년 12월)/통화신용정책보고서(2023년 12월).pdf,76,제목·계열·직접 인용의 해석 근거 부족; 번호 직결 인용 없음 또는 문장 조각·중복 배정 제외
BOK-20231214-a6a31d67f5d9-그림-6067ae8369947fa3,통화신용정책보고서 2023년 12월,그림,III-3,주요 고려사항,분석 목적; 설명,research/bok-archive/01-통화신용정책보고서/2023-12-14_통화신용정책보고서(2023년 12월)/통화신용정책보고서(2023년 12월).pdf,77,제목·계열·직접 인용의 해석 근거 부족; 번호 직결 인용 없음 또는 문장 조각·중복 배정 제외
BOK-20231214-a6a31d67f5d9-그림-50d7fb181e68b115,통화신용정책보고서 2023년 12월,그림,III-4,주요 고려사항,분석 목적; 설명,research/bok-archive/01-통화신용정책보고서/2023-12-14_통화신용정책보고서(2023년 12월)/통화신용정책보고서(2023년 12월).pdf,77,제목·계열·직접 인용의 해석 근거 부족; 번호 직결 인용 없음 또는 문장 조각·중복 배정 제외
BOK-20231214-a6a31d67f5d9-그림-6598d84ca1cc108c,통화신용정책보고서 2023년 12월,그림,III-5,주요 고려사항,분석 목적; 설명,research/bok-archive/01-통화신용정책보고서/2023-12-14_통화신용정책보고서(2023년 12월)/통화신용정책보고서(2023년 12월).pdf,78,제목·계열·직접 인용의 해석 근거 부족; 번호 직결 인용 없음 또는 문장 조각·중복 배정 제외
BOK-20231214-a6a31d67f5d9-그림-ab9aebecfa602daf,통화신용정책보고서 2023년 12월,그림,III-6,주요 고려사항,분석 목적; 설명,research/bok-archive/01-통화신용정책보고서/2023-12-14_통화신용정책보고서(2023년 12월)/통화신용정책보고서(2023년 12월).pdf,79,제목·계열·직접 인용의 해석 근거 부족; 번호 직결 인용 없음 또는 문장 조각·중복 배정 제외
BOK-20231214-a6a31d67f5d9-그림-9f5ebba4eeb7d86e,통화신용정책보고서 2023년 12월,그림,III-7,주요 고려사항,분석 목적; 통계기법·지수; 설명,research/bok-archive/01-통화신용정책보고서/2023-12-14_통화신용정책보고서(2023년 12월)/통화신용정책보고서(2023년 12월).pdf,80,제목·계열·직접 인용의 해석 근거 부족; 번호 직결 인용 없음 또는 문장 조각·중복 배정 제외
BOK-20231214-a6a31d67f5d9-그림-1dce33c1199ff10d,통화신용정책보고서 2023년 12월,그림,III-8,주요 고려사항,분석 목적; 설명,research/bok-archive/01-통화신용정책보고서/2023-12-14_통화신용정책보고서(2023년 12월)/통화신용정책보고서(2023년 12월).pdf,81,제목·계열·직접 인용의 해석 근거 부족; 번호 직결 인용 없음 또는 문장 조각·중복 배정 제외
BOK-20231214-a6a31d67f5d9-그림-6b409b5e57b209b9,통화신용정책보고서 2023년 12월,그림,III-9,주요 고려사항,분석 목적; 설명,research/bok-archive/01-통화신용정책보고서/2023-12-14_통화신용정책보고서(2023년 12월)/통화신용정책보고서(2023년 12월).pdf,82,제목·계열·직접 인용의 해석 근거 부족; 번호 직결 인용 없음 또는 문장 조각·중복 배정 제외
BOK-20231214-a6a31d67f5d9-그림-24599916bff928f8,통화신용정책보고서 2023년 12월,그림,III-10,주요 고려사항,분석 목적; 통계기법·지수; 설명,research/bok-archive/01-통화신용정책보고서/2023-12-14_통화신용정책보고서(2023년 12월)/통화신용정책보고서(2023년 12월).pdf,82,제목·계열·직접 인용의 해석 근거 부족; 번호 직결 인용 없음 또는 문장 조각·중복 배정 제외
BOK-20231214-a6a31d67f5d9-그림-0f748636df0baef3,통화신용정책보고서 2023년 12월,그림,III-11,주요 고려사항,단위; 분석 목적; 설명,research/bok-archive/01-통화신용정책보고서/2023-12-14_통화신용정책보고서(2023년 12월)/통화신용정책보고서(2023년 12월).pdf,83,제목·계열·직접 인용의 해석 근거 부족; 번호 직결 인용 없음 또는 문장 조각·중복 배정 제외
BOK-20231214-a6a31d67f5d9-표-567209bdf858bfa5,통화신용정책보고서 2023년 12월,표,I-1,주요국 경제성장률,설명,research/bok-archive/01-통화신용정책보고서/2023-12-14_통화신용정책보고서(2023년 12월)/통화신용정책보고서(2023년 12월).pdf,19,번호 직결 인용 없음 또는 문장 조각·중복 배정 제외
BOK-20231214-a6a31d67f5d9-표-3cb19bdceaadfaad,통화신용정책보고서 2023년 12월,표,I-2,주요 경제성장지표,설명,research/bok-archive/01-통화신용정책보고서/2023-12-14_통화신용정책보고서(2023년 12월)/통화신용정책보고서(2023년 12월).pdf,22,번호 직결 인용 없음 또는 문장 조각·중복 배정 제외
BOK-20231214-a6a31d67f5d9-표-adbe79897a559c70,통화신용정책보고서 2023년 12월,표,I-3,경상수지,종류; 설명,research/bok-archive/01-통화신용정책보고서/2023-12-14_통화신용정책보고서(2023년 12월)/통화신용정책보고서(2023년 12월).pdf,24,허용 종류로 판별 불가 또는 표 구조 미확인; 번호 직결 인용 없음 또는 문장 조각·중복 배정 제외
BOK-20231214-a6a31d67f5d9-표-de47c7d4c0b108e1,통화신용정책보고서 2023년 12월,표,I-4,산업별 취업자수 증감,종류; 통계기법·지수; 설명,research/bok-archive/01-통화신용정책보고서/2023-12-14_통화신용정책보고서(2023년 12월)/통화신용정책보고서(2023년 12월).pdf,25,허용 종류로 판별 불가 또는 표 구조 미확인; 번호 직결 인용 없음 또는 문장 조각·중복 배정 제외
BOK-20231214-a6a31d67f5d9-표-ef5385d099e5c510,통화신용정책보고서 2023년 12월,표,I-5,종사상지위별·연령별·성별 취업자수 증감,통계기법·지수; 설명,research/bok-archive/01-통화신용정책보고서/2023-12-14_통화신용정책보고서(2023년 12월)/통화신용정책보고서(2023년 12월).pdf,26,번호 직결 인용 없음 또는 문장 조각·중복 배정 제외
BOK-20231214-a6a31d67f5d9-표-037a07a266de48f6,통화신용정책보고서 2023년 12월,표,I-6,고용 보조 지표,종류; 통계기법·지수; 설명,research/bok-archive/01-통화신용정책보고서/2023-12-14_통화신용정책보고서(2023년 12월)/통화신용정책보고서(2023년 12월).pdf,27,허용 종류로 판별 불가 또는 표 구조 미확인; 번호 직결 인용 없음 또는 문장 조각·중복 배정 제외
BOK-20231214-a6a31d67f5d9-표-6cc69ed3d4adfc3f,통화신용정책보고서 2023년 12월,표,I-7,항목별 명목임금 상승률,종류; 설명,research/bok-archive/01-통화신용정책보고서/2023-12-14_통화신용정책보고서(2023년 12월)/통화신용정책보고서(2023년 12월).pdf,27,허용 종류로 판별 불가 또는 표 구조 미확인; 번호 직결 인용 없음 또는 문장 조각·중복 배정 제외
BOK-20231214-a6a31d67f5d9-표-e5a137471dd770a3,통화신용정책보고서 2023년 12월,표,I-8,소비자물가 상승률,종류; 설명,research/bok-archive/01-통화신용정책보고서/2023-12-14_통화신용정책보고서(2023년 12월)/통화신용정책보고서(2023년 12월).pdf,29,허용 종류로 판별 불가 또는 표 구조 미확인; 번호 직결 인용 없음 또는 문장 조각·중복 배정 제외
BOK-20231214-a6a31d67f5d9-표-75f1e01be77c2bc7,통화신용정책보고서 2023년 12월,표,I-9,주택 매매·전세 가격 상승률,종류; 설명,research/bok-archive/01-통화신용정책보고서/2023-12-14_통화신용정책보고서(2023년 12월)/통화신용정책보고서(2023년 12월).pdf,31,허용 종류로 판별 불가 또는 표 구조 미확인; 번호 직결 인용 없음 또는 문장 조각·중복 배정 제외
BOK-20231214-a6a31d67f5d9-표-83fa63e103c203fa,통화신용정책보고서 2023년 12월,표,I-10,예금취급기관의 가계대출,단위; 설명,research/bok-archive/01-통화신용정책보고서/2023-12-14_통화신용정책보고서(2023년 12월)/통화신용정책보고서(2023년 12월).pdf,36,번호 직결 인용 없음 또는 문장 조각·중복 배정 제외
BOK-20231214-a6a31d67f5d9-표-f8e7e57fac9f09dc,통화신용정책보고서 2023년 12월,표,I-11,기업의 자금조달,단위; 통계기법·지수; 설명,research/bok-archive/01-통화신용정책보고서/2023-12-14_통화신용정책보고서(2023년 12월)/통화신용정책보고서(2023년 12월).pdf,36,번호 직결 인용 없음 또는 문장 조각·중복 배정 제외
BOK-20231214-a6a31d67f5d9-표-05eec76a4b00b548,통화신용정책보고서 2023년 12월,표,II-1,금융중개지원대출의 프로그램별 한도 및 금리,종류; 설명,research/bok-archive/01-통화신용정책보고서/2023-12-14_통화신용정책보고서(2023년 12월)/통화신용정책보고서(2023년 12월).pdf,64,허용 종류로 판별 불가 또는 표 구조 미확인; 번호 직결 인용 없음 또는 문장 조각·중복 배정 제외
BOK-20231214-a6a31d67f5d9-표-c86e1af418774f2b,통화신용정책보고서 2023년 12월,표,II-2,공동검사 실시 횟수,단위; 종류; 통계기법·지수; 설명,research/bok-archive/01-통화신용정책보고서/2023-12-14_통화신용정책보고서(2023년 12월)/통화신용정책보고서(2023년 12월).pdf,67,허용 종류로 판별 불가 또는 표 구조 미확인; 번호 직결 인용 없음 또는 문장 조각·중복 배정 제외
BOK-20231214-a6a31d67f5d9-표-02f4b19636260de5,통화신용정책보고서 2023년 12월,표,III-1,경제성장률 전망,데이터 형태; 설명,research/bok-archive/01-통화신용정책보고서/2023-12-14_통화신용정책보고서(2023년 12월)/통화신용정책보고서(2023년 12월).pdf,73,번호 직결 인용 없음 또는 문장 조각·중복 배정 제외
BOK-20231214-a6a31d67f5d9-표-a3a5185edd530f06,통화신용정책보고서 2023년 12월,표,III-2,성장의 상‧하방 요인,데이터 형태; 종류; 설명,research/bok-archive/01-통화신용정책보고서/2023-12-14_통화신용정책보고서(2023년 12월)/통화신용정책보고서(2023년 12월).pdf,74,허용 종류로 판별 불가 또는 표 구조 미확인; 번호 직결 인용 없음 또는 문장 조각·중복 배정 제외
BOK-20231214-a6a31d67f5d9-표-52df19186bab230d,통화신용정책보고서 2023년 12월,표,III-3,물가상승률 전망,데이터 형태; 종류; 설명,research/bok-archive/01-통화신용정책보고서/2023-12-14_통화신용정책보고서(2023년 12월)/통화신용정책보고서(2023년 12월).pdf,74,허용 종류로 판별 불가 또는 표 구조 미확인; 번호 직결 인용 없음 또는 문장 조각·중복 배정 제외
BOK-20231214-a6a31d67f5d9-표-44283bfa2b716446,통화신용정책보고서 2023년 12월,표,III-4,물가의 상‧하방 요인,단위; 데이터 형태; 종류; 설명,research/bok-archive/01-통화신용정책보고서/2023-12-14_통화신용정책보고서(2023년 12월)/통화신용정책보고서(2023년 12월).pdf,74,허용 종류로 판별 불가 또는 표 구조 미확인; 번호 직결 인용 없음 또는 문장 조각·중복 배정 제외
BOK-20240314-8eb0f7949f41-그림-58eccdf64b3bee92,통화신용정책보고서 2024년 3월,그림,개요 1,주요국 경제성장률,설명,불명,불명,번호 직결 인용 없음 또는 문장 조각·중복 배정 제외
BOK-20240314-8eb0f7949f41-그림-79d891a9d4a4fbbb,통화신용정책보고서 2024년 3월,그림,개요 2,주요국 소비자물가 상승률,설명,research/bok-archive/01-통화신용정책보고서/2024-03-14_통화신용정책보고서(2024년 3월)/통화신용정책보고서(2024년 3월).pdf,22,번호 직결 인용 없음 또는 문장 조각·중복 배정 제외
BOK-20240314-8eb0f7949f41-그림-601aee6daf577842,통화신용정책보고서 2024년 3월,그림,개요 3,"미국 국채 금리, 글로벌 주가지수 및 달러화 지수",설명,불명,불명,번호 직결 인용 없음 또는 문장 조각·중복 배정 제외
BOK-20240314-8eb0f7949f41-그림-2f3ecff6a4b07ea8,통화신용정책보고서 2024년 3월,그림,개요 4,실질GDP 성장률,설명,불명,불명,번호 직결 인용 없음 또는 문장 조각·중복 배정 제외
BOK-20240314-8eb0f7949f41-그림-b15cee4e59d53097,통화신용정책보고서 2024년 3월,그림,개요 5,취업자수 증감 및 명목임금 상승률,설명,불명,불명,번호 직결 인용 없음 또는 문장 조각·중복 배정 제외
BOK-20240314-8eb0f7949f41-그림-ce290d077b4b42a0,통화신용정책보고서 2024년 3월,그림,개요 6,물가상승률,설명,불명,불명,번호 직결 인용 없음 또는 문장 조각·중복 배정 제외
BOK-20240314-8eb0f7949f41-그림-7c1f2fb8c1f5e924,통화신용정책보고서 2024년 3월,그림,개요 7,주택매매∙전세 가격 상승률 및 주택가격전망 CSI,설명,불명,불명,번호 직결 인용 없음 또는 문장 조각·중복 배정 제외
BOK-20240314-8eb0f7949f41-그림-69e2b24c97f153f3,통화신용정책보고서 2024년 3월,그림,개요 8,국내 금리∙주가∙환율,설명,불명,불명,번호 직결 인용 없음 또는 문장 조각·중복 배정 제외
BOK-20240314-8eb0f7949f41-그림-64e47fcb22ef2204,통화신용정책보고서 2024년 3월,그림,개요 9,예금은행 대출 증감,설명,불명,불명,번호 직결 인용 없음 또는 문장 조각·중복 배정 제외
BOK-20240314-8eb0f7949f41-그림-f26d5438157eb72d,통화신용정책보고서 2024년 3월,그림,개요 10,한국은행 기준금리,설명,research/bok-archive/01-통화신용정책보고서/2024-03-14_통화신용정책보고서(2024년 3월)/통화신용정책보고서(2024년 3월).pdf,63,번호 직결 인용 없음 또는 문장 조각·중복 배정 제외
BOK-20240314-8eb0f7949f41-그림-a63c0c098becb78a,통화신용정책보고서 2024년 3월,그림,개요 11,한국은행 금융중개지원대출의 한도 및 금리,설명,research/bok-archive/01-통화신용정책보고서/2024-03-14_통화신용정책보고서(2024년 3월)/통화신용정책보고서(2024년 3월).pdf,66,번호 직결 인용 없음 또는 문장 조각·중복 배정 제외
BOK-20240314-8eb0f7949f41-그림-85946db9c2217889,통화신용정책보고서 2024년 3월,그림,I-1,세계경제,단위; 분석 목적; 설명,research/bok-archive/01-통화신용정책보고서/2024-03-14_통화신용정책보고서(2024년 3월)/통화신용정책보고서(2024년 3월).pdf,21,제목·계열·직접 인용의 해석 근거 부족; 번호 직결 인용 없음 또는 문장 조각·중복 배정 제외
BOK-20240314-8eb0f7949f41-그림-dac5bbf1654cfa11,통화신용정책보고서 2024년 3월,그림,참고 I-1-1,미 연준 정책금리 인하 기대,설명,불명,불명,번호 직결 인용 없음 또는 문장 조각·중복 배정 제외
BOK-20240314-8eb0f7949f41-그림-915a7822e6cff9dc,통화신용정책보고서 2024년 3월,그림,참고 I-1-2,미 연준 정책금리 및 글로벌 금융상황,설명,불명,불명,번호 직결 인용 없음 또는 문장 조각·중복 배정 제외
BOK-20240314-8eb0f7949f41-그림-1e2a1114e2ac0a0f,통화신용정책보고서 2024년 3월,그림,참고 I-1-3,환율 변동에 따른 기업 레버리지 변화,설명,불명,불명,번호 직결 인용 없음 또는 문장 조각·중복 배정 제외
BOK-20240314-8eb0f7949f41-그림-d77f2cc354a5d772,통화신용정책보고서 2024년 3월,그림,참고 I-1-4,미 연준 통화정책의 국면별 국내 기업의 달러화 조달 여건,설명,불명,불명,번호 직결 인용 없음 또는 문장 조각·중복 배정 제외
BOK-20240314-8eb0f7949f41-그림-d336e87efaa1bd16,통화신용정책보고서 2024년 3월,그림,참고 I-1-5,글로벌 여건과 환율 변동성,설명,불명,불명,번호 직결 인용 없음 또는 문장 조각·중복 배정 제외
BOK-20240314-8eb0f7949f41-그림-47974db69306e49c,통화신용정책보고서 2024년 3월,그림,I-2,세계경제,분석 목적; 설명,research/bok-archive/01-통화신용정책보고서/2024-03-14_통화신용정책보고서(2024년 3월)/통화신용정책보고서(2024년 3월).pdf,22,제목·계열·직접 인용의 해석 근거 부족; 번호 직결 인용 없음 또는 문장 조각·중복 배정 제외
BOK-20240314-8eb0f7949f41-그림-89f55372283814d2,통화신용정책보고서 2024년 3월,그림,참고 I-2-1,금융권 가계대출 증감,설명,불명,불명,번호 직결 인용 없음 또는 문장 조각·중복 배정 제외
BOK-20240314-8eb0f7949f41-그림-9ac5f4351427498c,통화신용정책보고서 2024년 3월,그림,참고 I-2-2,주택 매매거래 및 주택담보대출 증감,통계기법·지수; 설명,불명,불명,번호 직결 인용 없음 또는 문장 조각·중복 배정 제외
BOK-20240314-8eb0f7949f41-그림-4602ed7a10b2c03a,통화신용정책보고서 2024년 3월,그림,참고 I-2-3,은행 및 비은행 가계대출 증감,통계기법·지수; 설명,불명,불명,번호 직결 인용 없음 또는 문장 조각·중복 배정 제외
BOK-20240314-8eb0f7949f41-그림-8e8c2551dd76a521,통화신용정책보고서 2024년 3월,그림,참고 I-2-4,전국 아파트 실거래가격 및 매매거래량,설명,불명,불명,번호 직결 인용 없음 또는 문장 조각·중복 배정 제외
BOK-20240314-8eb0f7949f41-그림-9f9d069b51df0e24,통화신용정책보고서 2024년 3월,그림,참고 I-2-5,전세가격 추이,통계기법·지수; 설명,불명,불명,번호 직결 인용 없음 또는 문장 조각·중복 배정 제외
BOK-20240314-8eb0f7949f41-그림-5fd0f3b9392697ae,통화신용정책보고서 2024년 3월,그림,참고 I-2-6,스트레스 DSR 도입에 따른 대출한도 변화,설명,불명,불명,번호 직결 인용 없음 또는 문장 조각·중복 배정 제외
BOK-20240314-8eb0f7949f41-그림-ba157632a9982b3e,통화신용정책보고서 2024년 3월,그림,I-3,세계경제,분석 목적; 통계기법·지수; 설명,research/bok-archive/01-통화신용정책보고서/2024-03-14_통화신용정책보고서(2024년 3월)/통화신용정책보고서(2024년 3월).pdf,22,제목·계열·직접 인용의 해석 근거 부족; 번호 직결 인용 없음 또는 문장 조각·중복 배정 제외
BOK-20240314-8eb0f7949f41-그림-228c2e76e46f9a8f,통화신용정책보고서 2024년 3월,그림,참고 I-3-1,국내투자 글로벌펀드의 유출입 규모 및 잔액,설명,불명,불명,번호 직결 인용 없음 또는 문장 조각·중복 배정 제외
BOK-20240314-8eb0f7949f41-그림-49b4343c47dbb6e3,통화신용정책보고서 2024년 3월,그림,참고 I-3-2,국내투자 글로벌펀드의 자산별∙성격별 구성,설명,불명,불명,번호 직결 인용 없음 또는 문장 조각·중복 배정 제외
BOK-20240314-8eb0f7949f41-그림-44559d21a2dd6ac5,통화신용정책보고서 2024년 3월,그림,참고 I-3-3,국내투자 글로벌펀드와 글로벌펀드의 상관계수,단위; 설명,불명,불명,번호 직결 인용 없음 또는 문장 조각·중복 배정 제외
BOK-20240314-8eb0f7949f41-그림-81735e1b2c1eb958,통화신용정책보고서 2024년 3월,그림,참고 I-3-4,국내투자 글로벌펀드와 선진∙신흥국투자 펀드의 상관계수,단위; 설명,불명,불명,번호 직결 인용 없음 또는 문장 조각·중복 배정 제외
BOK-20240314-8eb0f7949f41-그림-d9b1942cc58d0dbf,통화신용정책보고서 2024년 3월,그림,참고 I-3-5,국내투자 글로벌펀드와 글로벌펀드의 유출입 변동성,설명,불명,불명,번호 직결 인용 없음 또는 문장 조각·중복 배정 제외
BOK-20240314-8eb0f7949f41-그림-cb18faec243f7a9c,통화신용정책보고서 2024년 3월,그림,참고 I-3-6,국내투자 글로벌펀드의 자산별∙성격별 유출입 변동성,종류; 설명,불명,불명,허용 종류로 판별 불가 또는 표 구조 미확인; 번호 직결 인용 없음 또는 문장 조각·중복 배정 제외
BOK-20240314-8eb0f7949f41-그림-f742d2467f73068f,통화신용정책보고서 2024년 3월,그림,참고 I-3-7,국내투자 글로벌펀드와 글로벌 금융사이클,설명,불명,불명,번호 직결 인용 없음 또는 문장 조각·중복 배정 제외
BOK-20240314-8eb0f7949f41-그림-bf1fedbfde0ad0bd,통화신용정책보고서 2024년 3월,그림,참고 I-3-8,글로벌 금융사이클과 국내투자 글로벌펀드 유출입,설명,불명,불명,번호 직결 인용 없음 또는 문장 조각·중복 배정 제외
BOK-20240314-8eb0f7949f41-그림-bd3dbca734e26aa6,통화신용정책보고서 2024년 3월,그림,I-4,세계경제,분석 목적; 통계기법·지수; 설명,research/bok-archive/01-통화신용정책보고서/2024-03-14_통화신용정책보고서(2024년 3월)/통화신용정책보고서(2024년 3월).pdf,23,제목·계열·직접 인용의 해석 근거 부족; 번호 직결 인용 없음 또는 문장 조각·중복 배정 제외
BOK-20240314-8eb0f7949f41-그림-a8b595c267633592,통화신용정책보고서 2024년 3월,그림,참고 I-4-1,미국 CRE 부문별 가격 추이,통계기법·지수; 설명,불명,불명,번호 직결 인용 없음 또는 문장 조각·중복 배정 제외
BOK-20240314-8eb0f7949f41-그림-a4cc24ce7fc5fede,통화신용정책보고서 2024년 3월,그림,참고 I-4-2,미국 사무실 공실률 추이,설명,불명,불명,번호 직결 인용 없음 또는 문장 조각·중복 배정 제외
BOK-20240314-8eb0f7949f41-그림-b25ac911817af2f7,통화신용정책보고서 2024년 3월,그림,참고 I-4-3,미국 은행 규모별 CRE 대출 비중,설명,불명,불명,번호 직결 인용 없음 또는 문장 조각·중복 배정 제외
BOK-20240314-8eb0f7949f41-그림-b0086c291e354e4c,통화신용정책보고서 2024년 3월,그림,참고 I-4-4,미국 CRE 부채의 만기도래 규모,통계기법·지수; 설명,불명,불명,번호 직결 인용 없음 또는 문장 조각·중복 배정 제외
BOK-20240314-8eb0f7949f41-그림-51c74e41e857dbe8,통화신용정책보고서 2024년 3월,그림,참고 I-4-5,미국 CRE 대출 연체율 추이,설명,불명,불명,번호 직결 인용 없음 또는 문장 조각·중복 배정 제외
BOK-20240314-8eb0f7949f41-그림-fb5ab63ee1b2f4c7,통화신용정책보고서 2024년 3월,그림,참고 I-4-6,미 국채(10년물) 금리 추이,설명,불명,불명,번호 직결 인용 없음 또는 문장 조각·중복 배정 제외
BOK-20240314-8eb0f7949f41-그림-4ec2edba80be19ce,통화신용정책보고서 2024년 3월,그림,참고 I-4-7,CDO 발행잔액 추이,설명,불명,불명,번호 직결 인용 없음 또는 문장 조각·중복 배정 제외
BOK-20240314-8eb0f7949f41-그림-9c07866923acc8b6,통화신용정책보고서 2024년 3월,그림,참고 I-4-8,미 G-SIB 자기자본비율,설명,불명,불명,번호 직결 인용 없음 또는 문장 조각·중복 배정 제외
BOK-20240314-8eb0f7949f41-그림-8b07ae1d22c77075,통화신용정책보고서 2024년 3월,그림,참고 I-4-9,미국 소형은행 예금 유출입,통계기법·지수; 설명,불명,불명,번호 직결 인용 없음 또는 문장 조각·중복 배정 제외
BOK-20240314-8eb0f7949f41-그림-891f0c6a84f55321,통화신용정책보고서 2024년 3월,그림,참고 I-4-10,선물가격에 반영된 정책금리 변화 전망,설명,불명,불명,번호 직결 인용 없음 또는 문장 조각·중복 배정 제외
BOK-20240314-8eb0f7949f41-그림-e7f18d02101f332c,통화신용정책보고서 2024년 3월,그림,I-5,세계경제,분석 목적; 설명,research/bok-archive/01-통화신용정책보고서/2024-03-14_통화신용정책보고서(2024년 3월)/통화신용정책보고서(2024년 3월).pdf,24,제목·계열·직접 인용의 해석 근거 부족; 번호 직결 인용 없음 또는 문장 조각·중복 배정 제외
BOK-20240314-8eb0f7949f41-그림-ef96cdf40dad5bf4,통화신용정책보고서 2024년 3월,그림,I-6,세계경제,분석 목적; 설명,research/bok-archive/01-통화신용정책보고서/2024-03-14_통화신용정책보고서(2024년 3월)/통화신용정책보고서(2024년 3월).pdf,24,제목·계열·직접 인용의 해석 근거 부족; 번호 직결 인용 없음 또는 문장 조각·중복 배정 제외
BOK-20240314-8eb0f7949f41-그림-52de7f3ea122bdf5,통화신용정책보고서 2024년 3월,그림,I-7,실물경제,분석 목적; 통계기법·지수; 설명,research/bok-archive/01-통화신용정책보고서/2024-03-14_통화신용정책보고서(2024년 3월)/통화신용정책보고서(2024년 3월).pdf,25,제목·계열·직접 인용의 해석 근거 부족; 번호 직결 인용 없음 또는 문장 조각·중복 배정 제외
BOK-20240314-8eb0f7949f41-그림-d601d8353915efbb,통화신용정책보고서 2024년 3월,그림,I-8,실물경제,분석 목적; 통계기법·지수; 설명,research/bok-archive/01-통화신용정책보고서/2024-03-14_통화신용정책보고서(2024년 3월)/통화신용정책보고서(2024년 3월).pdf,26,제목·계열·직접 인용의 해석 근거 부족; 번호 직결 인용 없음 또는 문장 조각·중복 배정 제외
BOK-20240314-8eb0f7949f41-그림-d25a23704a414b96,통화신용정책보고서 2024년 3월,그림,I-9,실물경제,분석 목적; 통계기법·지수; 설명,research/bok-archive/01-통화신용정책보고서/2024-03-14_통화신용정책보고서(2024년 3월)/통화신용정책보고서(2024년 3월).pdf,26,제목·계열·직접 인용의 해석 근거 부족; 번호 직결 인용 없음 또는 문장 조각·중복 배정 제외
BOK-20240314-8eb0f7949f41-그림-0c1429bb15a94e10,통화신용정책보고서 2024년 3월,그림,I-10,실물경제,분석 목적; 설명,research/bok-archive/01-통화신용정책보고서/2024-03-14_통화신용정책보고서(2024년 3월)/통화신용정책보고서(2024년 3월).pdf,27,제목·계열·직접 인용의 해석 근거 부족; 번호 직결 인용 없음 또는 문장 조각·중복 배정 제외
BOK-20240314-8eb0f7949f41-그림-3934ea82cec4403f,통화신용정책보고서 2024년 3월,그림,I-11,실물경제,분석 목적; 통계기법·지수; 설명,research/bok-archive/01-통화신용정책보고서/2024-03-14_통화신용정책보고서(2024년 3월)/통화신용정책보고서(2024년 3월).pdf,28,제목·계열·직접 인용의 해석 근거 부족; 번호 직결 인용 없음 또는 문장 조각·중복 배정 제외
BOK-20240314-8eb0f7949f41-그림-b7b25583fc42b073,통화신용정책보고서 2024년 3월,그림,I-12,실물경제,분석 목적; 설명,research/bok-archive/01-통화신용정책보고서/2024-03-14_통화신용정책보고서(2024년 3월)/통화신용정책보고서(2024년 3월).pdf,29,제목·계열·직접 인용의 해석 근거 부족; 번호 직결 인용 없음 또는 문장 조각·중복 배정 제외
BOK-20240314-8eb0f7949f41-그림-9d439e3c3d55f6fe,통화신용정책보고서 2024년 3월,그림,I-13,실물경제,분석 목적; 설명,research/bok-archive/01-통화신용정책보고서/2024-03-14_통화신용정책보고서(2024년 3월)/통화신용정책보고서(2024년 3월).pdf,30,제목·계열·직접 인용의 해석 근거 부족; 번호 직결 인용 없음 또는 문장 조각·중복 배정 제외
BOK-20240314-8eb0f7949f41-그림-374f16bf55489479,통화신용정책보고서 2024년 3월,그림,I-14,물가,설명,research/bok-archive/01-통화신용정책보고서/2024-03-14_통화신용정책보고서(2024년 3월)/통화신용정책보고서(2024년 3월).pdf,31,번호 직결 인용 없음 또는 문장 조각·중복 배정 제외
BOK-20240314-8eb0f7949f41-그림-6fef0a2842002e3f,통화신용정책보고서 2024년 3월,그림,I-15,물가,설명,research/bok-archive/01-통화신용정책보고서/2024-03-14_통화신용정책보고서(2024년 3월)/통화신용정책보고서(2024년 3월).pdf,31,번호 직결 인용 없음 또는 문장 조각·중복 배정 제외
BOK-20240314-8eb0f7949f41-그림-01695fbbc41faa13,통화신용정책보고서 2024년 3월,그림,I-16,물가,설명,research/bok-archive/01-통화신용정책보고서/2024-03-14_통화신용정책보고서(2024년 3월)/통화신용정책보고서(2024년 3월).pdf,32,번호 직결 인용 없음 또는 문장 조각·중복 배정 제외
BOK-20240314-8eb0f7949f41-그림-0896b1695c52d03d,통화신용정책보고서 2024년 3월,그림,I-17,물가,설명,research/bok-archive/01-통화신용정책보고서/2024-03-14_통화신용정책보고서(2024년 3월)/통화신용정책보고서(2024년 3월).pdf,32,번호 직결 인용 없음 또는 문장 조각·중복 배정 제외
BOK-20240314-8eb0f7949f41-그림-e25f5787a0b90e0d,통화신용정책보고서 2024년 3월,그림,I-18,물가,설명,research/bok-archive/01-통화신용정책보고서/2024-03-14_통화신용정책보고서(2024년 3월)/통화신용정책보고서(2024년 3월).pdf,33,번호 직결 인용 없음 또는 문장 조각·중복 배정 제외
BOK-20240314-8eb0f7949f41-그림-063acba8361ec54d,통화신용정책보고서 2024년 3월,그림,I-19,물가,설명,research/bok-archive/01-통화신용정책보고서/2024-03-14_통화신용정책보고서(2024년 3월)/통화신용정책보고서(2024년 3월).pdf,33,번호 직결 인용 없음 또는 문장 조각·중복 배정 제외
BOK-20240314-8eb0f7949f41-그림-cce5e68f51efe88d,통화신용정책보고서 2024년 3월,그림,I-20,물가,설명,research/bok-archive/01-통화신용정책보고서/2024-03-14_통화신용정책보고서(2024년 3월)/통화신용정책보고서(2024년 3월).pdf,33,번호 직결 인용 없음 또는 문장 조각·중복 배정 제외
BOK-20240314-8eb0f7949f41-그림-0d6e946623203cc4,통화신용정책보고서 2024년 3월,그림,I-21,금융·외환시장,분석 목적; 설명,research/bok-archive/01-통화신용정책보고서/2024-03-14_통화신용정책보고서(2024년 3월)/통화신용정책보고서(2024년 3월).pdf,35,제목·계열·직접 인용의 해석 근거 부족; 번호 직결 인용 없음 또는 문장 조각·중복 배정 제외
BOK-20240314-8eb0f7949f41-그림-e7ed7271e19e6349,통화신용정책보고서 2024년 3월,그림,I-22,금융·외환시장,분석 목적; 통계기법·지수; 설명,research/bok-archive/01-통화신용정책보고서/2024-03-14_통화신용정책보고서(2024년 3월)/통화신용정책보고서(2024년 3월).pdf,36,제목·계열·직접 인용의 해석 근거 부족; 번호 직결 인용 없음 또는 문장 조각·중복 배정 제외
BOK-20240314-8eb0f7949f41-그림-d4241d0214f775ff,통화신용정책보고서 2024년 3월,그림,I-23,금융·외환시장,분석 목적; 설명,research/bok-archive/01-통화신용정책보고서/2024-03-14_통화신용정책보고서(2024년 3월)/통화신용정책보고서(2024년 3월).pdf,36,제목·계열·직접 인용의 해석 근거 부족; 번호 직결 인용 없음 또는 문장 조각·중복 배정 제외
BOK-20240314-8eb0f7949f41-그림-fe26892e9247f70c,통화신용정책보고서 2024년 3월,그림,I-24,금융·외환시장,분석 목적; 통계기법·지수; 설명,research/bok-archive/01-통화신용정책보고서/2024-03-14_통화신용정책보고서(2024년 3월)/통화신용정책보고서(2024년 3월).pdf,37,제목·계열·직접 인용의 해석 근거 부족; 번호 직결 인용 없음 또는 문장 조각·중복 배정 제외
BOK-20240314-8eb0f7949f41-그림-76b5b9c617954d89,통화신용정책보고서 2024년 3월,그림,I-25,금융·외환시장,분석 목적; 설명,research/bok-archive/01-통화신용정책보고서/2024-03-14_통화신용정책보고서(2024년 3월)/통화신용정책보고서(2024년 3월).pdf,37,제목·계열·직접 인용의 해석 근거 부족; 번호 직결 인용 없음 또는 문장 조각·중복 배정 제외
BOK-20240314-8eb0f7949f41-그림-85dd5a6d96c16be3,통화신용정책보고서 2024년 3월,그림,I-26,금융·외환시장,분석 목적; 설명,research/bok-archive/01-통화신용정책보고서/2024-03-14_통화신용정책보고서(2024년 3월)/통화신용정책보고서(2024년 3월).pdf,38,제목·계열·직접 인용의 해석 근거 부족; 번호 직결 인용 없음 또는 문장 조각·중복 배정 제외
BOK-20240314-8eb0f7949f41-그림-91f38ef5acbb4fa1,통화신용정책보고서 2024년 3월,그림,I-27,금융·외환시장,분석 목적; 설명,research/bok-archive/01-통화신용정책보고서/2024-03-14_통화신용정책보고서(2024년 3월)/통화신용정책보고서(2024년 3월).pdf,38,제목·계열·직접 인용의 해석 근거 부족; 번호 직결 인용 없음 또는 문장 조각·중복 배정 제외
BOK-20240314-8eb0f7949f41-그림-2830beb149727774,통화신용정책보고서 2024년 3월,그림,I-28,금융·외환시장,분석 목적; 설명,research/bok-archive/01-통화신용정책보고서/2024-03-14_통화신용정책보고서(2024년 3월)/통화신용정책보고서(2024년 3월).pdf,40,제목·계열·직접 인용의 해석 근거 부족; 번호 직결 인용 없음 또는 문장 조각·중복 배정 제외
BOK-20240314-8eb0f7949f41-그림-7b2b8016566d368c,통화신용정책보고서 2024년 3월,그림,I-29,금융·외환시장,분석 목적; 설명,research/bok-archive/01-통화신용정책보고서/2024-03-14_통화신용정책보고서(2024년 3월)/통화신용정책보고서(2024년 3월).pdf,41,제목·계열·직접 인용의 해석 근거 부족; 번호 직결 인용 없음 또는 문장 조각·중복 배정 제외
BOK-20240314-8eb0f7949f41-그림-e5d49b9706ac0835,통화신용정책보고서 2024년 3월,그림,I-30,금융·외환시장,분석 목적; 설명,research/bok-archive/01-통화신용정책보고서/2024-03-14_통화신용정책보고서(2024년 3월)/통화신용정책보고서(2024년 3월).pdf,41,제목·계열·직접 인용의 해석 근거 부족; 번호 직결 인용 없음 또는 문장 조각·중복 배정 제외
BOK-20240314-8eb0f7949f41-그림-8bfdc2c333720d0e,통화신용정책보고서 2024년 3월,그림,I-31,금융·외환시장,분석 목적; 설명,research/bok-archive/01-통화신용정책보고서/2024-03-14_통화신용정책보고서(2024년 3월)/통화신용정책보고서(2024년 3월).pdf,42,제목·계열·직접 인용의 해석 근거 부족; 번호 직결 인용 없음 또는 문장 조각·중복 배정 제외
BOK-20240314-8eb0f7949f41-그림-606df27f76ae0c38,통화신용정책보고서 2024년 3월,그림,I-32,금융상황지수 및 구성요소별 기여도,단위; 데이터 형태; 설명,research/bok-archive/01-통화신용정책보고서/2024-03-14_통화신용정책보고서(2024년 3월)/통화신용정책보고서(2024년 3월).pdf,42,번호 직결 인용 없음 또는 문장 조각·중복 배정 제외
BOK-20240314-8eb0f7949f41-그림-dc49a8f3e7679bae,통화신용정책보고서 2024년 3월,그림,II-1,기준금리,분석 목적; 통계기법·지수; 설명,research/bok-archive/01-통화신용정책보고서/2024-03-14_통화신용정책보고서(2024년 3월)/통화신용정책보고서(2024년 3월).pdf,63,제목·계열·직접 인용의 해석 근거 부족; 번호 직결 인용 없음 또는 문장 조각·중복 배정 제외
BOK-20240314-8eb0f7949f41-그림-0d05fac7ac968a28,통화신용정책보고서 2024년 3월,그림,참고 II-1-1,MMF 수신 규모 및 자산운용사 콜론(call loan) 비중,설명,불명,불명,번호 직결 인용 없음 또는 문장 조각·중복 배정 제외
BOK-20240314-8eb0f7949f41-그림-e0c3aaf2774c1594,통화신용정책보고서 2024년 3월,그림,참고 II-1-2,2023년 중 업권별 RP거래 비중,설명,불명,불명,번호 직결 인용 없음 또는 문장 조각·중복 배정 제외
BOK-20240314-8eb0f7949f41-그림-dd04b512ac811be2,통화신용정책보고서 2024년 3월,그림,참고 II-1-3,비은행예금취급기관의 자산 규모 및 은행 대비 비중,설명,불명,불명,번호 직결 인용 없음 또는 문장 조각·중복 배정 제외
BOK-20240314-8eb0f7949f41-그림-681d9d1e6e238a8d,통화신용정책보고서 2024년 3월,그림,II-2,기준금리,분석 목적; 통계기법·지수; 설명,research/bok-archive/01-통화신용정책보고서/2024-03-14_통화신용정책보고서(2024년 3월)/통화신용정책보고서(2024년 3월).pdf,65,제목·계열·직접 인용의 해석 근거 부족; 번호 직결 인용 없음 또는 문장 조각·중복 배정 제외
BOK-20240314-8eb0f7949f41-그림-0eb45e5aba424a4e,통화신용정책보고서 2024년 3월,그림,II-3,기준금리,분석 목적; 통계기법·지수; 설명,research/bok-archive/01-통화신용정책보고서/2024-03-14_통화신용정책보고서(2024년 3월)/통화신용정책보고서(2024년 3월).pdf,65,제목·계열·직접 인용의 해석 근거 부족; 번호 직결 인용 없음 또는 문장 조각·중복 배정 제외
BOK-20240314-8eb0f7949f41-그림-88af760425d42bbd,통화신용정책보고서 2024년 3월,그림,II-4,금융중개지원대출,통계기법·지수; 설명,research/bok-archive/01-통화신용정책보고서/2024-03-14_통화신용정책보고서(2024년 3월)/통화신용정책보고서(2024년 3월).pdf,66,번호 직결 인용 없음 또는 문장 조각·중복 배정 제외
BOK-20240314-8eb0f7949f41-그림-8fdf0be121adcbdc,통화신용정책보고서 2024년 3월,그림,II-5,ASEAN+3 재무차관·중앙은행 부총재 회의(2023년 12월 6일),단위; 데이터 형태; 통계기법·지수; 설명,research/bok-archive/01-통화신용정책보고서/2024-03-14_통화신용정책보고서(2024년 3월)/통화신용정책보고서(2024년 3월).pdf,69,번호 직결 인용 없음 또는 문장 조각·중복 배정 제외
BOK-20240314-8eb0f7949f41-그림-f31b5622b69c677f,통화신용정책보고서 2024년 3월,그림,II-6,MOEF-BOK-FSC-IMF 공동 개최 국제컨퍼런스(2023년 12월 14~15일),단위; 데이터 형태; 통계기법·지수; 설명,research/bok-archive/01-통화신용정책보고서/2024-03-14_통화신용정책보고서(2024년 3월)/통화신용정책보고서(2024년 3월).pdf,70,번호 직결 인용 없음 또는 문장 조각·중복 배정 제외
BOK-20240314-8eb0f7949f41-그림-6ea6f773e8e267d2,통화신용정책보고서 2024년 3월,그림,III-1,주요 고려사항,분석 목적; 설명,research/bok-archive/01-통화신용정책보고서/2024-03-14_통화신용정책보고서(2024년 3월)/통화신용정책보고서(2024년 3월).pdf,79,제목·계열·직접 인용의 해석 근거 부족; 번호 직결 인용 없음 또는 문장 조각·중복 배정 제외
BOK-20240314-8eb0f7949f41-그림-76fb4825fc0a2b72,통화신용정책보고서 2024년 3월,그림,참고 III-1-1,주요국 정책금리,설명,불명,불명,번호 직결 인용 없음 또는 문장 조각·중복 배정 제외
BOK-20240314-8eb0f7949f41-그림-b64c189edfb653e0,통화신용정책보고서 2024년 3월,그림,참고 III-1-2,금융시장의 미 연준 정책금리 기대 변화,설명,불명,불명,번호 직결 인용 없음 또는 문장 조각·중복 배정 제외
BOK-20240314-8eb0f7949f41-그림-9e313d1f90891d2a,통화신용정책보고서 2024년 3월,그림,III-2,주요 고려사항,분석 목적; 설명,research/bok-archive/01-통화신용정책보고서/2024-03-14_통화신용정책보고서(2024년 3월)/통화신용정책보고서(2024년 3월).pdf,80,제목·계열·직접 인용의 해석 근거 부족; 번호 직결 인용 없음 또는 문장 조각·중복 배정 제외
BOK-20240314-8eb0f7949f41-그림-72c7f7cb3f1d6868,통화신용정책보고서 2024년 3월,그림,III-3,주요 고려사항,분석 목적; 설명,research/bok-archive/01-통화신용정책보고서/2024-03-14_통화신용정책보고서(2024년 3월)/통화신용정책보고서(2024년 3월).pdf,80,제목·계열·직접 인용의 해석 근거 부족; 번호 직결 인용 없음 또는 문장 조각·중복 배정 제외
BOK-20240314-8eb0f7949f41-그림-8defdbee1311f37e,통화신용정책보고서 2024년 3월,그림,III-4,주요 고려사항,분석 목적; 설명,research/bok-archive/01-통화신용정책보고서/2024-03-14_통화신용정책보고서(2024년 3월)/통화신용정책보고서(2024년 3월).pdf,81,제목·계열·직접 인용의 해석 근거 부족; 번호 직결 인용 없음 또는 문장 조각·중복 배정 제외
BOK-20240314-8eb0f7949f41-그림-8a61b5ccb0e6cdb3,통화신용정책보고서 2024년 3월,그림,III-5,주요 고려사항,분석 목적; 통계기법·지수; 설명,research/bok-archive/01-통화신용정책보고서/2024-03-14_통화신용정책보고서(2024년 3월)/통화신용정책보고서(2024년 3월).pdf,82,제목·계열·직접 인용의 해석 근거 부족; 번호 직결 인용 없음 또는 문장 조각·중복 배정 제외
BOK-20240314-8eb0f7949f41-그림-6653cb97fb0b2bbb,통화신용정책보고서 2024년 3월,그림,III-6,주요 고려사항,분석 목적; 설명,research/bok-archive/01-통화신용정책보고서/2024-03-14_통화신용정책보고서(2024년 3월)/통화신용정책보고서(2024년 3월).pdf,83,제목·계열·직접 인용의 해석 근거 부족; 번호 직결 인용 없음 또는 문장 조각·중복 배정 제외
BOK-20240314-8eb0f7949f41-그림-f95ac034bcacd357,통화신용정책보고서 2024년 3월,그림,III-7,주요 고려사항,분석 목적; 설명,research/bok-archive/01-통화신용정책보고서/2024-03-14_통화신용정책보고서(2024년 3월)/통화신용정책보고서(2024년 3월).pdf,84,제목·계열·직접 인용의 해석 근거 부족; 번호 직결 인용 없음 또는 문장 조각·중복 배정 제외
BOK-20240314-8eb0f7949f41-그림-e5c4e6a564b15075,통화신용정책보고서 2024년 3월,그림,III-8,주요 고려사항,분석 목적; 설명,research/bok-archive/01-통화신용정책보고서/2024-03-14_통화신용정책보고서(2024년 3월)/통화신용정책보고서(2024년 3월).pdf,84,제목·계열·직접 인용의 해석 근거 부족; 번호 직결 인용 없음 또는 문장 조각·중복 배정 제외
BOK-20240314-8eb0f7949f41-그림-82b210952e2e184f,통화신용정책보고서 2024년 3월,그림,III-9,주요 고려사항,분석 목적; 설명,research/bok-archive/01-통화신용정책보고서/2024-03-14_통화신용정책보고서(2024년 3월)/통화신용정책보고서(2024년 3월).pdf,85,제목·계열·직접 인용의 해석 근거 부족; 번호 직결 인용 없음 또는 문장 조각·중복 배정 제외
BOK-20240314-8eb0f7949f41-그림-7d0be440fbe3ad94,통화신용정책보고서 2024년 3월,그림,III-10,주요 고려사항,분석 목적; 통계기법·지수; 설명,research/bok-archive/01-통화신용정책보고서/2024-03-14_통화신용정책보고서(2024년 3월)/통화신용정책보고서(2024년 3월).pdf,85,제목·계열·직접 인용의 해석 근거 부족; 번호 직결 인용 없음 또는 문장 조각·중복 배정 제외
BOK-20240314-8eb0f7949f41-그림-9a649143232562e3,통화신용정책보고서 2024년 3월,그림,III-11,주요 고려사항,분석 목적; 설명,research/bok-archive/01-통화신용정책보고서/2024-03-14_통화신용정책보고서(2024년 3월)/통화신용정책보고서(2024년 3월).pdf,86,제목·계열·직접 인용의 해석 근거 부족; 번호 직결 인용 없음 또는 문장 조각·중복 배정 제외
BOK-20240314-8eb0f7949f41-그림-ef08f4a19978100a,통화신용정책보고서 2024년 3월,그림,III-12,주요 고려사항,분석 목적; 통계기법·지수; 설명,불명,불명,제목·계열·직접 인용의 해석 근거 부족; 번호 직결 인용 없음 또는 문장 조각·중복 배정 제외
BOK-20240314-8eb0f7949f41-그림-6df6fa5201513a66,통화신용정책보고서 2024년 3월,그림,III-12-24,개 중앙은행의 정책금리 조정 추이,사용 데이터·출처; 단위; 데이터 형태; 종류; 설명,불명,불명,허용 종류로 판별 불가 또는 표 구조 미확인; 번호 직결 인용 없음 또는 문장 조각·중복 배정 제외
BOK-20240314-8eb0f7949f41-표-2fc963b96c4310d8,통화신용정책보고서 2024년 3월,표,I-1,주요국 경제성장률,종류; 설명,research/bok-archive/01-통화신용정책보고서/2024-03-14_통화신용정책보고서(2024년 3월)/통화신용정책보고서(2024년 3월).pdf,21,허용 종류로 판별 불가 또는 표 구조 미확인; 번호 직결 인용 없음 또는 문장 조각·중복 배정 제외
BOK-20240314-8eb0f7949f41-표-ebc7bef34f932134,통화신용정책보고서 2024년 3월,표,I-2,주요 경제성장지표,종류; 설명,research/bok-archive/01-통화신용정책보고서/2024-03-14_통화신용정책보고서(2024년 3월)/통화신용정책보고서(2024년 3월).pdf,25,허용 종류로 판별 불가 또는 표 구조 미확인; 번호 직결 인용 없음 또는 문장 조각·중복 배정 제외
BOK-20240314-8eb0f7949f41-표-492831d33f53e35a,통화신용정책보고서 2024년 3월,표,I-3,경상수지,종류; 설명,research/bok-archive/01-통화신용정책보고서/2024-03-14_통화신용정책보고서(2024년 3월)/통화신용정책보고서(2024년 3월).pdf,27,허용 종류로 판별 불가 또는 표 구조 미확인; 번호 직결 인용 없음 또는 문장 조각·중복 배정 제외
BOK-20240314-8eb0f7949f41-표-dd1bbcbc1ec423b3,통화신용정책보고서 2024년 3월,표,I-4,산업별 취업자수 증감,종류; 통계기법·지수; 설명,research/bok-archive/01-통화신용정책보고서/2024-03-14_통화신용정책보고서(2024년 3월)/통화신용정책보고서(2024년 3월).pdf,28,허용 종류로 판별 불가 또는 표 구조 미확인; 번호 직결 인용 없음 또는 문장 조각·중복 배정 제외
BOK-20240314-8eb0f7949f41-표-c666707a428b60a3,통화신용정책보고서 2024년 3월,표,I-5,종사상지위별‧연령별‧성별 취업자수 증감,통계기법·지수; 설명,research/bok-archive/01-통화신용정책보고서/2024-03-14_통화신용정책보고서(2024년 3월)/통화신용정책보고서(2024년 3월).pdf,29,번호 직결 인용 없음 또는 문장 조각·중복 배정 제외
BOK-20240314-8eb0f7949f41-표-f5d5fc216f451dda,통화신용정책보고서 2024년 3월,표,I-6,고용 보조 지표,종류; 통계기법·지수; 설명,research/bok-archive/01-통화신용정책보고서/2024-03-14_통화신용정책보고서(2024년 3월)/통화신용정책보고서(2024년 3월).pdf,30,허용 종류로 판별 불가 또는 표 구조 미확인; 번호 직결 인용 없음 또는 문장 조각·중복 배정 제외
BOK-20240314-8eb0f7949f41-표-49ab459546080436,통화신용정책보고서 2024년 3월,표,I-7,항목별 명목임금 상승률,종류; 설명,research/bok-archive/01-통화신용정책보고서/2024-03-14_통화신용정책보고서(2024년 3월)/통화신용정책보고서(2024년 3월).pdf,30,허용 종류로 판별 불가 또는 표 구조 미확인; 번호 직결 인용 없음 또는 문장 조각·중복 배정 제외
BOK-20240314-8eb0f7949f41-표-350c9a6f3ada4863,통화신용정책보고서 2024년 3월,표,I-8,소비자물가 상승률,종류; 설명,research/bok-archive/01-통화신용정책보고서/2024-03-14_통화신용정책보고서(2024년 3월)/통화신용정책보고서(2024년 3월).pdf,32,허용 종류로 판별 불가 또는 표 구조 미확인; 번호 직결 인용 없음 또는 문장 조각·중복 배정 제외
BOK-20240314-8eb0f7949f41-표-86da789f1a65a8c2,통화신용정책보고서 2024년 3월,표,I-9,주택매매‧전세 가격 상승률,단위; 종류; 설명,research/bok-archive/01-통화신용정책보고서/2024-03-14_통화신용정책보고서(2024년 3월)/통화신용정책보고서(2024년 3월).pdf,34,허용 종류로 판별 불가 또는 표 구조 미확인; 번호 직결 인용 없음 또는 문장 조각·중복 배정 제외
BOK-20240314-8eb0f7949f41-표-530fcc0b3ead427f,통화신용정책보고서 2024년 3월,표,I-10,예금취급기관의 가계대출,단위; 설명,research/bok-archive/01-통화신용정책보고서/2024-03-14_통화신용정책보고서(2024년 3월)/통화신용정책보고서(2024년 3월).pdf,39,번호 직결 인용 없음 또는 문장 조각·중복 배정 제외
BOK-20240314-8eb0f7949f41-표-1f3c4dd0b1b20c2a,통화신용정책보고서 2024년 3월,표,I-11,기업의 자금조달,통계기법·지수; 설명,research/bok-archive/01-통화신용정책보고서/2024-03-14_통화신용정책보고서(2024년 3월)/통화신용정책보고서(2024년 3월).pdf,40,번호 직결 인용 없음 또는 문장 조각·중복 배정 제외
BOK-20240314-8eb0f7949f41-표-194374c16b9f1068,통화신용정책보고서 2024년 3월,표,II-1,금융중개지원대출의 프로그램별 한도 및 금리,단위; 데이터 형태; 종류; 설명,research/bok-archive/01-통화신용정책보고서/2024-03-14_통화신용정책보고서(2024년 3월)/통화신용정책보고서(2024년 3월).pdf,66,허용 종류로 판별 불가 또는 표 구조 미확인; 번호 직결 인용 없음 또는 문장 조각·중복 배정 제외
BOK-20240314-8eb0f7949f41-표-4b972ce27e8c4fef,통화신용정책보고서 2024년 3월,표,II-2,공동검사 실시 횟수,단위; 종류; 통계기법·지수; 설명,research/bok-archive/01-통화신용정책보고서/2024-03-14_통화신용정책보고서(2024년 3월)/통화신용정책보고서(2024년 3월).pdf,68,허용 종류로 판별 불가 또는 표 구조 미확인; 번호 직결 인용 없음 또는 문장 조각·중복 배정 제외
BOK-20240314-8eb0f7949f41-표-f24255bcb514a250,통화신용정책보고서 2024년 3월,표,III-1,경제성장률 전망,데이터 형태; 설명,research/bok-archive/01-통화신용정책보고서/2024-03-14_통화신용정책보고서(2024년 3월)/통화신용정책보고서(2024년 3월).pdf,77,번호 직결 인용 없음 또는 문장 조각·중복 배정 제외
BOK-20240314-8eb0f7949f41-표-dadd8bf3ab829ee8,통화신용정책보고서 2024년 3월,표,III-2,성장의 상‧하방 요인,데이터 형태; 종류; 설명,research/bok-archive/01-통화신용정책보고서/2024-03-14_통화신용정책보고서(2024년 3월)/통화신용정책보고서(2024년 3월).pdf,78,허용 종류로 판별 불가 또는 표 구조 미확인; 번호 직결 인용 없음 또는 문장 조각·중복 배정 제외
BOK-20240314-8eb0f7949f41-표-206c1c86d0a39e04,통화신용정책보고서 2024년 3월,표,III-3,물가상승률 전망,데이터 형태; 종류; 설명,research/bok-archive/01-통화신용정책보고서/2024-03-14_통화신용정책보고서(2024년 3월)/통화신용정책보고서(2024년 3월).pdf,78,허용 종류로 판별 불가 또는 표 구조 미확인; 번호 직결 인용 없음 또는 문장 조각·중복 배정 제외
BOK-20240314-8eb0f7949f41-표-5e1663afbb033e9b,통화신용정책보고서 2024년 3월,표,III-4,물가의 상‧하방 요인,단위; 데이터 형태; 종류; 설명,research/bok-archive/01-통화신용정책보고서/2024-03-14_통화신용정책보고서(2024년 3월)/통화신용정책보고서(2024년 3월).pdf,78,허용 종류로 판별 불가 또는 표 구조 미확인; 번호 직결 인용 없음 또는 문장 조각·중복 배정 제외
BOK-20240912-9803131ae460-그림-cf8ca566199cbc84,통화신용정책보고서 2024년 9월,그림,개요 1,"미국 국채금리, 글로벌 주가지수 및 미 달러화 지수",설명,불명,불명,번호 직결 인용 없음 또는 문장 조각·중복 배정 제외
BOK-20240912-9803131ae460-그림-e5c1ee081b4c81d5,통화신용정책보고서 2024년 9월,그림,개요 2,실질GDP 성장률 전망,설명,research/bok-archive/01-통화신용정책보고서/2024-09-12_통화신용정책보고서(2024년 9월)/통화신용정책보고서(2024년 9월).pdf,25,번호 직결 인용 없음 또는 문장 조각·중복 배정 제외
BOK-20240912-9803131ae460-그림-383049b73985cbbe,통화신용정책보고서 2024년 9월,그림,개요 3,물가상승률 전망,설명,불명,불명,번호 직결 인용 없음 또는 문장 조각·중복 배정 제외
BOK-20240912-9803131ae460-그림-7f1de5b7bd5b80b1,통화신용정책보고서 2024년 9월,그림,개요 4,국내 금리∙주가∙환율,설명,불명,불명,번호 직결 인용 없음 또는 문장 조각·중복 배정 제외
BOK-20240912-9803131ae460-그림-bc3da20d7816c29d,통화신용정책보고서 2024년 9월,그림,개요 5,아파트 매매가격 상승률,설명,불명,불명,번호 직결 인용 없음 또는 문장 조각·중복 배정 제외
BOK-20240912-9803131ae460-그림-ed42add0fcc61bb7,통화신용정책보고서 2024년 9월,그림,개요 6,예금취급기관의 가계대출 증감,통계기법·지수; 설명,불명,불명,번호 직결 인용 없음 또는 문장 조각·중복 배정 제외
BOK-20240912-9803131ae460-그림-67a83a57cb997ef5,통화신용정책보고서 2024년 9월,그림,개요 7,한국은행 기준금리,설명,research/bok-archive/01-통화신용정책보고서/2024-09-12_통화신용정책보고서(2024년 9월)/통화신용정책보고서(2024년 9월).pdf,65,번호 직결 인용 없음 또는 문장 조각·중복 배정 제외
BOK-20240912-9803131ae460-그림-1e135ea576f2a98c,통화신용정책보고서 2024년 9월,그림,개요 8,한국은행 금융중개지원대출의 한도 및 금리,설명,research/bok-archive/01-통화신용정책보고서/2024-09-12_통화신용정책보고서(2024년 9월)/통화신용정책보고서(2024년 9월).pdf,69,번호 직결 인용 없음 또는 문장 조각·중복 배정 제외
BOK-20240912-9803131ae460-그림-e45f9085e9d126e2,통화신용정책보고서 2024년 9월,그림,I-1,세계경제,단위; 분석 목적; 설명,research/bok-archive/01-통화신용정책보고서/2024-09-12_통화신용정책보고서(2024년 9월)/통화신용정책보고서(2024년 9월).pdf,15,제목·계열·직접 인용의 해석 근거 부족; 번호 직결 인용 없음 또는 문장 조각·중복 배정 제외
BOK-20240912-9803131ae460-그림-8195e8fc99b1c3fe,통화신용정책보고서 2024년 9월,그림,참고 I-1-1,엔/달러 환율 및 미달러지수,설명,불명,불명,번호 직결 인용 없음 또는 문장 조각·중복 배정 제외
BOK-20240912-9803131ae460-그림-f183aececd523786,통화신용정책보고서 2024년 9월,그림,참고 I-1-2,2024년 중 엔/달러 환율 추이,설명,불명,불명,번호 직결 인용 없음 또는 문장 조각·중복 배정 제외
BOK-20240912-9803131ae460-그림-01f075b7ed1b7934,통화신용정책보고서 2024년 9월,그림,참고 I-1-3,비상업용 엔화 선물매도 포지션,설명,불명,불명,번호 직결 인용 없음 또는 문장 조각·중복 배정 제외
BOK-20240912-9803131ae460-그림-c4910b0559e46416,통화신용정책보고서 2024년 9월,그림,참고 I-1-4,도쿄 외환시장 엔/달러 현물환 거래량,통계기법·지수; 설명,불명,불명,번호 직결 인용 없음 또는 문장 조각·중복 배정 제외
BOK-20240912-9803131ae460-그림-d90848c174c858d6,통화신용정책보고서 2024년 9월,그림,참고 I-1-5,일본 투자자의 해외채권 보유규모,통계기법·지수; 설명,불명,불명,번호 직결 인용 없음 또는 문장 조각·중복 배정 제외
BOK-20240912-9803131ae460-그림-0c5cbdc6ac586af4,통화신용정책보고서 2024년 9월,그림,참고 I-1-6,주요 신흥국 엔캐리 투자유인,단위; 설명,불명,불명,번호 직결 인용 없음 또는 문장 조각·중복 배정 제외
BOK-20240912-9803131ae460-그림-ab1010824170f5f1,통화신용정책보고서 2024년 9월,그림,참고 I-1-7,엔화 순매도 포지션 및 미 연준 정책금리 기대로 설명되지 않는 엔/달러 환율 추이,설명,불명,불명,번호 직결 인용 없음 또는 문장 조각·중복 배정 제외
BOK-20240912-9803131ae460-그림-bffc3eb3cda33fa4,통화신용정책보고서 2024년 9월,그림,참고 I-1-8,한∙미 및 미∙일 금리차 전망,설명,불명,불명,번호 직결 인용 없음 또는 문장 조각·중복 배정 제외
BOK-20240912-9803131ae460-그림-9f3d6c715dd20dad,통화신용정책보고서 2024년 9월,그림,참고 I-1-9,일본계 자금의 지역별 투자규모,통계기법·지수; 설명,불명,불명,번호 직결 인용 없음 또는 문장 조각·중복 배정 제외
BOK-20240912-9803131ae460-그림-58ad7d83654854a0,통화신용정책보고서 2024년 9월,그림,I-2,세계경제,분석 목적; 설명,research/bok-archive/01-통화신용정책보고서/2024-09-12_통화신용정책보고서(2024년 9월)/통화신용정책보고서(2024년 9월).pdf,16,제목·계열·직접 인용의 해석 근거 부족; 번호 직결 인용 없음 또는 문장 조각·중복 배정 제외
BOK-20240912-9803131ae460-그림-bd1764f9c9db9d2e,통화신용정책보고서 2024년 9월,그림,참고 I-2-1,비내구재 소비와 물가,설명,불명,불명,번호 직결 인용 없음 또는 문장 조각·중복 배정 제외
BOK-20240912-9803131ae460-그림-8e091a75fd750fda,통화신용정책보고서 2024년 9월,그림,참고 I-2-2,내구재 소비와 금리,설명,불명,불명,번호 직결 인용 없음 또는 문장 조각·중복 배정 제외
BOK-20240912-9803131ae460-그림-eea7a44cd168dd7c,통화신용정책보고서 2024년 9월,그림,참고 I-2-3,코로나19 이후 산업별 성장률,설명,불명,불명,번호 직결 인용 없음 또는 문장 조각·중복 배정 제외
BOK-20240912-9803131ae460-그림-81dc3725c6ec33d5,통화신용정책보고서 2024년 9월,그림,참고 I-2-4,연령대별 평균소비성향,설명,불명,불명,번호 직결 인용 없음 또는 문장 조각·중복 배정 제외
BOK-20240912-9803131ae460-그림-375bd0270e5c9201,통화신용정책보고서 2024년 9월,그림,참고 I-2-5,승용차 내수판매,통계기법·지수; 설명,불명,불명,번호 직결 인용 없음 또는 문장 조각·중복 배정 제외
BOK-20240912-9803131ae460-그림-9fb9ed54ab4d2531,통화신용정책보고서 2024년 9월,그림,참고 I-2-6,제조업 영업이익률과 상용직 특별급여,설명,불명,불명,번호 직결 인용 없음 또는 문장 조각·중복 배정 제외
BOK-20240912-9803131ae460-그림-f40ff54506f14f4d,통화신용정책보고서 2024년 9월,그림,참고 I-2-7,과거 금리인하 전후 내구재 소비,통계기법·지수; 설명,불명,불명,번호 직결 인용 없음 또는 문장 조각·중복 배정 제외
BOK-20240912-9803131ae460-그림-09b6088c9ac5e465,통화신용정책보고서 2024년 9월,그림,참고 I-2-8,국외소비 추이,설명,불명,불명,번호 직결 인용 없음 또는 문장 조각·중복 배정 제외
BOK-20240912-9803131ae460-그림-4fb10461c5788e40,통화신용정책보고서 2024년 9월,그림,I-3,세계경제,분석 목적; 통계기법·지수; 설명,research/bok-archive/01-통화신용정책보고서/2024-09-12_통화신용정책보고서(2024년 9월)/통화신용정책보고서(2024년 9월).pdf,16,제목·계열·직접 인용의 해석 근거 부족; 번호 직결 인용 없음 또는 문장 조각·중복 배정 제외
BOK-20240912-9803131ae460-그림-724356f7176f2fb6,통화신용정책보고서 2024년 9월,그림,참고 I-3-1,취업자수 증감,설명,불명,불명,번호 직결 인용 없음 또는 문장 조각·중복 배정 제외
BOK-20240912-9803131ae460-그림-555d48261b8b2a95,통화신용정책보고서 2024년 9월,그림,참고 I-3-2,"경제활동참가율, 고용률 및 실업률",설명,불명,불명,번호 직결 인용 없음 또는 문장 조각·중복 배정 제외
BOK-20240912-9803131ae460-그림-1d66f7fac7c3a6cd,통화신용정책보고서 2024년 9월,그림,참고 I-3-3,산업별 취업자수 증감,통계기법·지수; 설명,불명,불명,번호 직결 인용 없음 또는 문장 조각·중복 배정 제외
BOK-20240912-9803131ae460-그림-0978419f63f2d5cf,통화신용정책보고서 2024년 9월,그림,참고 I-3-4,취업자수 증감 요인분해,설명,불명,불명,번호 직결 인용 없음 또는 문장 조각·중복 배정 제외
BOK-20240912-9803131ae460-그림-761166cee2853825,통화신용정책보고서 2024년 9월,그림,참고 I-3-5,경제활동참가율 및 추세,설명,불명,불명,번호 직결 인용 없음 또는 문장 조각·중복 배정 제외
BOK-20240912-9803131ae460-그림-9863fa7a0360d013,통화신용정책보고서 2024년 9월,그림,참고 I-3-6,실업률 및 자연실업률,설명,불명,불명,번호 직결 인용 없음 또는 문장 조각·중복 배정 제외
BOK-20240912-9803131ae460-그림-417e31f835e25a2b,통화신용정책보고서 2024년 9월,그림,참고 I-3-7,고용상태 전환율,설명,불명,불명,번호 직결 인용 없음 또는 문장 조각·중복 배정 제외
BOK-20240912-9803131ae460-그림-072bf14a57fe5fac,통화신용정책보고서 2024년 9월,그림,참고 I-3-8,구직기간별 신업자,통계기법·지수; 설명,불명,불명,번호 직결 인용 없음 또는 문장 조각·중복 배정 제외
BOK-20240912-9803131ae460-그림-bfaa61c7df4f9ab8,통화신용정책보고서 2024년 9월,그림,참고 I-3-9,잠재구직자,통계기법·지수; 설명,불명,불명,번호 직결 인용 없음 또는 문장 조각·중복 배정 제외
BOK-20240912-9803131ae460-그림-432be527f0f501df,통화신용정책보고서 2024년 9월,그림,참고 I-3-10,잠재구직자 감소의 영향,설명,불명,불명,번호 직결 인용 없음 또는 문장 조각·중복 배정 제외
BOK-20240912-9803131ae460-그림-5c4e68890df7a536,통화신용정책보고서 2024년 9월,그림,참고 I-3-11,노동시장 tightness,설명,불명,불명,번호 직결 인용 없음 또는 문장 조각·중복 배정 제외
BOK-20240912-9803131ae460-그림-504949bdb4abce7c,통화신용정책보고서 2024년 9월,그림,I-4,세계경제,분석 목적; 통계기법·지수; 설명,research/bok-archive/01-통화신용정책보고서/2024-09-12_통화신용정책보고서(2024년 9월)/통화신용정책보고서(2024년 9월).pdf,17,제목·계열·직접 인용의 해석 근거 부족; 번호 직결 인용 없음 또는 문장 조각·중복 배정 제외
BOK-20240912-9803131ae460-그림-7f0bee4e2fe386e3,통화신용정책보고서 2024년 9월,그림,참고 I-4-1,주요국 국채금리(3년물) 추이,설명,불명,불명,번호 직결 인용 없음 또는 문장 조각·중복 배정 제외
BOK-20240912-9803131ae460-그림-ef92a5bb342b31b8,통화신용정책보고서 2024년 9월,그림,참고 I-4-2,완화적 통화정책 전환기별 장단기금리차,설명,불명,불명,번호 직결 인용 없음 또는 문장 조각·중복 배정 제외
BOK-20240912-9803131ae460-그림-e7d457f991106308,통화신용정책보고서 2024년 9월,그림,참고 I-4-3,5월 이후 국가별 국채금리(3년물) 및 정책금리 기대(1년 후) 변동폭,설명,불명,불명,번호 직결 인용 없음 또는 문장 조각·중복 배정 제외
BOK-20240912-9803131ae460-그림-893896a5f37fa55a,통화신용정책보고서 2024년 9월,그림,참고 I-4-4,미국 정책금리 기대경로 변화,설명,불명,불명,번호 직결 인용 없음 또는 문장 조각·중복 배정 제외
BOK-20240912-9803131ae460-그림-6eec316e5c0b9cef,통화신용정책보고서 2024년 9월,그림,참고 I-4-5,5월 이후 국고채 3년물 및 10년물 하락의 요인별 기여율,설명,불명,불명,번호 직결 인용 없음 또는 문장 조각·중복 배정 제외
BOK-20240912-9803131ae460-그림-80b34bba8b54ddfc,통화신용정책보고서 2024년 9월,그림,참고 I-4-6,5월 이후 기대단기금리 및 기간프리미엄 하락의 요인별 기여율,설명,불명,불명,번호 직결 인용 없음 또는 문장 조각·중복 배정 제외
BOK-20240912-9803131ae460-그림-94f1cb8bc48a3ff6,통화신용정책보고서 2024년 9월,그림,I-5,세계경제,분석 목적; 설명,research/bok-archive/01-통화신용정책보고서/2024-09-12_통화신용정책보고서(2024년 9월)/통화신용정책보고서(2024년 9월).pdf,18,제목·계열·직접 인용의 해석 근거 부족; 번호 직결 인용 없음 또는 문장 조각·중복 배정 제외
BOK-20240912-9803131ae460-그림-156aeef2a4c395a5,통화신용정책보고서 2024년 9월,그림,참고 I-5-1,우리나라의 증권투자,통계기법·지수; 설명,불명,불명,번호 직결 인용 없음 또는 문장 조각·중복 배정 제외
BOK-20240912-9803131ae460-그림-a2c6ca9c287b829d,통화신용정책보고서 2024년 9월,그림,참고 I-5-2,2024년 중 외국인 국내증권투자,통계기법·지수; 설명,불명,불명,번호 직결 인용 없음 또는 문장 조각·중복 배정 제외
BOK-20240912-9803131ae460-그림-138adfae93569a60,통화신용정책보고서 2024년 9월,그림,참고 I-5-3,국내금리와 주요 외국인 투자자의 채권투자,설명,불명,불명,번호 직결 인용 없음 또는 문장 조각·중복 배정 제외
BOK-20240912-9803131ae460-그림-f5000dbf825bb7c0,통화신용정책보고서 2024년 9월,그림,참고 I-5-4,2024년 중 거주자 해외증권투자,통계기법·지수; 설명,불명,불명,번호 직결 인용 없음 또는 문장 조각·중복 배정 제외
BOK-20240912-9803131ae460-그림-78ea52001280a7f8,통화신용정책보고서 2024년 9월,그림,참고 I-5-5,2024년 중 개인투자자의 증권투자,통계기법·지수; 설명,불명,불명,번호 직결 인용 없음 또는 문장 조각·중복 배정 제외
BOK-20240912-9803131ae460-그림-6ca52dd2986cdbc7,통화신용정책보고서 2024년 9월,그림,I-6,세계경제,분석 목적; 설명,research/bok-archive/01-통화신용정책보고서/2024-09-12_통화신용정책보고서(2024년 9월)/통화신용정책보고서(2024년 9월).pdf,18,제목·계열·직접 인용의 해석 근거 부족; 번호 직결 인용 없음 또는 문장 조각·중복 배정 제외
BOK-20240912-9803131ae460-그림-fcbb67d944289609,통화신용정책보고서 2024년 9월,그림,I-7,실물경제,분석 목적; 통계기법·지수; 설명,research/bok-archive/01-통화신용정책보고서/2024-09-12_통화신용정책보고서(2024년 9월)/통화신용정책보고서(2024년 9월).pdf,20,제목·계열·직접 인용의 해석 근거 부족; 번호 직결 인용 없음 또는 문장 조각·중복 배정 제외
BOK-20240912-9803131ae460-그림-ad88eb2637d0c393,통화신용정책보고서 2024년 9월,그림,I-8,실물경제,분석 목적; 통계기법·지수; 설명,research/bok-archive/01-통화신용정책보고서/2024-09-12_통화신용정책보고서(2024년 9월)/통화신용정책보고서(2024년 9월).pdf,21,제목·계열·직접 인용의 해석 근거 부족; 번호 직결 인용 없음 또는 문장 조각·중복 배정 제외
BOK-20240912-9803131ae460-그림-b344d0b0f79322e6,통화신용정책보고서 2024년 9월,그림,I-9,실물경제,분석 목적; 통계기법·지수; 설명,research/bok-archive/01-통화신용정책보고서/2024-09-12_통화신용정책보고서(2024년 9월)/통화신용정책보고서(2024년 9월).pdf,21,제목·계열·직접 인용의 해석 근거 부족; 번호 직결 인용 없음 또는 문장 조각·중복 배정 제외
BOK-20240912-9803131ae460-그림-6133e0f0caeab825,통화신용정책보고서 2024년 9월,그림,I-10,실물경제,분석 목적; 설명,research/bok-archive/01-통화신용정책보고서/2024-09-12_통화신용정책보고서(2024년 9월)/통화신용정책보고서(2024년 9월).pdf,22,제목·계열·직접 인용의 해석 근거 부족; 번호 직결 인용 없음 또는 문장 조각·중복 배정 제외
BOK-20240912-9803131ae460-그림-735ab37e635534a9,통화신용정책보고서 2024년 9월,그림,I-11,실물경제,분석 목적; 통계기법·지수; 설명,research/bok-archive/01-통화신용정책보고서/2024-09-12_통화신용정책보고서(2024년 9월)/통화신용정책보고서(2024년 9월).pdf,23,제목·계열·직접 인용의 해석 근거 부족; 번호 직결 인용 없음 또는 문장 조각·중복 배정 제외
BOK-20240912-9803131ae460-그림-dd5d24f9220977be,통화신용정책보고서 2024년 9월,그림,I-12,실물경제,분석 목적; 설명,research/bok-archive/01-통화신용정책보고서/2024-09-12_통화신용정책보고서(2024년 9월)/통화신용정책보고서(2024년 9월).pdf,24,제목·계열·직접 인용의 해석 근거 부족; 번호 직결 인용 없음 또는 문장 조각·중복 배정 제외
BOK-20240912-9803131ae460-그림-aa3e3851bfa435d8,통화신용정책보고서 2024년 9월,그림,I-13,실물경제,분석 목적; 설명,research/bok-archive/01-통화신용정책보고서/2024-09-12_통화신용정책보고서(2024년 9월)/통화신용정책보고서(2024년 9월).pdf,25,제목·계열·직접 인용의 해석 근거 부족; 번호 직결 인용 없음 또는 문장 조각·중복 배정 제외
BOK-20240912-9803131ae460-그림-b3df37949109896e,통화신용정책보고서 2024년 9월,그림,I-14,물가,설명,research/bok-archive/01-통화신용정책보고서/2024-09-12_통화신용정책보고서(2024년 9월)/통화신용정책보고서(2024년 9월).pdf,27,번호 직결 인용 없음 또는 문장 조각·중복 배정 제외
BOK-20240912-9803131ae460-그림-3bbea4ef41f5d7a7,통화신용정책보고서 2024년 9월,그림,I-15,물가,설명,research/bok-archive/01-통화신용정책보고서/2024-09-12_통화신용정책보고서(2024년 9월)/통화신용정책보고서(2024년 9월).pdf,27,번호 직결 인용 없음 또는 문장 조각·중복 배정 제외
BOK-20240912-9803131ae460-그림-00a24c4353a0b9fd,통화신용정책보고서 2024년 9월,그림,I-16,물가,설명,research/bok-archive/01-통화신용정책보고서/2024-09-12_통화신용정책보고서(2024년 9월)/통화신용정책보고서(2024년 9월).pdf,28,번호 직결 인용 없음 또는 문장 조각·중복 배정 제외
BOK-20240912-9803131ae460-그림-6f64154dc562a0be,통화신용정책보고서 2024년 9월,그림,I-17,물가,설명,research/bok-archive/01-통화신용정책보고서/2024-09-12_통화신용정책보고서(2024년 9월)/통화신용정책보고서(2024년 9월).pdf,29,번호 직결 인용 없음 또는 문장 조각·중복 배정 제외
BOK-20240912-9803131ae460-그림-f0e0aea3835c9d7e,통화신용정책보고서 2024년 9월,그림,I-18,물가,설명,research/bok-archive/01-통화신용정책보고서/2024-09-12_통화신용정책보고서(2024년 9월)/통화신용정책보고서(2024년 9월).pdf,29,번호 직결 인용 없음 또는 문장 조각·중복 배정 제외
BOK-20240912-9803131ae460-그림-0864753a2ef11e18,통화신용정책보고서 2024년 9월,그림,I-19,물가,설명,research/bok-archive/01-통화신용정책보고서/2024-09-12_통화신용정책보고서(2024년 9월)/통화신용정책보고서(2024년 9월).pdf,30,번호 직결 인용 없음 또는 문장 조각·중복 배정 제외
BOK-20240912-9803131ae460-그림-620fdbb4cbb3a16c,통화신용정책보고서 2024년 9월,그림,I-20,금융·외환시장,분석 목적; 설명,research/bok-archive/01-통화신용정책보고서/2024-09-12_통화신용정책보고서(2024년 9월)/통화신용정책보고서(2024년 9월).pdf,31,제목·계열·직접 인용의 해석 근거 부족; 번호 직결 인용 없음 또는 문장 조각·중복 배정 제외
BOK-20240912-9803131ae460-그림-03ffc9643710f193,통화신용정책보고서 2024년 9월,그림,I-21,금융·외환시장,분석 목적; 통계기법·지수; 설명,research/bok-archive/01-통화신용정책보고서/2024-09-12_통화신용정책보고서(2024년 9월)/통화신용정책보고서(2024년 9월).pdf,31,제목·계열·직접 인용의 해석 근거 부족; 번호 직결 인용 없음 또는 문장 조각·중복 배정 제외
BOK-20240912-9803131ae460-그림-2deeaaa0f0f109a0,통화신용정책보고서 2024년 9월,그림,I-22,금융·외환시장,분석 목적; 통계기법·지수; 설명,research/bok-archive/01-통화신용정책보고서/2024-09-12_통화신용정책보고서(2024년 9월)/통화신용정책보고서(2024년 9월).pdf,32,제목·계열·직접 인용의 해석 근거 부족; 번호 직결 인용 없음 또는 문장 조각·중복 배정 제외
BOK-20240912-9803131ae460-그림-fd244c76076e2888,통화신용정책보고서 2024년 9월,그림,I-23,금융·외환시장,분석 목적; 설명,research/bok-archive/01-통화신용정책보고서/2024-09-12_통화신용정책보고서(2024년 9월)/통화신용정책보고서(2024년 9월).pdf,33,제목·계열·직접 인용의 해석 근거 부족; 번호 직결 인용 없음 또는 문장 조각·중복 배정 제외
BOK-20240912-9803131ae460-그림-0c34523eb1a8d48f,통화신용정책보고서 2024년 9월,그림,I-24,금융·외환시장,분석 목적; 통계기법·지수; 설명,research/bok-archive/01-통화신용정책보고서/2024-09-12_통화신용정책보고서(2024년 9월)/통화신용정책보고서(2024년 9월).pdf,33,제목·계열·직접 인용의 해석 근거 부족; 번호 직결 인용 없음 또는 문장 조각·중복 배정 제외
BOK-20240912-9803131ae460-그림-4489d9e36b573226,통화신용정책보고서 2024년 9월,그림,I-25,금융·외환시장,분석 목적; 설명,research/bok-archive/01-통화신용정책보고서/2024-09-12_통화신용정책보고서(2024년 9월)/통화신용정책보고서(2024년 9월).pdf,34,제목·계열·직접 인용의 해석 근거 부족; 번호 직결 인용 없음 또는 문장 조각·중복 배정 제외
BOK-20240912-9803131ae460-그림-be69f08d38db847c,통화신용정책보고서 2024년 9월,그림,I-26,금융·외환시장,분석 목적; 설명,research/bok-archive/01-통화신용정책보고서/2024-09-12_통화신용정책보고서(2024년 9월)/통화신용정책보고서(2024년 9월).pdf,34,제목·계열·직접 인용의 해석 근거 부족; 번호 직결 인용 없음 또는 문장 조각·중복 배정 제외
BOK-20240912-9803131ae460-그림-c89e6acc54788004,통화신용정책보고서 2024년 9월,그림,I-27,금융·외환시장,분석 목적; 설명,research/bok-archive/01-통화신용정책보고서/2024-09-12_통화신용정책보고서(2024년 9월)/통화신용정책보고서(2024년 9월).pdf,34,제목·계열·직접 인용의 해석 근거 부족; 번호 직결 인용 없음 또는 문장 조각·중복 배정 제외
BOK-20240912-9803131ae460-그림-b27b089e6621af7a,통화신용정책보고서 2024년 9월,그림,I-28,금융·외환시장,분석 목적; 설명,research/bok-archive/01-통화신용정책보고서/2024-09-12_통화신용정책보고서(2024년 9월)/통화신용정책보고서(2024년 9월).pdf,36,제목·계열·직접 인용의 해석 근거 부족; 번호 직결 인용 없음 또는 문장 조각·중복 배정 제외
BOK-20240912-9803131ae460-그림-d2dc32af53436255,통화신용정책보고서 2024년 9월,그림,I-29,금융상황지수1) 및 구성요소별 기여도2),데이터 형태; 설명,research/bok-archive/01-통화신용정책보고서/2024-09-12_통화신용정책보고서(2024년 9월)/통화신용정책보고서(2024년 9월).pdf,36,번호 직결 인용 없음 또는 문장 조각·중복 배정 제외
BOK-20240912-9803131ae460-그림-52249de44fe15ec5,통화신용정책보고서 2024년 9월,그림,I-30,금융·외환시장,분석 목적; 설명,research/bok-archive/01-통화신용정책보고서/2024-09-12_통화신용정책보고서(2024년 9월)/통화신용정책보고서(2024년 9월).pdf,37,제목·계열·직접 인용의 해석 근거 부족; 번호 직결 인용 없음 또는 문장 조각·중복 배정 제외
BOK-20240912-9803131ae460-그림-390b738eb0de9b7d,통화신용정책보고서 2024년 9월,그림,I-31,금융·외환시장,분석 목적; 설명,research/bok-archive/01-통화신용정책보고서/2024-09-12_통화신용정책보고서(2024년 9월)/통화신용정책보고서(2024년 9월).pdf,37,제목·계열·직접 인용의 해석 근거 부족; 번호 직결 인용 없음 또는 문장 조각·중복 배정 제외
BOK-20240912-9803131ae460-그림-6a49f74feb3c9270,통화신용정책보고서 2024년 9월,그림,I-32,금융·외환시장,분석 목적; 설명,research/bok-archive/01-통화신용정책보고서/2024-09-12_통화신용정책보고서(2024년 9월)/통화신용정책보고서(2024년 9월).pdf,38,제목·계열·직접 인용의 해석 근거 부족; 번호 직결 인용 없음 또는 문장 조각·중복 배정 제외
BOK-20240912-9803131ae460-그림-f00bef21f5b1c5db,통화신용정책보고서 2024년 9월,그림,II-1,기준금리,분석 목적; 통계기법·지수; 설명,research/bok-archive/01-통화신용정책보고서/2024-09-12_통화신용정책보고서(2024년 9월)/통화신용정책보고서(2024년 9월).pdf,65,제목·계열·직접 인용의 해석 근거 부족; 번호 직결 인용 없음 또는 문장 조각·중복 배정 제외
BOK-20240912-9803131ae460-그림-e693c336f47f7cd2,통화신용정책보고서 2024년 9월,그림,참고 II-1-1,주요국 인플레이션,설명,불명,불명,번호 직결 인용 없음 또는 문장 조각·중복 배정 제외
BOK-20240912-9803131ae460-그림-9c1e2ee02463ce35,통화신용정책보고서 2024년 9월,그림,참고 II-1-2,주요국 정책금리,설명,불명,불명,번호 직결 인용 없음 또는 문장 조각·중복 배정 제외
BOK-20240912-9803131ae460-그림-a1db25117d34ac51,통화신용정책보고서 2024년 9월,그림,참고 II-1-3,금융시장의 미 연준 정책금리 기대 변화,설명,불명,불명,번호 직결 인용 없음 또는 문장 조각·중복 배정 제외
BOK-20240912-9803131ae460-그림-0ad3248f2cd66b82,통화신용정책보고서 2024년 9월,그림,참고 II-1-4,유로지역 및 영국 물가 전망,설명,불명,불명,번호 직결 인용 없음 또는 문장 조각·중복 배정 제외
BOK-20240912-9803131ae460-그림-0aaa1e3fd46eb2c3,통화신용정책보고서 2024년 9월,그림,II-2,기준금리,분석 목적; 통계기법·지수; 설명,research/bok-archive/01-통화신용정책보고서/2024-09-12_통화신용정책보고서(2024년 9월)/통화신용정책보고서(2024년 9월).pdf,66,제목·계열·직접 인용의 해석 근거 부족; 번호 직결 인용 없음 또는 문장 조각·중복 배정 제외
BOK-20240912-9803131ae460-그림-a3a16bd03a1f7980,통화신용정책보고서 2024년 9월,그림,II-3,기준금리,분석 목적; 통계기법·지수; 설명,research/bok-archive/01-통화신용정책보고서/2024-09-12_통화신용정책보고서(2024년 9월)/통화신용정책보고서(2024년 9월).pdf,67,제목·계열·직접 인용의 해석 근거 부족; 번호 직결 인용 없음 또는 문장 조각·중복 배정 제외
BOK-20240912-9803131ae460-그림-4092cfb25139f910,통화신용정책보고서 2024년 9월,그림,II-4,기준금리,분석 목적; 통계기법·지수; 설명,research/bok-archive/01-통화신용정책보고서/2024-09-12_통화신용정책보고서(2024년 9월)/통화신용정책보고서(2024년 9월).pdf,67,제목·계열·직접 인용의 해석 근거 부족; 번호 직결 인용 없음 또는 문장 조각·중복 배정 제외
BOK-20240912-9803131ae460-그림-b7c1f553daaca75c,통화신용정책보고서 2024년 9월,그림,II-5,기준금리,분석 목적; 통계기법·지수; 설명,research/bok-archive/01-통화신용정책보고서/2024-09-12_통화신용정책보고서(2024년 9월)/통화신용정책보고서(2024년 9월).pdf,68,제목·계열·직접 인용의 해석 근거 부족; 번호 직결 인용 없음 또는 문장 조각·중복 배정 제외
BOK-20240912-9803131ae460-그림-09bf5c6c9b3c1e1c,통화신용정책보고서 2024년 9월,그림,II-6,금융중개지원대출,통계기법·지수; 설명,research/bok-archive/01-통화신용정책보고서/2024-09-12_통화신용정책보고서(2024년 9월)/통화신용정책보고서(2024년 9월).pdf,69,번호 직결 인용 없음 또는 문장 조각·중복 배정 제외
BOK-20240912-9803131ae460-그림-2793531e7b97d88f,통화신용정책보고서 2024년 9월,그림,II-7,여타 통화신용정책,분석 목적; 설명,research/bok-archive/01-통화신용정책보고서/2024-09-12_통화신용정책보고서(2024년 9월)/통화신용정책보고서(2024년 9월).pdf,71,제목·계열·직접 인용의 해석 근거 부족; 번호 직결 인용 없음 또는 문장 조각·중복 배정 제외
BOK-20240912-9803131ae460-그림-f6a70fca9f81121e,통화신용정책보고서 2024년 9월,그림,II-8,여타 통화신용정책,분석 목적; 설명,research/bok-archive/01-통화신용정책보고서/2024-09-12_통화신용정책보고서(2024년 9월)/통화신용정책보고서(2024년 9월).pdf,72,제목·계열·직접 인용의 해석 근거 부족; 번호 직결 인용 없음 또는 문장 조각·중복 배정 제외
BOK-20240912-9803131ae460-그림-4eb3021504333a84,통화신용정책보고서 2024년 9월,그림,II-9,여타 통화신용정책,분석 목적; 설명,research/bok-archive/01-통화신용정책보고서/2024-09-12_통화신용정책보고서(2024년 9월)/통화신용정책보고서(2024년 9월).pdf,73,제목·계열·직접 인용의 해석 근거 부족; 번호 직결 인용 없음 또는 문장 조각·중복 배정 제외
BOK-20240912-9803131ae460-그림-a43454842c0b145d,통화신용정책보고서 2024년 9월,그림,II-10,아고라 프로젝트 참가기관 및 국가,단위; 데이터 형태; 통계기법·지수; 설명,research/bok-archive/01-통화신용정책보고서/2024-09-12_통화신용정책보고서(2024년 9월)/통화신용정책보고서(2024년 9월).pdf,77,번호 직결 인용 없음 또는 문장 조각·중복 배정 제외
BOK-20240912-9803131ae460-그림-ae849ccb7d10b2e8,통화신용정책보고서 2024년 9월,그림,II-11,향후 정책운영 방향,분석 목적; 통계기법·지수; 설명,research/bok-archive/01-통화신용정책보고서/2024-09-12_통화신용정책보고서(2024년 9월)/통화신용정책보고서(2024년 9월).pdf,78,제목·계열·직접 인용의 해석 근거 부족; 번호 직결 인용 없음 또는 문장 조각·중복 배정 제외
BOK-20240912-9803131ae460-그림-5710d8241c6375f7,통화신용정책보고서 2024년 9월,그림,II-12,향후 정책운영 방향,분석 목적; 통계기법·지수; 설명,research/bok-archive/01-통화신용정책보고서/2024-09-12_통화신용정책보고서(2024년 9월)/통화신용정책보고서(2024년 9월).pdf,78,제목·계열·직접 인용의 해석 근거 부족; 번호 직결 인용 없음 또는 문장 조각·중복 배정 제외
BOK-20240912-9803131ae460-그림-9d5f9e7b96ec1106,통화신용정책보고서 2024년 9월,그림,II-13,향후 정책운영 방향,단위; 분석 목적; 통계기법·지수; 설명,research/bok-archive/01-통화신용정책보고서/2024-09-12_통화신용정책보고서(2024년 9월)/통화신용정책보고서(2024년 9월).pdf,79,제목·계열·직접 인용의 해석 근거 부족; 번호 직결 인용 없음 또는 문장 조각·중복 배정 제외
BOK-20240912-9803131ae460-그림-75274c3882d5343c,통화신용정책보고서 2024년 9월,그림,II-14,경제전망 분기경로 공개,데이터 형태; 설명,research/bok-archive/01-통화신용정책보고서/2024-09-12_통화신용정책보고서(2024년 9월)/통화신용정책보고서(2024년 9월).pdf,81,번호 직결 인용 없음 또는 문장 조각·중복 배정 제외
BOK-20240912-9803131ae460-그림-f99b017968379052,통화신용정책보고서 2024년 9월,그림,III-1,최근 주택시장∙가계부채 상황에 대한 평가 및 시사점,통계기법·지수; 설명,research/bok-archive/01-통화신용정책보고서/2024-09-12_통화신용정책보고서(2024년 9월)/통화신용정책보고서(2024년 9월).pdf,89,번호 직결 인용 없음 또는 문장 조각·중복 배정 제외
BOK-20240912-9803131ae460-그림-40126e58feffc40a,통화신용정책보고서 2024년 9월,그림,III-2,최근 주택시장∙가계부채 상황에 대한 평가 및 시사점,통계기법·지수; 설명,research/bok-archive/01-통화신용정책보고서/2024-09-12_통화신용정책보고서(2024년 9월)/통화신용정책보고서(2024년 9월).pdf,90,번호 직결 인용 없음 또는 문장 조각·중복 배정 제외
BOK-20240912-9803131ae460-그림-4ed5e4a6419b6e82,통화신용정책보고서 2024년 9월,그림,III-3,최근 주택시장∙가계부채 상황에 대한 평가 및 시사점,설명,research/bok-archive/01-통화신용정책보고서/2024-09-12_통화신용정책보고서(2024년 9월)/통화신용정책보고서(2024년 9월).pdf,90,번호 직결 인용 없음 또는 문장 조각·중복 배정 제외
BOK-20240912-9803131ae460-그림-8d81dcc3a3576943,통화신용정책보고서 2024년 9월,그림,III-4,최근 주택시장∙가계부채 상황에 대한 평가 및 시사점,통계기법·지수; 설명,research/bok-archive/01-통화신용정책보고서/2024-09-12_통화신용정책보고서(2024년 9월)/통화신용정책보고서(2024년 9월).pdf,90,번호 직결 인용 없음 또는 문장 조각·중복 배정 제외
BOK-20240912-9803131ae460-그림-67aaf6a5de02afdf,통화신용정책보고서 2024년 9월,그림,III-5,최근 주택시장∙가계부채 상황에 대한 평가 및 시사점,설명,research/bok-archive/01-통화신용정책보고서/2024-09-12_통화신용정책보고서(2024년 9월)/통화신용정책보고서(2024년 9월).pdf,90,번호 직결 인용 없음 또는 문장 조각·중복 배정 제외
BOK-20240912-9803131ae460-그림-364fb3437c39fcdf,통화신용정책보고서 2024년 9월,그림,III-6,최근 주택시장∙가계부채 상황에 대한 평가 및 시사점,설명,research/bok-archive/01-통화신용정책보고서/2024-09-12_통화신용정책보고서(2024년 9월)/통화신용정책보고서(2024년 9월).pdf,91,번호 직결 인용 없음 또는 문장 조각·중복 배정 제외
BOK-20240912-9803131ae460-그림-6687cdb31c0e70b1,통화신용정책보고서 2024년 9월,그림,III-7,최근 주택시장∙가계부채 상황에 대한 평가 및 시사점,통계기법·지수; 설명,research/bok-archive/01-통화신용정책보고서/2024-09-12_통화신용정책보고서(2024년 9월)/통화신용정책보고서(2024년 9월).pdf,91,번호 직결 인용 없음 또는 문장 조각·중복 배정 제외
BOK-20240912-9803131ae460-그림-6692a474b758f704,통화신용정책보고서 2024년 9월,그림,III-8,최근 주택시장∙가계부채 상황에 대한 평가 및 시사점,설명,research/bok-archive/01-통화신용정책보고서/2024-09-12_통화신용정책보고서(2024년 9월)/통화신용정책보고서(2024년 9월).pdf,92,번호 직결 인용 없음 또는 문장 조각·중복 배정 제외
BOK-20240912-9803131ae460-그림-d26d653324e7f4e0,통화신용정책보고서 2024년 9월,그림,III-9,최근 주택시장∙가계부채 상황에 대한 평가 및 시사점,통계기법·지수; 설명,research/bok-archive/01-통화신용정책보고서/2024-09-12_통화신용정책보고서(2024년 9월)/통화신용정책보고서(2024년 9월).pdf,92,번호 직결 인용 없음 또는 문장 조각·중복 배정 제외
BOK-20240912-9803131ae460-그림-78fa793e63ef7604,통화신용정책보고서 2024년 9월,그림,III-10,최근 주택시장∙가계부채 상황에 대한 평가 및 시사점,통계기법·지수; 설명,research/bok-archive/01-통화신용정책보고서/2024-09-12_통화신용정책보고서(2024년 9월)/통화신용정책보고서(2024년 9월).pdf,93,번호 직결 인용 없음 또는 문장 조각·중복 배정 제외
BOK-20240912-9803131ae460-그림-5874b891d61c3361,통화신용정책보고서 2024년 9월,그림,III-11,최근 주택시장∙가계부채 상황에 대한 평가 및 시사점,설명,research/bok-archive/01-통화신용정책보고서/2024-09-12_통화신용정책보고서(2024년 9월)/통화신용정책보고서(2024년 9월).pdf,93,번호 직결 인용 없음 또는 문장 조각·중복 배정 제외
BOK-20240912-9803131ae460-그림-8bd79e42f24750f2,통화신용정책보고서 2024년 9월,그림,III-12,최근 주택시장∙가계부채 상황에 대한 평가 및 시사점,설명,research/bok-archive/01-통화신용정책보고서/2024-09-12_통화신용정책보고서(2024년 9월)/통화신용정책보고서(2024년 9월).pdf,94,번호 직결 인용 없음 또는 문장 조각·중복 배정 제외
BOK-20240912-9803131ae460-그림-8a924b4ec2db00b2,통화신용정책보고서 2024년 9월,그림,III-13,최근 주택시장∙가계부채 상황에 대한 평가 및 시사점,설명,research/bok-archive/01-통화신용정책보고서/2024-09-12_통화신용정책보고서(2024년 9월)/통화신용정책보고서(2024년 9월).pdf,94,번호 직결 인용 없음 또는 문장 조각·중복 배정 제외
BOK-20240912-9803131ae460-그림-1c61581db67b5a7d,통화신용정책보고서 2024년 9월,그림,III-14,최근 주택시장∙가계부채 상황에 대한 평가 및 시사점,설명,research/bok-archive/01-통화신용정책보고서/2024-09-12_통화신용정책보고서(2024년 9월)/통화신용정책보고서(2024년 9월).pdf,94,번호 직결 인용 없음 또는 문장 조각·중복 배정 제외
BOK-20240912-9803131ae460-그림-b66d258b845be558,통화신용정책보고서 2024년 9월,그림,III-15,최근 주택시장∙가계부채 상황에 대한 평가 및 시사점,통계기법·지수; 설명,research/bok-archive/01-통화신용정책보고서/2024-09-12_통화신용정책보고서(2024년 9월)/통화신용정책보고서(2024년 9월).pdf,95,번호 직결 인용 없음 또는 문장 조각·중복 배정 제외
BOK-20240912-9803131ae460-그림-f391fee118eaa200,통화신용정책보고서 2024년 9월,그림,III-16,최근 주택시장∙가계부채 상황에 대한 평가 및 시사점,통계기법·지수; 설명,research/bok-archive/01-통화신용정책보고서/2024-09-12_통화신용정책보고서(2024년 9월)/통화신용정책보고서(2024년 9월).pdf,95,번호 직결 인용 없음 또는 문장 조각·중복 배정 제외
BOK-20240912-9803131ae460-그림-0c3a412c44ccae88,통화신용정책보고서 2024년 9월,그림,III-17,대기성 여수신제도의 단기시장금리 안정효과,사용 데이터·출처; 단위; 설명,research/bok-archive/01-통화신용정책보고서/2024-09-12_통화신용정책보고서(2024년 9월)/통화신용정책보고서(2024년 9월).pdf,99,번호 직결 인용 없음 또는 문장 조각·중복 배정 제외
BOK-20240912-9803131ae460-그림-3c572b65434abfa0,통화신용정책보고서 2024년 9월,그림,III-18,주요국 중앙은행의 상설대출제도 현황 및 시사점,통계기법·지수; 설명,research/bok-archive/01-통화신용정책보고서/2024-09-12_통화신용정책보고서(2024년 9월)/통화신용정책보고서(2024년 9월).pdf,101,번호 직결 인용 없음 또는 문장 조각·중복 배정 제외
BOK-20240912-9803131ae460-표-dc1d93c858fd55be,통화신용정책보고서 2024년 9월,표,I-1,주요국 경제성장률,설명,research/bok-archive/01-통화신용정책보고서/2024-09-12_통화신용정책보고서(2024년 9월)/통화신용정책보고서(2024년 9월).pdf,15,번호 직결 인용 없음 또는 문장 조각·중복 배정 제외
BOK-20240912-9803131ae460-표-722cb95c56b0efb5,통화신용정책보고서 2024년 9월,표,I-2,세계경제 성장률 전망,데이터 형태; 종류; 설명,research/bok-archive/01-통화신용정책보고서/2024-09-12_통화신용정책보고서(2024년 9월)/통화신용정책보고서(2024년 9월).pdf,19,허용 종류로 판별 불가 또는 표 구조 미확인; 번호 직결 인용 없음 또는 문장 조각·중복 배정 제외
BOK-20240912-9803131ae460-표-a4d6f0f973f232a7,통화신용정책보고서 2024년 9월,표,I-3,주요 경제성장지표1),설명,research/bok-archive/01-통화신용정책보고서/2024-09-12_통화신용정책보고서(2024년 9월)/통화신용정책보고서(2024년 9월).pdf,20,번호 직결 인용 없음 또는 문장 조각·중복 배정 제외
BOK-20240912-9803131ae460-표-80fe483e8c957b15,통화신용정책보고서 2024년 9월,표,I-4,경상수지,종류; 설명,research/bok-archive/01-통화신용정책보고서/2024-09-12_통화신용정책보고서(2024년 9월)/통화신용정책보고서(2024년 9월).pdf,22,허용 종류로 판별 불가 또는 표 구조 미확인; 번호 직결 인용 없음 또는 문장 조각·중복 배정 제외
BOK-20240912-9803131ae460-표-b49233ecd6a58038,통화신용정책보고서 2024년 9월,표,I-5,취업자수 증감 경,설명,research/bok-archive/01-통화신용정책보고서/2024-09-12_통화신용정책보고서(2024년 9월)/통화신용정책보고서(2024년 9월).pdf,23,번호 직결 인용 없음 또는 문장 조각·중복 배정 제외
BOK-20240912-9803131ae460-표-1ee0d29a6a32930b,통화신용정책보고서 2024년 9월,표,I-6,고용률 및 실업률,종류; 설명,research/bok-archive/01-통화신용정책보고서/2024-09-12_통화신용정책보고서(2024년 9월)/통화신용정책보고서(2024년 9월).pdf,24,허용 종류로 판별 불가 또는 표 구조 미확인; 번호 직결 인용 없음 또는 문장 조각·중복 배정 제외
BOK-20240912-9803131ae460-표-1f94044b3087c6ad,통화신용정책보고서 2024년 9월,표,I-7,항목별 명목임금 및 실질임금 상승률,종류; 설명,research/bok-archive/01-통화신용정책보고서/2024-09-12_통화신용정책보고서(2024년 9월)/통화신용정책보고서(2024년 9월).pdf,24,허용 종류로 판별 불가 또는 표 구조 미확인; 번호 직결 인용 없음 또는 문장 조각·중복 배정 제외
BOK-20240912-9803131ae460-표-44ee19ea35fb1a07,통화신용정책보고서 2024년 9월,표,I-8,경제성장률 전망,데이터 형태; 종류; 설명,research/bok-archive/01-통화신용정책보고서/2024-09-12_통화신용정책보고서(2024년 9월)/통화신용정책보고서(2024년 9월).pdf,25,허용 종류로 판별 불가 또는 표 구조 미확인; 번호 직결 인용 없음 또는 문장 조각·중복 배정 제외
BOK-20240912-9803131ae460-표-6c7c6d2d9def52e7,통화신용정책보고서 2024년 9월,표,I-9,성장의 상‧하방 요인1),단위; 데이터 형태; 종류; 설명,research/bok-archive/01-통화신용정책보고서/2024-09-12_통화신용정책보고서(2024년 9월)/통화신용정책보고서(2024년 9월).pdf,26,허용 종류로 판별 불가 또는 표 구조 미확인; 번호 직결 인용 없음 또는 문장 조각·중복 배정 제외
BOK-20240912-9803131ae460-표-d2c3df0150bfd100,통화신용정책보고서 2024년 9월,표,I-10,소비자물가 상승률,종류; 설명,research/bok-archive/01-통화신용정책보고서/2024-09-12_통화신용정책보고서(2024년 9월)/통화신용정책보고서(2024년 9월).pdf,28,허용 종류로 판별 불가 또는 표 구조 미확인; 번호 직결 인용 없음 또는 문장 조각·중복 배정 제외
BOK-20240912-9803131ae460-표-9180ac0e3471d841,통화신용정책보고서 2024년 9월,표,I-11,주택매매·전세 가격 상승률,단위; 종류; 설명,research/bok-archive/01-통화신용정책보고서/2024-09-12_통화신용정책보고서(2024년 9월)/통화신용정책보고서(2024년 9월).pdf,29,허용 종류로 판별 불가 또는 표 구조 미확인; 번호 직결 인용 없음 또는 문장 조각·중복 배정 제외
BOK-20240912-9803131ae460-표-f8f8df98aeee023e,통화신용정책보고서 2024년 9월,표,I-12,물가상승률 전망1),데이터 형태; 설명,research/bok-archive/01-통화신용정책보고서/2024-09-12_통화신용정책보고서(2024년 9월)/통화신용정책보고서(2024년 9월).pdf,30,번호 직결 인용 없음 또는 문장 조각·중복 배정 제외
BOK-20240912-9803131ae460-표-3d2651d2483d5804,통화신용정책보고서 2024년 9월,표,I-13,물가의 상‧하방 요인1),단위; 데이터 형태; 종류; 설명,research/bok-archive/01-통화신용정책보고서/2024-09-12_통화신용정책보고서(2024년 9월)/통화신용정책보고서(2024년 9월).pdf,30,허용 종류로 판별 불가 또는 표 구조 미확인; 번호 직결 인용 없음 또는 문장 조각·중복 배정 제외
BOK-20240912-9803131ae460-표-785595a593b395c0,통화신용정책보고서 2024년 9월,표,I-14,예금취급기관의 가계대출 Ⅰ,단위; 종류; 통계기법·지수; 설명,research/bok-archive/01-통화신용정책보고서/2024-09-12_통화신용정책보고서(2024년 9월)/통화신용정책보고서(2024년 9월).pdf,35,허용 종류로 판별 불가 또는 표 구조 미확인; 번호 직결 인용 없음 또는 문장 조각·중복 배정 제외
BOK-20240912-9803131ae460-표-0c890626dddac617,통화신용정책보고서 2024년 9월,표,I-15,기업의 자금조달,단위; 종류; 통계기법·지수; 설명,research/bok-archive/01-통화신용정책보고서/2024-09-12_통화신용정책보고서(2024년 9월)/통화신용정책보고서(2024년 9월).pdf,35,허용 종류로 판별 불가 또는 표 구조 미확인; 번호 직결 인용 없음 또는 문장 조각·중복 배정 제외
BOK-20240912-9803131ae460-표-3f91be4a295caed1,통화신용정책보고서 2024년 9월,표,II-1,공개시장운영 대상기관 현황,단위; 데이터 형태; 종류; 통계기법·지수; 설명,research/bok-archive/01-통화신용정책보고서/2024-09-12_통화신용정책보고서(2024년 9월)/통화신용정책보고서(2024년 9월).pdf,68,허용 종류로 판별 불가 또는 표 구조 미확인; 번호 직결 인용 없음 또는 문장 조각·중복 배정 제외
BOK-20240912-9803131ae460-표-0e4e17f41625ca5b,통화신용정책보고서 2024년 9월,표,II-2,금융중개지원대출의 프로그램별 한도,종류; 설명,research/bok-archive/01-통화신용정책보고서/2024-09-12_통화신용정책보고서(2024년 9월)/통화신용정책보고서(2024년 9월).pdf,69,허용 종류로 판별 불가 또는 표 구조 미확인; 번호 직결 인용 없음 또는 문장 조각·중복 배정 제외
BOK-20240912-9803131ae460-표-4b75b0924928ca53,통화신용정책보고서 2024년 9월,표,II-3,정부에 대한 일시대출,종류; 설명,research/bok-archive/01-통화신용정책보고서/2024-09-12_통화신용정책보고서(2024년 9월)/통화신용정책보고서(2024년 9월).pdf,70,허용 종류로 판별 불가 또는 표 구조 미확인; 번호 직결 인용 없음 또는 문장 조각·중복 배정 제외
BOK-20240912-9803131ae460-표-3423d9488928737a,통화신용정책보고서 2024년 9월,표,II-4,대출적격담보 범위,단위; 데이터 형태; 종류; 통계기법·지수; 설명,research/bok-archive/01-통화신용정책보고서/2024-09-12_통화신용정책보고서(2024년 9월)/통화신용정책보고서(2024년 9월).pdf,70,허용 종류로 판별 불가 또는 표 구조 미확인; 번호 직결 인용 없음 또는 문장 조각·중복 배정 제외
BOK-20240912-9803131ae460-표-341f6aa2a5f43cd9,통화신용정책보고서 2024년 9월,표,II-5,｢시장상황 점검회의｣ 개최 내역,단위; 데이터 형태; 종류; 통계기법·지수; 설명,research/bok-archive/01-통화신용정책보고서/2024-09-12_통화신용정책보고서(2024년 9월)/통화신용정책보고서(2024년 9월).pdf,72,허용 종류로 판별 불가 또는 표 구조 미확인; 번호 직결 인용 없음 또는 문장 조각·중복 배정 제외
BOK-20240912-9803131ae460-표-afda8629ea30e9c9,통화신용정책보고서 2024년 9월,표,II-6,｢금융안정회의｣ 내역,단위; 데이터 형태; 종류; 통계기법·지수; 설명,research/bok-archive/01-통화신용정책보고서/2024-09-12_통화신용정책보고서(2024년 9월)/통화신용정책보고서(2024년 9월).pdf,73,허용 종류로 판별 불가 또는 표 구조 미확인; 번호 직결 인용 없음 또는 문장 조각·중복 배정 제외
BOK-20240912-9803131ae460-표-17169061eacc66d9,통화신용정책보고서 2024년 9월,표,II-7,공동검사 실시 횟수,단위; 종류; 통계기법·지수; 설명,research/bok-archive/01-통화신용정책보고서/2024-09-12_통화신용정책보고서(2024년 9월)/통화신용정책보고서(2024년 9월).pdf,74,허용 종류로 판별 불가 또는 표 구조 미확인; 번호 직결 인용 없음 또는 문장 조각·중복 배정 제외
BOK-20240912-9803131ae460-표-371f79d91b52f798,통화신용정책보고서 2024년 9월,표,II-8,한국은행의 통화스왑 체결 현황,단위; 데이터 형태; 종류; 설명,research/bok-archive/01-통화신용정책보고서/2024-09-12_통화신용정책보고서(2024년 9월)/통화신용정책보고서(2024년 9월).pdf,75,허용 종류로 판별 불가 또는 표 구조 미확인; 번호 직결 인용 없음 또는 문장 조각·중복 배정 제외
BOK-20240912-9803131ae460-표-6316b0c795b85eb6,통화신용정책보고서 2024년 9월,표,II-9,금통위원의 향후 3개월 내 조건부 기준금리,단위; 데이터 형태; 종류; 설명,research/bok-archive/01-통화신용정책보고서/2024-09-12_통화신용정책보고서(2024년 9월)/통화신용정책보고서(2024년 9월).pdf,80,허용 종류로 판별 불가 또는 표 구조 미확인; 번호 직결 인용 없음 또는 문장 조각·중복 배정 제외
BOK-20240912-9803131ae460-표-f6d9d88b9129f0d5,통화신용정책보고서 2024년 9월,표,III-1,과거 확장기의 주택가격 상승률 및 가계부채비율 상승폭,설명,research/bok-archive/01-통화신용정책보고서/2024-09-12_통화신용정책보고서(2024년 9월)/통화신용정책보고서(2024년 9월).pdf,92,번호 직결 인용 없음 또는 문장 조각·중복 배정 제외
BOK-20240912-9803131ae460-표-aa791aef2ceb435b,통화신용정책보고서 2024년 9월,표,III-2-2023,년 3월 SVB 뱅크런 사태 추이,사용 데이터·출처; 단위; 데이터 형태; 종류; 통계기법·지수; 설명,불명,불명,허용 종류로 판별 불가 또는 표 구조 미확인; 번호 직결 인용 없음 또는 문장 조각·중복 배정 제외
BOK-20240912-9803131ae460-표-4f497b81321497d7,통화신용정책보고서 2024년 9월,표,III-3,주요국 중앙은행 상설대출제도 개관1),단위; 데이터 형태; 종류; 통계기법·지수; 설명,research/bok-archive/01-통화신용정책보고서/2024-09-12_통화신용정책보고서(2024년 9월)/통화신용정책보고서(2024년 9월).pdf,99,허용 종류로 판별 불가 또는 표 구조 미확인; 번호 직결 인용 없음 또는 문장 조각·중복 배정 제외
BOK-20240912-9803131ae460-표-afeaf45eb2abca15,통화신용정책보고서 2024년 9월,표,III-4,주요국 중앙은행 상설대출제도의 대상기관,단위; 데이터 형태; 종류; 통계기법·지수; 설명,research/bok-archive/01-통화신용정책보고서/2024-09-12_통화신용정책보고서(2024년 9월)/통화신용정책보고서(2024년 9월).pdf,100,허용 종류로 판별 불가 또는 표 구조 미확인; 번호 직결 인용 없음 또는 문장 조각·중복 배정 제외
BOK-20240912-9803131ae460-표-ef69e75388c6e815,통화신용정책보고서 2024년 9월,표,III-5,주요국 중앙은행 상설대출제도의 적격담보,단위; 데이터 형태; 종류; 통계기법·지수; 설명,research/bok-archive/01-통화신용정책보고서/2024-09-12_통화신용정책보고서(2024년 9월)/통화신용정책보고서(2024년 9월).pdf,100,허용 종류로 판별 불가 또는 표 구조 미확인; 번호 직결 인용 없음 또는 문장 조각·중복 배정 제외
BOK-20240912-9803131ae460-표-304b4e7f5b36f9bb,통화신용정책보고서 2024년 9월,표,III-6,주요국 중앙은행 상설대출제도 주요 연혁,사용 데이터·출처; 단위; 데이터 형태; 종류; 통계기법·지수; 설명,research/bok-archive/01-통화신용정책보고서/2024-09-12_통화신용정책보고서(2024년 9월)/통화신용정책보고서(2024년 9월).pdf,102,허용 종류로 판별 불가 또는 표 구조 미확인; 번호 직결 인용 없음 또는 문장 조각·중복 배정 제외
BOK-20240912-9803131ae460-표-9c0f5ba196389605,통화신용정책보고서 2024년 9월,표,III-7,미 상원 Discount Window 강화 입법안 주요 내용,단위; 데이터 형태; 종류; 통계기법·지수; 설명,research/bok-archive/01-통화신용정책보고서/2024-09-12_통화신용정책보고서(2024년 9월)/통화신용정책보고서(2024년 9월).pdf,104,허용 종류로 판별 불가 또는 표 구조 미확인; 번호 직결 인용 없음 또는 문장 조각·중복 배정 제외
BOK-20240912-9803131ae460-표-10dd1dbf6c56ef8c,통화신용정책보고서 2024년 9월,표,III-8-2023,년 7월 자금조정대출제도 개편 내용,사용 데이터·출처; 단위; 데이터 형태; 종류; 통계기법·지수; 설명,불명,불명,허용 종류로 판별 불가 또는 표 구조 미확인; 번호 직결 인용 없음 또는 문장 조각·중복 배정 제외
BOK-20250313-93844c79d247-그림-13558a8ce1fa9f68,통화신용정책보고서 2025년 3월,그림,개요 1,"미국 국채금리, 글로벌 주가지수 및 미 달러화 지수",설명,불명,불명,번호 직결 인용 없음 또는 문장 조각·중복 배정 제외
BOK-20250313-93844c79d247-그림-2140ac42eec94690,통화신용정책보고서 2025년 3월,그림,개요 2,실질GDP 성장률 전망,설명,research/bok-archive/01-통화신용정책보고서/2025-03-13_통화신용정책보고서(2025년 3월)/통화신용정책보고서(2025년 3월).pdf,25,번호 직결 인용 없음 또는 문장 조각·중복 배정 제외
BOK-20250313-93844c79d247-그림-5cf4cb9a0911fcfd,통화신용정책보고서 2025년 3월,그림,개요 3,물가상승률 전망,설명,불명,불명,번호 직결 인용 없음 또는 문장 조각·중복 배정 제외
BOK-20250313-93844c79d247-그림-63503cf8c614a181,통화신용정책보고서 2025년 3월,그림,개요 4,국내 금리∙주가∙환율,설명,불명,불명,번호 직결 인용 없음 또는 문장 조각·중복 배정 제외
BOK-20250313-93844c79d247-그림-95399f91016ed6b1,통화신용정책보고서 2025년 3월,그림,개요 5,아파트 매매가격 상승률,설명,불명,불명,번호 직결 인용 없음 또는 문장 조각·중복 배정 제외
BOK-20250313-93844c79d247-그림-004a1590095773bd,통화신용정책보고서 2025년 3월,그림,개요 6,예금취급기관의 가계대출 증감,통계기법·지수; 설명,research/bok-archive/01-통화신용정책보고서/2025-03-13_통화신용정책보고서(2025년 3월)/통화신용정책보고서(2025년 3월).pdf,38,번호 직결 인용 없음 또는 문장 조각·중복 배정 제외
BOK-20250313-93844c79d247-그림-65ac1978c0379096,통화신용정책보고서 2025년 3월,그림,개요 7,한국은행 기준금리,설명,research/bok-archive/01-통화신용정책보고서/2025-03-13_통화신용정책보고서(2025년 3월)/통화신용정책보고서(2025년 3월).pdf,67,번호 직결 인용 없음 또는 문장 조각·중복 배정 제외
BOK-20250313-93844c79d247-그림-3b573331f3b298ba,통화신용정책보고서 2025년 3월,그림,개요 8,한국은행 금융중개지원대출의 한도 및 금리,설명,research/bok-archive/01-통화신용정책보고서/2025-03-13_통화신용정책보고서(2025년 3월)/통화신용정책보고서(2025년 3월).pdf,71,번호 직결 인용 없음 또는 문장 조각·중복 배정 제외
BOK-20250313-93844c79d247-그림-92c0f13d92ba4025,통화신용정책보고서 2025년 3월,그림,I-1,세계경제,단위; 분석 목적; 설명,research/bok-archive/01-통화신용정책보고서/2025-03-13_통화신용정책보고서(2025년 3월)/통화신용정책보고서(2025년 3월).pdf,15,제목·계열·직접 인용의 해석 근거 부족; 번호 직결 인용 없음 또는 문장 조각·중복 배정 제외
BOK-20250313-93844c79d247-그림-b807214ef7d038da,통화신용정책보고서 2025년 3월,그림,참고 I-1-1,트럼프 1기 당시 관세율,설명,불명,불명,번호 직결 인용 없음 또는 문장 조각·중복 배정 제외
BOK-20250313-93844c79d247-그림-b3ad768734debfc4,통화신용정책보고서 2025년 3월,그림,참고 I-1-2,무역정책 불확실성 지수,설명,불명,불명,번호 직결 인용 없음 또는 문장 조각·중복 배정 제외
BOK-20250313-93844c79d247-그림-6e79882d535e9090,통화신용정책보고서 2025년 3월,그림,참고 I-1-3,우리나라 전체 수출 중 대미〮대중 비중,설명,불명,불명,번호 직결 인용 없음 또는 문장 조각·중복 배정 제외
BOK-20250313-93844c79d247-그림-8eeedad131581795,통화신용정책보고서 2025년 3월,그림,참고 I-1-4,2024년 대미수출 주요 품목별 비중,설명,불명,불명,번호 직결 인용 없음 또는 문장 조각·중복 배정 제외
BOK-20250313-93844c79d247-그림-c11738b6bd2cb7d2,통화신용정책보고서 2025년 3월,그림,I-2,세계경제,분석 목적,research/bok-archive/01-통화신용정책보고서/2025-03-13_통화신용정책보고서(2025년 3월)/통화신용정책보고서(2025년 3월).pdf,16,제목·계열·직접 인용의 해석 근거 부족
BOK-20250313-93844c79d247-그림-6beee658e3c04361,통화신용정책보고서 2025년 3월,그림,참고 I-2-1,과거 미〮중 무역분쟁 기간 중 주요 주가 하락기,단위; 설명,불명,불명,번호 직결 인용 없음 또는 문장 조각·중복 배정 제외
BOK-20250313-93844c79d247-그림-520cfe4f98d59dbf,통화신용정책보고서 2025년 3월,그림,참고 I-2-2,국내 주가 및 PBR,단위; 설명,불명,불명,번호 직결 인용 없음 또는 문장 조각·중복 배정 제외
BOK-20250313-93844c79d247-그림-df34c88919c51fe3,통화신용정책보고서 2025년 3월,그림,참고 I-2-3,업종별 주가 변동률,설명,불명,불명,번호 직결 인용 없음 또는 문장 조각·중복 배정 제외
BOK-20250313-93844c79d247-그림-751dcd9ba7cec87f,통화신용정책보고서 2025년 3월,그림,참고 I-2-4,트럼프 1기 당시 한·미 국채금리,설명,불명,불명,번호 직결 인용 없음 또는 문장 조각·중복 배정 제외
BOK-20250313-93844c79d247-그림-24e3e3c3391d04a0,통화신용정책보고서 2025년 3월,그림,참고 I-2-5,트럼프 1기와 최근 국고채 금리 및 기준금리 간 격차,설명,불명,불명,번호 직결 인용 없음 또는 문장 조각·중복 배정 제외
BOK-20250313-93844c79d247-그림-3b75cf1f3756bd0c,통화신용정책보고서 2025년 3월,그림,참고 I-2-7,미 국채금리의 국고채 금리 영향력,설명,불명,불명,번호 직결 인용 없음 또는 문장 조각·중복 배정 제외
BOK-20250313-93844c79d247-그림-df4ea358816ba636,통화신용정책보고서 2025년 3월,그림,I-3,세계경제,분석 목적; 통계기법·지수,research/bok-archive/01-통화신용정책보고서/2025-03-13_통화신용정책보고서(2025년 3월)/통화신용정책보고서(2025년 3월).pdf,16,제목·계열·직접 인용의 해석 근거 부족
BOK-20250313-93844c79d247-그림-bd19c20412bf00f2,통화신용정책보고서 2025년 3월,그림,I-4,세계경제,분석 목적; 통계기법·지수,research/bok-archive/01-통화신용정책보고서/2025-03-13_통화신용정책보고서(2025년 3월)/통화신용정책보고서(2025년 3월).pdf,17,제목·계열·직접 인용의 해석 근거 부족
BOK-20250313-93844c79d247-그림-c6f363a0fc974547,통화신용정책보고서 2025년 3월,그림,참고 I-4-1,금융권 가계대출1) 증감,설명,불명,불명,번호 직결 인용 없음 또는 문장 조각·중복 배정 제외
BOK-20250313-93844c79d247-그림-a5d765bc922f5445,통화신용정책보고서 2025년 3월,그림,참고 I-4-2,은행 가계대출1) 종류별 증감,설명,불명,불명,번호 직결 인용 없음 또는 문장 조각·중복 배정 제외
BOK-20250313-93844c79d247-그림-ac8cbb10307ebd83,통화신용정책보고서 2025년 3월,그림,참고 I-4-3,은행 주택관련대출 용도별 신규취급액,설명,불명,불명,번호 직결 인용 없음 또는 문장 조각·중복 배정 제외
BOK-20250313-93844c79d247-그림-30f6357ca522817b,통화신용정책보고서 2025년 3월,그림,참고 I-4-4,금융권 주택관련대출1) 업권별 증감,설명,불명,불명,번호 직결 인용 없음 또는 문장 조각·중복 배정 제외
BOK-20250313-93844c79d247-그림-21941da6436a128b,통화신용정책보고서 2025년 3월,그림,참고 I-4-5,서울 아파트 매매가격 및 거래량,설명,불명,불명,번호 직결 인용 없음 또는 문장 조각·중복 배정 제외
BOK-20250313-93844c79d247-그림-1209849814804a15,통화신용정책보고서 2025년 3월,그림,참고 I-4-6,전국 주택 분양물량 및 아파트 입주물량,설명,불명,불명,번호 직결 인용 없음 또는 문장 조각·중복 배정 제외
BOK-20250313-93844c79d247-그림-7419bbf1fa1d091f,통화신용정책보고서 2025년 3월,그림,참고 I-4-7,정책대출 공급 실적,통계기법·지수; 설명,불명,불명,번호 직결 인용 없음 또는 문장 조각·중복 배정 제외
BOK-20250313-93844c79d247-그림-911bcbdf5890e1cc,통화신용정책보고서 2025년 3월,그림,참고 I-4-8,명목GDP 대비 가계부채 비율,설명,불명,불명,번호 직결 인용 없음 또는 문장 조각·중복 배정 제외
BOK-20250313-93844c79d247-그림-bc20b7b6745887aa,통화신용정책보고서 2025년 3월,그림,I-5,세계경제,분석 목적; 설명,research/bok-archive/01-통화신용정책보고서/2025-03-13_통화신용정책보고서(2025년 3월)/통화신용정책보고서(2025년 3월).pdf,18,제목·계열·직접 인용의 해석 근거 부족; 번호 직결 인용 없음 또는 문장 조각·중복 배정 제외
BOK-20250313-93844c79d247-그림-7bf13c0d8a58645e,통화신용정책보고서 2025년 3월,그림,참고 I-5-1,미국 및 중국 금리,설명,불명,불명,번호 직결 인용 없음 또는 문장 조각·중복 배정 제외
BOK-20250313-93844c79d247-그림-8273d7cff517bd4b,통화신용정책보고서 2025년 3월,그림,참고 I-5-2,미 달러화 지수 및 위안화 환율,설명,불명,불명,번호 직결 인용 없음 또는 문장 조각·중복 배정 제외
BOK-20250313-93844c79d247-그림-49d3b13cd2687505,통화신용정책보고서 2025년 3월,그림,참고 I-5-3,미국 및 중국 주가,설명,불명,불명,번호 직결 인용 없음 또는 문장 조각·중복 배정 제외
BOK-20250313-93844c79d247-그림-c442672906d2498a,통화신용정책보고서 2025년 3월,그림,참고 I-5-4,미국 및 중국 성장,설명,불명,불명,번호 직결 인용 없음 또는 문장 조각·중복 배정 제외
BOK-20250313-93844c79d247-그림-47be224ba6b3a878,통화신용정책보고서 2025년 3월,그림,참고 I-5-5,미국 및 중국 인플레이션,설명,불명,불명,번호 직결 인용 없음 또는 문장 조각·중복 배정 제외
BOK-20250313-93844c79d247-그림-e602cefa6e5d7bfe,통화신용정책보고서 2025년 3월,그림,참고 I-5-6,통화가치 변화율,설명,불명,불명,번호 직결 인용 없음 또는 문장 조각·중복 배정 제외
BOK-20250313-93844c79d247-그림-b6d6538f34145edb,통화신용정책보고서 2025년 3월,그림,I-6,세계경제,분석 목적; 설명,research/bok-archive/01-통화신용정책보고서/2025-03-13_통화신용정책보고서(2025년 3월)/통화신용정책보고서(2025년 3월).pdf,18,제목·계열·직접 인용의 해석 근거 부족; 번호 직결 인용 없음 또는 문장 조각·중복 배정 제외
BOK-20250313-93844c79d247-그림-b024f76b8f9d3a2d,통화신용정책보고서 2025년 3월,그림,I-7,실물경제,분석 목적; 통계기법·지수; 설명,research/bok-archive/01-통화신용정책보고서/2025-03-13_통화신용정책보고서(2025년 3월)/통화신용정책보고서(2025년 3월).pdf,20,제목·계열·직접 인용의 해석 근거 부족; 번호 직결 인용 없음 또는 문장 조각·중복 배정 제외
BOK-20250313-93844c79d247-그림-2e87b9b10dcc4f09,통화신용정책보고서 2025년 3월,그림,I-8,실물경제,분석 목적; 통계기법·지수,research/bok-archive/01-통화신용정책보고서/2025-03-13_통화신용정책보고서(2025년 3월)/통화신용정책보고서(2025년 3월).pdf,21,제목·계열·직접 인용의 해석 근거 부족
BOK-20250313-93844c79d247-그림-acdf3b187ca15e9e,통화신용정책보고서 2025년 3월,그림,I-9,실물경제,분석 목적; 통계기법·지수,research/bok-archive/01-통화신용정책보고서/2025-03-13_통화신용정책보고서(2025년 3월)/통화신용정책보고서(2025년 3월).pdf,21,제목·계열·직접 인용의 해석 근거 부족
BOK-20250313-93844c79d247-그림-8d65247b60b3cf42,통화신용정책보고서 2025년 3월,그림,I-10,실물경제,분석 목적; 설명,research/bok-archive/01-통화신용정책보고서/2025-03-13_통화신용정책보고서(2025년 3월)/통화신용정책보고서(2025년 3월).pdf,22,제목·계열·직접 인용의 해석 근거 부족; 번호 직결 인용 없음 또는 문장 조각·중복 배정 제외
BOK-20250313-93844c79d247-그림-71e070dcccb29c40,통화신용정책보고서 2025년 3월,그림,I-11,실물경제,분석 목적; 통계기법·지수; 설명,research/bok-archive/01-통화신용정책보고서/2025-03-13_통화신용정책보고서(2025년 3월)/통화신용정책보고서(2025년 3월).pdf,23,제목·계열·직접 인용의 해석 근거 부족; 번호 직결 인용 없음 또는 문장 조각·중복 배정 제외
BOK-20250313-93844c79d247-그림-9c602a5a16dbb841,통화신용정책보고서 2025년 3월,그림,I-12,실물경제,분석 목적; 설명,research/bok-archive/01-통화신용정책보고서/2025-03-13_통화신용정책보고서(2025년 3월)/통화신용정책보고서(2025년 3월).pdf,24,제목·계열·직접 인용의 해석 근거 부족; 번호 직결 인용 없음 또는 문장 조각·중복 배정 제외
BOK-20250313-93844c79d247-그림-c8739e6cb23afbcf,통화신용정책보고서 2025년 3월,그림,I-13,실물경제,분석 목적; 설명,research/bok-archive/01-통화신용정책보고서/2025-03-13_통화신용정책보고서(2025년 3월)/통화신용정책보고서(2025년 3월).pdf,25,제목·계열·직접 인용의 해석 근거 부족; 번호 직결 인용 없음 또는 문장 조각·중복 배정 제외
BOK-20250313-93844c79d247-그림-2575ce92bf06ac17,통화신용정책보고서 2025년 3월,그림,I-14,물가,설명,research/bok-archive/01-통화신용정책보고서/2025-03-13_통화신용정책보고서(2025년 3월)/통화신용정책보고서(2025년 3월).pdf,27,번호 직결 인용 없음 또는 문장 조각·중복 배정 제외
BOK-20250313-93844c79d247-그림-5c47a456dd15b107,통화신용정책보고서 2025년 3월,그림,I-16,물가,설명,research/bok-archive/01-통화신용정책보고서/2025-03-13_통화신용정책보고서(2025년 3월)/통화신용정책보고서(2025년 3월).pdf,28,번호 직결 인용 없음 또는 문장 조각·중복 배정 제외
BOK-20250313-93844c79d247-그림-95ec84bcd5885fcd,통화신용정책보고서 2025년 3월,그림,I-17,물가,설명,research/bok-archive/01-통화신용정책보고서/2025-03-13_통화신용정책보고서(2025년 3월)/통화신용정책보고서(2025년 3월).pdf,29,번호 직결 인용 없음 또는 문장 조각·중복 배정 제외
BOK-20250313-93844c79d247-그림-f88b443591851f36,통화신용정책보고서 2025년 3월,그림,I-18,물가,설명,research/bok-archive/01-통화신용정책보고서/2025-03-13_통화신용정책보고서(2025년 3월)/통화신용정책보고서(2025년 3월).pdf,29,번호 직결 인용 없음 또는 문장 조각·중복 배정 제외
BOK-20250313-93844c79d247-그림-a531b9e018e239dd,통화신용정책보고서 2025년 3월,그림,I-19,물가,설명,research/bok-archive/01-통화신용정책보고서/2025-03-13_통화신용정책보고서(2025년 3월)/통화신용정책보고서(2025년 3월).pdf,30,번호 직결 인용 없음 또는 문장 조각·중복 배정 제외
BOK-20250313-93844c79d247-그림-26917489da37d68c,통화신용정책보고서 2025년 3월,그림,I-20,금융·외환,분석 목적,research/bok-archive/01-통화신용정책보고서/2025-03-13_통화신용정책보고서(2025년 3월)/통화신용정책보고서(2025년 3월).pdf,31,제목·계열·직접 인용의 해석 근거 부족
BOK-20250313-93844c79d247-그림-1ddfa3cb5a53b905,통화신용정책보고서 2025년 3월,그림,I-21,금융·외환,분석 목적; 통계기법·지수; 설명,research/bok-archive/01-통화신용정책보고서/2025-03-13_통화신용정책보고서(2025년 3월)/통화신용정책보고서(2025년 3월).pdf,31,제목·계열·직접 인용의 해석 근거 부족; 번호 직결 인용 없음 또는 문장 조각·중복 배정 제외
BOK-20250313-93844c79d247-그림-d24e57b56f0ac8de,통화신용정책보고서 2025년 3월,그림,I-22,금융·외환,분석 목적; 통계기법·지수; 설명,research/bok-archive/01-통화신용정책보고서/2025-03-13_통화신용정책보고서(2025년 3월)/통화신용정책보고서(2025년 3월).pdf,32,제목·계열·직접 인용의 해석 근거 부족; 번호 직결 인용 없음 또는 문장 조각·중복 배정 제외
BOK-20250313-93844c79d247-그림-334420be90d4c73c,통화신용정책보고서 2025년 3월,그림,I-23,금융·외환,분석 목적; 설명,research/bok-archive/01-통화신용정책보고서/2025-03-13_통화신용정책보고서(2025년 3월)/통화신용정책보고서(2025년 3월).pdf,33,제목·계열·직접 인용의 해석 근거 부족; 번호 직결 인용 없음 또는 문장 조각·중복 배정 제외
BOK-20250313-93844c79d247-그림-4578714811b3b95b,통화신용정책보고서 2025년 3월,그림,I-24,금융·외환,분석 목적; 통계기법·지수; 설명,research/bok-archive/01-통화신용정책보고서/2025-03-13_통화신용정책보고서(2025년 3월)/통화신용정책보고서(2025년 3월).pdf,33,제목·계열·직접 인용의 해석 근거 부족; 번호 직결 인용 없음 또는 문장 조각·중복 배정 제외
BOK-20250313-93844c79d247-그림-9e5a53dc79276aef,통화신용정책보고서 2025년 3월,그림,I-25,금융·외환,분석 목적,research/bok-archive/01-통화신용정책보고서/2025-03-13_통화신용정책보고서(2025년 3월)/통화신용정책보고서(2025년 3월).pdf,34,제목·계열·직접 인용의 해석 근거 부족
BOK-20250313-93844c79d247-그림-6486f259120b2366,통화신용정책보고서 2025년 3월,그림,I-26,금융·외환,분석 목적,research/bok-archive/01-통화신용정책보고서/2025-03-13_통화신용정책보고서(2025년 3월)/통화신용정책보고서(2025년 3월).pdf,35,제목·계열·직접 인용의 해석 근거 부족
BOK-20250313-93844c79d247-그림-ddcf7c91c61b3364,통화신용정책보고서 2025년 3월,그림,I-27,금융·외환,분석 목적,research/bok-archive/01-통화신용정책보고서/2025-03-13_통화신용정책보고서(2025년 3월)/통화신용정책보고서(2025년 3월).pdf,35,제목·계열·직접 인용의 해석 근거 부족
BOK-20250313-93844c79d247-그림-123c50d0e11735c2,통화신용정책보고서 2025년 3월,그림,I-28,금융·외환,분석 목적; 설명,research/bok-archive/01-통화신용정책보고서/2025-03-13_통화신용정책보고서(2025년 3월)/통화신용정책보고서(2025년 3월).pdf,36,제목·계열·직접 인용의 해석 근거 부족; 번호 직결 인용 없음 또는 문장 조각·중복 배정 제외
BOK-20250313-93844c79d247-그림-8e97af80a513a4e0,통화신용정책보고서 2025년 3월,그림,I-29,금융상황지수1)2)3),설명,research/bok-archive/01-통화신용정책보고서/2025-03-13_통화신용정책보고서(2025년 3월)/통화신용정책보고서(2025년 3월).pdf,36,번호 직결 인용 없음 또는 문장 조각·중복 배정 제외
BOK-20250313-93844c79d247-그림-d6d5c214c6d12c70,통화신용정책보고서 2025년 3월,그림,I-30,금융〮외환,분석 목적,research/bok-archive/01-통화신용정책보고서/2025-03-13_통화신용정책보고서(2025년 3월)/통화신용정책보고서(2025년 3월).pdf,37,제목·계열·직접 인용의 해석 근거 부족
BOK-20250313-93844c79d247-그림-c43f99688e952dc7,통화신용정책보고서 2025년 3월,그림,I-31,금융〮외환,분석 목적; 통계기법·지수,research/bok-archive/01-통화신용정책보고서/2025-03-13_통화신용정책보고서(2025년 3월)/통화신용정책보고서(2025년 3월).pdf,38,제목·계열·직접 인용의 해석 근거 부족
BOK-20250313-93844c79d247-그림-751db2590658a3a2,통화신용정책보고서 2025년 3월,그림,I-32,금융·외환,분석 목적,research/bok-archive/01-통화신용정책보고서/2025-03-13_통화신용정책보고서(2025년 3월)/통화신용정책보고서(2025년 3월).pdf,39,제목·계열·직접 인용의 해석 근거 부족
BOK-20250313-93844c79d247-그림-238a9db0fac3647f,통화신용정책보고서 2025년 3월,그림,I-33,금융·외환,분석 목적; 설명,research/bok-archive/01-통화신용정책보고서/2025-03-13_통화신용정책보고서(2025년 3월)/통화신용정책보고서(2025년 3월).pdf,39,제목·계열·직접 인용의 해석 근거 부족; 번호 직결 인용 없음 또는 문장 조각·중복 배정 제외
BOK-20250313-93844c79d247-그림-0f26a46c3863fa0a,통화신용정책보고서 2025년 3월,그림,I-34,금융·외환,분석 목적; 설명,research/bok-archive/01-통화신용정책보고서/2025-03-13_통화신용정책보고서(2025년 3월)/통화신용정책보고서(2025년 3월).pdf,40,제목·계열·직접 인용의 해석 근거 부족; 번호 직결 인용 없음 또는 문장 조각·중복 배정 제외
BOK-20250313-93844c79d247-그림-d3e42a6d83f50ac3,통화신용정책보고서 2025년 3월,그림,I-36,금융·외환,분석 목적; 통계기법·지수; 설명,research/bok-archive/01-통화신용정책보고서/2025-03-13_통화신용정책보고서(2025년 3월)/통화신용정책보고서(2025년 3월).pdf,40,제목·계열·직접 인용의 해석 근거 부족; 번호 직결 인용 없음 또는 문장 조각·중복 배정 제외
BOK-20250313-93844c79d247-그림-0806b311ffbb7a78,통화신용정책보고서 2025년 3월,그림,II-1,기준금리,분석 목적; 통계기법·지수; 설명,research/bok-archive/01-통화신용정책보고서/2025-03-13_통화신용정책보고서(2025년 3월)/통화신용정책보고서(2025년 3월).pdf,67,제목·계열·직접 인용의 해석 근거 부족; 번호 직결 인용 없음 또는 문장 조각·중복 배정 제외
BOK-20250313-93844c79d247-그림-3313c517e990d770,통화신용정책보고서 2025년 3월,그림,참고 II-1-1,주요국 인플레이션,설명,불명,불명,번호 직결 인용 없음 또는 문장 조각·중복 배정 제외
BOK-20250313-93844c79d247-그림-ac5f36c949975896,통화신용정책보고서 2025년 3월,그림,참고 II-1-2,주요국 정책금리,설명,불명,불명,번호 직결 인용 없음 또는 문장 조각·중복 배정 제외
BOK-20250313-93844c79d247-그림-bd4c0ba18c76243f,통화신용정책보고서 2025년 3월,그림,참고 II-1-3,금융시장의 미 연준 정책금리 기대 변화,설명,불명,불명,번호 직결 인용 없음 또는 문장 조각·중복 배정 제외
BOK-20250313-93844c79d247-그림-8f56a715d914ca37,통화신용정책보고서 2025년 3월,그림,참고 II-1-4,유로지역 및 영국 성장 전망 변화,설명,불명,불명,번호 직결 인용 없음 또는 문장 조각·중복 배정 제외
BOK-20250313-93844c79d247-그림-7221f4879d09542a,통화신용정책보고서 2025년 3월,그림,참고 II-1-5,일본 물가 전망,설명,불명,불명,번호 직결 인용 없음 또는 문장 조각·중복 배정 제외
BOK-20250313-93844c79d247-그림-c44fc608706a91b8,통화신용정책보고서 2025년 3월,그림,II-2,통화정책방향 결정회의(2024년 11월 28일),단위; 데이터 형태; 통계기법·지수; 설명,research/bok-archive/01-통화신용정책보고서/2025-03-13_통화신용정책보고서(2025년 3월)/통화신용정책보고서(2025년 3월).pdf,68,번호 직결 인용 없음 또는 문장 조각·중복 배정 제외
BOK-20250313-93844c79d247-그림-03d29af6d0ae8d15,통화신용정책보고서 2025년 3월,그림,II-3,기준금리,단위; 분석 목적; 설명,research/bok-archive/01-통화신용정책보고서/2025-03-13_통화신용정책보고서(2025년 3월)/통화신용정책보고서(2025년 3월).pdf,68,제목·계열·직접 인용의 해석 근거 부족; 번호 직결 인용 없음 또는 문장 조각·중복 배정 제외
BOK-20250313-93844c79d247-그림-f37280dcdd5b550e,통화신용정책보고서 2025년 3월,그림,II-4,기준금리,분석 목적; 통계기법·지수,research/bok-archive/01-통화신용정책보고서/2025-03-13_통화신용정책보고서(2025년 3월)/통화신용정책보고서(2025년 3월).pdf,69,제목·계열·직접 인용의 해석 근거 부족
BOK-20250313-93844c79d247-그림-ea684e957af6278b,통화신용정책보고서 2025년 3월,그림,II-5,기준금리,분석 목적; 통계기법·지수; 설명,research/bok-archive/01-통화신용정책보고서/2025-03-13_통화신용정책보고서(2025년 3월)/통화신용정책보고서(2025년 3월).pdf,69,제목·계열·직접 인용의 해석 근거 부족; 번호 직결 인용 없음 또는 문장 조각·중복 배정 제외
BOK-20250313-93844c79d247-그림-160b13155b6ffd20,통화신용정책보고서 2025년 3월,그림,II-6,기준금리,분석 목적; 통계기법·지수,research/bok-archive/01-통화신용정책보고서/2025-03-13_통화신용정책보고서(2025년 3월)/통화신용정책보고서(2025년 3월).pdf,70,제목·계열·직접 인용의 해석 근거 부족
BOK-20250313-93844c79d247-그림-e32636c3e003f1cd,통화신용정책보고서 2025년 3월,그림,II-7,기준금리,분석 목적; 통계기법·지수; 설명,research/bok-archive/01-통화신용정책보고서/2025-03-13_통화신용정책보고서(2025년 3월)/통화신용정책보고서(2025년 3월).pdf,70,제목·계열·직접 인용의 해석 근거 부족; 번호 직결 인용 없음 또는 문장 조각·중복 배정 제외
BOK-20250313-93844c79d247-그림-7ac6508537269b41,통화신용정책보고서 2025년 3월,그림,II-8,금융중개지원대출,통계기법·지수; 설명,research/bok-archive/01-통화신용정책보고서/2025-03-13_통화신용정책보고서(2025년 3월)/통화신용정책보고서(2025년 3월).pdf,71,번호 직결 인용 없음 또는 문장 조각·중복 배정 제외
BOK-20250313-93844c79d247-그림-7923a9e78e418215,통화신용정책보고서 2025년 3월,그림,II-9,금융·외환시장 점검 및 시장안정화 조치 실시,단위; 데이터 형태; 통계기법·지수; 설명,research/bok-archive/01-통화신용정책보고서/2025-03-13_통화신용정책보고서(2025년 3월)/통화신용정책보고서(2025년 3월).pdf,72,번호 직결 인용 없음 또는 문장 조각·중복 배정 제외
BOK-20250313-93844c79d247-그림-daa4c1795d48082b,통화신용정책보고서 2025년 3월,그림,II-10,가계대출에 대한 거시건전성 규제(MPP) 강화,데이터 형태,research/bok-archive/01-통화신용정책보고서/2025-03-13_통화신용정책보고서(2025년 3월)/통화신용정책보고서(2025년 3월).pdf,74,출처·단위·데이터 형태 등 미확인
BOK-20250313-93844c79d247-그림-f332134218b41811,통화신용정책보고서 2025년 3월,그림,II-11,외환당국과 국민연금 간 외환스왑 거래 구조1),단위; 데이터 형태; 설명,research/bok-archive/01-통화신용정책보고서/2025-03-13_통화신용정책보고서(2025년 3월)/통화신용정책보고서(2025년 3월).pdf,75,번호 직결 인용 없음 또는 문장 조각·중복 배정 제외
BOK-20250313-93844c79d247-그림-15221f1dfb0f1060,통화신용정책보고서 2025년 3월,그림,II-12,SEACEN 총재컨퍼런스 및 센터총회,단위; 데이터 형태; 통계기법·지수; 설명,research/bok-archive/01-통화신용정책보고서/2025-03-13_통화신용정책보고서(2025년 3월)/통화신용정책보고서(2025년 3월).pdf,76,번호 직결 인용 없음 또는 문장 조각·중복 배정 제외
BOK-20250313-93844c79d247-그림-3febb0d169bee6eb,통화신용정책보고서 2025년 3월,그림,II-13,아고라 프로젝트 참가기관 및 국가,단위; 데이터 형태; 통계기법·지수; 설명,research/bok-archive/01-통화신용정책보고서/2025-03-13_통화신용정책보고서(2025년 3월)/통화신용정책보고서(2025년 3월).pdf,78,번호 직결 인용 없음 또는 문장 조각·중복 배정 제외
BOK-20250313-93844c79d247-그림-12d9c7cc34780434,통화신용정책보고서 2025년 3월,그림,II-14,향후 정책운영 방향,분석 목적; 통계기법·지수; 설명,research/bok-archive/01-통화신용정책보고서/2025-03-13_통화신용정책보고서(2025년 3월)/통화신용정책보고서(2025년 3월).pdf,79,제목·계열·직접 인용의 해석 근거 부족; 번호 직결 인용 없음 또는 문장 조각·중복 배정 제외
BOK-20250313-93844c79d247-그림-04e006c6691933ef,통화신용정책보고서 2025년 3월,그림,II-15,향후 정책운영 방향,분석 목적; 통계기법·지수,research/bok-archive/01-통화신용정책보고서/2025-03-13_통화신용정책보고서(2025년 3월)/통화신용정책보고서(2025년 3월).pdf,79,제목·계열·직접 인용의 해석 근거 부족
BOK-20250313-93844c79d247-그림-35381990495f6c14,통화신용정책보고서 2025년 3월,그림,II-16,향후 정책운영 방향,분석 목적,research/bok-archive/01-통화신용정책보고서/2025-03-13_통화신용정책보고서(2025년 3월)/통화신용정책보고서(2025년 3월).pdf,79,제목·계열·직접 인용의 해석 근거 부족
BOK-20250313-93844c79d247-그림-4593ed26d45a8b1d,통화신용정책보고서 2025년 3월,그림,II-17,향후 정책운영 방향,분석 목적; 설명,research/bok-archive/01-통화신용정책보고서/2025-03-13_통화신용정책보고서(2025년 3월)/통화신용정책보고서(2025년 3월).pdf,80,제목·계열·직접 인용의 해석 근거 부족; 번호 직결 인용 없음 또는 문장 조각·중복 배정 제외
BOK-20250313-93844c79d247-그림-72c138039255bbe4,통화신용정책보고서 2025년 3월,그림,II-18,신성환 금통위원 기자간담회(2024년 9월 25일),단위; 데이터 형태; 통계기법·지수; 설명,research/bok-archive/01-통화신용정책보고서/2025-03-13_통화신용정책보고서(2025년 3월)/통화신용정책보고서(2025년 3월).pdf,82,번호 직결 인용 없음 또는 문장 조각·중복 배정 제외
BOK-20250313-93844c79d247-그림-0bd30279c9f8facc,통화신용정책보고서 2025년 3월,그림,III-2,기준금리 인하의 효과 점검 및 시사점,설명,research/bok-archive/01-통화신용정책보고서/2025-03-13_통화신용정책보고서(2025년 3월)/통화신용정책보고서(2025년 3월).pdf,92,번호 직결 인용 없음 또는 문장 조각·중복 배정 제외
BOK-20250313-93844c79d247-그림-5c1ee06208120050,통화신용정책보고서 2025년 3월,그림,III-5,기준금리 인하의 GDP 성장률에 대한 영향1) 점,데이터 형태; 설명,research/bok-archive/01-통화신용정책보고서/2025-03-13_통화신용정책보고서(2025년 3월)/통화신용정책보고서(2025년 3월).pdf,93,번호 직결 인용 없음 또는 문장 조각·중복 배정 제외
BOK-20250313-93844c79d247-그림-2aa17a780c497eae,통화신용정책보고서 2025년 3월,그림,III-6,기준금리 인하의 효과 점검 및 시사점,설명,research/bok-archive/01-통화신용정책보고서/2025-03-13_통화신용정책보고서(2025년 3월)/통화신용정책보고서(2025년 3월).pdf,94,번호 직결 인용 없음 또는 문장 조각·중복 배정 제외
BOK-20250313-93844c79d247-그림-3cff1c16ea6661f4,통화신용정책보고서 2025년 3월,그림,III-8,기준금리 인하의 효과 점검 및 시사점,단위,research/bok-archive/01-통화신용정책보고서/2025-03-13_통화신용정책보고서(2025년 3월)/통화신용정책보고서(2025년 3월).pdf,95,출처·단위·데이터 형태 등 미확인
BOK-20250313-93844c79d247-그림-3ec8fb50684fbc6e,통화신용정책보고서 2025년 3월,그림,III-9,기준금리 인하의 효과 점검 및 시사점,설명,research/bok-archive/01-통화신용정책보고서/2025-03-13_통화신용정책보고서(2025년 3월)/통화신용정책보고서(2025년 3월).pdf,95,번호 직결 인용 없음 또는 문장 조각·중복 배정 제외
BOK-20250313-93844c79d247-그림-6f2f957635d4c1d5,통화신용정책보고서 2025년 3월,그림,III-10,기준금리 인하의 소비자물가 상승률 영향1),데이터 형태; 설명,research/bok-archive/01-통화신용정책보고서/2025-03-13_통화신용정책보고서(2025년 3월)/통화신용정책보고서(2025년 3월).pdf,95,번호 직결 인용 없음 또는 문장 조각·중복 배정 제외
BOK-20250313-93844c79d247-그림-c789a02d141ba52a,통화신용정책보고서 2025년 3월,그림,III-14,"원/달러 환율, 미 달러화 지수1),",데이터 형태; 설명,research/bok-archive/01-통화신용정책보고서/2025-03-13_통화신용정책보고서(2025년 3월)/통화신용정책보고서(2025년 3월).pdf,97,번호 직결 인용 없음 또는 문장 조각·중복 배정 제외
BOK-20250313-93844c79d247-표-ceece3e4cc5f8459,통화신용정책보고서 2025년 3월,표,I-1,주요국 경제성장률1)2),설명,research/bok-archive/01-통화신용정책보고서/2025-03-13_통화신용정책보고서(2025년 3월)/통화신용정책보고서(2025년 3월).pdf,15,번호 직결 인용 없음 또는 문장 조각·중복 배정 제외
BOK-20250313-93844c79d247-표-d270bcf4f1a6dbf5,통화신용정책보고서 2025년 3월,표,I-2,세계경제 성장률 전망1),데이터 형태; 설명,research/bok-archive/01-통화신용정책보고서/2025-03-13_통화신용정책보고서(2025년 3월)/통화신용정책보고서(2025년 3월).pdf,19,번호 직결 인용 없음 또는 문장 조각·중복 배정 제외
BOK-20250313-93844c79d247-표-9502be545499d73e,통화신용정책보고서 2025년 3월,표,I-3,주요 경제성장지표1),종류; 설명,research/bok-archive/01-통화신용정책보고서/2025-03-13_통화신용정책보고서(2025년 3월)/통화신용정책보고서(2025년 3월).pdf,20,허용 종류로 판별 불가 또는 표 구조 미확인; 번호 직결 인용 없음 또는 문장 조각·중복 배정 제외
BOK-20250313-93844c79d247-표-201137a0575cc904,통화신용정책보고서 2025년 3월,표,I-4,경상수지,종류,research/bok-archive/01-통화신용정책보고서/2025-03-13_통화신용정책보고서(2025년 3월)/통화신용정책보고서(2025년 3월).pdf,22,허용 종류로 판별 불가 또는 표 구조 미확인
BOK-20250313-93844c79d247-표-46eac167a708dc33,통화신용정책보고서 2025년 3월,표,I-5,취업자수 증감,설명,research/bok-archive/01-통화신용정책보고서/2025-03-13_통화신용정책보고서(2025년 3월)/통화신용정책보고서(2025년 3월).pdf,23,번호 직결 인용 없음 또는 문장 조각·중복 배정 제외
BOK-20250313-93844c79d247-표-ec402de36d4d7b3c,통화신용정책보고서 2025년 3월,표,I-6,고용률 및 실업률,종류,research/bok-archive/01-통화신용정책보고서/2025-03-13_통화신용정책보고서(2025년 3월)/통화신용정책보고서(2025년 3월).pdf,24,허용 종류로 판별 불가 또는 표 구조 미확인
BOK-20250313-93844c79d247-표-8f08a4a291364f00,통화신용정책보고서 2025년 3월,표,I-7,항목별 명목임금 및 실질임금 상승률,종류,research/bok-archive/01-통화신용정책보고서/2025-03-13_통화신용정책보고서(2025년 3월)/통화신용정책보고서(2025년 3월).pdf,24,허용 종류로 판별 불가 또는 표 구조 미확인
BOK-20250313-93844c79d247-표-6f257ca5b2f7f72f,통화신용정책보고서 2025년 3월,표,I-8,경제성장률 전망,데이터 형태; 종류,research/bok-archive/01-통화신용정책보고서/2025-03-13_통화신용정책보고서(2025년 3월)/통화신용정책보고서(2025년 3월).pdf,25,허용 종류로 판별 불가 또는 표 구조 미확인
BOK-20250313-93844c79d247-표-03aeac21bbfd53ad,통화신용정책보고서 2025년 3월,표,I-9,고용 전망,종류; 설명,research/bok-archive/01-통화신용정책보고서/2025-03-13_통화신용정책보고서(2025년 3월)/통화신용정책보고서(2025년 3월).pdf,26,허용 종류로 판별 불가 또는 표 구조 미확인; 번호 직결 인용 없음 또는 문장 조각·중복 배정 제외
BOK-20250313-93844c79d247-표-d6d06e6f3c2d0183,통화신용정책보고서 2025년 3월,표,I-10,성장의 상·하방 요인,단위; 데이터 형태; 종류,research/bok-archive/01-통화신용정책보고서/2025-03-13_통화신용정책보고서(2025년 3월)/통화신용정책보고서(2025년 3월).pdf,26,허용 종류로 판별 불가 또는 표 구조 미확인
BOK-20250313-93844c79d247-표-a287856f5c57612f,통화신용정책보고서 2025년 3월,표,I-11,소비자물가 상승률,종류,research/bok-archive/01-통화신용정책보고서/2025-03-13_통화신용정책보고서(2025년 3월)/통화신용정책보고서(2025년 3월).pdf,28,허용 종류로 판별 불가 또는 표 구조 미확인
BOK-20250313-93844c79d247-표-ff48ce385b1e8048,통화신용정책보고서 2025년 3월,표,I-12,물가상승률 전망1),데이터 형태; 종류,research/bok-archive/01-통화신용정책보고서/2025-03-13_통화신용정책보고서(2025년 3월)/통화신용정책보고서(2025년 3월).pdf,30,허용 종류로 판별 불가 또는 표 구조 미확인
BOK-20250313-93844c79d247-표-2c7ea903ec269dda,통화신용정책보고서 2025년 3월,표,I-13,물가의 상·하방 요인1),단위; 데이터 형태; 종류; 설명,research/bok-archive/01-통화신용정책보고서/2025-03-13_통화신용정책보고서(2025년 3월)/통화신용정책보고서(2025년 3월).pdf,30,허용 종류로 판별 불가 또는 표 구조 미확인; 번호 직결 인용 없음 또는 문장 조각·중복 배정 제외
BOK-20250313-93844c79d247-표-e8b22f1230c10be4,통화신용정책보고서 2025년 3월,표,I-14,기업의 자금조달,단위; 통계기법·지수; 설명,research/bok-archive/01-통화신용정책보고서/2025-03-13_통화신용정책보고서(2025년 3월)/통화신용정책보고서(2025년 3월).pdf,34,번호 직결 인용 없음 또는 문장 조각·중복 배정 제외
BOK-20250313-93844c79d247-표-15f1bf0644716192,통화신용정책보고서 2025년 3월,표,I-15,주택매매·전세 가격 상승률 및 주택매매거래량,단위; 종류,research/bok-archive/01-통화신용정책보고서/2025-03-13_통화신용정책보고서(2025년 3월)/통화신용정책보고서(2025년 3월).pdf,37,허용 종류로 판별 불가 또는 표 구조 미확인
BOK-20250313-93844c79d247-표-49821a93613abdc1,통화신용정책보고서 2025년 3월,표,I-16,예금취급기관의 가계대출,단위,research/bok-archive/01-통화신용정책보고서/2025-03-13_통화신용정책보고서(2025년 3월)/통화신용정책보고서(2025년 3월).pdf,38,출처·단위·데이터 형태 등 미확인
BOK-20250313-93844c79d247-표-b6bb7b3eeb215c71,통화신용정책보고서 2025년 3월,표,II-1,금융중개지원대출의 프로그램별 한도 및 금리,종류,research/bok-archive/01-통화신용정책보고서/2025-03-13_통화신용정책보고서(2025년 3월)/통화신용정책보고서(2025년 3월).pdf,71,허용 종류로 판별 불가 또는 표 구조 미확인
BOK-20250313-93844c79d247-표-6e9863f39f513d72,통화신용정책보고서 2025년 3월,표,II-2,RP매매 대상증권 확대 내역,단위; 데이터 형태; 종류; 설명,research/bok-archive/01-통화신용정책보고서/2025-03-13_통화신용정책보고서(2025년 3월)/통화신용정책보고서(2025년 3월).pdf,72,허용 종류로 판별 불가 또는 표 구조 미확인; 번호 직결 인용 없음 또는 문장 조각·중복 배정 제외
BOK-20250313-93844c79d247-표-b7f8b575789263ed,통화신용정책보고서 2025년 3월,표,II-3,RP매매 대상기관 확대1) 내역2)3),단위; 데이터 형태; 종류; 설명,research/bok-archive/01-통화신용정책보고서/2025-03-13_통화신용정책보고서(2025년 3월)/통화신용정책보고서(2025년 3월).pdf,72,허용 종류로 판별 불가 또는 표 구조 미확인; 번호 직결 인용 없음 또는 문장 조각·중복 배정 제외
BOK-20250313-93844c79d247-표-5bf45b54c1324844,통화신용정책보고서 2025년 3월,표,II-4,정부에 대한 일시대출,종류; 설명,research/bok-archive/01-통화신용정책보고서/2025-03-13_통화신용정책보고서(2025년 3월)/통화신용정책보고서(2025년 3월).pdf,73,허용 종류로 판별 불가 또는 표 구조 미확인; 번호 직결 인용 없음 또는 문장 조각·중복 배정 제외
BOK-20250313-93844c79d247-표-ec1fdc0b21ee4a9a,통화신용정책보고서 2025년 3월,표,II-5,｢시장상황 점검회의｣ 개최 내역,단위; 데이터 형태; 종류; 통계기법·지수,research/bok-archive/01-통화신용정책보고서/2025-03-13_통화신용정책보고서(2025년 3월)/통화신용정책보고서(2025년 3월).pdf,73,허용 종류로 판별 불가 또는 표 구조 미확인
BOK-20250313-93844c79d247-표-9d01ff652f01c063,통화신용정책보고서 2025년 3월,표,II-6,｢금융안정회의｣ 내역,단위; 데이터 형태; 종류; 통계기법·지수; 설명,research/bok-archive/01-통화신용정책보고서/2025-03-13_통화신용정책보고서(2025년 3월)/통화신용정책보고서(2025년 3월).pdf,74,허용 종류로 판별 불가 또는 표 구조 미확인; 번호 직결 인용 없음 또는 문장 조각·중복 배정 제외
BOK-20250313-93844c79d247-표-af7ecffeebaa8566,통화신용정책보고서 2025년 3월,표,II-7,공동검사 실시 횟수 화,단위; 종류; 통계기법·지수; 설명,research/bok-archive/01-통화신용정책보고서/2025-03-13_통화신용정책보고서(2025년 3월)/통화신용정책보고서(2025년 3월).pdf,75,허용 종류로 판별 불가 또는 표 구조 미확인; 번호 직결 인용 없음 또는 문장 조각·중복 배정 제외
BOK-20250313-93844c79d247-표-ef33019306d3c09d,통화신용정책보고서 2025년 3월,표,II-8,금통위원의 향후 3개월 내 조건부 기준금리,단위; 데이터 형태; 종류; 설명,research/bok-archive/01-통화신용정책보고서/2025-03-13_통화신용정책보고서(2025년 3월)/통화신용정책보고서(2025년 3월).pdf,80,허용 종류로 판별 불가 또는 표 구조 미확인; 번호 직결 인용 없음 또는 문장 조각·중복 배정 제외
BOK-20250911-df4c93f2f7f1-그림-d962b00b8ef911c9,통화신용정책보고서 2025년 9월,그림,개요 1,"미국 국채금리, 글로벌 주가지수 및 미 달러화 지수",설명,불명,불명,번호 직결 인용 없음 또는 문장 조각·중복 배정 제외
BOK-20250911-df4c93f2f7f1-그림-999af736fb1cefbb,통화신용정책보고서 2025년 9월,그림,개요 2,국내경제 성장률 전망,설명,불명,불명,번호 직결 인용 없음 또는 문장 조각·중복 배정 제외
BOK-20250911-df4c93f2f7f1-그림-86b191048898e257,통화신용정책보고서 2025년 9월,그림,개요 3,국내 물가상승률 전망,설명,불명,불명,번호 직결 인용 없음 또는 문장 조각·중복 배정 제외
BOK-20250911-df4c93f2f7f1-그림-a1a35b3450967ba7,통화신용정책보고서 2025년 9월,그림,개요 4,국내 금리∙주가∙환율,설명,불명,불명,번호 직결 인용 없음 또는 문장 조각·중복 배정 제외
BOK-20250911-df4c93f2f7f1-그림-b0f3a776e5c51eb1,통화신용정책보고서 2025년 9월,그림,개요 5,아파트 매매가격 상승률,설명,research/bok-archive/01-통화신용정책보고서/2025-09-11_통화신용정책보고서(2025년 9월)/통화신용정책보고서(2025년 9월.pdf,59,번호 직결 인용 없음 또는 문장 조각·중복 배정 제외
BOK-20250911-df4c93f2f7f1-그림-c65014a3196a3441,통화신용정책보고서 2025년 9월,그림,개요 6,예금취급기관의 가계대출 증감,통계기법·지수; 설명,research/bok-archive/01-통화신용정책보고서/2025-09-11_통화신용정책보고서(2025년 9월)/통화신용정책보고서(2025년 9월.pdf,37,번호 직결 인용 없음 또는 문장 조각·중복 배정 제외
BOK-20250911-df4c93f2f7f1-그림-947cd69382049268,통화신용정책보고서 2025년 9월,그림,개요 7,한국은행 기준금리,설명,research/bok-archive/01-통화신용정책보고서/2025-09-11_통화신용정책보고서(2025년 9월)/통화신용정책보고서(2025년 9월.pdf,57,번호 직결 인용 없음 또는 문장 조각·중복 배정 제외
BOK-20250911-df4c93f2f7f1-그림-48e7faa525870eee,통화신용정책보고서 2025년 9월,그림,개요 8,한국은행 금융중개지원대출의 한도 및 금리,설명,research/bok-archive/01-통화신용정책보고서/2025-09-11_통화신용정책보고서(2025년 9월)/통화신용정책보고서(2025년 9월.pdf,62,번호 직결 인용 없음 또는 문장 조각·중복 배정 제외
BOK-20250911-df4c93f2f7f1-그림-c409ebee1563aa24,통화신용정책보고서 2025년 9월,그림,I-1,세계경제,단위; 분석 목적,research/bok-archive/01-통화신용정책보고서/2025-09-11_통화신용정책보고서(2025년 9월)/통화신용정책보고서(2025년 9월.pdf,15,제목·계열·직접 인용의 해석 근거 부족
BOK-20250911-df4c93f2f7f1-그림-8b706151fdf1e51c,통화신용정책보고서 2025년 9월,그림,참고 I-1-1,우리나라 건설투자의 성장기여도 및 GDP 대비 비중,설명,불명,불명,번호 직결 인용 없음 또는 문장 조각·중복 배정 제외
BOK-20250911-df4c93f2f7f1-그림-c7aadc58269b54f8,통화신용정책보고서 2025년 9월,그림,참고 I-1-2,부문별 건설투자 장기 추이,통계기법·지수; 설명,불명,불명,번호 직결 인용 없음 또는 문장 조각·중복 배정 제외
BOK-20250911-df4c93f2f7f1-그림-d222418f5b7aee63,통화신용정책보고서 2025년 9월,그림,참고 I-1-3,건설투자 증가율 및 기여도,설명,불명,불명,번호 직결 인용 없음 또는 문장 조각·중복 배정 제외
BOK-20250911-df4c93f2f7f1-그림-c74f6d5231bc0471,통화신용정책보고서 2025년 9월,그림,참고 I-1-4,지역별 분양 대비 미분양 비율,설명,불명,불명,번호 직결 인용 없음 또는 문장 조각·중복 배정 제외
BOK-20250911-df4c93f2f7f1-그림-414875c7450c9eb1,통화신용정책보고서 2025년 9월,그림,참고 I-1-5,토목건설 장기 추이,설명,불명,불명,번호 직결 인용 없음 또는 문장 조각·중복 배정 제외
BOK-20250911-df4c93f2f7f1-그림-5c335ec833c1a2cc,통화신용정책보고서 2025년 9월,그림,참고 I-1-6,상업용 건물 공실률,종류; 설명,불명,불명,허용 종류로 판별 불가 또는 표 구조 미확인; 번호 직결 인용 없음 또는 문장 조각·중복 배정 제외
BOK-20250911-df4c93f2f7f1-그림-94618db2ce7b5aa8,통화신용정책보고서 2025년 9월,그림,참고 I-1-7,제조업 유형자산투자 대비 무형자산투자 추이,설명,불명,불명,번호 직결 인용 없음 또는 문장 조각·중복 배정 제외
BOK-20250911-df4c93f2f7f1-그림-2adabaae50d71cad,통화신용정책보고서 2025년 9월,그림,참고 I-1-8,30~59세 인구 비중과 주택투자,설명,불명,불명,번호 직결 인용 없음 또는 문장 조각·중복 배정 제외
BOK-20250911-df4c93f2f7f1-그림-999771bb4687ec9e,통화신용정책보고서 2025년 9월,그림,I-2,세계경제,분석 목적,research/bok-archive/01-통화신용정책보고서/2025-09-11_통화신용정책보고서(2025년 9월)/통화신용정책보고서(2025년 9월.pdf,16,제목·계열·직접 인용의 해석 근거 부족
BOK-20250911-df4c93f2f7f1-그림-7c212d1ca8745b03,통화신용정책보고서 2025년 9월,그림,참고 I-2-1,국가별 평균관세율 변화,설명,불명,불명,번호 직결 인용 없음 또는 문장 조각·중복 배정 제외
BOK-20250911-df4c93f2f7f1-그림-693b01e7d26ec12f,통화신용정책보고서 2025년 9월,그림,참고 I-2-2,국가별 평균관세율 변화(4.2일 대비)와 대미 수출/GDP 비교,설명,불명,불명,번호 직결 인용 없음 또는 문장 조각·중복 배정 제외
BOK-20250911-df4c93f2f7f1-그림-cb9d4abda5a0ac5d,통화신용정책보고서 2025년 9월,그림,참고 I-2-3,품목별 수출 변화 및 국가별 기여도,설명,불명,불명,번호 직결 인용 없음 또는 문장 조각·중복 배정 제외
BOK-20250911-df4c93f2f7f1-그림-1752cf8d7098605a,통화신용정책보고서 2025년 9월,그림,참고 I-2-4,미국 무역정책 불확실성 지수,설명,불명,불명,번호 직결 인용 없음 또는 문장 조각·중복 배정 제외
BOK-20250911-df4c93f2f7f1-그림-dbc45e8bfdd64917,통화신용정책보고서 2025년 9월,그림,참고 I-2-5,대미 수출/GDP vs 성장 영향,설명,불명,불명,번호 직결 인용 없음 또는 문장 조각·중복 배정 제외
BOK-20250911-df4c93f2f7f1-그림-75daf1b761fa6a74,통화신용정책보고서 2025년 9월,그림,참고 I-2-6,관세부과 전후 미국 수입,설명,불명,불명,번호 직결 인용 없음 또는 문장 조각·중복 배정 제외
BOK-20250911-df4c93f2f7f1-그림-82223e8d7f72e8bc,통화신용정책보고서 2025년 9월,그림,참고 I-2-7,글로벌 제조업 신규 수출주문 PMI,설명,불명,불명,번호 직결 인용 없음 또는 문장 조각·중복 배정 제외
BOK-20250911-df4c93f2f7f1-그림-a80096c68d436139,통화신용정책보고서 2025년 9월,그림,참고 I-2-8,대미 철강‧자동차부품 수출,통계기법·지수; 설명,불명,불명,번호 직결 인용 없음 또는 문장 조각·중복 배정 제외
BOK-20250911-df4c93f2f7f1-그림-01a9b9bbd1ce45f6,통화신용정책보고서 2025년 9월,그림,I-3,세계경제,분석 목적; 통계기법·지수,research/bok-archive/01-통화신용정책보고서/2025-09-11_통화신용정책보고서(2025년 9월)/통화신용정책보고서(2025년 9월.pdf,16,제목·계열·직접 인용의 해석 근거 부족
BOK-20250911-df4c93f2f7f1-그림-3a5620a87c903146,통화신용정책보고서 2025년 9월,그림,I-4,세계경제,분석 목적; 통계기법·지수; 설명,research/bok-archive/01-통화신용정책보고서/2025-09-11_통화신용정책보고서(2025년 9월)/통화신용정책보고서(2025년 9월.pdf,17,제목·계열·직접 인용의 해석 근거 부족; 번호 직결 인용 없음 또는 문장 조각·중복 배정 제외
BOK-20250911-df4c93f2f7f1-그림-1b0ccf89dadf3c01,통화신용정책보고서 2025년 9월,그림,참고 I-4-1,주간 아파트 매매가격 상승률,설명,research/bok-archive/01-통화신용정책보고서/2025-09-11_통화신용정책보고서(2025년 9월)/통화신용정책보고서(2025년 9월.pdf,59,번호 직결 인용 없음 또는 문장 조각·중복 배정 제외
BOK-20250911-df4c93f2f7f1-그림-9abf51ec09bf4a02,통화신용정책보고서 2025년 9월,그림,참고 I-4-2,서울 아파트 거래량,통계기법·지수; 설명,불명,불명,번호 직결 인용 없음 또는 문장 조각·중복 배정 제외
BOK-20250911-df4c93f2f7f1-그림-0c7900cb30fe1609,통화신용정책보고서 2025년 9월,그림,참고 I-4-3,서울 자치구별 주택거래량 증감률,설명,불명,불명,번호 직결 인용 없음 또는 문장 조각·중복 배정 제외
BOK-20250911-df4c93f2f7f1-그림-135c93632d86b3e8,통화신용정책보고서 2025년 9월,그림,참고 I-4-4,금융권 가계대출 증감,설명,불명,불명,번호 직결 인용 없음 또는 문장 조각·중복 배정 제외
BOK-20250911-df4c93f2f7f1-그림-bfb8b0f9b17f4772,통화신용정책보고서 2025년 9월,그림,참고 I-4-5,과거 대책 발표 이후 주택시장 변화,설명,불명,불명,번호 직결 인용 없음 또는 문장 조각·중복 배정 제외
BOK-20250911-df4c93f2f7f1-그림-ccffc3396468bf5d,통화신용정책보고서 2025년 9월,그림,참고 I-4-6,서울아파트 신고가 거래 비중,설명,불명,불명,번호 직결 인용 없음 또는 문장 조각·중복 배정 제외
BOK-20250911-df4c93f2f7f1-그림-f7d77819e6692102,통화신용정책보고서 2025년 9월,그림,참고 I-4-7,서울 가격대별 주택거래 비중,설명,불명,불명,번호 직결 인용 없음 또는 문장 조각·중복 배정 제외
BOK-20250911-df4c93f2f7f1-그림-0e69e12aaae9fd89,통화신용정책보고서 2025년 9월,그림,참고 I-4-8,수도권 입주예정물량,설명,불명,불명,번호 직결 인용 없음 또는 문장 조각·중복 배정 제외
BOK-20250911-df4c93f2f7f1-그림-a3d5247775db7801,통화신용정책보고서 2025년 9월,그림,I-5,세계경제,분석 목적; 설명,research/bok-archive/01-통화신용정책보고서/2025-09-11_통화신용정책보고서(2025년 9월)/통화신용정책보고서(2025년 9월.pdf,17,제목·계열·직접 인용의 해석 근거 부족; 번호 직결 인용 없음 또는 문장 조각·중복 배정 제외
BOK-20250911-df4c93f2f7f1-그림-b0a5c939543f9b40,통화신용정책보고서 2025년 9월,그림,I-6,세계경제,분석 목적; 설명,research/bok-archive/01-통화신용정책보고서/2025-09-11_통화신용정책보고서(2025년 9월)/통화신용정책보고서(2025년 9월.pdf,17,제목·계열·직접 인용의 해석 근거 부족; 번호 직결 인용 없음 또는 문장 조각·중복 배정 제외
BOK-20250911-df4c93f2f7f1-그림-c2a109c825f12f07,통화신용정책보고서 2025년 9월,그림,I-7,실물경제,분석 목적; 통계기법·지수; 설명,research/bok-archive/01-통화신용정책보고서/2025-09-11_통화신용정책보고서(2025년 9월)/통화신용정책보고서(2025년 9월.pdf,19,제목·계열·직접 인용의 해석 근거 부족; 번호 직결 인용 없음 또는 문장 조각·중복 배정 제외
BOK-20250911-df4c93f2f7f1-그림-ab94eff1380ca3d3,통화신용정책보고서 2025년 9월,그림,I-8,실물경제,분석 목적; 통계기법·지수; 설명,research/bok-archive/01-통화신용정책보고서/2025-09-11_통화신용정책보고서(2025년 9월)/통화신용정책보고서(2025년 9월.pdf,20,제목·계열·직접 인용의 해석 근거 부족; 번호 직결 인용 없음 또는 문장 조각·중복 배정 제외
BOK-20250911-df4c93f2f7f1-그림-a5ddc88cb58dd7f3,통화신용정책보고서 2025년 9월,그림,I-9,실물경제,분석 목적; 통계기법·지수,research/bok-archive/01-통화신용정책보고서/2025-09-11_통화신용정책보고서(2025년 9월)/통화신용정책보고서(2025년 9월.pdf,20,제목·계열·직접 인용의 해석 근거 부족
BOK-20250911-df4c93f2f7f1-그림-abc649f94c8ca034,통화신용정책보고서 2025년 9월,그림,I-10,실물경제,분석 목적,research/bok-archive/01-통화신용정책보고서/2025-09-11_통화신용정책보고서(2025년 9월)/통화신용정책보고서(2025년 9월.pdf,21,제목·계열·직접 인용의 해석 근거 부족
BOK-20250911-df4c93f2f7f1-그림-60b60a92cddafd8e,통화신용정책보고서 2025년 9월,그림,I-11,실물경제,분석 목적; 통계기법·지수; 설명,research/bok-archive/01-통화신용정책보고서/2025-09-11_통화신용정책보고서(2025년 9월)/통화신용정책보고서(2025년 9월.pdf,22,제목·계열·직접 인용의 해석 근거 부족; 번호 직결 인용 없음 또는 문장 조각·중복 배정 제외
BOK-20250911-df4c93f2f7f1-그림-df0773b70fef5c5e,통화신용정책보고서 2025년 9월,그림,I-12,실물경제,분석 목적,research/bok-archive/01-통화신용정책보고서/2025-09-11_통화신용정책보고서(2025년 9월)/통화신용정책보고서(2025년 9월.pdf,23,제목·계열·직접 인용의 해석 근거 부족
BOK-20250911-df4c93f2f7f1-그림-07ed60c8b5c4ff74,통화신용정책보고서 2025년 9월,그림,I-13,실물경제,분석 목적; 설명,research/bok-archive/01-통화신용정책보고서/2025-09-11_통화신용정책보고서(2025년 9월)/통화신용정책보고서(2025년 9월.pdf,24,제목·계열·직접 인용의 해석 근거 부족; 번호 직결 인용 없음 또는 문장 조각·중복 배정 제외
BOK-20250911-df4c93f2f7f1-그림-623faa66a4f34d1d,통화신용정책보고서 2025년 9월,그림,I-17,물가,설명,research/bok-archive/01-통화신용정책보고서/2025-09-11_통화신용정책보고서(2025년 9월)/통화신용정책보고서(2025년 9월.pdf,28,번호 직결 인용 없음 또는 문장 조각·중복 배정 제외
BOK-20250911-df4c93f2f7f1-그림-21ebdcb231251eba,통화신용정책보고서 2025년 9월,그림,I-18,물가,설명,research/bok-archive/01-통화신용정책보고서/2025-09-11_통화신용정책보고서(2025년 9월)/통화신용정책보고서(2025년 9월.pdf,28,번호 직결 인용 없음 또는 문장 조각·중복 배정 제외
BOK-20250911-df4c93f2f7f1-그림-a0d715b89f268d06,통화신용정책보고서 2025년 9월,그림,I-19,물가,설명,research/bok-archive/01-통화신용정책보고서/2025-09-11_통화신용정책보고서(2025년 9월)/통화신용정책보고서(2025년 9월.pdf,28,번호 직결 인용 없음 또는 문장 조각·중복 배정 제외
BOK-20250911-df4c93f2f7f1-그림-e703e04cc7c58bc1,통화신용정책보고서 2025년 9월,그림,I-20,물가,설명,research/bok-archive/01-통화신용정책보고서/2025-09-11_통화신용정책보고서(2025년 9월)/통화신용정책보고서(2025년 9월.pdf,29,번호 직결 인용 없음 또는 문장 조각·중복 배정 제외
BOK-20250911-df4c93f2f7f1-그림-746fa3a7a0976f75,통화신용정책보고서 2025년 9월,그림,I-21,금융·외환,분석 목적,research/bok-archive/01-통화신용정책보고서/2025-09-11_통화신용정책보고서(2025년 9월)/통화신용정책보고서(2025년 9월.pdf,30,제목·계열·직접 인용의 해석 근거 부족
BOK-20250911-df4c93f2f7f1-그림-b422e4d50c8f95e2,통화신용정책보고서 2025년 9월,그림,I-22,금융·외환,분석 목적; 설명,research/bok-archive/01-통화신용정책보고서/2025-09-11_통화신용정책보고서(2025년 9월)/통화신용정책보고서(2025년 9월.pdf,30,제목·계열·직접 인용의 해석 근거 부족; 번호 직결 인용 없음 또는 문장 조각·중복 배정 제외
BOK-20250911-df4c93f2f7f1-그림-16cde17559122185,통화신용정책보고서 2025년 9월,그림,I-23,금융·외환,분석 목적; 통계기법·지수; 설명,research/bok-archive/01-통화신용정책보고서/2025-09-11_통화신용정책보고서(2025년 9월)/통화신용정책보고서(2025년 9월.pdf,31,제목·계열·직접 인용의 해석 근거 부족; 번호 직결 인용 없음 또는 문장 조각·중복 배정 제외
BOK-20250911-df4c93f2f7f1-그림-f2a6d716a8aa95d1,통화신용정책보고서 2025년 9월,그림,I-24,금융·외환,분석 목적; 설명,research/bok-archive/01-통화신용정책보고서/2025-09-11_통화신용정책보고서(2025년 9월)/통화신용정책보고서(2025년 9월.pdf,31,제목·계열·직접 인용의 해석 근거 부족; 번호 직결 인용 없음 또는 문장 조각·중복 배정 제외
BOK-20250911-df4c93f2f7f1-그림-0c06cead652631e8,통화신용정책보고서 2025년 9월,그림,I-25,금융·외환,분석 목적; 통계기법·지수,research/bok-archive/01-통화신용정책보고서/2025-09-11_통화신용정책보고서(2025년 9월)/통화신용정책보고서(2025년 9월.pdf,32,제목·계열·직접 인용의 해석 근거 부족
BOK-20250911-df4c93f2f7f1-그림-73dbfdade1ba65d2,통화신용정책보고서 2025년 9월,그림,I-26,금융·외환,분석 목적,research/bok-archive/01-통화신용정책보고서/2025-09-11_통화신용정책보고서(2025년 9월)/통화신용정책보고서(2025년 9월.pdf,32,제목·계열·직접 인용의 해석 근거 부족
BOK-20250911-df4c93f2f7f1-그림-35fed8da47b5b6f2,통화신용정책보고서 2025년 9월,그림,I-27,금융·외환,분석 목적; 설명,research/bok-archive/01-통화신용정책보고서/2025-09-11_통화신용정책보고서(2025년 9월)/통화신용정책보고서(2025년 9월.pdf,34,제목·계열·직접 인용의 해석 근거 부족; 번호 직결 인용 없음 또는 문장 조각·중복 배정 제외
BOK-20250911-df4c93f2f7f1-그림-23a9e440dd08f536,통화신용정책보고서 2025년 9월,그림,I-28,금융·외환,분석 목적; 설명,research/bok-archive/01-통화신용정책보고서/2025-09-11_통화신용정책보고서(2025년 9월)/통화신용정책보고서(2025년 9월.pdf,34,제목·계열·직접 인용의 해석 근거 부족; 번호 직결 인용 없음 또는 문장 조각·중복 배정 제외
BOK-20250911-df4c93f2f7f1-그림-d5c1a25e5c3a2a86,통화신용정책보고서 2025년 9월,그림,I-29,금융·외환,분석 목적,research/bok-archive/01-통화신용정책보고서/2025-09-11_통화신용정책보고서(2025년 9월)/통화신용정책보고서(2025년 9월.pdf,35,제목·계열·직접 인용의 해석 근거 부족
BOK-20250911-df4c93f2f7f1-그림-1b934c0057a74751,통화신용정책보고서 2025년 9월,그림,I-30,금융상황지수 1),데이터 형태; 설명,research/bok-archive/01-통화신용정책보고서/2025-09-11_통화신용정책보고서(2025년 9월)/통화신용정책보고서(2025년 9월.pdf,35,번호 직결 인용 없음 또는 문장 조각·중복 배정 제외
BOK-20250911-df4c93f2f7f1-그림-297e0e5c55fd3ff1,통화신용정책보고서 2025년 9월,그림,I-31,금융〮외환,분석 목적,research/bok-archive/01-통화신용정책보고서/2025-09-11_통화신용정책보고서(2025년 9월)/통화신용정책보고서(2025년 9월.pdf,36,제목·계열·직접 인용의 해석 근거 부족
BOK-20250911-df4c93f2f7f1-그림-71dca4c6abe11598,통화신용정책보고서 2025년 9월,그림,I-32,금융〮외환,분석 목적; 통계기법·지수; 설명,research/bok-archive/01-통화신용정책보고서/2025-09-11_통화신용정책보고서(2025년 9월)/통화신용정책보고서(2025년 9월.pdf,37,제목·계열·직접 인용의 해석 근거 부족; 번호 직결 인용 없음 또는 문장 조각·중복 배정 제외
BOK-20250911-df4c93f2f7f1-그림-b41820ab9932c3f7,통화신용정책보고서 2025년 9월,그림,I-33,금융·외환,분석 목적,research/bok-archive/01-통화신용정책보고서/2025-09-11_통화신용정책보고서(2025년 9월)/통화신용정책보고서(2025년 9월.pdf,38,제목·계열·직접 인용의 해석 근거 부족
BOK-20250911-df4c93f2f7f1-그림-670e4e100690cbba,통화신용정책보고서 2025년 9월,그림,I-34,금융·외환,분석 목적; 설명,research/bok-archive/01-통화신용정책보고서/2025-09-11_통화신용정책보고서(2025년 9월)/통화신용정책보고서(2025년 9월.pdf,38,제목·계열·직접 인용의 해석 근거 부족; 번호 직결 인용 없음 또는 문장 조각·중복 배정 제외
BOK-20250911-df4c93f2f7f1-그림-23430dd966e2cde7,통화신용정책보고서 2025년 9월,그림,I-35,금융·외환,분석 목적,research/bok-archive/01-통화신용정책보고서/2025-09-11_통화신용정책보고서(2025년 9월)/통화신용정책보고서(2025년 9월.pdf,39,제목·계열·직접 인용의 해석 근거 부족
BOK-20250911-df4c93f2f7f1-그림-fb7455445862978e,통화신용정책보고서 2025년 9월,그림,I-36,금융·외환,분석 목적,research/bok-archive/01-통화신용정책보고서/2025-09-11_통화신용정책보고서(2025년 9월)/통화신용정책보고서(2025년 9월.pdf,39,제목·계열·직접 인용의 해석 근거 부족
BOK-20250911-df4c93f2f7f1-그림-527e77397aabfedd,통화신용정책보고서 2025년 9월,그림,I-37,대외 외화차입 장단기 가산금리 1) 2),설명,research/bok-archive/01-통화신용정책보고서/2025-09-11_통화신용정책보고서(2025년 9월)/통화신용정책보고서(2025년 9월.pdf,39,번호 직결 인용 없음 또는 문장 조각·중복 배정 제외
BOK-20250911-df4c93f2f7f1-그림-d2369cd4c790aef2,통화신용정책보고서 2025년 9월,그림,II-1,기준금리,분석 목적; 통계기법·지수; 설명,research/bok-archive/01-통화신용정책보고서/2025-09-11_통화신용정책보고서(2025년 9월)/통화신용정책보고서(2025년 9월.pdf,57,제목·계열·직접 인용의 해석 근거 부족; 번호 직결 인용 없음 또는 문장 조각·중복 배정 제외
BOK-20250911-df4c93f2f7f1-그림-7680dc32a5ee7155,통화신용정책보고서 2025년 9월,그림,참고 II-1-2,제도 개편 전후 기준금리 대비 콜금리 및 RP금리 스프레드,설명,불명,불명,번호 직결 인용 없음 또는 문장 조각·중복 배정 제외
BOK-20250911-df4c93f2f7f1-그림-ae5d2fa2d389798c,통화신용정책보고서 2025년 9월,그림,참고 II-1-3,제도 개편 전후 RP매입 응찰률 및 참여기관 수,설명,불명,불명,번호 직결 인용 없음 또는 문장 조각·중복 배정 제외
BOK-20250911-df4c93f2f7f1-그림-1f8ddc2899db16bb,통화신용정책보고서 2025년 9월,그림,II-2,기준금리,단위; 분석 목적; 설명,research/bok-archive/01-통화신용정책보고서/2025-09-11_통화신용정책보고서(2025년 9월)/통화신용정책보고서(2025년 9월.pdf,57,제목·계열·직접 인용의 해석 근거 부족; 번호 직결 인용 없음 또는 문장 조각·중복 배정 제외
BOK-20250911-df4c93f2f7f1-그림-c5dc7a344aa1d677,통화신용정책보고서 2025년 9월,그림,참고 II-2-1,주요국 인플레이션,설명,불명,불명,번호 직결 인용 없음 또는 문장 조각·중복 배정 제외
BOK-20250911-df4c93f2f7f1-그림-5283e2c469cbc6c4,통화신용정책보고서 2025년 9월,그림,참고 II-2-2,주요국 정책금리,설명,불명,불명,번호 직결 인용 없음 또는 문장 조각·중복 배정 제외
BOK-20250911-df4c93f2f7f1-그림-6fe82d4cf03e209a,통화신용정책보고서 2025년 9월,그림,참고 II-2-3,금융시장의 미 연준 정책금리 기대 변화,설명,불명,불명,번호 직결 인용 없음 또는 문장 조각·중복 배정 제외
BOK-20250911-df4c93f2f7f1-그림-c1e55b0f916d6373,통화신용정책보고서 2025년 9월,그림,참고 II-2-4,유로지역 및 영국 물가 전망 변화,설명,불명,불명,번호 직결 인용 없음 또는 문장 조각·중복 배정 제외
BOK-20250911-df4c93f2f7f1-그림-71ceecbe28ed5c6e,통화신용정책보고서 2025년 9월,그림,참고 II-2-5,금융시장의 일본은행 정책금리 기대 변화,설명,불명,불명,번호 직결 인용 없음 또는 문장 조각·중복 배정 제외
BOK-20250911-df4c93f2f7f1-그림-da88a0d1cffdefad,통화신용정책보고서 2025년 9월,그림,II-3,기준금리,단위; 분석 목적,research/bok-archive/01-통화신용정책보고서/2025-09-11_통화신용정책보고서(2025년 9월)/통화신용정책보고서(2025년 9월.pdf,58,제목·계열·직접 인용의 해석 근거 부족
BOK-20250911-df4c93f2f7f1-그림-aec0be33b68849a0,통화신용정책보고서 2025년 9월,그림,II-4,기준금리,분석 목적; 설명,research/bok-archive/01-통화신용정책보고서/2025-09-11_통화신용정책보고서(2025년 9월)/통화신용정책보고서(2025년 9월.pdf,58,제목·계열·직접 인용의 해석 근거 부족; 번호 직결 인용 없음 또는 문장 조각·중복 배정 제외
BOK-20250911-df4c93f2f7f1-그림-35711144cb9f0abf,통화신용정책보고서 2025년 9월,그림,II-5,기준금리,분석 목적; 설명,research/bok-archive/01-통화신용정책보고서/2025-09-11_통화신용정책보고서(2025년 9월)/통화신용정책보고서(2025년 9월.pdf,59,제목·계열·직접 인용의 해석 근거 부족; 번호 직결 인용 없음 또는 문장 조각·중복 배정 제외
BOK-20250911-df4c93f2f7f1-그림-f88ce8967d7fcf39,통화신용정책보고서 2025년 9월,그림,II-6,기준금리,분석 목적; 설명,research/bok-archive/01-통화신용정책보고서/2025-09-11_통화신용정책보고서(2025년 9월)/통화신용정책보고서(2025년 9월.pdf,59,제목·계열·직접 인용의 해석 근거 부족; 번호 직결 인용 없음 또는 문장 조각·중복 배정 제외
BOK-20250911-df4c93f2f7f1-그림-d8029c5901016c8d,통화신용정책보고서 2025년 9월,그림,II-7,통화정책방향 결정회의(2025년 7월 10일),단위; 데이터 형태; 통계기법·지수; 설명,research/bok-archive/01-통화신용정책보고서/2025-09-11_통화신용정책보고서(2025년 9월)/통화신용정책보고서(2025년 9월.pdf,59,번호 직결 인용 없음 또는 문장 조각·중복 배정 제외
BOK-20250911-df4c93f2f7f1-그림-4a7f921831f997f5,통화신용정책보고서 2025년 9월,그림,II-8,기준금리,분석 목적; 통계기법·지수; 설명,research/bok-archive/01-통화신용정책보고서/2025-09-11_통화신용정책보고서(2025년 9월)/통화신용정책보고서(2025년 9월.pdf,60,제목·계열·직접 인용의 해석 근거 부족; 번호 직결 인용 없음 또는 문장 조각·중복 배정 제외
BOK-20250911-df4c93f2f7f1-그림-a53819549b79c060,통화신용정책보고서 2025년 9월,그림,II-9,기준금리,분석 목적; 통계기법·지수; 설명,research/bok-archive/01-통화신용정책보고서/2025-09-11_통화신용정책보고서(2025년 9월)/통화신용정책보고서(2025년 9월.pdf,60,제목·계열·직접 인용의 해석 근거 부족; 번호 직결 인용 없음 또는 문장 조각·중복 배정 제외
BOK-20250911-df4c93f2f7f1-그림-1ee7f98a51f220a4,통화신용정책보고서 2025년 9월,그림,II-10,기준금리,분석 목적; 통계기법·지수,research/bok-archive/01-통화신용정책보고서/2025-09-11_통화신용정책보고서(2025년 9월)/통화신용정책보고서(2025년 9월.pdf,60,제목·계열·직접 인용의 해석 근거 부족
BOK-20250911-df4c93f2f7f1-그림-650630fb9aac4d7a,통화신용정책보고서 2025년 9월,그림,II-11,기준금리,분석 목적; 통계기법·지수; 설명,research/bok-archive/01-통화신용정책보고서/2025-09-11_통화신용정책보고서(2025년 9월)/통화신용정책보고서(2025년 9월.pdf,61,제목·계열·직접 인용의 해석 근거 부족; 번호 직결 인용 없음 또는 문장 조각·중복 배정 제외
BOK-20250911-df4c93f2f7f1-그림-f0a241932173b4b7,통화신용정책보고서 2025년 9월,그림,II-12,금융중개지원대출,통계기법·지수; 설명,research/bok-archive/01-통화신용정책보고서/2025-09-11_통화신용정책보고서(2025년 9월)/통화신용정책보고서(2025년 9월.pdf,62,번호 직결 인용 없음 또는 문장 조각·중복 배정 제외
BOK-20250911-df4c93f2f7f1-그림-b175f36a83f10b75,통화신용정책보고서 2025년 9월,그림,II-13,향후 정책운영 방향,분석 목적; 설명,research/bok-archive/01-통화신용정책보고서/2025-09-11_통화신용정책보고서(2025년 9월)/통화신용정책보고서(2025년 9월.pdf,67,제목·계열·직접 인용의 해석 근거 부족; 번호 직결 인용 없음 또는 문장 조각·중복 배정 제외
BOK-20250911-df4c93f2f7f1-그림-124f4a72c6c7036b,통화신용정책보고서 2025년 9월,그림,II-14,향후 정책운영 방향,분석 목적; 통계기법·지수; 설명,research/bok-archive/01-통화신용정책보고서/2025-09-11_통화신용정책보고서(2025년 9월)/통화신용정책보고서(2025년 9월.pdf,67,제목·계열·직접 인용의 해석 근거 부족; 번호 직결 인용 없음 또는 문장 조각·중복 배정 제외
BOK-20250911-df4c93f2f7f1-그림-9cab5f6afb9c73e5,통화신용정책보고서 2025년 9월,그림,II-15,향후 정책운영 방향,단위; 분석 목적; 통계기법·지수; 설명,research/bok-archive/01-통화신용정책보고서/2025-09-11_통화신용정책보고서(2025년 9월)/통화신용정책보고서(2025년 9월.pdf,68,제목·계열·직접 인용의 해석 근거 부족; 번호 직결 인용 없음 또는 문장 조각·중복 배정 제외
BOK-20250911-df4c93f2f7f1-그림-417a24c1bd8eb4f5,통화신용정책보고서 2025년 9월,그림,II-16,향후 정책운영 방향,분석 목적; 설명,research/bok-archive/01-통화신용정책보고서/2025-09-11_통화신용정책보고서(2025년 9월)/통화신용정책보고서(2025년 9월.pdf,68,제목·계열·직접 인용의 해석 근거 부족; 번호 직결 인용 없음 또는 문장 조각·중복 배정 제외
BOK-20250911-df4c93f2f7f1-그림-fd1a8ede439272eb,통화신용정책보고서 2025년 9월,그림,II-17,장용성 금통위원 기자간담회(2025년 3월 19일),단위; 데이터 형태; 통계기법·지수,research/bok-archive/01-통화신용정책보고서/2025-09-11_통화신용정책보고서(2025년 9월)/통화신용정책보고서(2025년 9월.pdf,69,출처·단위·데이터 형태 등 미확인
BOK-20250911-df4c93f2f7f1-그림-900d688f58b33d7e,통화신용정책보고서 2025년 9월,그림,II-18,유상대 부총재 기자간담회(2025년 6월 24일),단위; 데이터 형태; 통계기법·지수; 설명,research/bok-archive/01-통화신용정책보고서/2025-09-11_통화신용정책보고서(2025년 9월)/통화신용정책보고서(2025년 9월.pdf,69,번호 직결 인용 없음 또는 문장 조각·중복 배정 제외
BOK-20250911-df4c93f2f7f1-그림-7d1722ef05cc3eb5,통화신용정책보고서 2025년 9월,그림,III-1,금융상황지수 1) 추이,데이터 형태,research/bok-archive/01-통화신용정책보고서/2025-09-11_통화신용정책보고서(2025년 9월)/통화신용정책보고서(2025년 9월.pdf,82,출처·단위·데이터 형태 등 미확인
BOK-20250911-df4c93f2f7f1-그림-4472a3f5618d12d7,통화신용정책보고서 2025년 9월,그림,III-2,기준금리 인하의 거시경제 및 부문별 파급효과 점검,단위,research/bok-archive/01-통화신용정책보고서/2025-09-11_통화신용정책보고서(2025년 9월)/통화신용정책보고서(2025년 9월.pdf,83,출처·단위·데이터 형태 등 미확인
BOK-20250911-df4c93f2f7f1-그림-205dd25393423006,통화신용정책보고서 2025년 9월,그림,III-3,GDP‧소비‧투자의 불확실성 국면별 금리 민감도 1),데이터 형태; 설명,research/bok-archive/01-통화신용정책보고서/2025-09-11_통화신용정책보고서(2025년 9월)/통화신용정책보고서(2025년 9월.pdf,83,번호 직결 인용 없음 또는 문장 조각·중복 배정 제외
BOK-20250911-df4c93f2f7f1-그림-b5e35b9503d198fb,통화신용정책보고서 2025년 9월,그림,III-4,기준금리 100bp 인하의 GDP 성장률 영향,데이터 형태,research/bok-archive/01-통화신용정책보고서/2025-09-11_통화신용정책보고서(2025년 9월)/통화신용정책보고서(2025년 9월.pdf,83,출처·단위·데이터 형태 등 미확인
BOK-20250911-df4c93f2f7f1-그림-2d95db51b778eae0,통화신용정책보고서 2025년 9월,그림,III-5,기준금리 100bp 인하의 소비자물가 상승률 영향 1),데이터 형태; 설명,research/bok-archive/01-통화신용정책보고서/2025-09-11_통화신용정책보고서(2025년 9월)/통화신용정책보고서(2025년 9월.pdf,84,번호 직결 인용 없음 또는 문장 조각·중복 배정 제외
BOK-20250911-df4c93f2f7f1-그림-efe1f32e7a11f3c2,통화신용정책보고서 2025년 9월,그림,III-9,서울 아파트가격 상승요인 분해 1),데이터 형태; 설명,research/bok-archive/01-통화신용정책보고서/2025-09-11_통화신용정책보고서(2025년 9월)/통화신용정책보고서(2025년 9월.pdf,85,번호 직결 인용 없음 또는 문장 조각·중복 배정 제외
BOK-20250911-df4c93f2f7f1-그림-6044905cd245d0a8,통화신용정책보고서 2025년 9월,그림,III-11,기준금리 인하의 거시경제 및 부문별 파급효과 점검,설명,research/bok-archive/01-통화신용정책보고서/2025-09-11_통화신용정책보고서(2025년 9월)/통화신용정책보고서(2025년 9월.pdf,86,번호 직결 인용 없음 또는 문장 조각·중복 배정 제외
BOK-20250911-df4c93f2f7f1-그림-ab6dc343aabc2872,통화신용정책보고서 2025년 9월,그림,III-12,기준금리 인하의 거시경제 및 부문별 파급효과 점검,설명,research/bok-archive/01-통화신용정책보고서/2025-09-11_통화신용정책보고서(2025년 9월)/통화신용정책보고서(2025년 9월.pdf,86,번호 직결 인용 없음 또는 문장 조각·중복 배정 제외
BOK-20250911-df4c93f2f7f1-그림-a8b7395cc6ba525d,통화신용정책보고서 2025년 9월,그림,III-13,기준금리 인하의 거시경제 및 부문별 파급효과 점검,설명,research/bok-archive/01-통화신용정책보고서/2025-09-11_통화신용정책보고서(2025년 9월)/통화신용정책보고서(2025년 9월.pdf,86,번호 직결 인용 없음 또는 문장 조각·중복 배정 제외
BOK-20250911-df4c93f2f7f1-그림-9d25e95b4d1ed259,통화신용정책보고서 2025년 9월,그림,III-15,기준금리 인하의 거시경제 및 부문별 파급효과 점검,설명,research/bok-archive/01-통화신용정책보고서/2025-09-11_통화신용정책보고서(2025년 9월)/통화신용정책보고서(2025년 9월.pdf,87,번호 직결 인용 없음 또는 문장 조각·중복 배정 제외
BOK-20250911-df4c93f2f7f1-그림-e887d7964bc23f4e,통화신용정책보고서 2025년 9월,그림,III-17,기준금리 인하의 거시경제 및 부문별 파급효과 점검,설명,research/bok-archive/01-통화신용정책보고서/2025-09-11_통화신용정책보고서(2025년 9월)/통화신용정책보고서(2025년 9월.pdf,87,번호 직결 인용 없음 또는 문장 조각·중복 배정 제외
BOK-20250911-df4c93f2f7f1-그림-5c52277ad2671056,통화신용정책보고서 2025년 9월,그림,III-19,신용카드 실적 및 소비자심리지수,데이터 형태; 설명,research/bok-archive/01-통화신용정책보고서/2025-09-11_통화신용정책보고서(2025년 9월)/통화신용정책보고서(2025년 9월.pdf,88,번호 직결 인용 없음 또는 문장 조각·중복 배정 제외
BOK-20250911-df4c93f2f7f1-그림-c69390985a2ecd40,통화신용정책보고서 2025년 9월,그림,III-20,기준금리 인하의 거시경제 및 부문별 파급효과 점검,설명,research/bok-archive/01-통화신용정책보고서/2025-09-11_통화신용정책보고서(2025년 9월)/통화신용정책보고서(2025년 9월.pdf,88,번호 직결 인용 없음 또는 문장 조각·중복 배정 제외
BOK-20250911-df4c93f2f7f1-그림-19e2ccdfd4e6a5dc,통화신용정책보고서 2025년 9월,그림,III-21,기준금리 인하의 거시경제 및 부문별 파급효과 점검,설명,research/bok-archive/01-통화신용정책보고서/2025-09-11_통화신용정책보고서(2025년 9월)/통화신용정책보고서(2025년 9월.pdf,89,번호 직결 인용 없음 또는 문장 조각·중복 배정 제외
BOK-20250911-df4c93f2f7f1-그림-10c172e14b345d17,통화신용정책보고서 2025년 9월,그림,III-23,기준금리 인하의 거시경제 및 부문별 파급효과 점검,설명,research/bok-archive/01-통화신용정책보고서/2025-09-11_통화신용정책보고서(2025년 9월)/통화신용정책보고서(2025년 9월.pdf,89,번호 직결 인용 없음 또는 문장 조각·중복 배정 제외
BOK-20250911-df4c93f2f7f1-그림-41c28c4759c3d77a,통화신용정책보고서 2025년 9월,그림,III-24,중앙은행 대출의 담보 사전수취 제도 관련 논의와 시사점,통계기법·지수,research/bok-archive/01-통화신용정책보고서/2025-09-11_통화신용정책보고서(2025년 9월)/통화신용정책보고서(2025년 9월.pdf,91,출처·단위·데이터 형태 등 미확인
BOK-20250911-df4c93f2f7f1-그림-eb8b67fd685eff24,통화신용정책보고서 2025년 9월,그림,III-25,담보 사전수취 유형,단위; 데이터 형태; 통계기법·지수; 설명,research/bok-archive/01-통화신용정책보고서/2025-09-11_통화신용정책보고서(2025년 9월)/통화신용정책보고서(2025년 9월.pdf,93,번호 직결 인용 없음 또는 문장 조각·중복 배정 제외
BOK-20250911-df4c93f2f7f1-그림-b20f9e8ab0b3e957,통화신용정책보고서 2025년 9월,그림,III-26,현행 유동성 규제하의 LCR 변동 1) 2),데이터 형태; 설명,research/bok-archive/01-통화신용정책보고서/2025-09-11_통화신용정책보고서(2025년 9월)/통화신용정책보고서(2025년 9월.pdf,96,번호 직결 인용 없음 또는 문장 조각·중복 배정 제외
BOK-20250911-df4c93f2f7f1-그림-b7a312a5e9f1302a,통화신용정책보고서 2025년 9월,그림,III-27,유동성 규제 개편 시 LCR 변동 1),데이터 형태,research/bok-archive/01-통화신용정책보고서/2025-09-11_통화신용정책보고서(2025년 9월)/통화신용정책보고서(2025년 9월.pdf,97,출처·단위·데이터 형태 등 미확인
BOK-20250911-df4c93f2f7f1-그림-32248c8608b952e9,통화신용정책보고서 2025년 9월,그림,불명,"30 ~ 59세 인구 비중과 주택투자 자료 : 한국은행, 통계청, OECD",번호; 단위; 데이터 형태; 종류; 설명,불명,불명,번호 미확인; 캡션 또는 비결과물 오탐 여부 검수; 허용 종류로 판별 불가 또는 표 구조 미확인; 번호 직결 인용 없음 또는 문장 조각·중복 배정 제외
BOK-20250911-df4c93f2f7f1-그림-766f7f520653d357,통화신용정책보고서 2025년 9월,그림,불명,Ⅲ- 11 가계대출금리 1) 전체 분포,번호; 단위; 데이터 형태; 종류; 설명,불명,불명,번호 미확인; 캡션 또는 비결과물 오탐 여부 검수; 허용 종류로 판별 불가 또는 표 구조 미확인; 번호 직결 인용 없음 또는 문장 조각·중복 배정 제외
BOK-20250911-df4c93f2f7f1-그림-3ed6cfe89768c8bc,통화신용정책보고서 2025년 9월,그림,불명,건설투자 증가율 및 기여도 자료 : 한국은행,번호; 단위; 데이터 형태; 종류; 설명,불명,불명,번호 미확인; 캡션 또는 비결과물 오탐 여부 검수; 허용 종류로 판별 불가 또는 표 구조 미확인; 번호 직결 인용 없음 또는 문장 조각·중복 배정 제외
BOK-20250911-df4c93f2f7f1-그림-85c2151f21b198d0,통화신용정책보고서 2025년 9월,그림,불명,공개시장운영 대상증권 확대 자료 : 한국은행,번호; 단위; 데이터 형태; 통계기법·지수; 설명,불명,불명,번호 미확인; 캡션 또는 비결과물 오탐 여부 검수; 번호 직결 인용 없음 또는 문장 조각·중복 배정 제외
BOK-20250911-df4c93f2f7f1-그림-cf5098b7d3708dce,통화신용정책보고서 2025년 9월,그림,불명,"과거 대책 발표 1) 이후 주택시장 2) 변화 자료 : 국토교통부, 한국부동산원",번호; 단위; 데이터 형태; 종류; 통계기법·지수; 설명,불명,불명,번호 미확인; 캡션 또는 비결과물 오탐 여부 검수; 허용 종류로 판별 불가 또는 표 구조 미확인; 번호 직결 인용 없음 또는 문장 조각·중복 배정 제외
BOK-20250911-df4c93f2f7f1-그림-b009d91042c88eaf,통화신용정책보고서 2025년 9월,그림,불명,관세부과 전후 미국 수입 자료 : US Census Bureau,번호; 단위; 데이터 형태; 종류; 통계기법·지수; 설명,불명,불명,번호 미확인; 캡션 또는 비결과물 오탐 여부 검수; 허용 종류로 판별 불가 또는 표 구조 미확인; 번호 직결 인용 없음 또는 문장 조각·중복 배정 제외
BOK-20250911-df4c93f2f7f1-그림-b32fe93c0b03b365,통화신용정책보고서 2025년 9월,그림,불명,"국가별 평균관세율 변화 1) 자료 : 미 백악관, 연방정부 관보, Census, 한국은행",번호; 단위; 데이터 형태; 종류; 설명,불명,불명,번호 미확인; 캡션 또는 비결과물 오탐 여부 검수; 허용 종류로 판별 불가 또는 표 구조 미확인; 번호 직결 인용 없음 또는 문장 조각·중복 배정 제외
BOK-20250911-df4c93f2f7f1-그림-e60e1fccc8f7ee63,통화신용정책보고서 2025년 9월,그림,불명,"국가별 평균관세율 변화(4월 2일 대비)와 대미 수출/GDP 비교 자료 : 미 백악관, 연방정부 관보, Census, IMF WEO(2025.4), 한국은행",번호; 사용 데이터·출처; 단위; 데이터 형태; 종류; 설명,불명,불명,번호 미확인; 캡션 또는 비결과물 오탐 여부 검수; 허용 종류로 판별 불가 또는 표 구조 미확인; 번호 직결 인용 없음 또는 문장 조각·중복 배정 제외
BOK-20250911-df4c93f2f7f1-그림-7975c4c21d0a234d,통화신용정책보고서 2025년 9월,그림,불명,"국내 금리·주가·환율 자료 : 한국은행, 금융투자협회, 코스콤",번호; 단위; 데이터 형태; 종류; 설명,불명,불명,번호 미확인; 캡션 또는 비결과물 오탐 여부 검수; 허용 종류로 판별 불가 또는 표 구조 미확인; 번호 직결 인용 없음 또는 문장 조각·중복 배정 제외
BOK-20250911-df4c93f2f7f1-그림-7855e1d6ac17a95d,통화신용정책보고서 2025년 9월,그림,불명,"국내 물가상승률 전망 1) 자료 : 한국은행, 통계청",번호; 단위; 데이터 형태; 종류; 설명,불명,불명,번호 미확인; 캡션 또는 비결과물 오탐 여부 검수; 허용 종류로 판별 불가 또는 표 구조 미확인; 번호 직결 인용 없음 또는 문장 조각·중복 배정 제외
BOK-20250911-df4c93f2f7f1-그림-1f8b64ba30270976,통화신용정책보고서 2025년 9월,그림,불명,국내경제 성장률 전망 1) 2) 자료 : 한국은행,번호; 단위; 데이터 형태; 종류; 설명,불명,불명,번호 미확인; 캡션 또는 비결과물 오탐 여부 검수; 허용 종류로 판별 불가 또는 표 구조 미확인; 번호 직결 인용 없음 또는 문장 조각·중복 배정 제외
BOK-20250911-df4c93f2f7f1-그림-25d149e0aaadfe94,통화신용정책보고서 2025년 9월,그림,불명,글로벌 제조업 신규 수출주문PMI 1) 자료 : S&P Global,번호; 단위; 데이터 형태; 종류; 설명,불명,불명,번호 미확인; 캡션 또는 비결과물 오탐 여부 검수; 허용 종류로 판별 불가 또는 표 구조 미확인; 번호 직결 인용 없음 또는 문장 조각·중복 배정 제외
BOK-20250911-df4c93f2f7f1-그림-31497c93f3c0984a,통화신용정책보고서 2025년 9월,그림,불명,"금융권 가계대출 증감 자료 : 한국은행, 금융감독원, 한국주택금융공사",번호; 단위; 데이터 형태; 종류; 설명,불명,불명,번호 미확인; 캡션 또는 비결과물 오탐 여부 검수; 허용 종류로 판별 불가 또는 표 구조 미확인; 번호 직결 인용 없음 또는 문장 조각·중복 배정 제외
BOK-20250911-df4c93f2f7f1-그림-cf674059743de624,통화신용정책보고서 2025년 9월,그림,불명,금융시장의 미 연준 정책금리 기대 변화 1) 자료 : Bloomberg,번호; 단위; 데이터 형태; 종류; 설명,불명,불명,번호 미확인; 캡션 또는 비결과물 오탐 여부 검수; 허용 종류로 판별 불가 또는 표 구조 미확인; 번호 직결 인용 없음 또는 문장 조각·중복 배정 제외
BOK-20250911-df4c93f2f7f1-그림-f098a3b1f5305a75,통화신용정책보고서 2025년 9월,그림,불명,금융시장의 일본은행 정책금리 기대 변화 1) 자료 : Bloomberg,번호; 단위; 데이터 형태; 종류; 설명,불명,불명,번호 미확인; 캡션 또는 비결과물 오탐 여부 검수; 허용 종류로 판별 불가 또는 표 구조 미확인; 번호 직결 인용 없음 또는 문장 조각·중복 배정 제외
BOK-20250911-df4c93f2f7f1-그림-f89e9a382b972ab6,통화신용정책보고서 2025년 9월,그림,불명,대미 수출/GDP vs 성장 영향 1) 자료 : 한국은행,번호; 단위; 데이터 형태; 종류; 설명,불명,불명,번호 미확인; 캡션 또는 비결과물 오탐 여부 검수; 허용 종류로 판별 불가 또는 표 구조 미확인; 번호 직결 인용 없음 또는 문장 조각·중복 배정 제외
BOK-20250911-df4c93f2f7f1-그림-6b88998ecad9a40e,통화신용정책보고서 2025년 9월,그림,불명,대미 철강·자동차부품 수출 1) 자료 : 관세청,번호; 단위; 데이터 형태; 종류; 통계기법·지수; 설명,불명,불명,번호 미확인; 캡션 또는 비결과물 오탐 여부 검수; 허용 종류로 판별 불가 또는 표 구조 미확인; 번호 직결 인용 없음 또는 문장 조각·중복 배정 제외
BOK-20250911-df4c93f2f7f1-그림-3cfb6c5b10194873,통화신용정책보고서 2025년 9월,그림,불명,미 관세의 성장 영향 경로 1) 자료 : 한국은행,번호; 단위; 데이터 형태; 통계기법·지수; 설명,불명,불명,번호 미확인; 캡션 또는 비결과물 오탐 여부 검수; 번호 직결 인용 없음 또는 문장 조각·중복 배정 제외
BOK-20250911-df4c93f2f7f1-그림-6ef458f14f418896,통화신용정책보고서 2025년 9월,그림,불명,"미국 국채금리, 글로벌 주가지수 및 미 달러화 지수 자료 : Bloomberg",번호; 단위; 데이터 형태; 종류; 설명,불명,불명,번호 미확인; 캡션 또는 비결과물 오탐 여부 검수; 허용 종류로 판별 불가 또는 표 구조 미확인; 번호 직결 인용 없음 또는 문장 조각·중복 배정 제외
BOK-20250911-df4c93f2f7f1-그림-aaa816f31491dab8,통화신용정책보고서 2025년 9월,그림,불명,미국 무역정책 불확실성 지수 1) 자료 : Baker et al.(2016),번호; 단위; 데이터 형태; 종류; 설명,불명,불명,번호 미확인; 캡션 또는 비결과물 오탐 여부 검수; 허용 종류로 판별 불가 또는 표 구조 미확인; 번호 직결 인용 없음 또는 문장 조각·중복 배정 제외
BOK-20250911-df4c93f2f7f1-그림-6ba505f54a79e2fe,통화신용정책보고서 2025년 9월,그림,불명,부문별 건설투자 장기 추이 자료 : 한국은행,번호; 단위; 데이터 형태; 종류; 통계기법·지수; 설명,불명,불명,번호 미확인; 캡션 또는 비결과물 오탐 여부 검수; 허용 종류로 판별 불가 또는 표 구조 미확인; 번호 직결 인용 없음 또는 문장 조각·중복 배정 제외
BOK-20250911-df4c93f2f7f1-그림-d56d74577b8c4333,통화신용정책보고서 2025년 9월,그림,불명,상업용 건물 공실률 1) 2) 자료 : 부동산 114,번호; 단위; 데이터 형태; 종류; 설명,불명,불명,번호 미확인; 캡션 또는 비결과물 오탐 여부 검수; 허용 종류로 판별 불가 또는 표 구조 미확인; 번호 직결 인용 없음 또는 문장 조각·중복 배정 제외
BOK-20250911-df4c93f2f7f1-그림-3a97c18cde4878c8,통화신용정책보고서 2025년 9월,그림,불명,서울 가격대별 주택거래 비중 자료 : 국토교통부,번호; 단위; 데이터 형태; 종류; 설명,불명,불명,번호 미확인; 캡션 또는 비결과물 오탐 여부 검수; 허용 종류로 판별 불가 또는 표 구조 미확인; 번호 직결 인용 없음 또는 문장 조각·중복 배정 제외
BOK-20250911-df4c93f2f7f1-그림-31eba5158b65c37b,통화신용정책보고서 2025년 9월,그림,불명,서울 아파트 거래량 1) 자료 : 국토교통부,번호; 단위; 데이터 형태; 종류; 통계기법·지수; 설명,불명,불명,번호 미확인; 캡션 또는 비결과물 오탐 여부 검수; 허용 종류로 판별 불가 또는 표 구조 미확인; 번호 직결 인용 없음 또는 문장 조각·중복 배정 제외
BOK-20250911-df4c93f2f7f1-그림-ab344c0a0185c01a,통화신용정책보고서 2025년 9월,그림,불명,"서울 아파트 신고가 거래 1) 비중 자료 : 국토교통부, 한국은행",번호; 단위; 데이터 형태; 종류; 설명,불명,불명,번호 미확인; 캡션 또는 비결과물 오탐 여부 검수; 허용 종류로 판별 불가 또는 표 구조 미확인; 번호 직결 인용 없음 또는 문장 조각·중복 배정 제외
BOK-20250911-df4c93f2f7f1-그림-bc17c32f1f337749,통화신용정책보고서 2025년 9월,그림,불명,서울 자치구별 주택거래량 증감률 1) 2) 자료 : 국토교통부,번호; 단위; 데이터 형태; 종류; 설명,불명,불명,번호 미확인; 캡션 또는 비결과물 오탐 여부 검수; 허용 종류로 판별 불가 또는 표 구조 미확인; 번호 직결 인용 없음 또는 문장 조각·중복 배정 제외
BOK-20250911-df4c93f2f7f1-그림-fab3a8914511be65,통화신용정책보고서 2025년 9월,그림,불명,수도권 입주예정물량 1) 자료 : 부동산114,번호; 단위; 데이터 형태; 종류; 통계기법·지수; 설명,불명,불명,번호 미확인; 캡션 또는 비결과물 오탐 여부 검수; 허용 종류로 판별 불가 또는 표 구조 미확인; 번호 직결 인용 없음 또는 문장 조각·중복 배정 제외
BOK-20250911-df4c93f2f7f1-그림-97f86b6c4321906c,통화신용정책보고서 2025년 9월,그림,불명,아파트 매매가격 상승률 자료 : 한국부동산원,번호; 단위; 데이터 형태; 종류; 설명,불명,불명,번호 미확인; 캡션 또는 비결과물 오탐 여부 검수; 허용 종류로 판별 불가 또는 표 구조 미확인; 번호 직결 인용 없음 또는 문장 조각·중복 배정 제외
BOK-20250911-df4c93f2f7f1-그림-66f05ce7ff38b03c,통화신용정책보고서 2025년 9월,그림,불명,"예금취급기관의 가계대출 증감 자료 : 한국은행, 한국주택금융공사",번호; 단위; 데이터 형태; 종류; 설명,불명,불명,번호 미확인; 캡션 또는 비결과물 오탐 여부 검수; 허용 종류로 판별 불가 또는 표 구조 미확인; 번호 직결 인용 없음 또는 문장 조각·중복 배정 제외
BOK-20250911-df4c93f2f7f1-그림-9482bdf7825f860f,통화신용정책보고서 2025년 9월,그림,불명,우리나라 건설투자의 성장기여도 및 GDP 대비 비중 자료 : 한국은행,번호; 단위; 데이터 형태; 종류; 설명,불명,불명,번호 미확인; 캡션 또는 비결과물 오탐 여부 검수; 허용 종류로 판별 불가 또는 표 구조 미확인; 번호 직결 인용 없음 또는 문장 조각·중복 배정 제외
BOK-20250911-df4c93f2f7f1-그림-59cb95aac7e092c6,통화신용정책보고서 2025년 9월,그림,불명,유동성조절 필요규모 증감 및 요인별 기여도 1) 자료 : 한국은행,번호; 단위; 데이터 형태; 종류; 설명,불명,불명,번호 미확인; 캡션 또는 비결과물 오탐 여부 검수; 허용 종류로 판별 불가 또는 표 구조 미확인; 번호 직결 인용 없음 또는 문장 조각·중복 배정 제외
BOK-20250911-df4c93f2f7f1-그림-edf910ae8c21249f,통화신용정책보고서 2025년 9월,그림,불명,"유로지역 및 영국 물가 전망 변화 자료 : ECB, 영란은행",번호; 단위; 데이터 형태; 종류; 설명,불명,불명,번호 미확인; 캡션 또는 비결과물 오탐 여부 검수; 허용 종류로 판별 불가 또는 표 구조 미확인; 번호 직결 인용 없음 또는 문장 조각·중복 배정 제외
BOK-20250911-df4c93f2f7f1-그림-a8c6a0f7d57e10c4,통화신용정책보고서 2025년 9월,그림,불명,제도 개편 전후 RP매입 응찰률 및 참여기관 수 1) 자료 : 한국은행,번호; 단위; 데이터 형태; 종류; 설명,불명,불명,번호 미확인; 캡션 또는 비결과물 오탐 여부 검수; 허용 종류로 판별 불가 또는 표 구조 미확인; 번호 직결 인용 없음 또는 문장 조각·중복 배정 제외
BOK-20250911-df4c93f2f7f1-그림-32c9c7fa85242bd8,통화신용정책보고서 2025년 9월,그림,불명,"제도 개편 전후 기준금리 대비 콜금리 및 RP금리 스프레드 1) 자료 : 한국은행, 한국예탁결제원",번호; 단위; 데이터 형태; 종류; 설명,불명,불명,번호 미확인; 캡션 또는 비결과물 오탐 여부 검수; 허용 종류로 판별 불가 또는 표 구조 미확인; 번호 직결 인용 없음 또는 문장 조각·중복 배정 제외
BOK-20250911-df4c93f2f7f1-그림-9fec9aa7c9a1f10f,통화신용정책보고서 2025년 9월,그림,불명,제조업 유형자산투자 대비 무형자산투자 추이 1) 자료 : 한국은행,번호; 단위; 데이터 형태; 종류; 통계기법·지수; 설명,불명,불명,번호 미확인; 캡션 또는 비결과물 오탐 여부 검수; 허용 종류로 판별 불가 또는 표 구조 미확인; 번호 직결 인용 없음 또는 문장 조각·중복 배정 제외
BOK-20250911-df4c93f2f7f1-그림-0d82edcb77f565e7,통화신용정책보고서 2025년 9월,그림,불명,주간 아파트 매매가격 상승률 자료 : 한국부동산원,번호; 단위; 데이터 형태; 종류; 설명,불명,불명,번호 미확인; 캡션 또는 비결과물 오탐 여부 검수; 허용 종류로 판별 불가 또는 표 구조 미확인; 번호 직결 인용 없음 또는 문장 조각·중복 배정 제외
BOK-20250911-df4c93f2f7f1-그림-4675ea0d9f6a5116,통화신용정책보고서 2025년 9월,그림,불명,"주요국 인플레이션 1) 자료 : 각국 중앙은행, 각국 통계청",번호; 단위; 데이터 형태; 종류; 설명,불명,불명,번호 미확인; 캡션 또는 비결과물 오탐 여부 검수; 허용 종류로 판별 불가 또는 표 구조 미확인; 번호 직결 인용 없음 또는 문장 조각·중복 배정 제외
BOK-20250911-df4c93f2f7f1-그림-c90311bc904b130f,통화신용정책보고서 2025년 9월,그림,불명,주요국 정책금리 1) 자료 : 각국 중앙은행,번호; 단위; 데이터 형태; 종류; 설명,불명,불명,번호 미확인; 캡션 또는 비결과물 오탐 여부 검수; 허용 종류로 판별 불가 또는 표 구조 미확인; 번호 직결 인용 없음 또는 문장 조각·중복 배정 제외
BOK-20250911-df4c93f2f7f1-그림-400c0e52f1a89b97,통화신용정책보고서 2025년 9월,그림,불명,"지역별 분양 1) 대비 미분양 2) 비율 자료 : 부동산114, 국토교통부",번호; 단위; 데이터 형태; 종류; 설명,불명,불명,번호 미확인; 캡션 또는 비결과물 오탐 여부 검수; 허용 종류로 판별 불가 또는 표 구조 미확인; 번호 직결 인용 없음 또는 문장 조각·중복 배정 제외
BOK-20250911-df4c93f2f7f1-그림-c47729c186460190,통화신용정책보고서 2025년 9월,그림,불명,토목건설 장기 추이 자료 : 한국은행,번호; 단위; 데이터 형태; 종류; 통계기법·지수; 설명,불명,불명,번호 미확인; 캡션 또는 비결과물 오탐 여부 검수; 허용 종류로 판별 불가 또는 표 구조 미확인; 번호 직결 인용 없음 또는 문장 조각·중복 배정 제외
BOK-20250911-df4c93f2f7f1-그림-5e4b1a5abab67f52,통화신용정책보고서 2025년 9월,그림,불명,품목별 수출 변화 및 국가별 기여도 자료 : 한국은행,번호; 단위; 데이터 형태; 종류; 설명,불명,불명,번호 미확인; 캡션 또는 비결과물 오탐 여부 검수; 허용 종류로 판별 불가 또는 표 구조 미확인; 번호 직결 인용 없음 또는 문장 조각·중복 배정 제외
BOK-20250911-df4c93f2f7f1-그림-86ce061cb20f5821,통화신용정책보고서 2025년 9월,그림,불명,한국은행 금융중개지원대출의 한도 및 금리 1) 자료 : 한국은행,번호; 데이터 형태; 설명,research/bok-archive/01-통화신용정책보고서/2025-09-11_통화신용정책보고서(2025년 9월)/통화신용정책보고서(2025년 9월.pdf,62,번호 미확인; 캡션 또는 비결과물 오탐 여부 검수; 번호 직결 인용 없음 또는 문장 조각·중복 배정 제외
BOK-20250911-df4c93f2f7f1-그림-37ef95b7b44f0b39,통화신용정책보고서 2025년 9월,그림,불명,한국은행 기준금리 1) 자료 : 한국은행,번호; 단위; 데이터 형태; 설명,불명,불명,번호 미확인; 캡션 또는 비결과물 오탐 여부 검수; 번호 직결 인용 없음 또는 문장 조각·중복 배정 제외
BOK-20250911-df4c93f2f7f1-표-0110aca66c2d0fb6,통화신용정책보고서 2025년 9월,표,6-27,6.27 가계부채 대책의 주요 내용,단위; 통계기법·지수; 설명,불명,불명,번호 직결 인용 없음 또는 문장 조각·중복 배정 제외
BOK-20250911-df4c93f2f7f1-표-e2962d0902826eb0,통화신용정책보고서 2025년 9월,표,I-1,주요국 경제성장률 1) 2),설명,research/bok-archive/01-통화신용정책보고서/2025-09-11_통화신용정책보고서(2025년 9월)/통화신용정책보고서(2025년 9월.pdf,15,번호 직결 인용 없음 또는 문장 조각·중복 배정 제외
BOK-20250911-df4c93f2f7f1-표-c202c8e0381da681,통화신용정책보고서 2025년 9월,표,I-4,경상수지,설명,research/bok-archive/01-통화신용정책보고서/2025-09-11_통화신용정책보고서(2025년 9월)/통화신용정책보고서(2025년 9월.pdf,21,번호 직결 인용 없음 또는 문장 조각·중복 배정 제외
BOK-20250911-df4c93f2f7f1-표-984e599cf0580db1,통화신용정책보고서 2025년 9월,표,I-5,취업자수 증감 1),설명,research/bok-archive/01-통화신용정책보고서/2025-09-11_통화신용정책보고서(2025년 9월)/통화신용정책보고서(2025년 9월.pdf,22,번호 직결 인용 없음 또는 문장 조각·중복 배정 제외
BOK-20250911-df4c93f2f7f1-표-f8029f615e819f98,통화신용정책보고서 2025년 9월,표,I-6,고용률 및 실업률,설명,research/bok-archive/01-통화신용정책보고서/2025-09-11_통화신용정책보고서(2025년 9월)/통화신용정책보고서(2025년 9월.pdf,23,번호 직결 인용 없음 또는 문장 조각·중복 배정 제외
BOK-20250911-df4c93f2f7f1-표-48be2a301f5a5359,통화신용정책보고서 2025년 9월,표,I-7,항목별 명목임금 및 실질임금 상승률,설명,research/bok-archive/01-통화신용정책보고서/2025-09-11_통화신용정책보고서(2025년 9월)/통화신용정책보고서(2025년 9월.pdf,23,번호 직결 인용 없음 또는 문장 조각·중복 배정 제외
BOK-20250911-df4c93f2f7f1-표-5ee79242c89f4e67,통화신용정책보고서 2025년 9월,표,I-8,경제성장률 전망 1),설명,research/bok-archive/01-통화신용정책보고서/2025-09-11_통화신용정책보고서(2025년 9월)/통화신용정책보고서(2025년 9월.pdf,24,번호 직결 인용 없음 또는 문장 조각·중복 배정 제외
BOK-20250911-df4c93f2f7f1-표-a708aee731d84f07,통화신용정책보고서 2025년 9월,표,I-9,고용 전망 1) 2),설명,research/bok-archive/01-통화신용정책보고서/2025-09-11_통화신용정책보고서(2025년 9월)/통화신용정책보고서(2025년 9월.pdf,25,번호 직결 인용 없음 또는 문장 조각·중복 배정 제외
BOK-20250911-df4c93f2f7f1-표-d0d0301e751c173f,통화신용정책보고서 2025년 9월,표,I-10,성장의 상·하방 요인 1),단위,research/bok-archive/01-통화신용정책보고서/2025-09-11_통화신용정책보고서(2025년 9월)/통화신용정책보고서(2025년 9월.pdf,25,출처·단위·데이터 형태 등 미확인
BOK-20250911-df4c93f2f7f1-표-ea104a88b8b72d6a,통화신용정책보고서 2025년 9월,표,I-11,소비자물가 상승률,설명,research/bok-archive/01-통화신용정책보고서/2025-09-11_통화신용정책보고서(2025년 9월)/통화신용정책보고서(2025년 9월.pdf,27,번호 직결 인용 없음 또는 문장 조각·중복 배정 제외
BOK-20250911-df4c93f2f7f1-표-aac3ea02f28b35dc,통화신용정책보고서 2025년 9월,표,I-12,물가상승률 전망 1),설명,research/bok-archive/01-통화신용정책보고서/2025-09-11_통화신용정책보고서(2025년 9월)/통화신용정책보고서(2025년 9월.pdf,29,번호 직결 인용 없음 또는 문장 조각·중복 배정 제외
BOK-20250911-df4c93f2f7f1-표-4a0c72fd1ac2736a,통화신용정책보고서 2025년 9월,표,I-13,물가의 상·하방 요인 1),단위; 설명,research/bok-archive/01-통화신용정책보고서/2025-09-11_통화신용정책보고서(2025년 9월)/통화신용정책보고서(2025년 9월.pdf,29,번호 직결 인용 없음 또는 문장 조각·중복 배정 제외
BOK-20250911-df4c93f2f7f1-표-83aa12f1eca25036,통화신용정책보고서 2025년 9월,표,I-14,기업의 자금조달,통계기법·지수,research/bok-archive/01-통화신용정책보고서/2025-09-11_통화신용정책보고서(2025년 9월)/통화신용정책보고서(2025년 9월.pdf,33,출처·단위·데이터 형태 등 미확인
BOK-20250911-df4c93f2f7f1-표-7b676ca98d8d646b,통화신용정책보고서 2025년 9월,표,I-15,주택매매·전세 가격 상승률 및 주택매매거래량,단위; 설명,research/bok-archive/01-통화신용정책보고서/2025-09-11_통화신용정책보고서(2025년 9월)/통화신용정책보고서(2025년 9월.pdf,36,번호 직결 인용 없음 또는 문장 조각·중복 배정 제외
BOK-20250911-df4c93f2f7f1-표-921e39f907433a6f,통화신용정책보고서 2025년 9월,표,I-16,예금취급기관의 가계대출,설명,research/bok-archive/01-통화신용정책보고서/2025-09-11_통화신용정책보고서(2025년 9월)/통화신용정책보고서(2025년 9월.pdf,37,번호 직결 인용 없음 또는 문장 조각·중복 배정 제외
BOK-20250911-df4c93f2f7f1-표-47d6bc7582b4e066,통화신용정책보고서 2025년 9월,표,II-1,금융중개지원대출의 프로그램별 한도 및 금리,설명,research/bok-archive/01-통화신용정책보고서/2025-09-11_통화신용정책보고서(2025년 9월)/통화신용정책보고서(2025년 9월.pdf,62,번호 직결 인용 없음 또는 문장 조각·중복 배정 제외
BOK-20250911-df4c93f2f7f1-표-ce518ae4ccbd74c7,통화신용정책보고서 2025년 9월,표,II-3,｢시장상황 점검회의｣ 개최 내역,단위; 통계기법·지수; 설명,research/bok-archive/01-통화신용정책보고서/2025-09-11_통화신용정책보고서(2025년 9월)/통화신용정책보고서(2025년 9월.pdf,63,번호 직결 인용 없음 또는 문장 조각·중복 배정 제외
BOK-20250911-df4c93f2f7f1-표-df0e112ff4d5520d,통화신용정책보고서 2025년 9월,표,II-4,공동검사 실시 횟수,통계기법·지수; 설명,research/bok-archive/01-통화신용정책보고서/2025-09-11_통화신용정책보고서(2025년 9월)/통화신용정책보고서(2025년 9월.pdf,64,번호 직결 인용 없음 또는 문장 조각·중복 배정 제외
BOK-20250911-df4c93f2f7f1-표-24ced9d16fd8824f,통화신용정책보고서 2025년 9월,표,II-5,주요국의 스테이블코인 규제체계 현황,통계기법·지수; 설명,research/bok-archive/01-통화신용정책보고서/2025-09-11_통화신용정책보고서(2025년 9월)/통화신용정책보고서(2025년 9월.pdf,65,번호 직결 인용 없음 또는 문장 조각·중복 배정 제외
BOK-20250911-df4c93f2f7f1-표-bed6376cda587f43,통화신용정책보고서 2025년 9월,표,II-6,금통위원의 향후 3개월 내 조건부 기준금리 전망 1),단위; 설명,research/bok-archive/01-통화신용정책보고서/2025-09-11_통화신용정책보고서(2025년 9월)/통화신용정책보고서(2025년 9월.pdf,69,번호 직결 인용 없음 또는 문장 조각·중복 배정 제외
BOK-20250911-df4c93f2f7f1-표-73780b2bbd8699ec,통화신용정책보고서 2025년 9월,표,III-1,유동성 스트레스 상황에서의 예금인출속도,단위; 설명,research/bok-archive/01-통화신용정책보고서/2025-09-11_통화신용정책보고서(2025년 9월)/통화신용정책보고서(2025년 9월.pdf,92,번호 직결 인용 없음 또는 문장 조각·중복 배정 제외
BOK-20250911-df4c93f2f7f1-표-965bb79323839ee3,통화신용정책보고서 2025년 9월,표,III-2,담보 사전수취 절차,단위; 통계기법·지수,research/bok-archive/01-통화신용정책보고서/2025-09-11_통화신용정책보고서(2025년 9월)/통화신용정책보고서(2025년 9월.pdf,92,출처·단위·데이터 형태 등 미확인
BOK-20250911-df4c93f2f7f1-표-f219c8431b997277,통화신용정책보고서 2025년 9월,표,III-3,국가별·담보자산별 대출제도 담보 사전수취 현황 1),단위; 통계기법·지수; 설명,research/bok-archive/01-통화신용정책보고서/2025-09-11_통화신용정책보고서(2025년 9월)/통화신용정책보고서(2025년 9월.pdf,93,번호 직결 인용 없음 또는 문장 조각·중복 배정 제외
BOK-20250911-df4c93f2f7f1-표-3e89b3b70c0e1373,통화신용정책보고서 2025년 9월,표,III-4,담보 사전수취의 기대효과,단위; 통계기법·지수,research/bok-archive/01-통화신용정책보고서/2025-09-11_통화신용정책보고서(2025년 9월)/통화신용정책보고서(2025년 9월.pdf,93,출처·단위·데이터 형태 등 미확인
BOK-20250911-df4c93f2f7f1-표-89a6db5a684f8741,통화신용정책보고서 2025년 9월,표,III-5,중앙은행 대출의 담보체계 비교,단위; 통계기법·지수,research/bok-archive/01-통화신용정책보고서/2025-09-11_통화신용정책보고서(2025년 9월)/통화신용정책보고서(2025년 9월.pdf,95,출처·단위·데이터 형태 등 미확인
BOK-20250911-df4c93f2f7f1-표-dd9b34b717f5f5f9,통화신용정책보고서 2025년 9월,표,III-6,스트레스 상황별 LCR 규제 적용,단위; 설명,research/bok-archive/01-통화신용정책보고서/2025-09-11_통화신용정책보고서(2025년 9월)/통화신용정책보고서(2025년 9월.pdf,96,번호 직결 인용 없음 또는 문장 조각·중복 배정 제외
BOK-20250911-df4c93f2f7f1-표-b7e57f21efce6de9,통화신용정책보고서 2025년 9월,표,III-7,담보 사전수취 의무화에 대한 견해,단위; 통계기법·지수; 설명,research/bok-archive/01-통화신용정책보고서/2025-09-11_통화신용정책보고서(2025년 9월)/통화신용정책보고서(2025년 9월.pdf,97,번호 직결 인용 없음 또는 문장 조각·중복 배정 제외
BOK-20250911-df4c93f2f7f1-표-80351d209613737d,통화신용정책보고서 2025년 9월,표,IIII-1,유동성 스트레스 상황에서의 예금인출속도,단위; 데이터 형태; 종류; 설명,research/bok-archive/01-통화신용정책보고서/2025-09-11_통화신용정책보고서(2025년 9월)/통화신용정책보고서(2025년 9월.pdf,92,허용 종류로 판별 불가 또는 표 구조 미확인; 번호 직결 인용 없음 또는 문장 조각·중복 배정 제외
BOK-20250911-df4c93f2f7f1-표-d11aac576dde207f,통화신용정책보고서 2025년 9월,표,IIII-2,담보 사전수취 절차,단위; 데이터 형태; 종류; 통계기법·지수; 설명,research/bok-archive/01-통화신용정책보고서/2025-09-11_통화신용정책보고서(2025년 9월)/통화신용정책보고서(2025년 9월.pdf,92,허용 종류로 판별 불가 또는 표 구조 미확인; 번호 직결 인용 없음 또는 문장 조각·중복 배정 제외
BOK-20250911-df4c93f2f7f1-표-ea13475d9d63bf99,통화신용정책보고서 2025년 9월,표,IIII-3,국가별·담보자산별 대출제도 담보 사전수취 현황,단위; 데이터 형태; 종류; 통계기법·지수; 설명,research/bok-archive/01-통화신용정책보고서/2025-09-11_통화신용정책보고서(2025년 9월)/통화신용정책보고서(2025년 9월.pdf,93,허용 종류로 판별 불가 또는 표 구조 미확인; 번호 직결 인용 없음 또는 문장 조각·중복 배정 제외
BOK-20250911-df4c93f2f7f1-표-bd9a40f3db85962a,통화신용정책보고서 2025년 9월,표,IIII-4,담보 사전수취의 기대효과,단위; 데이터 형태; 종류; 통계기법·지수; 설명,research/bok-archive/01-통화신용정책보고서/2025-09-11_통화신용정책보고서(2025년 9월)/통화신용정책보고서(2025년 9월.pdf,93,허용 종류로 판별 불가 또는 표 구조 미확인; 번호 직결 인용 없음 또는 문장 조각·중복 배정 제외
BOK-20250911-df4c93f2f7f1-표-925111aff41b4b11,통화신용정책보고서 2025년 9월,표,IIII-5,중앙은행 대출의 담보체계 비교,단위; 데이터 형태; 종류; 통계기법·지수; 설명,research/bok-archive/01-통화신용정책보고서/2025-09-11_통화신용정책보고서(2025년 9월)/통화신용정책보고서(2025년 9월.pdf,95,허용 종류로 판별 불가 또는 표 구조 미확인; 번호 직결 인용 없음 또는 문장 조각·중복 배정 제외
BOK-20250911-df4c93f2f7f1-표-4a04b56deb592e0d,통화신용정책보고서 2025년 9월,표,IIII-6,스트레스 상황별 LCR 규제 적용,단위; 데이터 형태; 종류; 설명,research/bok-archive/01-통화신용정책보고서/2025-09-11_통화신용정책보고서(2025년 9월)/통화신용정책보고서(2025년 9월.pdf,96,허용 종류로 판별 불가 또는 표 구조 미확인; 번호 직결 인용 없음 또는 문장 조각·중복 배정 제외
BOK-20250911-df4c93f2f7f1-표-3022520bdc6752a8,통화신용정책보고서 2025년 9월,표,IIII-7,담보 사전수취 의무화에 대한 견해,단위; 데이터 형태; 종류; 통계기법·지수; 설명,research/bok-archive/01-통화신용정책보고서/2025-09-11_통화신용정책보고서(2025년 9월)/통화신용정책보고서(2025년 9월.pdf,97,허용 종류로 판별 불가 또는 표 구조 미확인; 번호 직결 인용 없음 또는 문장 조각·중복 배정 제외
BOK-20250911-df4c93f2f7f1-표-b63f9d2fd5f585f9,통화신용정책보고서 2025년 9월,표,불명,(%),번호; 사용 데이터·출처; 분석 목적; 통계기법·지수; 설명,불명,불명,번호 미확인; 캡션 또는 비결과물 오탐 여부 검수; 제목·계열·직접 인용의 해석 근거 부족; 번호 직결 인용 없음 또는 문장 조각·중복 배정 제외
BOK-20250911-df4c93f2f7f1-표-efdb2fa0632aa270,통화신용정책보고서 2025년 9월,표,불명,"(연율 환산, %)",번호; 사용 데이터·출처; 단위; 분석 목적; 통계기법·지수; 설명,불명,불명,번호 미확인; 캡션 또는 비결과물 오탐 여부 검수; 제목·계열·직접 인용의 해석 근거 부족; 번호 직결 인용 없음 또는 문장 조각·중복 배정 제외
BOK-20250911-df4c93f2f7f1-표-77dea6b302d361f5,통화신용정책보고서 2025년 9월,표,불명,2024년 1월 ∼ 2025년 8월 중 주요국 중앙은행의 정책금리 조정 현황 1),번호; 단위; 설명,불명,불명,번호 미확인; 캡션 또는 비결과물 오탐 여부 검수; 번호 직결 인용 없음 또는 문장 조각·중복 배정 제외
BOK-20250911-df4c93f2f7f1-표-7cbe6dff0510048b,통화신용정책보고서 2025년 9월,표,불명,RP매매 우수·부진기관 선정 기준,번호; 단위; 설명,불명,불명,번호 미확인; 캡션 또는 비결과물 오탐 여부 검수; 번호 직결 인용 없음 또는 문장 조각·중복 배정 제외
BOK-20250911-df4c93f2f7f1-표-e6078cc33cc09b99,통화신용정책보고서 2025년 9월,표,불명,공개시장운영수단 변화,번호; 단위; 통계기법·지수; 설명,불명,불명,번호 미확인; 캡션 또는 비결과물 오탐 여부 검수; 번호 직결 인용 없음 또는 문장 조각·중복 배정 제외
BOK-20250911-df4c93f2f7f1-표-600261e09d129488,통화신용정책보고서 2025년 9월,표,불명,관세정책 시나리오 변화에 따른 국내 경제 영향,번호; 설명,불명,불명,번호 미확인; 캡션 또는 비결과물 오탐 여부 검수; 번호 직결 인용 없음 또는 문장 조각·중복 배정 제외
BOK-20250911-df4c93f2f7f1-표-1585ae6237ba5aa6,통화신용정책보고서 2025년 9월,표,불명,미 관세의 국내경제 영향 1),번호; 통계기법·지수; 설명,불명,불명,번호 미확인; 캡션 또는 비결과물 오탐 여부 검수; 번호 직결 인용 없음 또는 문장 조각·중복 배정 제외
BOK-20250911-df4c93f2f7f1-표-9c6efd80bc20b417,통화신용정책보고서 2025년 9월,표,불명,미국 관세정책 구조,번호; 단위; 통계기법·지수; 설명,불명,불명,번호 미확인; 캡션 또는 비결과물 오탐 여부 검수; 번호 직결 인용 없음 또는 문장 조각·중복 배정 제외
BOK-20250911-df4c93f2f7f1-표-ef9f353aca552b55,통화신용정책보고서 2025년 9월,표,불명,세계경제 성장률 전망 1),번호; 설명,research/bok-archive/01-통화신용정책보고서/2025-09-11_통화신용정책보고서(2025년 9월)/통화신용정책보고서(2025년 9월.pdf,18,번호 미확인; 캡션 또는 비결과물 오탐 여부 검수; 번호 직결 인용 없음 또는 문장 조각·중복 배정 제외
BOK-20250911-df4c93f2f7f1-표-fa5b464d8faf5090,통화신용정책보고서 2025년 9월,표,불명,세부 무역경로별 관세 영향 1) 2),번호; 통계기법·지수; 설명,불명,불명,번호 미확인; 캡션 또는 비결과물 오탐 여부 검수; 번호 직결 인용 없음 또는 문장 조각·중복 배정 제외
BOK-20250911-df4c93f2f7f1-표-d0836a47114aeebb,통화신용정책보고서 2025년 9월,표,불명,시나리오별 관세정책 가정,번호; 단위; 설명,불명,불명,번호 미확인; 캡션 또는 비결과물 오탐 여부 검수; 번호 직결 인용 없음 또는 문장 조각·중복 배정 제외
BOK-20250911-df4c93f2f7f1-표-e06fd3f4b49490f6,통화신용정책보고서 2025년 9월,표,불명,주요 선진국 중앙은행 정책금리 전망,번호; 설명,불명,불명,번호 미확인; 캡션 또는 비결과물 오탐 여부 검수; 번호 직결 인용 없음 또는 문장 조각·중복 배정 제외
BOK-20260312-637f0cd4b14e-그림-0a0e4079cc71efcb,통화신용정책보고서 2026년 3월,그림,개요 1,"미국 국채금리, 글로벌 주가지수 및 미 달러화 지수",설명,불명,불명,번호 직결 인용 없음 또는 문장 조각·중복 배정 제외
BOK-20260312-637f0cd4b14e-그림-9a37f8a4cd52dfec,통화신용정책보고서 2026년 3월,그림,개요 2,국내경제 성장률 전망,설명,불명,불명,번호 직결 인용 없음 또는 문장 조각·중복 배정 제외
BOK-20260312-637f0cd4b14e-그림-102edca3ee091ecf,통화신용정책보고서 2026년 3월,그림,개요 3,물가상승률 전망,설명,불명,불명,번호 직결 인용 없음 또는 문장 조각·중복 배정 제외
BOK-20260312-637f0cd4b14e-그림-eea2e39bf0cd2754,통화신용정책보고서 2026년 3월,그림,개요 4,국내 금리·주가·환율,설명,불명,불명,번호 직결 인용 없음 또는 문장 조각·중복 배정 제외
BOK-20260312-637f0cd4b14e-그림-cbf9729accb924fe,통화신용정책보고서 2026년 3월,그림,개요 5,아파트 매매가격 상승률,설명,불명,불명,번호 직결 인용 없음 또는 문장 조각·중복 배정 제외
BOK-20260312-637f0cd4b14e-그림-00393ae824c1f217,통화신용정책보고서 2026년 3월,그림,개요 6,예금취급기관의 가계대출 증감,통계기법·지수; 설명,research/bok-archive/01-통화신용정책보고서/2026-03-12_통화신용정책보고서(2026년 3월)/통화신용정책보고서(2026년 3월).pdf,40,번호 직결 인용 없음 또는 문장 조각·중복 배정 제외
BOK-20260312-637f0cd4b14e-그림-32302b5980cb04e8,통화신용정책보고서 2026년 3월,그림,개요 7,한국은행 기준금리,설명,research/bok-archive/01-통화신용정책보고서/2026-03-12_통화신용정책보고서(2026년 3월)/통화신용정책보고서(2026년 3월).pdf,69,번호 직결 인용 없음 또는 문장 조각·중복 배정 제외
BOK-20260312-637f0cd4b14e-그림-b2b1118408cd117a,통화신용정책보고서 2026년 3월,그림,개요 8,한국은행 금융중개지원대출의 한도 및 금리,설명,research/bok-archive/01-통화신용정책보고서/2026-03-12_통화신용정책보고서(2026년 3월)/통화신용정책보고서(2026년 3월).pdf,74,번호 직결 인용 없음 또는 문장 조각·중복 배정 제외
BOK-20260312-637f0cd4b14e-그림-8705f1b28c5f8d67,통화신용정책보고서 2026년 3월,그림,I-1,경기선행지수 및 글로벌 PMI,단위,research/bok-archive/01-통화신용정책보고서/2026-03-12_통화신용정책보고서(2026년 3월)/통화신용정책보고서(2026년 3월).pdf,15,출처·단위·데이터 형태 등 미확인
BOK-20260312-637f0cd4b14e-그림-4585f60a04507b73,통화신용정책보고서 2026년 3월,그림,참고 I-1-1,주변국 환율 흐름,설명,불명,불명,번호 직결 인용 없음 또는 문장 조각·중복 배정 제외
BOK-20260312-637f0cd4b14e-그림-c488f0ac42a3e73f,통화신용정책보고서 2026년 3월,그림,참고 I-1-2,환율 변화율,종류; 설명,불명,불명,허용 종류로 판별 불가 또는 표 구조 미확인; 번호 직결 인용 없음 또는 문장 조각·중복 배정 제외
BOK-20260312-637f0cd4b14e-그림-53655382ad7d31e8,통화신용정책보고서 2026년 3월,그림,참고 I-1-3,환율 변동성,설명,불명,불명,번호 직결 인용 없음 또는 문장 조각·중복 배정 제외
BOK-20260312-637f0cd4b14e-그림-f5ec7570f4450b05,통화신용정책보고서 2026년 3월,그림,참고 I-1-4,미국 대비 성장률 갭,설명,불명,불명,번호 직결 인용 없음 또는 문장 조각·중복 배정 제외
BOK-20260312-637f0cd4b14e-그림-6e6dd59e68f8add0,통화신용정책보고서 2026년 3월,그림,참고 I-1-5,GDP 대비 경상수지,설명,불명,불명,번호 직결 인용 없음 또는 문장 조각·중복 배정 제외
BOK-20260312-637f0cd4b14e-그림-2c99e8e28b5d8a40,통화신용정책보고서 2026년 3월,그림,참고 I-1-6,정부부채 및 재정적자,통계기법·지수; 설명,불명,불명,번호 직결 인용 없음 또는 문장 조각·중복 배정 제외
BOK-20260312-637f0cd4b14e-그림-b04e1006f63bd64c,통화신용정책보고서 2026년 3월,그림,참고 I-1-7,미국 대비 정책금리차,설명,불명,불명,번호 직결 인용 없음 또는 문장 조각·중복 배정 제외
BOK-20260312-637f0cd4b14e-그림-b7fc23ad3fbdf8a8,통화신용정책보고서 2026년 3월,그림,참고 I-1-8,대미 증권투자 규모,통계기법·지수; 설명,불명,불명,번호 직결 인용 없음 또는 문장 조각·중복 배정 제외
BOK-20260312-637f0cd4b14e-그림-ec9235e3c02cd536,통화신용정책보고서 2026년 3월,그림,참고 I-1-9,대만 생명보험사 환헤지 비중,설명,불명,불명,번호 직결 인용 없음 또는 문장 조각·중복 배정 제외
BOK-20260312-637f0cd4b14e-그림-764532e24784040a,통화신용정책보고서 2026년 3월,그림,참고 I-1-10,원화와의 동조화,단위; 설명,불명,불명,번호 직결 인용 없음 또는 문장 조각·중복 배정 제외
BOK-20260312-637f0cd4b14e-그림-d349db31ea3830e5,통화신용정책보고서 2026년 3월,그림,참고 I-1-11,대미시장 한국과의 수출경합도,단위; 설명,불명,불명,번호 직결 인용 없음 또는 문장 조각·중복 배정 제외
BOK-20260312-637f0cd4b14e-그림-2322f02080b68c4d,통화신용정책보고서 2026년 3월,그림,I-2,주요국 소비자물가 상승률,설명,research/bok-archive/01-통화신용정책보고서/2026-03-12_통화신용정책보고서(2026년 3월)/통화신용정책보고서(2026년 3월).pdf,16,번호 직결 인용 없음 또는 문장 조각·중복 배정 제외
BOK-20260312-637f0cd4b14e-그림-06715bc999a03a03,통화신용정책보고서 2026년 3월,그림,참고 I-2-1,2000년대 이후 민간소비 회복기,설명,불명,불명,번호 직결 인용 없음 또는 문장 조각·중복 배정 제외
BOK-20260312-637f0cd4b14e-그림-8dbf978538364415,통화신용정책보고서 2026년 3월,그림,참고 I-2-2,회복기 유형별 진폭 및 지속기간,통계기법·지수; 설명,불명,불명,번호 직결 인용 없음 또는 문장 조각·중복 배정 제외
BOK-20260312-637f0cd4b14e-그림-ca8633151bfdeffc,통화신용정책보고서 2026년 3월,그림,참고 I-2-3,반도체 수출 추이,설명,불명,불명,번호 직결 인용 없음 또는 문장 조각·중복 배정 제외
BOK-20260312-637f0cd4b14e-그림-74cc71aefca9dcfe,통화신용정책보고서 2026년 3월,그림,참고 I-2-4,코스피 및 소비자심리지수,설명,불명,불명,번호 직결 인용 없음 또는 문장 조각·중복 배정 제외
BOK-20260312-637f0cd4b14e-그림-bf6ef56176f54428,통화신용정책보고서 2026년 3월,그림,참고 I-2-5,중앙정부 예산규모,설명,불명,불명,번호 직결 인용 없음 또는 문장 조각·중복 배정 제외
BOK-20260312-637f0cd4b14e-그림-50d247cc0529431f,통화신용정책보고서 2026년 3월,그림,참고 I-2-6,부문별 생산 및 취업 유발계수,설명,불명,불명,번호 직결 인용 없음 또는 문장 조각·중복 배정 제외
BOK-20260312-637f0cd4b14e-그림-9df83bb383c48719,통화신용정책보고서 2026년 3월,그림,참고 I-2-7,반도체 수출 비중,설명,불명,불명,번호 직결 인용 없음 또는 문장 조각·중복 배정 제외
BOK-20260312-637f0cd4b14e-그림-4ca6991a8df20926,통화신용정책보고서 2026년 3월,그림,참고 I-2-8,코스피 변동성지수,단위; 설명,research/bok-archive/01-통화신용정책보고서/2026-03-12_통화신용정책보고서(2026년 3월)/통화신용정책보고서(2026년 3월).pdf,35,번호 직결 인용 없음 또는 문장 조각·중복 배정 제외
BOK-20260312-637f0cd4b14e-그림-9c3bada2e796011c,통화신용정책보고서 2026년 3월,그림,참고 I-2-9,소득 분위별 주식·채권·펀드자산 보유액,설명,불명,불명,번호 직결 인용 없음 또는 문장 조각·중복 배정 제외
BOK-20260312-637f0cd4b14e-그림-0748bbcbbb36444e,통화신용정책보고서 2026년 3월,그림,참고 I-2-10,가계 저축 및 부채 전망,단위; 설명,불명,불명,번호 직결 인용 없음 또는 문장 조각·중복 배정 제외
BOK-20260312-637f0cd4b14e-그림-c326ae348edab7bf,통화신용정책보고서 2026년 3월,그림,참고 I-2-11,가계 순저축률 추이,설명,불명,불명,번호 직결 인용 없음 또는 문장 조각·중복 배정 제외
BOK-20260312-637f0cd4b14e-그림-9eb3aeca4e9f33ca,통화신용정책보고서 2026년 3월,그림,I-3,국제유가와 원유 재고,통계기법·지수; 설명,research/bok-archive/01-통화신용정책보고서/2026-03-12_통화신용정책보고서(2026년 3월)/통화신용정책보고서(2026년 3월).pdf,16,번호 직결 인용 없음 또는 문장 조각·중복 배정 제외
BOK-20260312-637f0cd4b14e-그림-63512901cf6c5049,통화신용정책보고서 2026년 3월,그림,참고 I-3-1,2000년대 이후 반도체 경기순환 비교,설명,불명,불명,번호 직결 인용 없음 또는 문장 조각·중복 배정 제외
BOK-20260312-637f0cd4b14e-그림-8755f1c2ef5e5859,통화신용정책보고서 2026년 3월,그림,참고 I-3-2,D램 수급률,설명,불명,불명,번호 직결 인용 없음 또는 문장 조각·중복 배정 제외
BOK-20260312-637f0cd4b14e-그림-3dec2586ae99e9ff,통화신용정책보고서 2026년 3월,그림,참고 I-3-3,주요 반도체기업 재고자산 비율,설명,불명,불명,번호 직결 인용 없음 또는 문장 조각·중복 배정 제외
BOK-20260312-637f0cd4b14e-그림-c8f5fa859fb1cdd3,통화신용정책보고서 2026년 3월,그림,I-4,글로벌 위험자산 회피심리,단위; 설명,research/bok-archive/01-통화신용정책보고서/2026-03-12_통화신용정책보고서(2026년 3월)/통화신용정책보고서(2026년 3월).pdf,17,번호 직결 인용 없음 또는 문장 조각·중복 배정 제외
BOK-20260312-637f0cd4b14e-그림-a6109ca121ec0dee,통화신용정책보고서 2026년 3월,그림,참고 I-4-1,금융권 가계대출 추이,통계기법·지수; 설명,불명,불명,번호 직결 인용 없음 또는 문장 조각·중복 배정 제외
BOK-20260312-637f0cd4b14e-그림-cba5ac69bdac75a5,통화신용정책보고서 2026년 3월,그림,참고 I-4-2,지역별 아파트가격 상승률,설명,불명,불명,번호 직결 인용 없음 또는 문장 조각·중복 배정 제외
BOK-20260312-637f0cd4b14e-그림-98fdd41c8fd24da1,통화신용정책보고서 2026년 3월,그림,참고 I-4-3,수도권 주요 자치구별 아파트가격 상승률,설명,불명,불명,번호 직결 인용 없음 또는 문장 조각·중복 배정 제외
BOK-20260312-637f0cd4b14e-그림-7c7f4d445187c1e5,통화신용정책보고서 2026년 3월,그림,참고 I-4-4,주요 지역 주택매매가격지수,설명,불명,불명,번호 직결 인용 없음 또는 문장 조각·중복 배정 제외
BOK-20260312-637f0cd4b14e-그림-f7f508096887857a,통화신용정책보고서 2026년 3월,그림,참고 I-4-5,수도권 가격대별 주택거래비중,설명,불명,불명,번호 직결 인용 없음 또는 문장 조각·중복 배정 제외
BOK-20260312-637f0cd4b14e-그림-6e5bfddae024cb0c,통화신용정책보고서 2026년 3월,그림,참고 I-4-6,주간 전세가격 상승률,설명,불명,불명,번호 직결 인용 없음 또는 문장 조각·중복 배정 제외
BOK-20260312-637f0cd4b14e-그림-a6c9c75ebb67b6d7,통화신용정책보고서 2026년 3월,그림,참고 I-4-7,은행 가계대출금리,설명,불명,불명,번호 직결 인용 없음 또는 문장 조각·중복 배정 제외
BOK-20260312-637f0cd4b14e-그림-72a67330422b1d8b,통화신용정책보고서 2026년 3월,그림,참고 I-4-8,주요 지역 아파트 매물증감,설명,불명,불명,번호 직결 인용 없음 또는 문장 조각·중복 배정 제외
BOK-20260312-637f0cd4b14e-그림-00c651de04e6845b,통화신용정책보고서 2026년 3월,그림,참고 I-4-9,주택가격전망CSI,단위; 설명,research/bok-archive/01-통화신용정책보고서/2026-03-12_통화신용정책보고서(2026년 3월)/통화신용정책보고서(2026년 3월).pdf,83,번호 직결 인용 없음 또는 문장 조각·중복 배정 제외
BOK-20260312-637f0cd4b14e-그림-00c57e9e962205ac,통화신용정책보고서 2026년 3월,그림,I-5,주요국 장기시장금리,설명,research/bok-archive/01-통화신용정책보고서/2026-03-12_통화신용정책보고서(2026년 3월)/통화신용정책보고서(2026년 3월).pdf,17,번호 직결 인용 없음 또는 문장 조각·중복 배정 제외
BOK-20260312-637f0cd4b14e-그림-2a2d825055d09f04,통화신용정책보고서 2026년 3월,그림,I-7,선진국 및 신흥시장국 주가지수,설명,research/bok-archive/01-통화신용정책보고서/2026-03-12_통화신용정책보고서(2026년 3월)/통화신용정책보고서(2026년 3월).pdf,18,번호 직결 인용 없음 또는 문장 조각·중복 배정 제외
BOK-20260312-637f0cd4b14e-그림-dd9976628eac9618,통화신용정책보고서 2026년 3월,그림,I-8,민간소비,설명,research/bok-archive/01-통화신용정책보고서/2026-03-12_통화신용정책보고서(2026년 3월)/통화신용정책보고서(2026년 3월).pdf,20,번호 직결 인용 없음 또는 문장 조각·중복 배정 제외
BOK-20260312-637f0cd4b14e-그림-3344de7678464a02,통화신용정책보고서 2026년 3월,그림,I-9,건설투자,설명,research/bok-archive/01-통화신용정책보고서/2026-03-12_통화신용정책보고서(2026년 3월)/통화신용정책보고서(2026년 3월).pdf,21,번호 직결 인용 없음 또는 문장 조각·중복 배정 제외
BOK-20260312-637f0cd4b14e-그림-002df885191548fe,통화신용정책보고서 2026년 3월,그림,I-10,설비투자,설명,research/bok-archive/01-통화신용정책보고서/2026-03-12_통화신용정책보고서(2026년 3월)/통화신용정책보고서(2026년 3월).pdf,21,번호 직결 인용 없음 또는 문장 조각·중복 배정 제외
BOK-20260312-637f0cd4b14e-그림-a1e9ce1e1151f0b0,통화신용정책보고서 2026년 3월,그림,I-12,취업자수,설명,research/bok-archive/01-통화신용정책보고서/2026-03-12_통화신용정책보고서(2026년 3월)/통화신용정책보고서(2026년 3월).pdf,23,번호 직결 인용 없음 또는 문장 조각·중복 배정 제외
BOK-20260312-637f0cd4b14e-그림-0c24991115ab893c,통화신용정책보고서 2026년 3월,그림,I-13,민간고용 증감과 추세,설명,research/bok-archive/01-통화신용정책보고서/2026-03-12_통화신용정책보고서(2026년 3월)/통화신용정책보고서(2026년 3월).pdf,24,번호 직결 인용 없음 또는 문장 조각·중복 배정 제외
BOK-20260312-637f0cd4b14e-그림-98eef5f505d790f4,통화신용정책보고서 2026년 3월,그림,I-14,고용률 및 실업률,설명,research/bok-archive/01-통화신용정책보고서/2026-03-12_통화신용정책보고서(2026년 3월)/통화신용정책보고서(2026년 3월).pdf,24,번호 직결 인용 없음 또는 문장 조각·중복 배정 제외
BOK-20260312-637f0cd4b14e-그림-8f9d124d6b652137,통화신용정책보고서 2026년 3월,그림,I-17,수입물가(원화 기준) 상승률,설명,research/bok-archive/01-통화신용정책보고서/2026-03-12_통화신용정책보고서(2026년 3월)/통화신용정책보고서(2026년 3월).pdf,28,번호 직결 인용 없음 또는 문장 조각·중복 배정 제외
BOK-20260312-637f0cd4b14e-그림-e96fad3ae5c08099,통화신용정책보고서 2026년 3월,그림,I-19,근원물가 상승률,설명,research/bok-archive/01-통화신용정책보고서/2026-03-12_통화신용정책보고서(2026년 3월)/통화신용정책보고서(2026년 3월).pdf,30,번호 직결 인용 없음 또는 문장 조각·중복 배정 제외
BOK-20260312-637f0cd4b14e-그림-f608757be3edf8ca,통화신용정책보고서 2026년 3월,그림,I-20,기조적 물가지표,설명,research/bok-archive/01-통화신용정책보고서/2026-03-12_통화신용정책보고서(2026년 3월)/통화신용정책보고서(2026년 3월).pdf,30,번호 직결 인용 없음 또는 문장 조각·중복 배정 제외
BOK-20260312-637f0cd4b14e-그림-fadc0159a417af1b,통화신용정책보고서 2026년 3월,그림,I-21,기대인플레이션율,설명,research/bok-archive/01-통화신용정책보고서/2026-03-12_통화신용정책보고서(2026년 3월)/통화신용정책보고서(2026년 3월).pdf,30,번호 직결 인용 없음 또는 문장 조각·중복 배정 제외
BOK-20260312-637f0cd4b14e-그림-9a3d9d51486fe281,통화신용정책보고서 2026년 3월,그림,I-24,주요국 국채금리 변동,설명,research/bok-archive/01-통화신용정책보고서/2026-03-12_통화신용정책보고서(2026년 3월)/통화신용정책보고서(2026년 3월).pdf,32,번호 직결 인용 없음 또는 문장 조각·중복 배정 제외
BOK-20260312-637f0cd4b14e-그림-42eb34c71adf9bc6,통화신용정책보고서 2026년 3월,그림,I-25,국고채금리 변동 요인,데이터 형태; 설명,research/bok-archive/01-통화신용정책보고서/2026-03-12_통화신용정책보고서(2026년 3월)/통화신용정책보고서(2026년 3월).pdf,33,번호 직결 인용 없음 또는 문장 조각·중복 배정 제외
BOK-20260312-637f0cd4b14e-그림-dbfbb909bde49444,통화신용정책보고서 2026년 3월,그림,I-26,주요 단기금리,통계기법·지수,research/bok-archive/01-통화신용정책보고서/2026-03-12_통화신용정책보고서(2026년 3월)/통화신용정책보고서(2026년 3월).pdf,33,출처·단위·데이터 형태 등 미확인
BOK-20260312-637f0cd4b14e-그림-25d1fd01891303eb,통화신용정책보고서 2026년 3월,그림,I-27,회사채 금리 및 신용스프레드,설명,research/bok-archive/01-통화신용정책보고서/2026-03-12_통화신용정책보고서(2026년 3월)/통화신용정책보고서(2026년 3월).pdf,34,번호 직결 인용 없음 또는 문장 조각·중복 배정 제외
BOK-20260312-637f0cd4b14e-그림-a3bc79ccfe059bc4,통화신용정책보고서 2026년 3월,그림,I-28,은행 여수신금리,설명,research/bok-archive/01-통화신용정책보고서/2026-03-12_통화신용정책보고서(2026년 3월)/통화신용정책보고서(2026년 3월).pdf,34,번호 직결 인용 없음 또는 문장 조각·중복 배정 제외
BOK-20260312-637f0cd4b14e-그림-5bf104176dfe6c0e,통화신용정책보고서 2026년 3월,그림,I-29,코스피 및 주가변동성지수,설명,research/bok-archive/01-통화신용정책보고서/2026-03-12_통화신용정책보고서(2026년 3월)/통화신용정책보고서(2026년 3월).pdf,35,번호 직결 인용 없음 또는 문장 조각·중복 배정 제외
BOK-20260312-637f0cd4b14e-그림-fd6aefb4a47206ef,통화신용정책보고서 2026년 3월,그림,I-30,외국인 채권 보유증감 및 보유비중,설명,research/bok-archive/01-통화신용정책보고서/2026-03-12_통화신용정책보고서(2026년 3월)/통화신용정책보고서(2026년 3월).pdf,37,번호 직결 인용 없음 또는 문장 조각·중복 배정 제외
BOK-20260312-637f0cd4b14e-그림-a1a327f928489aed,통화신용정책보고서 2026년 3월,그림,I-32,M2 증가율 및 공급부문별 증감,설명,research/bok-archive/01-통화신용정책보고서/2026-03-12_통화신용정책보고서(2026년 3월)/통화신용정책보고서(2026년 3월).pdf,38,번호 직결 인용 없음 또는 문장 조각·중복 배정 제외
BOK-20260312-637f0cd4b14e-그림-b53f9ebbab044aa0,통화신용정책보고서 2026년 3월,그림,I-33,금융상황지수1),데이터 형태; 설명,research/bok-archive/01-통화신용정책보고서/2026-03-12_통화신용정책보고서(2026년 3월)/통화신용정책보고서(2026년 3월).pdf,38,번호 직결 인용 없음 또는 문장 조각·중복 배정 제외
BOK-20260312-637f0cd4b14e-그림-20430b8109a0a2fe,통화신용정책보고서 2026년 3월,그림,I-34,주택매매가격 상승률 및 주택매매거래량,설명,research/bok-archive/01-통화신용정책보고서/2026-03-12_통화신용정책보고서(2026년 3월)/통화신용정책보고서(2026년 3월).pdf,39,번호 직결 인용 없음 또는 문장 조각·중복 배정 제외
BOK-20260312-637f0cd4b14e-그림-0260426c3e668f9e,통화신용정책보고서 2026년 3월,그림,I-35,예금취급기관의 가계대출 증감,통계기법·지수; 설명,research/bok-archive/01-통화신용정책보고서/2026-03-12_통화신용정책보고서(2026년 3월)/통화신용정책보고서(2026년 3월).pdf,40,번호 직결 인용 없음 또는 문장 조각·중복 배정 제외
BOK-20260312-637f0cd4b14e-그림-e107879c3fdff398,통화신용정책보고서 2026년 3월,그림,I-37,원/달러 환율 및 원화 명목실효환율 지수,설명,research/bok-archive/01-통화신용정책보고서/2026-03-12_통화신용정책보고서(2026년 3월)/통화신용정책보고서(2026년 3월).pdf,41,번호 직결 인용 없음 또는 문장 조각·중복 배정 제외
BOK-20260312-637f0cd4b14e-그림-13b37636ec66b8bb,통화신용정책보고서 2026년 3월,그림,I-38,원/달러 환율 변동성,설명,research/bok-archive/01-통화신용정책보고서/2026-03-12_통화신용정책보고서(2026년 3월)/통화신용정책보고서(2026년 3월).pdf,41,번호 직결 인용 없음 또는 문장 조각·중복 배정 제외
BOK-20260312-637f0cd4b14e-그림-c80c5c1d7e2808d5,통화신용정책보고서 2026년 3월,그림,I-39,내외금리차 및 차익거래유인,설명,research/bok-archive/01-통화신용정책보고서/2026-03-12_통화신용정책보고서(2026년 3월)/통화신용정책보고서(2026년 3월).pdf,42,번호 직결 인용 없음 또는 문장 조각·중복 배정 제외
BOK-20260312-637f0cd4b14e-그림-6d31feba264b74e4,통화신용정책보고서 2026년 3월,그림,I-40,KP 스프레드 및 CDS 프리미엄,설명,research/bok-archive/01-통화신용정책보고서/2026-03-12_통화신용정책보고서(2026년 3월)/통화신용정책보고서(2026년 3월).pdf,42,번호 직결 인용 없음 또는 문장 조각·중복 배정 제외
BOK-20260312-637f0cd4b14e-그림-4520e7f09c035245,통화신용정책보고서 2026년 3월,그림,I-41,대외 외화차입 장단기 가산금리1)2),설명,research/bok-archive/01-통화신용정책보고서/2026-03-12_통화신용정책보고서(2026년 3월)/통화신용정책보고서(2026년 3월).pdf,42,번호 직결 인용 없음 또는 문장 조각·중복 배정 제외
BOK-20260312-637f0cd4b14e-그림-4859f0c9c576243f,통화신용정책보고서 2026년 3월,그림,II-1,한국은행 기준금리,설명,research/bok-archive/01-통화신용정책보고서/2026-03-12_통화신용정책보고서(2026년 3월)/통화신용정책보고서(2026년 3월).pdf,69,번호 직결 인용 없음 또는 문장 조각·중복 배정 제외
BOK-20260312-637f0cd4b14e-그림-5cb9d9397d5c138c,통화신용정책보고서 2026년 3월,그림,II-2,아파트 매매가격지수,설명,research/bok-archive/01-통화신용정책보고서/2026-03-12_통화신용정책보고서(2026년 3월)/통화신용정책보고서(2026년 3월).pdf,69,번호 직결 인용 없음 또는 문장 조각·중복 배정 제외
BOK-20260312-637f0cd4b14e-그림-5832988a0693ac0e,통화신용정책보고서 2026년 3월,그림,II-3,통화정책방향 결정회의(2025년 10월 23일),단위; 데이터 형태; 통계기법·지수; 설명,research/bok-archive/01-통화신용정책보고서/2026-03-12_통화신용정책보고서(2026년 3월)/통화신용정책보고서(2026년 3월).pdf,70,번호 직결 인용 없음 또는 문장 조각·중복 배정 제외
BOK-20260312-637f0cd4b14e-그림-31646af402aaa9a7,통화신용정책보고서 2026년 3월,그림,참고 II-3-1,KOFR-OIS 거래규모 및 비중,설명,불명,불명,번호 직결 인용 없음 또는 문장 조각·중복 배정 제외
BOK-20260312-637f0cd4b14e-그림-3c195e54c4e5d334,통화신용정책보고서 2026년 3월,그림,참고 II-3-2,KOFR-FRN 발행추이 및 비중,설명,불명,불명,번호 직결 인용 없음 또는 문장 조각·중복 배정 제외
BOK-20260312-637f0cd4b14e-그림-68d750eb52ddd08a,통화신용정책보고서 2026년 3월,그림,II-4,소비자심리지수,단위; 설명,research/bok-archive/01-통화신용정책보고서/2026-03-12_통화신용정책보고서(2026년 3월)/통화신용정책보고서(2026년 3월).pdf,70,번호 직결 인용 없음 또는 문장 조각·중복 배정 제외
BOK-20260312-637f0cd4b14e-그림-6c94b9d7e827421d,통화신용정책보고서 2026년 3월,그림,참고 II-4-1,주요국 인플레이션,설명,불명,불명,번호 직결 인용 없음 또는 문장 조각·중복 배정 제외
BOK-20260312-637f0cd4b14e-그림-fd333d5a9c819369,통화신용정책보고서 2026년 3월,그림,참고 II-4-2,주요국 정책금리,설명,불명,불명,번호 직결 인용 없음 또는 문장 조각·중복 배정 제외
BOK-20260312-637f0cd4b14e-그림-8c142d62b825fd8c,통화신용정책보고서 2026년 3월,그림,참고 II-4-3,금융시장의 미 연준 정책금리 기대 변화,설명,불명,불명,번호 직결 인용 없음 또는 문장 조각·중복 배정 제외
BOK-20260312-637f0cd4b14e-그림-6b84db1efb464f5c,통화신용정책보고서 2026년 3월,그림,참고 II-4-4,유로지역 및 영국 물가 전망 변화,설명,불명,불명,번호 직결 인용 없음 또는 문장 조각·중복 배정 제외
BOK-20260312-637f0cd4b14e-그림-13ec0acb8abdcd39,통화신용정책보고서 2026년 3월,그림,참고 II-4-5,금융시장의 일본은행 정책금리 기대 변화,설명,불명,불명,번호 직결 인용 없음 또는 문장 조각·중복 배정 제외
BOK-20260312-637f0cd4b14e-그림-cc849d2602c70c4d,통화신용정책보고서 2026년 3월,그림,II-5,지출부문별 성장기여도,설명,research/bok-archive/01-통화신용정책보고서/2026-03-12_통화신용정책보고서(2026년 3월)/통화신용정책보고서(2026년 3월).pdf,70,번호 직결 인용 없음 또는 문장 조각·중복 배정 제외
BOK-20260312-637f0cd4b14e-그림-d16557e8f96d7476,통화신용정책보고서 2026년 3월,그림,II-6,IT 및 비IT 수출 기여도,설명,research/bok-archive/01-통화신용정책보고서/2026-03-12_통화신용정책보고서(2026년 3월)/통화신용정책보고서(2026년 3월).pdf,71,번호 직결 인용 없음 또는 문장 조각·중복 배정 제외
BOK-20260312-637f0cd4b14e-그림-73053899574864ce,통화신용정책보고서 2026년 3월,그림,II-8,성장 전망 변화,설명,research/bok-archive/01-통화신용정책보고서/2026-03-12_통화신용정책보고서(2026년 3월)/통화신용정책보고서(2026년 3월).pdf,72,번호 직결 인용 없음 또는 문장 조각·중복 배정 제외
BOK-20260312-637f0cd4b14e-그림-56754ed77ba3e069,통화신용정책보고서 2026년 3월,그림,II-9,물가 전망 변화,설명,research/bok-archive/01-통화신용정책보고서/2026-03-12_통화신용정책보고서(2026년 3월)/통화신용정책보고서(2026년 3월).pdf,72,번호 직결 인용 없음 또는 문장 조각·중복 배정 제외
BOK-20260312-637f0cd4b14e-그림-41270998b1d2d195,통화신용정책보고서 2026년 3월,그림,II-11,공개시장운영 수단별 지급준비금 조절규모,통계기법·지수; 설명,research/bok-archive/01-통화신용정책보고서/2026-03-12_통화신용정책보고서(2026년 3월)/통화신용정책보고서(2026년 3월).pdf,73,번호 직결 인용 없음 또는 문장 조각·중복 배정 제외
BOK-20260312-637f0cd4b14e-그림-03cc00ffadc03680,통화신용정책보고서 2026년 3월,그림,II-13,국내은행 대차대조표,설명,research/bok-archive/01-통화신용정책보고서/2026-03-12_통화신용정책보고서(2026년 3월)/통화신용정책보고서(2026년 3월).pdf,75,번호 직결 인용 없음 또는 문장 조각·중복 배정 제외
BOK-20260312-637f0cd4b14e-그림-bd3eb930cd4a6ac4,통화신용정책보고서 2026년 3월,그림,II-14,대출채권 담보 활용절차,단위; 데이터 형태; 통계기법·지수; 설명,research/bok-archive/01-통화신용정책보고서/2026-03-12_통화신용정책보고서(2026년 3월)/통화신용정책보고서(2026년 3월).pdf,76,번호 직결 인용 없음 또는 문장 조각·중복 배정 제외
BOK-20260312-637f0cd4b14e-그림-e831eedd8629282d,통화신용정책보고서 2026년 3월,그림,II-15,담보 종류별 대출실행 시 LCR 변동 추정1)2),데이터 형태,research/bok-archive/01-통화신용정책보고서/2026-03-12_통화신용정책보고서(2026년 3월)/통화신용정책보고서(2026년 3월).pdf,76,출처·단위·데이터 형태 등 미확인
BOK-20260312-637f0cd4b14e-그림-36565ff7030e68dd,통화신용정책보고서 2026년 3월,그림,II-18,월평균 원/달러 환율 및 변동성,설명,research/bok-archive/01-통화신용정책보고서/2026-03-12_통화신용정책보고서(2026년 3월)/통화신용정책보고서(2026년 3월).pdf,83,번호 직결 인용 없음 또는 문장 조각·중복 배정 제외
BOK-20260312-637f0cd4b14e-그림-0ebff26ee3aee304,통화신용정책보고서 2026년 3월,그림,II-19,주택가격전망CSI,단위,research/bok-archive/01-통화신용정책보고서/2026-03-12_통화신용정책보고서(2026년 3월)/통화신용정책보고서(2026년 3월).pdf,83,출처·단위·데이터 형태 등 미확인
BOK-20260312-637f0cd4b14e-그림-cf82249556abeb2f,통화신용정책보고서 2026년 3월,그림,II-20,2026년 2월 금융통화위원의 6개월 후 조건부 금리전망,설명,research/bok-archive/01-통화신용정책보고서/2026-03-12_통화신용정책보고서(2026년 3월)/통화신용정책보고서(2026년 3월).pdf,121,번호 직결 인용 없음 또는 문장 조각·중복 배정 제외
BOK-20260312-637f0cd4b14e-그림-13022fd13be61c94,통화신용정책보고서 2026년 3월,그림,II-20-2026,년 2월 금융통화위원의 6개월 후 조건,사용 데이터·출처; 단위; 데이터 형태; 종류; 분석 목적; 통계기법·지수; 설명,불명,불명,허용 종류로 판별 불가 또는 표 구조 미확인; 제목·계열·직접 인용의 해석 근거 부족; 번호 직결 인용 없음 또는 문장 조각·중복 배정 제외
BOK-20260312-637f0cd4b14e-그림-0f803ec40c67f55a,통화신용정책보고서 2026년 3월,그림,II-21,황건일 금융통화위원 기자간담회(2025년 9월 23일),단위; 데이터 형태; 통계기법·지수; 설명,research/bok-archive/01-통화신용정책보고서/2026-03-12_통화신용정책보고서(2026년 3월)/통화신용정책보고서(2026년 3월).pdf,85,번호 직결 인용 없음 또는 문장 조각·중복 배정 제외
BOK-20260312-637f0cd4b14e-그림-96148f8f4f56c326,통화신용정책보고서 2026년 3월,그림,II-22,김종화 금융통화위원 기자간담회(2025년 12월 10일),단위; 데이터 형태; 통계기법·지수; 설명,research/bok-archive/01-통화신용정책보고서/2026-03-12_통화신용정책보고서(2026년 3월)/통화신용정책보고서(2026년 3월).pdf,85,번호 직결 인용 없음 또는 문장 조각·중복 배정 제외
BOK-20260312-637f0cd4b14e-그림-837cf2962e400f69,통화신용정책보고서 2026년 3월,그림,III-1,글로벌 인플레이션율1),단위; 데이터 형태,research/bok-archive/01-통화신용정책보고서/2026-03-12_통화신용정책보고서(2026년 3월)/통화신용정책보고서(2026년 3월).pdf,103,출처·단위·데이터 형태 등 미확인
BOK-20260312-637f0cd4b14e-그림-21e2c9a183191e20,통화신용정책보고서 2026년 3월,그림,III-2,주요 원자재 및 중간재 가격 추이,통계기법·지수,research/bok-archive/01-통화신용정책보고서/2026-03-12_통화신용정책보고서(2026년 3월)/통화신용정책보고서(2026년 3월).pdf,104,출처·단위·데이터 형태 등 미확인
BOK-20260312-637f0cd4b14e-그림-d35bf9506cb16a3e,통화신용정책보고서 2026년 3월,그림,III-3,선진국 및 신흥국 GDP 갭 전망1),데이터 형태,research/bok-archive/01-통화신용정책보고서/2026-03-12_통화신용정책보고서(2026년 3월)/통화신용정책보고서(2026년 3월).pdf,104,출처·단위·데이터 형태 등 미확인
BOK-20260312-637f0cd4b14e-그림-bc1d62dfded9ce19,통화신용정책보고서 2026년 3월,그림,III-4,글로벌 필립스곡선의 비선형성1),데이터 형태; 설명,research/bok-archive/01-통화신용정책보고서/2026-03-12_통화신용정책보고서(2026년 3월)/통화신용정책보고서(2026년 3월).pdf,104,번호 직결 인용 없음 또는 문장 조각·중복 배정 제외
BOK-20260312-637f0cd4b14e-그림-4b29e7e34e1f983d,통화신용정책보고서 2026년 3월,그림,III-5,주요국 재정수지 전망,설명,research/bok-archive/01-통화신용정책보고서/2026-03-12_통화신용정책보고서(2026년 3월)/통화신용정책보고서(2026년 3월).pdf,105,번호 직결 인용 없음 또는 문장 조각·중복 배정 제외
BOK-20260312-637f0cd4b14e-그림-1a7e0fd69612fdd4,통화신용정책보고서 2026년 3월,그림,III-6,미 재정수지와 일반인 기대와의 관계,설명,research/bok-archive/01-통화신용정책보고서/2026-03-12_통화신용정책보고서(2026년 3월)/통화신용정책보고서(2026년 3월).pdf,105,번호 직결 인용 없음 또는 문장 조각·중복 배정 제외
BOK-20260312-637f0cd4b14e-그림-8754cff13d4cce01,통화신용정책보고서 2026년 3월,그림,III-7,미국 및 유로지역 일반인 기대인플레이션 추이,설명,research/bok-archive/01-통화신용정책보고서/2026-03-12_통화신용정책보고서(2026년 3월)/통화신용정책보고서(2026년 3월).pdf,105,번호 직결 인용 없음 또는 문장 조각·중복 배정 제외
BOK-20260312-637f0cd4b14e-그림-961bb1822faddedf,통화신용정책보고서 2026년 3월,그림,III-10,반도체 호황 국면별 반도체 가격 추이,통계기법·지수,research/bok-archive/01-통화신용정책보고서/2026-03-12_통화신용정책보고서(2026년 3월)/통화신용정책보고서(2026년 3월).pdf,106,출처·단위·데이터 형태 등 미확인
BOK-20260312-637f0cd4b14e-그림-42e2ab4988762398,통화신용정책보고서 2026년 3월,그림,III-11,과거 반도체 호황 국면 당시 반도체 가격 및 미국 휴대폰·컴퓨터 가격,통계기법·지수; 설명,research/bok-archive/01-통화신용정책보고서/2026-03-12_통화신용정책보고서(2026년 3월)/통화신용정책보고서(2026년 3월).pdf,106,번호 직결 인용 없음 또는 문장 조각·중복 배정 제외
BOK-20260312-637f0cd4b14e-그림-dfb5d0eb076e998b,통화신용정책보고서 2026년 3월,그림,III-12,AI 데이터센터 관련 전력수요 전망,설명,research/bok-archive/01-통화신용정책보고서/2026-03-12_통화신용정책보고서(2026년 3월)/통화신용정책보고서(2026년 3월).pdf,107,번호 직결 인용 없음 또는 문장 조각·중복 배정 제외
BOK-20260312-637f0cd4b14e-그림-30887548d5f3cb2a,통화신용정책보고서 2026년 3월,그림,III-13,비철금속 가격 추이,설명,research/bok-archive/01-통화신용정책보고서/2026-03-12_통화신용정책보고서(2026년 3월)/통화신용정책보고서(2026년 3월).pdf,107,번호 직결 인용 없음 또는 문장 조각·중복 배정 제외
BOK-20260312-637f0cd4b14e-그림-459004929a495633,통화신용정책보고서 2026년 3월,그림,III-15,글로벌 GVC 참여율 추이,데이터 형태; 설명,research/bok-archive/01-통화신용정책보고서/2026-03-12_통화신용정책보고서(2026년 3월)/통화신용정책보고서(2026년 3월).pdf,108,번호 직결 인용 없음 또는 문장 조각·중복 배정 제외
BOK-20260312-637f0cd4b14e-그림-725cc570dd019bbe,통화신용정책보고서 2026년 3월,그림,III-16,미국 수입품 및 국산품 가격 추이,통계기법·지수; 설명,research/bok-archive/01-통화신용정책보고서/2026-03-12_통화신용정책보고서(2026년 3월)/통화신용정책보고서(2026년 3월).pdf,108,번호 직결 인용 없음 또는 문장 조각·중복 배정 제외
BOK-20260312-637f0cd4b14e-그림-959e3abb9351cc53,통화신용정책보고서 2026년 3월,그림,III-17,물가 국면별 재화가격의 서비스물가 파급,데이터 형태,research/bok-archive/01-통화신용정책보고서/2026-03-12_통화신용정책보고서(2026년 3월)/통화신용정책보고서(2026년 3월).pdf,108,출처·단위·데이터 형태 등 미확인
BOK-20260312-637f0cd4b14e-그림-815566d3eaa8588b,통화신용정책보고서 2026년 3월,그림,III-18,"한국, 일본 및 대만 환율 추이",설명,research/bok-archive/01-통화신용정책보고서/2026-03-12_통화신용정책보고서(2026년 3월)/통화신용정책보고서(2026년 3월).pdf,109,번호 직결 인용 없음 또는 문장 조각·중복 배정 제외
BOK-20260312-637f0cd4b14e-그림-25ebfb54252cc17a,통화신용정책보고서 2026년 3월,그림,III-19,환율 국면별 가공식품의 서비스물가 파급1),데이터 형태,research/bok-archive/01-통화신용정책보고서/2026-03-12_통화신용정책보고서(2026년 3월)/통화신용정책보고서(2026년 3월).pdf,109,출처·단위·데이터 형태 등 미확인
BOK-20260312-637f0cd4b14e-그림-360ac37c826d23b7,통화신용정책보고서 2026년 3월,그림,불명,KOFR 워킹그룹 구성 자료: 한국은행,번호; 단위; 데이터 형태; 설명,불명,불명,번호 미확인; 캡션 또는 비결과물 오탐 여부 검수; 번호 직결 인용 없음 또는 문장 조각·중복 배정 제외
BOK-20260312-637f0cd4b14e-그림-93ad230df4c514a4,통화신용정책보고서 2026년 3월,그림,불명,KOFR 활성화 3단계 로드맵 자료: 한국은행,번호; 단위; 데이터 형태; 설명,불명,불명,번호 미확인; 캡션 또는 비결과물 오탐 여부 검수; 번호 직결 인용 없음 또는 문장 조각·중복 배정 제외
BOK-20260312-637f0cd4b14e-표-0f6b4ab0e2f10e60,통화신용정책보고서 2026년 3월,표,I-1,주요국 경제성장률 1) 2),설명,research/bok-archive/01-통화신용정책보고서/2026-03-12_통화신용정책보고서(2026년 3월)/통화신용정책보고서(2026년 3월).pdf,15,번호 직결 인용 없음 또는 문장 조각·중복 배정 제외
BOK-20260312-637f0cd4b14e-표-9629546c200676a5,통화신용정책보고서 2026년 3월,표,I-2,세계경제 성장률 전망 1),설명,research/bok-archive/01-통화신용정책보고서/2026-03-12_통화신용정책보고서(2026년 3월)/통화신용정책보고서(2026년 3월).pdf,19,번호 직결 인용 없음 또는 문장 조각·중복 배정 제외
BOK-20260312-637f0cd4b14e-표-5b8149d259ecb664,통화신용정책보고서 2026년 3월,표,I-3,주요 경제성장지표 1),설명,research/bok-archive/01-통화신용정책보고서/2026-03-12_통화신용정책보고서(2026년 3월)/통화신용정책보고서(2026년 3월).pdf,20,번호 직결 인용 없음 또는 문장 조각·중복 배정 제외
BOK-20260312-637f0cd4b14e-표-f54ec2eb0643c9fa,통화신용정책보고서 2026년 3월,표,I-5,취업자수 증감 1),설명,research/bok-archive/01-통화신용정책보고서/2026-03-12_통화신용정책보고서(2026년 3월)/통화신용정책보고서(2026년 3월).pdf,23,번호 직결 인용 없음 또는 문장 조각·중복 배정 제외
BOK-20260312-637f0cd4b14e-표-64367bae8197f11c,통화신용정책보고서 2026년 3월,표,I-7,항목별 명목임금 및 실질임금 상승률,설명,research/bok-archive/01-통화신용정책보고서/2026-03-12_통화신용정책보고서(2026년 3월)/통화신용정책보고서(2026년 3월).pdf,25,번호 직결 인용 없음 또는 문장 조각·중복 배정 제외
BOK-20260312-637f0cd4b14e-표-ff76e6a2fe2babc4,통화신용정책보고서 2026년 3월,표,I-8,경제성장률 전망 1),설명,research/bok-archive/01-통화신용정책보고서/2026-03-12_통화신용정책보고서(2026년 3월)/통화신용정책보고서(2026년 3월).pdf,26,번호 직결 인용 없음 또는 문장 조각·중복 배정 제외
BOK-20260312-637f0cd4b14e-표-8365295ee430a59b,통화신용정책보고서 2026년 3월,표,I-10,고용 전망 1) 2),설명,research/bok-archive/01-통화신용정책보고서/2026-03-12_통화신용정책보고서(2026년 3월)/통화신용정책보고서(2026년 3월).pdf,27,번호 직결 인용 없음 또는 문장 조각·중복 배정 제외
BOK-20260312-637f0cd4b14e-표-cf4283b1103217b9,통화신용정책보고서 2026년 3월,표,I-11,성장의 상‧하방 요인,단위,research/bok-archive/01-통화신용정책보고서/2026-03-12_통화신용정책보고서(2026년 3월)/통화신용정책보고서(2026년 3월).pdf,27,출처·단위·데이터 형태 등 미확인
BOK-20260312-637f0cd4b14e-표-fe8f384860e1242c,통화신용정책보고서 2026년 3월,표,I-12,소비자물가 상승률,설명,research/bok-archive/01-통화신용정책보고서/2026-03-12_통화신용정책보고서(2026년 3월)/통화신용정책보고서(2026년 3월).pdf,29,번호 직결 인용 없음 또는 문장 조각·중복 배정 제외
BOK-20260312-637f0cd4b14e-표-2715a5c0e1aa8810,통화신용정책보고서 2026년 3월,표,I-13,물가상승률 전망 1),설명,research/bok-archive/01-통화신용정책보고서/2026-03-12_통화신용정책보고서(2026년 3월)/통화신용정책보고서(2026년 3월).pdf,31,번호 직결 인용 없음 또는 문장 조각·중복 배정 제외
BOK-20260312-637f0cd4b14e-표-078923d038e4405a,통화신용정책보고서 2026년 3월,표,I-14,물가의 상‧하방 요인,단위,research/bok-archive/01-통화신용정책보고서/2026-03-12_통화신용정책보고서(2026년 3월)/통화신용정책보고서(2026년 3월).pdf,31,출처·단위·데이터 형태 등 미확인
BOK-20260312-637f0cd4b14e-표-2e154c776f91b516,통화신용정책보고서 2026년 3월,표,I-15,기업의 자금조달,단위; 통계기법·지수,research/bok-archive/01-통화신용정책보고서/2026-03-12_통화신용정책보고서(2026년 3월)/통화신용정책보고서(2026년 3월).pdf,36,출처·단위·데이터 형태 등 미확인
BOK-20260312-637f0cd4b14e-표-376366d31da9ab9d,통화신용정책보고서 2026년 3월,표,I-16,주택매매‧전세 가격 상승률 및 주택매매거래량,단위; 설명,research/bok-archive/01-통화신용정책보고서/2026-03-12_통화신용정책보고서(2026년 3월)/통화신용정책보고서(2026년 3월).pdf,39,번호 직결 인용 없음 또는 문장 조각·중복 배정 제외
BOK-20260312-637f0cd4b14e-표-87bd9d915b9a3ca4,통화신용정책보고서 2026년 3월,표,I-17,예금취급기관의 가계대출,단위; 설명,research/bok-archive/01-통화신용정책보고서/2026-03-12_통화신용정책보고서(2026년 3월)/통화신용정책보고서(2026년 3월).pdf,40,번호 직결 인용 없음 또는 문장 조각·중복 배정 제외
BOK-20260312-637f0cd4b14e-표-f191937cdf2e0479,통화신용정책보고서 2026년 3월,표,II-2,유동성 스트레스 상황에서의 예금인출속도,단위; 설명,research/bok-archive/01-통화신용정책보고서/2026-03-12_통화신용정책보고서(2026년 3월)/통화신용정책보고서(2026년 3월).pdf,75,번호 직결 인용 없음 또는 문장 조각·중복 배정 제외
BOK-20260312-637f0cd4b14e-표-be9a50ede4c63d84,통화신용정책보고서 2026년 3월,표,II-4,「시장상황 점검회의」 개최 내역,단위; 통계기법·지수,research/bok-archive/01-통화신용정책보고서/2026-03-12_통화신용정책보고서(2026년 3월)/통화신용정책보고서(2026년 3월).pdf,78,출처·단위·데이터 형태 등 미확인
BOK-20260312-637f0cd4b14e-표-123cc4b65c58dd97,통화신용정책보고서 2026년 3월,표,II-5,외화예금 초과지급준비금 이자지급 개요,단위; 통계기법·지수,research/bok-archive/01-통화신용정책보고서/2026-03-12_통화신용정책보고서(2026년 3월)/통화신용정책보고서(2026년 3월).pdf,78,출처·단위·데이터 형태 등 미확인
BOK-20260312-637f0cd4b14e-표-89777d678d071ed9,통화신용정책보고서 2026년 3월,표,II-6,공동검사 실시 횟수,통계기법·지수; 설명,research/bok-archive/01-통화신용정책보고서/2026-03-12_통화신용정책보고서(2026년 3월)/통화신용정책보고서(2026년 3월).pdf,79,번호 직결 인용 없음 또는 문장 조각·중복 배정 제외
BOK-20260312-637f0cd4b14e-표-3ffdf012235137f2,통화신용정책보고서 2026년 3월,표,II-7,역외 원화결제시스템 구축 관련 주요 일정,단위; 통계기법·지수; 설명,research/bok-archive/01-통화신용정책보고서/2026-03-12_통화신용정책보고서(2026년 3월)/통화신용정책보고서(2026년 3월).pdf,80,번호 직결 인용 없음 또는 문장 조각·중복 배정 제외
BOK-20260312-637f0cd4b14e-표-eb47b5c4c4016152,통화신용정책보고서 2026년 3월,표,II-8,원화 스테이블코인의 잠재적 발전 가능성 및 도입에 따른 주요 리스크,단위; 통계기법·지수,research/bok-archive/01-통화신용정책보고서/2026-03-12_통화신용정책보고서(2026년 3월)/통화신용정책보고서(2026년 3월).pdf,80,출처·단위·데이터 형태 등 미확인
BOK-20260312-637f0cd4b14e-표-24e9b4a0a886e3ed,통화신용정책보고서 2026년 3월,표,II-9,「프로젝트 한강」 주요 추진 경과,단위; 통계기법·지수; 설명,research/bok-archive/01-통화신용정책보고서/2026-03-12_통화신용정책보고서(2026년 3월)/통화신용정책보고서(2026년 3월).pdf,81,번호 직결 인용 없음 또는 문장 조각·중복 배정 제외
BOK-20260312-637f0cd4b14e-표-a784f9842ef1274b,통화신용정책보고서 2026년 3월,표,불명,(억달러),번호; 사용 데이터·출처; 분석 목적; 통계기법·지수; 설명,불명,불명,번호 미확인; 캡션 또는 비결과물 오탐 여부 검수; 제목·계열·직접 인용의 해석 근거 부족; 번호 직결 인용 없음 또는 문장 조각·중복 배정 제외
BOK-20260312-637f0cd4b14e-표-6d696eb730524c62,통화신용정책보고서 2026년 3월,표,불명,"(전년동기대비, %)",번호; 사용 데이터·출처; 분석 목적; 통계기법·지수; 설명,불명,불명,번호 미확인; 캡션 또는 비결과물 오탐 여부 검수; 제목·계열·직접 인용의 해석 근거 부족; 번호 직결 인용 없음 또는 문장 조각·중복 배정 제외
BOK-20260312-637f0cd4b14e-표-040067fe6f83efc3,통화신용정책보고서 2026년 3월,표,불명,2024년 1월 ~ 2026년 2월 중 주요국 중앙은행의 정책금리 조정 현황 1),번호; 단위; 설명,불명,불명,번호 미확인; 캡션 또는 비결과물 오탐 여부 검수; 번호 직결 인용 없음 또는 문장 조각·중복 배정 제외
BOK-20260312-637f0cd4b14e-표-eee9f4de183bc022,통화신용정책보고서 2026년 3월,표,불명,「통화신용정책 운영의 일반원칙」 신·구조문 대비표,번호; 단위; 통계기법·지수; 설명,불명,불명,번호 미확인; 캡션 또는 비결과물 오탐 여부 검수; 번호 직결 인용 없음 또는 문장 조각·중복 배정 제외
BOK-20260312-637f0cd4b14e-표-369feaec5a712a58,통화신용정책보고서 2026년 3월,표,불명,세계경제 성장률 전망 1),번호; 설명,research/bok-archive/01-통화신용정책보고서/2026-03-12_통화신용정책보고서(2026년 3월)/통화신용정책보고서(2026년 3월).pdf,19,번호 미확인; 캡션 또는 비결과물 오탐 여부 검수; 번호 직결 인용 없음 또는 문장 조각·중복 배정 제외
BOK-20260312-637f0cd4b14e-표-08d4326f664152a5,통화신용정책보고서 2026년 3월,표,불명,주요 빅테크 기업의 인프라투자 진행 상황,번호; 단위; 통계기법·지수; 설명,불명,불명,번호 미확인; 캡션 또는 비결과물 오탐 여부 검수; 번호 직결 인용 없음 또는 문장 조각·중복 배정 제외
BOK-20260312-637f0cd4b14e-표-aba48368e21d794f,통화신용정책보고서 2026년 3월,표,불명,주요 선진국 중앙은행 정책금리 전망,번호; 설명,불명,불명,번호 미확인; 캡션 또는 비결과물 오탐 여부 검수; 번호 직결 인용 없음 또는 문장 조각·중복 배정 제외
BOK-20260312-637f0cd4b14e-표-9090ce3159f30cfa,통화신용정책보고서 2026년 3월,표,불명,주요국 정부 전력 인프라 지원 계획,번호; 단위; 통계기법·지수; 설명,불명,불명,번호 미확인; 캡션 또는 비결과물 오탐 여부 검수; 번호 직결 인용 없음 또는 문장 조각·중복 배정 제외
BOK-20260312-637f0cd4b14e-표-0c211d1cf8ba4535,통화신용정책보고서 2026년 3월,표,불명,최근 국가별 환율여건 평가,번호; 사용 데이터·출처; 단위; 설명,불명,불명,번호 미확인; 캡션 또는 비결과물 오탐 여부 검수; 번호 직결 인용 없음 또는 문장 조각·중복 배정 제외
BOK-20260312-637f0cd4b14e-표-698e464d34b42be0,통화신용정책보고서 2026년 3월,표,불명,투자은행(IB) 환율 전망 1) 2),번호; 단위; 설명,불명,불명,번호 미확인; 캡션 또는 비결과물 오탐 여부 검수; 번호 직결 인용 없음 또는 문장 조각·중복 배정 제외
BOK-20260910-cf67277b3bd7-그림-d6ba9d5f501350eb,통화신용정책보고서 2026년 9월,그림,개요 1,"미국, 일본 국채금리, 글로벌 주가지수 및 미 달러화 지수",설명,불명,불명,번호 직결 인용 없음 또는 문장 조각·중복 배정 제외
BOK-20260910-cf67277b3bd7-그림-e978c58473075166,통화신용정책보고서 2026년 9월,그림,개요 2,국내경제 성장률 전망,설명,불명,불명,번호 직결 인용 없음 또는 문장 조각·중복 배정 제외
BOK-20260910-cf67277b3bd7-그림-27bb488956c3d33c,통화신용정책보고서 2026년 9월,그림,개요 3,물가상승률 전망,설명,불명,불명,번호 직결 인용 없음 또는 문장 조각·중복 배정 제외
BOK-20260910-cf67277b3bd7-그림-f08ac65dfae9d080,통화신용정책보고서 2026년 9월,그림,개요 4,국내 금리‧주가‧환율,설명,불명,불명,번호 직결 인용 없음 또는 문장 조각·중복 배정 제외
BOK-20260910-cf67277b3bd7-그림-5b5a1c19b88e174f,통화신용정책보고서 2026년 9월,그림,개요 5,주택매매가격 상승률,설명,research/bok-archive/01-통화신용정책보고서/2026-09-10_통화신용정책보고서(2026년 9월)/통화신용정책보고서(2026년 9월).pdf,39,번호 직결 인용 없음 또는 문장 조각·중복 배정 제외
BOK-20260910-cf67277b3bd7-그림-d5fb96da203600d7,통화신용정책보고서 2026년 9월,그림,개요 6,예금취급기관의 가계대출 증감,통계기법·지수; 설명,research/bok-archive/01-통화신용정책보고서/2026-09-10_통화신용정책보고서(2026년 9월)/통화신용정책보고서(2026년 9월).pdf,40,번호 직결 인용 없음 또는 문장 조각·중복 배정 제외
BOK-20260910-cf67277b3bd7-그림-d95494da4d96e041,통화신용정책보고서 2026년 9월,그림,개요 7,한국은행 기준금리,설명,research/bok-archive/01-통화신용정책보고서/2026-09-10_통화신용정책보고서(2026년 9월)/통화신용정책보고서(2026년 9월).pdf,63,번호 직결 인용 없음 또는 문장 조각·중복 배정 제외
BOK-20260910-cf67277b3bd7-그림-681f4f8407b026d5,통화신용정책보고서 2026년 9월,그림,개요 8,한국은행 금융중개지원대출의 한도 및 금리,설명,research/bok-archive/01-통화신용정책보고서/2026-09-10_통화신용정책보고서(2026년 9월)/통화신용정책보고서(2026년 9월).pdf,68,번호 직결 인용 없음 또는 문장 조각·중복 배정 제외
BOK-20260910-cf67277b3bd7-그림-daf2c699698a2e04,통화신용정책보고서 2026년 9월,그림,I-1,경기선행지수 및 글로벌 PMI,단위; 설명,research/bok-archive/01-통화신용정책보고서/2026-09-10_통화신용정책보고서(2026년 9월)/통화신용정책보고서(2026년 9월).pdf,15,번호 직결 인용 없음 또는 문장 조각·중복 배정 제외
BOK-20260910-cf67277b3bd7-그림-efd11de2a2669502,통화신용정책보고서 2026년 9월,그림,참고 I-1-1,미국 주요 빅테크 기업 설비투자액(CAPEX),설명,불명,불명,번호 직결 인용 없음 또는 문장 조각·중복 배정 제외
BOK-20260910-cf67277b3bd7-그림-bdbc4093f3a1d511,통화신용정책보고서 2026년 9월,그림,참고 I-1-2,국내 반도체 수출액,통계기법·지수; 설명,불명,불명,번호 직결 인용 없음 또는 문장 조각·중복 배정 제외
BOK-20260910-cf67277b3bd7-그림-80579d37bdbc4456,통화신용정책보고서 2026년 9월,그림,참고 I-1-3,미국 기업의 AI서비스 채택률,설명,불명,불명,번호 직결 인용 없음 또는 문장 조각·중복 배정 제외
BOK-20260910-cf67277b3bd7-그림-1954b7b3ddc08aeb,통화신용정책보고서 2026년 9월,그림,참고 I-1-4,주요 AI모델 기업의 연환산 매출 추이,설명,불명,불명,번호 직결 인용 없음 또는 문장 조각·중복 배정 제외
BOK-20260910-cf67277b3bd7-그림-c7c7c3a2c6029634,통화신용정책보고서 2026년 9월,그림,참고 I-1-5,건설중인 美데이터센터 규모,통계기법·지수; 설명,불명,불명,번호 직결 인용 없음 또는 문장 조각·중복 배정 제외
BOK-20260910-cf67277b3bd7-그림-832cd8ce4ebd45b8,통화신용정책보고서 2026년 9월,그림,참고 I-1-6,빅테크 회사채발행 및 CAPEX,설명,불명,불명,번호 직결 인용 없음 또는 문장 조각·중복 배정 제외
BOK-20260910-cf67277b3bd7-그림-efe1fa1441209e55,통화신용정책보고서 2026년 9월,그림,참고 I-1-7,빅테크 CDS 프리미엄,설명,불명,불명,번호 직결 인용 없음 또는 문장 조각·중복 배정 제외
BOK-20260910-cf67277b3bd7-그림-9663eabfde30d22c,통화신용정책보고서 2026년 9월,그림,I-2,주요국 소비자물가 상승률,설명,research/bok-archive/01-통화신용정책보고서/2026-09-10_통화신용정책보고서(2026년 9월)/통화신용정책보고서(2026년 9월).pdf,16,번호 직결 인용 없음 또는 문장 조각·중복 배정 제외
BOK-20260910-cf67277b3bd7-그림-02e70da18d184a95,통화신용정책보고서 2026년 9월,그림,I-3,국제유가와 원유 재고,통계기법·지수; 설명,research/bok-archive/01-통화신용정책보고서/2026-09-10_통화신용정책보고서(2026년 9월)/통화신용정책보고서(2026년 9월).pdf,16,번호 직결 인용 없음 또는 문장 조각·중복 배정 제외
BOK-20260910-cf67277b3bd7-그림-464ce1e0cdbb5060,통화신용정책보고서 2026년 9월,그림,참고 I-3-1,지역별 아파트가격 상승률,설명,불명,불명,번호 직결 인용 없음 또는 문장 조각·중복 배정 제외
BOK-20260910-cf67277b3bd7-그림-c5fd097f8af21aa3,통화신용정책보고서 2026년 9월,그림,참고 I-3-2,불명,제목; 분석 목적; 통계기법·지수; 설명,불명,불명,제목·계열·직접 인용의 해석 근거 부족; 번호 직결 인용 없음 또는 문장 조각·중복 배정 제외
BOK-20260910-cf67277b3bd7-그림-27c1ef31785e6651,통화신용정책보고서 2026년 9월,그림,참고 I-3-5,수도권 주택착공물량,통계기법·지수; 설명,불명,불명,번호 직결 인용 없음 또는 문장 조각·중복 배정 제외
BOK-20260910-cf67277b3bd7-그림-d710b5c5a0ccbe5b,통화신용정책보고서 2026년 9월,그림,참고 I-3-6,지역별 초고가주택 거래비중 및 최근 매도물량 증가율,설명,불명,불명,번호 직결 인용 없음 또는 문장 조각·중복 배정 제외
BOK-20260910-cf67277b3bd7-그림-b7bf627c7fd4b2ed,통화신용정책보고서 2026년 9월,그림,참고 I-3-7,반도체 벨트 주택가격 및 신고가 거래,통계기법·지수; 설명,불명,불명,번호 직결 인용 없음 또는 문장 조각·중복 배정 제외
BOK-20260910-cf67277b3bd7-그림-e86c9a0629007f67,통화신용정책보고서 2026년 9월,그림,참고 I-3-8,기간별 가계대출 월평균 증감,설명,불명,불명,번호 직결 인용 없음 또는 문장 조각·중복 배정 제외
BOK-20260910-cf67277b3bd7-그림-9f62278bb3bae18f,통화신용정책보고서 2026년 9월,그림,참고 I-3-10,주택가격전망CSI,단위; 설명,research/bok-archive/01-통화신용정책보고서/2026-09-10_통화신용정책보고서(2026년 9월)/통화신용정책보고서(2026년 9월).pdf,80,번호 직결 인용 없음 또는 문장 조각·중복 배정 제외
BOK-20260910-cf67277b3bd7-그림-e0e7509a706cec6a,통화신용정책보고서 2026년 9월,그림,I-4,글로벌 위험자산 회피심리,단위; 설명,research/bok-archive/01-통화신용정책보고서/2026-09-10_통화신용정책보고서(2026년 9월)/통화신용정책보고서(2026년 9월).pdf,17,번호 직결 인용 없음 또는 문장 조각·중복 배정 제외
BOK-20260910-cf67277b3bd7-그림-03a0666cb79ddb08,통화신용정책보고서 2026년 9월,그림,참고 I-4-1,국내 주가 변동성 추이,설명,불명,불명,번호 직결 인용 없음 또는 문장 조각·중복 배정 제외
BOK-20260910-cf67277b3bd7-그림-2c6c6a7ed3564b72,통화신용정책보고서 2026년 9월,그림,참고 I-4-2,주요국 주가 변동성,설명,불명,불명,번호 직결 인용 없음 또는 문장 조각·중복 배정 제외
BOK-20260910-cf67277b3bd7-그림-8a2b2b77aca7cff3,통화신용정책보고서 2026년 9월,그림,참고 I-4-3,주요 반도체 기업의 코스피 상승‧하락 기여율,설명,불명,불명,번호 직결 인용 없음 또는 문장 조각·중복 배정 제외
BOK-20260910-cf67277b3bd7-그림-581e0cd1a2c40bb7,통화신용정책보고서 2026년 9월,그림,참고 I-4-4,불명,제목; 분석 목적; 통계기법·지수; 설명,불명,불명,제목·계열·직접 인용의 해석 근거 부족; 번호 직결 인용 없음 또는 문장 조각·중복 배정 제외
BOK-20260910-cf67277b3bd7-그림-95c521700d7eadc5,통화신용정책보고서 2026년 9월,그림,참고 I-4-5,외국인 국내주식 보유비중 및 보유잔액,설명,불명,불명,번호 직결 인용 없음 또는 문장 조각·중복 배정 제외
BOK-20260910-cf67277b3bd7-그림-835ad00ce4e36b06,통화신용정책보고서 2026년 9월,그림,참고 I-4-6,주체별 순매수 추이,통계기법·지수; 설명,불명,불명,번호 직결 인용 없음 또는 문장 조각·중복 배정 제외
BOK-20260910-cf67277b3bd7-그림-30749c8a3451526b,통화신용정책보고서 2026년 9월,그림,참고 I-4-7,개인의 증권사 주식관련 대출,통계기법·지수; 설명,불명,불명,번호 직결 인용 없음 또는 문장 조각·중복 배정 제외
BOK-20260910-cf67277b3bd7-그림-8783c74d69fb572b,통화신용정책보고서 2026년 9월,그림,참고 I-4-8,국내 상장 레버리지 ETF 유형별 시가총액,설명,불명,불명,번호 직결 인용 없음 또는 문장 조각·중복 배정 제외
BOK-20260910-cf67277b3bd7-그림-cfa1f56fd9015c46,통화신용정책보고서 2026년 9월,그림,참고 I-4-9,주식선물 미결제약정 및 거래대금 규모,설명,불명,불명,번호 직결 인용 없음 또는 문장 조각·중복 배정 제외
BOK-20260910-cf67277b3bd7-그림-e5bbe3435ff366e2,통화신용정책보고서 2026년 9월,그림,참고 I-4-10,단일종목 레버리지 ETF 국가별 시가총액,설명,불명,불명,번호 직결 인용 없음 또는 문장 조각·중복 배정 제외
BOK-20260910-cf67277b3bd7-그림-1589343628724303,통화신용정책보고서 2026년 9월,그림,I-7,선진국 및 신흥시장국 주가지수,설명,research/bok-archive/01-통화신용정책보고서/2026-09-10_통화신용정책보고서(2026년 9월)/통화신용정책보고서(2026년 9월).pdf,18,번호 직결 인용 없음 또는 문장 조각·중복 배정 제외
BOK-20260910-cf67277b3bd7-그림-37bddae9237756f5,통화신용정책보고서 2026년 9월,그림,I-8,민간소비,설명,research/bok-archive/01-통화신용정책보고서/2026-09-10_통화신용정책보고서(2026년 9월)/통화신용정책보고서(2026년 9월).pdf,20,번호 직결 인용 없음 또는 문장 조각·중복 배정 제외
BOK-20260910-cf67277b3bd7-그림-5893cd96ac308918,통화신용정책보고서 2026년 9월,그림,I-9,건설투자,설명,research/bok-archive/01-통화신용정책보고서/2026-09-10_통화신용정책보고서(2026년 9월)/통화신용정책보고서(2026년 9월).pdf,21,번호 직결 인용 없음 또는 문장 조각·중복 배정 제외
BOK-20260910-cf67277b3bd7-그림-1d45bf88d050d643,통화신용정책보고서 2026년 9월,그림,I-10,설비투자,설명,research/bok-archive/01-통화신용정책보고서/2026-09-10_통화신용정책보고서(2026년 9월)/통화신용정책보고서(2026년 9월).pdf,21,번호 직결 인용 없음 또는 문장 조각·중복 배정 제외
BOK-20260910-cf67277b3bd7-그림-3e622043cbb779bd,통화신용정책보고서 2026년 9월,그림,I-11,일평균 수출액 및 수입액(통관 기준),설명,research/bok-archive/01-통화신용정책보고서/2026-09-10_통화신용정책보고서(2026년 9월)/통화신용정책보고서(2026년 9월).pdf,22,번호 직결 인용 없음 또는 문장 조각·중복 배정 제외
BOK-20260910-cf67277b3bd7-그림-5428432f28329e3e,통화신용정책보고서 2026년 9월,그림,I-12,취업자수,설명,research/bok-archive/01-통화신용정책보고서/2026-09-10_통화신용정책보고서(2026년 9월)/통화신용정책보고서(2026년 9월).pdf,23,번호 직결 인용 없음 또는 문장 조각·중복 배정 제외
BOK-20260910-cf67277b3bd7-그림-3da8dff2ce88f9d1,통화신용정책보고서 2026년 9월,그림,I-16,소비자물가 상승률,설명,research/bok-archive/01-통화신용정책보고서/2026-09-10_통화신용정책보고서(2026년 9월)/통화신용정책보고서(2026년 9월).pdf,28,번호 직결 인용 없음 또는 문장 조각·중복 배정 제외
BOK-20260910-cf67277b3bd7-그림-b6d1d5773cc81461,통화신용정책보고서 2026년 9월,그림,I-17,수입물가(원화 기준) 상승률,설명,research/bok-archive/01-통화신용정책보고서/2026-09-10_통화신용정책보고서(2026년 9월)/통화신용정책보고서(2026년 9월).pdf,28,번호 직결 인용 없음 또는 문장 조각·중복 배정 제외
BOK-20260910-cf67277b3bd7-그림-20817e5f0ba99a72,통화신용정책보고서 2026년 9월,그림,I-19,근원물가 상승률,설명,research/bok-archive/01-통화신용정책보고서/2026-09-10_통화신용정책보고서(2026년 9월)/통화신용정책보고서(2026년 9월).pdf,30,번호 직결 인용 없음 또는 문장 조각·중복 배정 제외
BOK-20260910-cf67277b3bd7-그림-9cb26377595d8b15,통화신용정책보고서 2026년 9월,그림,I-20,기조적 물가지표,설명,research/bok-archive/01-통화신용정책보고서/2026-09-10_통화신용정책보고서(2026년 9월)/통화신용정책보고서(2026년 9월).pdf,30,번호 직결 인용 없음 또는 문장 조각·중복 배정 제외
BOK-20260910-cf67277b3bd7-그림-19292fa2aed44df9,통화신용정책보고서 2026년 9월,그림,I-21,기대인플레이션율,설명,research/bok-archive/01-통화신용정책보고서/2026-09-10_통화신용정책보고서(2026년 9월)/통화신용정책보고서(2026년 9월).pdf,30,번호 직결 인용 없음 또는 문장 조각·중복 배정 제외
BOK-20260910-cf67277b3bd7-그림-b65585a0b30b8c06,통화신용정책보고서 2026년 9월,그림,I-22,물가상승률 전망,설명,research/bok-archive/01-통화신용정책보고서/2026-09-10_통화신용정책보고서(2026년 9월)/통화신용정책보고서(2026년 9월).pdf,31,번호 직결 인용 없음 또는 문장 조각·중복 배정 제외
BOK-20260910-cf67277b3bd7-그림-44b83c0f267e93c4,통화신용정책보고서 2026년 9월,그림,I-23,국고채금리 및 10년물-3년물 금리차,설명,research/bok-archive/01-통화신용정책보고서/2026-09-10_통화신용정책보고서(2026년 9월)/통화신용정책보고서(2026년 9월).pdf,32,번호 직결 인용 없음 또는 문장 조각·중복 배정 제외
BOK-20260910-cf67277b3bd7-그림-7b664d7a7c69a2a9,통화신용정책보고서 2026년 9월,그림,I-24,주요국 국채금리 변동,설명,research/bok-archive/01-통화신용정책보고서/2026-09-10_통화신용정책보고서(2026년 9월)/통화신용정책보고서(2026년 9월).pdf,32,번호 직결 인용 없음 또는 문장 조각·중복 배정 제외
BOK-20260910-cf67277b3bd7-그림-bed735e4fae6932e,통화신용정책보고서 2026년 9월,그림,I-25,주요 단기금리,통계기법·지수; 설명,research/bok-archive/01-통화신용정책보고서/2026-09-10_통화신용정책보고서(2026년 9월)/통화신용정책보고서(2026년 9월).pdf,33,번호 직결 인용 없음 또는 문장 조각·중복 배정 제외
BOK-20260910-cf67277b3bd7-그림-3fd8d5abd8a99d65,통화신용정책보고서 2026년 9월,그림,I-27,은행 여수신금리,설명,research/bok-archive/01-통화신용정책보고서/2026-09-10_통화신용정책보고서(2026년 9월)/통화신용정책보고서(2026년 9월).pdf,34,번호 직결 인용 없음 또는 문장 조각·중복 배정 제외
BOK-20260910-cf67277b3bd7-그림-ed4b6dccc0c72f58,통화신용정책보고서 2026년 9월,그림,I-28,코스피 및 주가변동성지수,설명,research/bok-archive/01-통화신용정책보고서/2026-09-10_통화신용정책보고서(2026년 9월)/통화신용정책보고서(2026년 9월).pdf,35,번호 직결 인용 없음 또는 문장 조각·중복 배정 제외
BOK-20260910-cf67277b3bd7-그림-8bc146cd8fc68df9,통화신용정책보고서 2026년 9월,그림,I-29,외국인 채권 보유증감 및 보유비중,설명,research/bok-archive/01-통화신용정책보고서/2026-09-10_통화신용정책보고서(2026년 9월)/통화신용정책보고서(2026년 9월).pdf,37,번호 직결 인용 없음 또는 문장 조각·중복 배정 제외
BOK-20260910-cf67277b3bd7-그림-05eabe64eedc52c4,통화신용정책보고서 2026년 9월,그림,I-30,외국인 주식 순매수 및 보유비중,설명,research/bok-archive/01-통화신용정책보고서/2026-09-10_통화신용정책보고서(2026년 9월)/통화신용정책보고서(2026년 9월).pdf,37,번호 직결 인용 없음 또는 문장 조각·중복 배정 제외
BOK-20260910-cf67277b3bd7-그림-5dbd5324fa3064b8,통화신용정책보고서 2026년 9월,그림,I-31,M2 증가율 및 공급부문별 증감,설명,research/bok-archive/01-통화신용정책보고서/2026-09-10_통화신용정책보고서(2026년 9월)/통화신용정책보고서(2026년 9월).pdf,38,번호 직결 인용 없음 또는 문장 조각·중복 배정 제외
BOK-20260910-cf67277b3bd7-그림-ab63d68ffb6e1b2a,통화신용정책보고서 2026년 9월,그림,I-32,금융상황지수1),데이터 형태; 설명,research/bok-archive/01-통화신용정책보고서/2026-09-10_통화신용정책보고서(2026년 9월)/통화신용정책보고서(2026년 9월).pdf,38,번호 직결 인용 없음 또는 문장 조각·중복 배정 제외
BOK-20260910-cf67277b3bd7-그림-99d1632b4b7e4c47,통화신용정책보고서 2026년 9월,그림,I-33,주택매매가격 상승률 및 주택매매거래량,설명,research/bok-archive/01-통화신용정책보고서/2026-09-10_통화신용정책보고서(2026년 9월)/통화신용정책보고서(2026년 9월).pdf,39,번호 직결 인용 없음 또는 문장 조각·중복 배정 제외
BOK-20260910-cf67277b3bd7-그림-4481b4118b916a29,통화신용정책보고서 2026년 9월,그림,I-34,예금취급기관의 가계대출 증감,통계기법·지수,research/bok-archive/01-통화신용정책보고서/2026-09-10_통화신용정책보고서(2026년 9월)/통화신용정책보고서(2026년 9월).pdf,40,출처·단위·데이터 형태 등 미확인
BOK-20260910-cf67277b3bd7-그림-5f27097e48f0be77,통화신용정책보고서 2026년 9월,그림,I-36,원/달러 환율 변동성,설명,research/bok-archive/01-통화신용정책보고서/2026-09-10_통화신용정책보고서(2026년 9월)/통화신용정책보고서(2026년 9월).pdf,41,번호 직결 인용 없음 또는 문장 조각·중복 배정 제외
BOK-20260910-cf67277b3bd7-그림-88ac9d9c4b0b8347,통화신용정책보고서 2026년 9월,그림,I-37,내외금리차 및 차익거래유인,설명,research/bok-archive/01-통화신용정책보고서/2026-09-10_통화신용정책보고서(2026년 9월)/통화신용정책보고서(2026년 9월).pdf,42,번호 직결 인용 없음 또는 문장 조각·중복 배정 제외
BOK-20260910-cf67277b3bd7-그림-51339f36c13aa1f7,통화신용정책보고서 2026년 9월,그림,I-38,KP 스프레드 및 CDS 프리미엄,설명,research/bok-archive/01-통화신용정책보고서/2026-09-10_통화신용정책보고서(2026년 9월)/통화신용정책보고서(2026년 9월).pdf,42,번호 직결 인용 없음 또는 문장 조각·중복 배정 제외
BOK-20260910-cf67277b3bd7-그림-d22b114e915b6a10,통화신용정책보고서 2026년 9월,그림,I-39,대외 외화차입 장단기 가산금리1)2),설명,research/bok-archive/01-통화신용정책보고서/2026-09-10_통화신용정책보고서(2026년 9월)/통화신용정책보고서(2026년 9월).pdf,42,번호 직결 인용 없음 또는 문장 조각·중복 배정 제외
BOK-20260910-cf67277b3bd7-그림-95f4b1aedba62322,통화신용정책보고서 2026년 9월,그림,참고 II-1-1,대기업 및 중소기업의 자금조달 비교,통계기법·지수; 설명,불명,불명,번호 직결 인용 없음 또는 문장 조각·중복 배정 제외
BOK-20260910-cf67277b3bd7-그림-03db25339def012f,통화신용정책보고서 2026년 9월,그림,참고 II-1-2,지방 GDP 대비 지방중소기업지원 프로그램 한도,설명,불명,불명,번호 직결 인용 없음 또는 문장 조각·중복 배정 제외
BOK-20260910-cf67277b3bd7-그림-1bd09c52ebf8c5d1,통화신용정책보고서 2026년 9월,그림,II-2,국제유가 및 유가 변동성 지수,설명,research/bok-archive/01-통화신용정책보고서/2026-09-10_통화신용정책보고서(2026년 9월)/통화신용정책보고서(2026년 9월).pdf,63,번호 직결 인용 없음 또는 문장 조각·중복 배정 제외
BOK-20260910-cf67277b3bd7-그림-6527ec15845e1f5a,통화신용정책보고서 2026년 9월,그림,참고 II-2-1,주요국 인플레이션,설명,불명,불명,번호 직결 인용 없음 또는 문장 조각·중복 배정 제외
BOK-20260910-cf67277b3bd7-그림-7a5bdb5cbb8e1e30,통화신용정책보고서 2026년 9월,그림,참고 II-2-2,주요국 정책금리,단위; 설명,불명,불명,번호 직결 인용 없음 또는 문장 조각·중복 배정 제외
BOK-20260910-cf67277b3bd7-그림-f4d9f2b8b7309f27,통화신용정책보고서 2026년 9월,그림,참고 II-2-3,금융시장의 미 연준 정책금리 기대 변화,설명,불명,불명,번호 직결 인용 없음 또는 문장 조각·중복 배정 제외
BOK-20260910-cf67277b3bd7-그림-69a7b7655c153953,통화신용정책보고서 2026년 9월,그림,참고 II-2-4,유로지역 및 영국 물가 전망 변화,설명,불명,불명,번호 직결 인용 없음 또는 문장 조각·중복 배정 제외
BOK-20260910-cf67277b3bd7-그림-dff265a2cb99006d,통화신용정책보고서 2026년 9월,그림,참고 II-2-5,일본 정책금리 및 주요 물가지표,설명,불명,불명,번호 직결 인용 없음 또는 문장 조각·중복 배정 제외
BOK-20260910-cf67277b3bd7-그림-e4629ed9019c8db5,통화신용정책보고서 2026년 9월,그림,II-3,지정학적 리스크 지수,단위; 설명,research/bok-archive/01-통화신용정책보고서/2026-09-10_통화신용정책보고서(2026년 9월)/통화신용정책보고서(2026년 9월).pdf,64,번호 직결 인용 없음 또는 문장 조각·중복 배정 제외
BOK-20260910-cf67277b3bd7-그림-21988ce799ba050a,통화신용정책보고서 2026년 9월,그림,II-4,지출부문별 성장기여도,설명,research/bok-archive/01-통화신용정책보고서/2026-09-10_통화신용정책보고서(2026년 9월)/통화신용정책보고서(2026년 9월).pdf,64,번호 직결 인용 없음 또는 문장 조각·중복 배정 제외
BOK-20260910-cf67277b3bd7-그림-812e478a940cf478,통화신용정책보고서 2026년 9월,그림,II-5,원/달러 환율 및 미 달러화 지수,설명,research/bok-archive/01-통화신용정책보고서/2026-09-10_통화신용정책보고서(2026년 9월)/통화신용정책보고서(2026년 9월).pdf,64,번호 직결 인용 없음 또는 문장 조각·중복 배정 제외
BOK-20260910-cf67277b3bd7-그림-9efba5ccd64dd764,통화신용정책보고서 2026년 9월,그림,II-7,예금은행 가계대출 증감 및 주택가격,설명,research/bok-archive/01-통화신용정책보고서/2026-09-10_통화신용정책보고서(2026년 9월)/통화신용정책보고서(2026년 9월).pdf,65,번호 직결 인용 없음 또는 문장 조각·중복 배정 제외
BOK-20260910-cf67277b3bd7-그림-b284a43dfe8a35a9,통화신용정책보고서 2026년 9월,그림,II-8,실질GDP 및 GDI 증가율,설명,research/bok-archive/01-통화신용정책보고서/2026-09-10_통화신용정책보고서(2026년 9월)/통화신용정책보고서(2026년 9월).pdf,65,번호 직결 인용 없음 또는 문장 조각·중복 배정 제외
BOK-20260910-cf67277b3bd7-그림-b68330fd68ecffb7,통화신용정책보고서 2026년 9월,그림,II-9,통화정책방향 결정회의(2026년 8월 27일),단위; 데이터 형태; 통계기법·지수; 설명,research/bok-archive/01-통화신용정책보고서/2026-09-10_통화신용정책보고서(2026년 9월)/통화신용정책보고서(2026년 9월).pdf,66,번호 직결 인용 없음 또는 문장 조각·중복 배정 제외
BOK-20260910-cf67277b3bd7-그림-ef64ed65c48a0eab,통화신용정책보고서 2026년 9월,그림,II-10,성장 전망 변화,설명,research/bok-archive/01-통화신용정책보고서/2026-09-10_통화신용정책보고서(2026년 9월)/통화신용정책보고서(2026년 9월).pdf,66,번호 직결 인용 없음 또는 문장 조각·중복 배정 제외
BOK-20260910-cf67277b3bd7-그림-ed5568e47f5cde6b,통화신용정책보고서 2026년 9월,그림,II-11,물가 전망 변화,설명,research/bok-archive/01-통화신용정책보고서/2026-09-10_통화신용정책보고서(2026년 9월)/통화신용정책보고서(2026년 9월).pdf,66,번호 직결 인용 없음 또는 문장 조각·중복 배정 제외
BOK-20260910-cf67277b3bd7-그림-d7afb98d5a485890,통화신용정책보고서 2026년 9월,그림,II-13,공개시장운영 수단별 지급준비금 조절규모,통계기법·지수; 설명,research/bok-archive/01-통화신용정책보고서/2026-09-10_통화신용정책보고서(2026년 9월)/통화신용정책보고서(2026년 9월).pdf,67,번호 직결 인용 없음 또는 문장 조각·중복 배정 제외
BOK-20260910-cf67277b3bd7-그림-09ef8ceda4344a10,통화신용정책보고서 2026년 9월,그림,II-14,한국은행 금융중개지원대출의 한도 및 금리,설명,research/bok-archive/01-통화신용정책보고서/2026-09-10_통화신용정책보고서(2026년 9월)/통화신용정책보고서(2026년 9월).pdf,68,번호 직결 인용 없음 또는 문장 조각·중복 배정 제외
BOK-20260910-cf67277b3bd7-그림-a26612e974ea1d7b,통화신용정책보고서 2026년 9월,그림,II-15,외환시장 24시간 개장 전후,사용 데이터·출처; 단위; 데이터 형태; 통계기법·지수,research/bok-archive/01-통화신용정책보고서/2026-09-10_통화신용정책보고서(2026년 9월)/통화신용정책보고서(2026년 9월).pdf,73,출처·단위·데이터 형태 등 미확인
BOK-20260910-cf67277b3bd7-그림-b07e27fdc8fa68bd,통화신용정책보고서 2026년 9월,그림,II-17,예금 토큰 활용 전기차 충전시설 구축 사,단위; 데이터 형태; 통계기법·지수; 설명,research/bok-archive/01-통화신용정책보고서/2026-09-10_통화신용정책보고서(2026년 9월)/통화신용정책보고서(2026년 9월).pdf,76,번호 직결 인용 없음 또는 문장 조각·중복 배정 제외
BOK-20260910-cf67277b3bd7-그림-1364c4a673422968,통화신용정책보고서 2026년 9월,그림,II-18,아고라 플랫폼의 구조,데이터 형태; 통계기법·지수,research/bok-archive/01-통화신용정책보고서/2026-09-10_통화신용정책보고서(2026년 9월)/통화신용정책보고서(2026년 9월).pdf,77,출처·단위·데이터 형태 등 미확인
BOK-20260910-cf67277b3bd7-그림-9fbc7bcce46d9439,통화신용정책보고서 2026년 9월,그림,II-20,물가상승률 전망,설명,research/bok-archive/01-통화신용정책보고서/2026-09-10_통화신용정책보고서(2026년 9월)/통화신용정책보고서(2026년 9월).pdf,79,번호 직결 인용 없음 또는 문장 조각·중복 배정 제외
BOK-20260910-cf67277b3bd7-그림-331f488145fe9f37,통화신용정책보고서 2026년 9월,그림,II-21,주택가격전망CSI,단위; 설명,research/bok-archive/01-통화신용정책보고서/2026-09-10_통화신용정책보고서(2026년 9월)/통화신용정책보고서(2026년 9월).pdf,80,번호 직결 인용 없음 또는 문장 조각·중복 배정 제외
BOK-20260910-cf67277b3bd7-그림-1bd50f39d608ff34,통화신용정책보고서 2026년 9월,그림,II-23,2026년 8월 금융통화위원의 6개월 후 조건부 금리전망,설명,불명,불명,번호 직결 인용 없음 또는 문장 조각·중복 배정 제외
BOK-20260910-cf67277b3bd7-그림-da531d46f952ae1b,통화신용정책보고서 2026년 9월,그림,II-24,이수형 금융통화위원 기자간담회(2026년 3월 17일),단위; 데이터 형태; 통계기법·지수; 설명,research/bok-archive/01-통화신용정책보고서/2026-09-10_통화신용정책보고서(2026년 9월)/통화신용정책보고서(2026년 9월).pdf,82,번호 직결 인용 없음 또는 문장 조각·중복 배정 제외
BOK-20260910-cf67277b3bd7-그림-ec525a8cc5de5a1e,통화신용정책보고서 2026년 9월,그림,II-25,신성환 금융통화위원 기자간담회(2026년 5월 11일),단위; 데이터 형태; 통계기법·지수; 설명,research/bok-archive/01-통화신용정책보고서/2026-09-10_통화신용정책보고서(2026년 9월)/통화신용정책보고서(2026년 9월).pdf,82,번호 직결 인용 없음 또는 문장 조각·중복 배정 제외
BOK-20260910-cf67277b3bd7-그림-d5d537780f455847,통화신용정책보고서 2026년 9월,그림,III-1,명목 및 실질GDP 성장률,설명,research/bok-archive/01-통화신용정책보고서/2026-09-10_통화신용정책보고서(2026년 9월)/통화신용정책보고서(2026년 9월).pdf,95,번호 직결 인용 없음 또는 문장 조각·중복 배정 제외
BOK-20260910-cf67277b3bd7-그림-4181081eaf6d51b6,통화신용정책보고서 2026년 9월,그림,III-2,명목GDP 성장률 기여도 분해,설명,research/bok-archive/01-통화신용정책보고서/2026-09-10_통화신용정책보고서(2026년 9월)/통화신용정책보고서(2026년 9월).pdf,96,번호 직결 인용 없음 또는 문장 조각·중복 배정 제외
BOK-20260910-cf67277b3bd7-그림-f82ce5a66488f185,통화신용정책보고서 2026년 9월,그림,III-3,주요 수출품목 가격 및 교역조건 추이,설명,research/bok-archive/01-통화신용정책보고서/2026-09-10_통화신용정책보고서(2026년 9월)/통화신용정책보고서(2026년 9월).pdf,96,번호 직결 인용 없음 또는 문장 조각·중복 배정 제외
BOK-20260910-cf67277b3bd7-그림-e6d7f6610c183c5d,통화신용정책보고서 2026년 9월,그림,III-4,교역조건 변화의 수출입물가 기여도,설명,research/bok-archive/01-통화신용정책보고서/2026-09-10_통화신용정책보고서(2026년 9월)/통화신용정책보고서(2026년 9월).pdf,96,번호 직결 인용 없음 또는 문장 조각·중복 배정 제외
BOK-20260910-cf67277b3bd7-그림-d9a631629a1c6114,통화신용정책보고서 2026년 9월,그림,III-5,명목 성장률 상승기의 수익성 및 설비투자,설명,research/bok-archive/01-통화신용정책보고서/2026-09-10_통화신용정책보고서(2026년 9월)/통화신용정책보고서(2026년 9월).pdf,97,번호 직결 인용 없음 또는 문장 조각·중복 배정 제외
BOK-20260910-cf67277b3bd7-그림-2c310399c0fd5933,통화신용정책보고서 2026년 9월,그림,III-6,IT 및 여타 제조업 부문의 성장성‧수익성,설명,research/bok-archive/01-통화신용정책보고서/2026-09-10_통화신용정책보고서(2026년 9월)/통화신용정책보고서(2026년 9월).pdf,97,번호 직결 인용 없음 또는 문장 조각·중복 배정 제외
BOK-20260910-cf67277b3bd7-그림-d408560104dd1848,통화신용정책보고서 2026년 9월,그림,III-7,수익성 개선의 설비투자 영향1),데이터 형태,research/bok-archive/01-통화신용정책보고서/2026-09-10_통화신용정책보고서(2026년 9월)/통화신용정책보고서(2026년 9월).pdf,98,출처·단위·데이터 형태 등 미확인
BOK-20260910-cf67277b3bd7-그림-460ed06665c5dac9,통화신용정책보고서 2026년 9월,그림,III-8,국세수입 및 재정지출 전망,설명,research/bok-archive/01-통화신용정책보고서/2026-09-10_통화신용정책보고서(2026년 9월)/통화신용정책보고서(2026년 9월).pdf,98,번호 직결 인용 없음 또는 문장 조각·중복 배정 제외
BOK-20260910-cf67277b3bd7-그림-da6e12fa2dced187,통화신용정책보고서 2026년 9월,그림,III-9,명목GDP 및 명목임금 상승률,설명,research/bok-archive/01-통화신용정책보고서/2026-09-10_통화신용정책보고서(2026년 9월)/통화신용정책보고서(2026년 9월).pdf,98,번호 직결 인용 없음 또는 문장 조각·중복 배정 제외
BOK-20260910-cf67277b3bd7-그림-0b793eaeee071b73,통화신용정책보고서 2026년 9월,그림,III-10,명목 성장률 상승기 중 근로소득 추이,설명,research/bok-archive/01-통화신용정책보고서/2026-09-10_통화신용정책보고서(2026년 9월)/통화신용정책보고서(2026년 9월).pdf,99,번호 직결 인용 없음 또는 문장 조각·중복 배정 제외
BOK-20260910-cf67277b3bd7-그림-0723f1be583924e9,통화신용정책보고서 2026년 9월,그림,III-11,산업별 고용유발계수,설명,research/bok-archive/01-통화신용정책보고서/2026-09-10_통화신용정책보고서(2026년 9월)/통화신용정책보고서(2026년 9월).pdf,99,번호 직결 인용 없음 또는 문장 조각·중복 배정 제외
BOK-20260910-cf67277b3bd7-그림-beb026f4497783ae,통화신용정책보고서 2026년 9월,그림,III-12,주요 업종별 전‧후방 연쇄효과 지수,설명,research/bok-archive/01-통화신용정책보고서/2026-09-10_통화신용정책보고서(2026년 9월)/통화신용정책보고서(2026년 9월).pdf,99,번호 직결 인용 없음 또는 문장 조각·중복 배정 제외
BOK-20260910-cf67277b3bd7-그림-6dcf644cd56f150f,통화신용정책보고서 2026년 9월,그림,III-13,"소득계층별, 업종별 소득 격차",설명,research/bok-archive/01-통화신용정책보고서/2026-09-10_통화신용정책보고서(2026년 9월)/통화신용정책보고서(2026년 9월).pdf,100,번호 직결 인용 없음 또는 문장 조각·중복 배정 제외
BOK-20260910-cf67277b3bd7-그림-8625f5c6d7a1892a,통화신용정책보고서 2026년 9월,그림,III-15,임금 상승의 서비스물가 파급,설명,research/bok-archive/01-통화신용정책보고서/2026-09-10_통화신용정책보고서(2026년 9월)/통화신용정책보고서(2026년 9월).pdf,100,번호 직결 인용 없음 또는 문장 조각·중복 배정 제외
BOK-20260910-cf67277b3bd7-그림-1c9e766384124570,통화신용정책보고서 2026년 9월,그림,III-16,"국제유가, 국내공급물가 및 수입물가 추이",통계기법·지수; 설명,research/bok-archive/01-통화신용정책보고서/2026-09-10_통화신용정책보고서(2026년 9월)/통화신용정책보고서(2026년 9월).pdf,101,번호 직결 인용 없음 또는 문장 조각·중복 배정 제외
BOK-20260910-cf67277b3bd7-그림-5f649c6a7e300067,통화신용정책보고서 2026년 9월,그림,III-17,국가별 명목GDP 대비 가계부채 비율,설명,research/bok-archive/01-통화신용정책보고서/2026-09-10_통화신용정책보고서(2026년 9월)/통화신용정책보고서(2026년 9월).pdf,101,번호 직결 인용 없음 또는 문장 조각·중복 배정 제외
BOK-20260910-cf67277b3bd7-표-ca699ee3629faf0b,통화신용정책보고서 2026년 9월,표,I-1,주요국 경제성장률1)2),설명,research/bok-archive/01-통화신용정책보고서/2026-09-10_통화신용정책보고서(2026년 9월)/통화신용정책보고서(2026년 9월).pdf,15,번호 직결 인용 없음 또는 문장 조각·중복 배정 제외
BOK-20260910-cf67277b3bd7-표-ef29a0f2b644abbd,통화신용정책보고서 2026년 9월,표,I-2,세계경제 성장률 전망1),데이터 형태; 설명,research/bok-archive/01-통화신용정책보고서/2026-09-10_통화신용정책보고서(2026년 9월)/통화신용정책보고서(2026년 9월).pdf,19,번호 직결 인용 없음 또는 문장 조각·중복 배정 제외
BOK-20260910-cf67277b3bd7-표-4bb1cb0a5f92856c,통화신용정책보고서 2026년 9월,표,I-3,주요 경제성장지표1),설명,research/bok-archive/01-통화신용정책보고서/2026-09-10_통화신용정책보고서(2026년 9월)/통화신용정책보고서(2026년 9월).pdf,20,번호 직결 인용 없음 또는 문장 조각·중복 배정 제외
BOK-20260910-cf67277b3bd7-표-e40de37d7b7db4c4,통화신용정책보고서 2026년 9월,표,I-6,고용률 및 실업률,설명,research/bok-archive/01-통화신용정책보고서/2026-09-10_통화신용정책보고서(2026년 9월)/통화신용정책보고서(2026년 9월).pdf,24,번호 직결 인용 없음 또는 문장 조각·중복 배정 제외
BOK-20260910-cf67277b3bd7-표-7d3b58189874e099,통화신용정책보고서 2026년 9월,표,I-7,항목별 명목임금 및 실질임금 상승률,설명,research/bok-archive/01-통화신용정책보고서/2026-09-10_통화신용정책보고서(2026년 9월)/통화신용정책보고서(2026년 9월).pdf,25,번호 직결 인용 없음 또는 문장 조각·중복 배정 제외
BOK-20260910-cf67277b3bd7-표-3d556f4fa12be489,통화신용정책보고서 2026년 9월,표,I-8,경제성장률 전망1),설명,research/bok-archive/01-통화신용정책보고서/2026-09-10_통화신용정책보고서(2026년 9월)/통화신용정책보고서(2026년 9월).pdf,26,번호 직결 인용 없음 또는 문장 조각·중복 배정 제외
BOK-20260910-cf67277b3bd7-표-3ae2e115f66eb592,통화신용정책보고서 2026년 9월,표,I-9,경상수지 전망1),데이터 형태,research/bok-archive/01-통화신용정책보고서/2026-09-10_통화신용정책보고서(2026년 9월)/통화신용정책보고서(2026년 9월).pdf,27,출처·단위·데이터 형태 등 미확인
BOK-20260910-cf67277b3bd7-표-679af9d7f05d570a,통화신용정책보고서 2026년 9월,표,I-10,고용 전망1)2),설명,research/bok-archive/01-통화신용정책보고서/2026-09-10_통화신용정책보고서(2026년 9월)/통화신용정책보고서(2026년 9월).pdf,27,번호 직결 인용 없음 또는 문장 조각·중복 배정 제외
BOK-20260910-cf67277b3bd7-표-b3f4a2acbbb9b4bd,통화신용정책보고서 2026년 9월,표,I-11,성장의 상‧하방 요인,단위; 데이터 형태; 종류; 설명,research/bok-archive/01-통화신용정책보고서/2026-09-10_통화신용정책보고서(2026년 9월)/통화신용정책보고서(2026년 9월).pdf,27,허용 종류로 판별 불가 또는 표 구조 미확인; 번호 직결 인용 없음 또는 문장 조각·중복 배정 제외
BOK-20260910-cf67277b3bd7-표-2ff4038d060c7027,통화신용정책보고서 2026년 9월,표,I-12,소비자물가 상승률,설명,research/bok-archive/01-통화신용정책보고서/2026-09-10_통화신용정책보고서(2026년 9월)/통화신용정책보고서(2026년 9월).pdf,29,번호 직결 인용 없음 또는 문장 조각·중복 배정 제외
BOK-20260910-cf67277b3bd7-표-fb8109978f57bee1,통화신용정책보고서 2026년 9월,표,I-13,물가상승률 전망1),데이터 형태; 설명,research/bok-archive/01-통화신용정책보고서/2026-09-10_통화신용정책보고서(2026년 9월)/통화신용정책보고서(2026년 9월).pdf,31,번호 직결 인용 없음 또는 문장 조각·중복 배정 제외
BOK-20260910-cf67277b3bd7-표-a0a5e8858f0c9070,통화신용정책보고서 2026년 9월,표,I-14,물가의 상‧하방 요인,단위; 데이터 형태; 종류; 설명,research/bok-archive/01-통화신용정책보고서/2026-09-10_통화신용정책보고서(2026년 9월)/통화신용정책보고서(2026년 9월).pdf,31,허용 종류로 판별 불가 또는 표 구조 미확인; 번호 직결 인용 없음 또는 문장 조각·중복 배정 제외
BOK-20260910-cf67277b3bd7-표-2cbbe18445505a2f,통화신용정책보고서 2026년 9월,표,I-15,기업의 자금조달,단위; 통계기법·지수,research/bok-archive/01-통화신용정책보고서/2026-09-10_통화신용정책보고서(2026년 9월)/통화신용정책보고서(2026년 9월).pdf,36,출처·단위·데이터 형태 등 미확인
BOK-20260910-cf67277b3bd7-표-8ab8ffade456cd87,통화신용정책보고서 2026년 9월,표,I-17,예금취급기관의 가계대출,단위; 종류; 설명,research/bok-archive/01-통화신용정책보고서/2026-09-10_통화신용정책보고서(2026년 9월)/통화신용정책보고서(2026년 9월).pdf,40,허용 종류로 판별 불가 또는 표 구조 미확인; 번호 직결 인용 없음 또는 문장 조각·중복 배정 제외
BOK-20260910-cf67277b3bd7-표-8892e12704491c5c,통화신용정책보고서 2026년 9월,표,II-1,금융중개지원대출의 프로그램별 한도 및 금리,종류,research/bok-archive/01-통화신용정책보고서/2026-09-10_통화신용정책보고서(2026년 9월)/통화신용정책보고서(2026년 9월).pdf,68,허용 종류로 판별 불가 또는 표 구조 미확인
BOK-20260910-cf67277b3bd7-표-8414990d32af70da,통화신용정책보고서 2026년 9월,표,II-2,정부에 대한 일시대출,설명,research/bok-archive/01-통화신용정책보고서/2026-09-10_통화신용정책보고서(2026년 9월)/통화신용정책보고서(2026년 9월).pdf,70,번호 직결 인용 없음 또는 문장 조각·중복 배정 제외
BOK-20260910-cf67277b3bd7-표-ac34f5cec00ada4f,통화신용정책보고서 2026년 9월,표,II-3,「시장상황 점검회의」 개최 내역,단위; 데이터 형태; 통계기법·지수,research/bok-archive/01-통화신용정책보고서/2026-09-10_통화신용정책보고서(2026년 9월)/통화신용정책보고서(2026년 9월).pdf,71,출처·단위·데이터 형태 등 미확인
BOK-20260910-cf67277b3bd7-표-8de0539f447d30eb,통화신용정책보고서 2026년 9월,표,II-4,공동검사 실시 횟수,단위; 종류; 통계기법·지수; 설명,research/bok-archive/01-통화신용정책보고서/2026-09-10_통화신용정책보고서(2026년 9월)/통화신용정책보고서(2026년 9월).pdf,75,허용 종류로 판별 불가 또는 표 구조 미확인; 번호 직결 인용 없음 또는 문장 조각·중복 배정 제외
