게시판,제목,등록일,담당부서,파일명,파일URL,저장경로,바이트,게시물URL
01-통화신용정책보고서,통화신용정책보고서(2026년 9월),2026-09-10,정책협력팀,통화신용정책보고서(2026년 9월).pdf,https://www.bok.or.kr/fileSrc/portal/3d42a054e8ac48a4a7cc9f47d9b2342c/1/90062882a28e41eba46626b219fd89d8.pdf,01-통화신용정책보고서/2026-09-10_통화신용정책보고서(2026년 9월)/통화신용정책보고서(2026년 9월).pdf,5957765,https://www.bok.or.kr/portal/bbs/B0000156/view.do?nttId=11064613&depth=200067&depth2=200067&sort=1&pageUnit=100&searchCnd=1&pageIndex=1&programType=newsData&menuNo=200067&oldMenuNo=200067
01-통화신용정책보고서,통화신용정책보고서(2026년 9월),2026-09-10,정책협력팀,개요.pdf,https://www.bok.or.kr/fileSrc/portal/3d42a054e8ac48a4a7cc9f47d9b2342c/2/d16267d2afc84b2e983eeb6b559e6f86.pdf,01-통화신용정책보고서/2026-09-10_통화신용정책보고서(2026년 9월)/개요.pdf,658132,https://www.bok.or.kr/portal/bbs/B0000156/view.do?nttId=11064613&depth=200067&depth2=200067&sort=1&pageUnit=100&searchCnd=1&pageIndex=1&programType=newsData&menuNo=200067&oldMenuNo=200067
01-통화신용정책보고서,통화신용정책보고서(2026년 9월),2026-09-10,정책협력팀,1. 통화신용정책 운영 여건.pdf,https://www.bok.or.kr/fileSrc/portal/3d42a054e8ac48a4a7cc9f47d9b2342c/3/4d759f42b02641e899693970cc3d5052.pdf,01-통화신용정책보고서/2026-09-10_통화신용정책보고서(2026년 9월)/1. 통화신용정책 운영 여건.pdf,2976541,https://www.bok.or.kr/portal/bbs/B0000156/view.do?nttId=11064613&depth=200067&depth2=200067&sort=1&pageUnit=100&searchCnd=1&pageIndex=1&programType=newsData&menuNo=200067&oldMenuNo=200067
01-통화신용정책보고서,통화신용정책보고서(2026년 9월),2026-09-10,정책협력팀,2. 통화신용정책 운영 및 향후 방향.pdf,https://www.bok.or.kr/fileSrc/portal/3d42a054e8ac48a4a7cc9f47d9b2342c/4/9fec3ccc8cb14beb88c4ce81c1f13468.pdf,01-통화신용정책보고서/2026-09-10_통화신용정책보고서(2026년 9월)/2. 통화신용정책 운영 및 향후 방향.pdf,3172299,https://www.bok.or.kr/portal/bbs/B0000156/view.do?nttId=11064613&depth=200067&depth2=200067&sort=1&pageUnit=100&searchCnd=1&pageIndex=1&programType=newsData&menuNo=200067&oldMenuNo=200067
01-통화신용정책보고서,통화신용정책보고서(2026년 9월),2026-09-10,정책협력팀,3. 이슈 분석.pdf,https://www.bok.or.kr/fileSrc/portal/3d42a054e8ac48a4a7cc9f47d9b2342c/5/f93cb904f96844fa9233a24c8a755dd6.pdf,01-통화신용정책보고서/2026-09-10_통화신용정책보고서(2026년 9월)/3. 이슈 분석.pdf,1351604,https://www.bok.or.kr/portal/bbs/B0000156/view.do?nttId=11064613&depth=200067&depth2=200067&sort=1&pageUnit=100&searchCnd=1&pageIndex=1&programType=newsData&menuNo=200067&oldMenuNo=200067
01-통화신용정책보고서,통화신용정책보고서(2026년 9월),2026-09-10,정책협력팀,참고.pdf,https://www.bok.or.kr/fileSrc/portal/3d42a054e8ac48a4a7cc9f47d9b2342c/6/3372109ce65d42f6afee5475471d8247.pdf,01-통화신용정책보고서/2026-09-10_통화신용정책보고서(2026년 9월)/참고.pdf,2768788,https://www.bok.or.kr/portal/bbs/B0000156/view.do?nttId=11064613&depth=200067&depth2=200067&sort=1&pageUnit=100&searchCnd=1&pageIndex=1&programType=newsData&menuNo=200067&oldMenuNo=200067
01-통화신용정책보고서,통화신용정책보고서(2026년 9월),2026-09-10,정책협력팀,부록.pdf,https://www.bok.or.kr/fileSrc/portal/3d42a054e8ac48a4a7cc9f47d9b2342c/7/b23551fe6e584e0dacd4a0c768f069a9.pdf,01-통화신용정책보고서/2026-09-10_통화신용정책보고서(2026년 9월)/부록.pdf,1219824,https://www.bok.or.kr/portal/bbs/B0000156/view.do?nttId=11064613&depth=200067&depth2=200067&sort=1&pageUnit=100&searchCnd=1&pageIndex=1&programType=newsData&menuNo=200067&oldMenuNo=200067
01-통화신용정책보고서,통화신용정책보고서(2026년 9월),2026-09-10,정책협력팀,그림 원본 데이터(2026년 9월).xlsx,https://www.bok.or.kr/fileSrc/portal/3d42a054e8ac48a4a7cc9f47d9b2342c/8/231b26fd9e084e018f896ec223667576.xlsx,01-통화신용정책보고서/2026-09-10_통화신용정책보고서(2026년 9월)/그림 원본 데이터(2026년 9월).xlsx,28698292,https://www.bok.or.kr/portal/bbs/B0000156/view.do?nttId=11064613&depth=200067&depth2=200067&sort=1&pageUnit=100&searchCnd=1&pageIndex=1&programType=newsData&menuNo=200067&oldMenuNo=200067
01-통화신용정책보고서,통화신용정책보고서(2026년 3월),2026-03-12,정책협력팀,그림 원본 데이터(2026년 3월).xlsx,https://www.bok.or.kr/portal/cmmn/file/fileDown.do?atchFileId=6be7faa5f4ff4093b3d2b9c132922d5c&fileSn=2,01-통화신용정책보고서/2026-03-12_통화신용정책보고서(2026년 3월)/그림 원본 데이터(2026년 3월).xlsx,4857720,https://www.bok.or.kr/portal/bbs/B0000156/view.do?nttId=10096935&depth=200067&depth2=200067&sort=1&pageUnit=100&searchCnd=1&pageIndex=1&programType=newsData&menuNo=200067&oldMenuNo=200067
01-통화신용정책보고서,통화신용정책보고서(2026년 3월),2026-03-12,정책협력팀,통화신용정책보고서(2026년 3월).pdf,https://www.bok.or.kr/fileSrc/portal/6be7faa5f4ff4093b3d2b9c132922d5c/1/%ED%86%B5%ED%99%94%EC%8B%A0%EC%9A%A9%EC%A0%95%EC%B1%85%EB%B3%B4%EA%B3%A0%EC%84%9C%282026%EB%85%84%203%EC%9B%94%29.pdf,01-통화신용정책보고서/2026-03-12_통화신용정책보고서(2026년 3월)/통화신용정책보고서(2026년 3월).pdf,5895702,https://www.bok.or.kr/portal/bbs/B0000156/view.do?nttId=10096935&depth=200067&depth2=200067&sort=1&pageUnit=100&searchCnd=1&pageIndex=1&programType=newsData&menuNo=200067&oldMenuNo=200067
01-통화신용정책보고서,통화신용정책보고서(2025년 9월),2025-09-11,정책협력팀,그림 원본 데이터(2025년 9월).xlsx,https://www.bok.or.kr/portal/cmmn/file/fileDown.do?atchFileId=7db0a68ee9e541f095fa6cc59168c529&fileSn=1,01-통화신용정책보고서/2025-09-11_통화신용정책보고서(2025년 9월)/그림 원본 데이터(2025년 9월).xlsx,2464900,https://www.bok.or.kr/portal/bbs/B0000156/view.do?nttId=10093507&depth=200067&depth2=200067&sort=1&pageUnit=100&searchCnd=1&pageIndex=1&programType=newsData&menuNo=200067&oldMenuNo=200067
01-통화신용정책보고서,통화신용정책보고서(2025년 9월),2025-09-11,정책협력팀,통화신용정책보고서(2025년 9월.pdf,https://www.bok.or.kr/fileSrc/portal/3447ac4d53964cebb2c4e8925f850fe0/1/1.%20%EA%B8%88%EC%9C%B5%ED%86%B5%ED%99%94%EC%9C%84%EC%9B%90%ED%9A%8C%20%EC%A3%BC%EC%9A%94%20%EC%9D%98%EA%B2%B0%EC%82%AC%ED%95%AD.pdf,01-통화신용정책보고서/2025-09-11_통화신용정책보고서(2025년 9월)/통화신용정책보고서(2025년 9월.pdf,21706800,https://www.bok.or.kr/portal/bbs/B0000156/view.do?nttId=10093507&depth=200067&depth2=200067&sort=1&pageUnit=100&searchCnd=1&pageIndex=1&programType=newsData&menuNo=200067&oldMenuNo=200067
01-통화신용정책보고서,통화신용정책보고서(2025년 9월),2025-09-11,정책협력팀,통화신용정책보고서(2025년 9월.pdf,https://www.bok.or.kr/fileSrc/portal/3447ac4d53964cebb2c4e8925f850fe0/1/2.%20%ED%86%B5%ED%99%94%EC%A0%95%EC%B1%85%EB%B0%A9%ED%96%A5%EC%97%90%20%EB%8C%80%ED%95%9C%20%EA%B8%88%EC%9C%B5%ED%86%B5%ED%99%94%EC%9C%84%EC%9B%90%ED%9A%8C%EC%9D%98%20%EC%A3%BC%EC%9A%94%EB%85%BC%EC%9D%98%20%EB%82%B4%EC%9A%A9.pdf,01-통화신용정책보고서/2025-09-11_통화신용정책보고서(2025년 9월)/통화신용정책보고서(2025년 9월.pdf,21706800,https://www.bok.or.kr/portal/bbs/B0000156/view.do?nttId=10093507&depth=200067&depth2=200067&sort=1&pageUnit=100&searchCnd=1&pageIndex=1&programType=newsData&menuNo=200067&oldMenuNo=200067
01-통화신용정책보고서,통화신용정책보고서(2025년 9월),2025-09-11,정책협력팀,통화신용정책보고서(2025년 9월.pdf,https://www.bok.or.kr/fileSrc/portal/3447ac4d53964cebb2c4e8925f850fe0/1/3.%20%EA%B7%B8%EB%A6%BC%20%EB%B0%8F%20%ED%91%9C.pdf,01-통화신용정책보고서/2025-09-11_통화신용정책보고서(2025년 9월)/통화신용정책보고서(2025년 9월.pdf,21706800,https://www.bok.or.kr/portal/bbs/B0000156/view.do?nttId=10093507&depth=200067&depth2=200067&sort=1&pageUnit=100&searchCnd=1&pageIndex=1&programType=newsData&menuNo=200067&oldMenuNo=200067
01-통화신용정책보고서,통화신용정책보고서(2025년 9월),2025-09-11,정책협력팀,통화신용정책보고서(2025년 9월.pdf,https://www.bok.or.kr/fileSrc/portal/3447ac4d53964cebb2c4e8925f850fe0/1/4.%20%EB%B6%80%EB%AC%B8%EB%B3%84%20%EB%8B%B4%EB%8B%B9%EB%B6%80%EC%84%9C%20%EB%B0%8F%20%EC%A7%91%ED%95%84%EC%9E%90.pdf,01-통화신용정책보고서/2025-09-11_통화신용정책보고서(2025년 9월)/통화신용정책보고서(2025년 9월.pdf,21706800,https://www.bok.or.kr/portal/bbs/B0000156/view.do?nttId=10093507&depth=200067&depth2=200067&sort=1&pageUnit=100&searchCnd=1&pageIndex=1&programType=newsData&menuNo=200067&oldMenuNo=200067
01-통화신용정책보고서,통화신용정책보고서(2025년 9월),2025-09-11,정책협력팀,통화신용정책보고서(2025년 9월.pdf,https://www.bok.or.kr/fileSrc/portal/3447ac4d53964cebb2c4e8925f850fe0/1/2025%20%ED%86%B5%ED%99%94%EC%8B%A0%EC%9A%A9%EC%A0%95%EC%B1%85%20%EB%B3%B4%EA%B3%A0%EC%84%9C.pdf,01-통화신용정책보고서/2025-09-11_통화신용정책보고서(2025년 9월)/통화신용정책보고서(2025년 9월.pdf,21706800,https://www.bok.or.kr/portal/bbs/B0000156/view.do?nttId=10093507&depth=200067&depth2=200067&sort=1&pageUnit=100&searchCnd=1&pageIndex=1&programType=newsData&menuNo=200067&oldMenuNo=200067
01-통화신용정책보고서,통화신용정책보고서(2025년 3월),2025-03-13,정책협력팀,통화신용정책보고서(2025년 3월).pdf,https://www.bok.or.kr/fileSrc/portal/7b64b6bcb4174db38034f2a5c39b94f4/1/463517f529a945239e63d64415ec91ba.pdf,01-통화신용정책보고서/2025-03-13_통화신용정책보고서(2025년 3월)/통화신용정책보고서(2025년 3월).pdf,64088133,https://www.bok.or.kr/portal/bbs/B0000156/view.do?nttId=10090271&depth=200067&depth2=200067&sort=1&pageUnit=100&searchCnd=1&pageIndex=1&programType=newsData&menuNo=200067&oldMenuNo=200067
01-통화신용정책보고서,통화신용정책보고서(2025년 3월),2025-03-13,정책협력팀,그림 원본 데이터(2025년 3월).xlsx,https://www.bok.or.kr/fileSrc/portal/7b64b6bcb4174db38034f2a5c39b94f4/2/292f35b9d0d049559d15638394d79d56.xlsx,01-통화신용정책보고서/2025-03-13_통화신용정책보고서(2025년 3월)/그림 원본 데이터(2025년 3월).xlsx,2157956,https://www.bok.or.kr/portal/bbs/B0000156/view.do?nttId=10090271&depth=200067&depth2=200067&sort=1&pageUnit=100&searchCnd=1&pageIndex=1&programType=newsData&menuNo=200067&oldMenuNo=200067
01-통화신용정책보고서,통화신용정책보고서(2025년 3월),2025-03-13,정책협력팀,개요.pdf,https://www.bok.or.kr/fileSrc/portal/7b64b6bcb4174db38034f2a5c39b94f4/3/334d60c9de3b4e16bf73f0c889595db3.pdf,01-통화신용정책보고서/2025-03-13_통화신용정책보고서(2025년 3월)/개요.pdf,363034,https://www.bok.or.kr/portal/bbs/B0000156/view.do?nttId=10090271&depth=200067&depth2=200067&sort=1&pageUnit=100&searchCnd=1&pageIndex=1&programType=newsData&menuNo=200067&oldMenuNo=200067
01-통화신용정책보고서,통화신용정책보고서(2025년 3월),2025-03-13,정책협력팀,1. 통화신용정책 운영 여건.pdf,https://www.bok.or.kr/fileSrc/portal/7b64b6bcb4174db38034f2a5c39b94f4/4/7add0fd4d95c49209edf15557dd9cf01.pdf,01-통화신용정책보고서/2025-03-13_통화신용정책보고서(2025년 3월)/1. 통화신용정책 운영 여건.pdf,62582163,https://www.bok.or.kr/portal/bbs/B0000156/view.do?nttId=10090271&depth=200067&depth2=200067&sort=1&pageUnit=100&searchCnd=1&pageIndex=1&programType=newsData&menuNo=200067&oldMenuNo=200067
01-통화신용정책보고서,통화신용정책보고서(2025년 3월),2025-03-13,정책협력팀,2. 통화신용정책 운영 및 향후 방향.pdf,https://www.bok.or.kr/fileSrc/portal/7b64b6bcb4174db38034f2a5c39b94f4/5/abb8abdf8cb0497e8e8561e8a8f7c593.pdf,01-통화신용정책보고서/2025-03-13_통화신용정책보고서(2025년 3월)/2. 통화신용정책 운영 및 향후 방향.pdf,60710537,https://www.bok.or.kr/portal/bbs/B0000156/view.do?nttId=10090271&depth=200067&depth2=200067&sort=1&pageUnit=100&searchCnd=1&pageIndex=1&programType=newsData&menuNo=200067&oldMenuNo=200067
01-통화신용정책보고서,통화신용정책보고서(2025년 3월),2025-03-13,정책협력팀,3. 이슈분석.pdf,https://www.bok.or.kr/fileSrc/portal/7b64b6bcb4174db38034f2a5c39b94f4/6/1f7d61b9e935405abdf87d6c064f5acf.pdf,01-통화신용정책보고서/2025-03-13_통화신용정책보고서(2025년 3월)/3. 이슈분석.pdf,609901,https://www.bok.or.kr/portal/bbs/B0000156/view.do?nttId=10090271&depth=200067&depth2=200067&sort=1&pageUnit=100&searchCnd=1&pageIndex=1&programType=newsData&menuNo=200067&oldMenuNo=200067
01-통화신용정책보고서,통화신용정책보고서(2025년 3월),2025-03-13,정책협력팀,참고.pdf,https://www.bok.or.kr/fileSrc/portal/7b64b6bcb4174db38034f2a5c39b94f4/7/6fc4186100e7410babf5b8b635feb951.pdf,01-통화신용정책보고서/2025-03-13_통화신용정책보고서(2025년 3월)/참고.pdf,1526232,https://www.bok.or.kr/portal/bbs/B0000156/view.do?nttId=10090271&depth=200067&depth2=200067&sort=1&pageUnit=100&searchCnd=1&pageIndex=1&programType=newsData&menuNo=200067&oldMenuNo=200067
01-통화신용정책보고서,통화신용정책보고서(2025년 3월),2025-03-13,정책협력팀,부록.pdf,https://www.bok.or.kr/fileSrc/portal/7b64b6bcb4174db38034f2a5c39b94f4/8/d66455528b5140be860c70faf2b264b4.pdf,01-통화신용정책보고서/2025-03-13_통화신용정책보고서(2025년 3월)/부록.pdf,788252,https://www.bok.or.kr/portal/bbs/B0000156/view.do?nttId=10090271&depth=200067&depth2=200067&sort=1&pageUnit=100&searchCnd=1&pageIndex=1&programType=newsData&menuNo=200067&oldMenuNo=200067
01-통화신용정책보고서,통화신용정책보고서(2024년 9월),2024-09-12,정책협력팀,통화신용정책보고서(2024년 9월).pdf,https://www.bok.or.kr/fileSrc/portal/6ef1e290e0b14251b966779370853bc6/1/4fa633502a07485595319c579475b3ef.pdf,01-통화신용정책보고서/2024-09-12_통화신용정책보고서(2024년 9월)/통화신용정책보고서(2024년 9월).pdf,4053284,https://www.bok.or.kr/portal/bbs/B0000156/view.do?nttId=10086948&depth=200067&depth2=200067&sort=1&pageUnit=100&searchCnd=1&pageIndex=1&programType=newsData&menuNo=200067&oldMenuNo=200067
01-통화신용정책보고서,통화신용정책보고서(2024년 9월),2024-09-12,정책협력팀,그림 원본 데이터(2024년 9월).xlsx,https://www.bok.or.kr/fileSrc/portal/6ef1e290e0b14251b966779370853bc6/2/7077d967ffc24391959d1d9db972fc9d.xlsx,01-통화신용정책보고서/2024-09-12_통화신용정책보고서(2024년 9월)/그림 원본 데이터(2024년 9월).xlsx,2761949,https://www.bok.or.kr/portal/bbs/B0000156/view.do?nttId=10086948&depth=200067&depth2=200067&sort=1&pageUnit=100&searchCnd=1&pageIndex=1&programType=newsData&menuNo=200067&oldMenuNo=200067
01-통화신용정책보고서,통화신용정책보고서(2024년 9월),2024-09-12,정책협력팀,개요.pdf,https://www.bok.or.kr/fileSrc/portal/6ef1e290e0b14251b966779370853bc6/3/88f74f8b1bd442a38630bbc190f9261f.pdf,01-통화신용정책보고서/2024-09-12_통화신용정책보고서(2024년 9월)/개요.pdf,236688,https://www.bok.or.kr/portal/bbs/B0000156/view.do?nttId=10086948&depth=200067&depth2=200067&sort=1&pageUnit=100&searchCnd=1&pageIndex=1&programType=newsData&menuNo=200067&oldMenuNo=200067
01-통화신용정책보고서,통화신용정책보고서(2024년 9월),2024-09-12,정책협력팀,1. 통화신용정책 운영 여건.pdf,https://www.bok.or.kr/fileSrc/portal/6ef1e290e0b14251b966779370853bc6/4/8a8622b709a34a97bb8bade8f2faa035.pdf,01-통화신용정책보고서/2024-09-12_통화신용정책보고서(2024년 9월)/1. 통화신용정책 운영 여건.pdf,1429891,https://www.bok.or.kr/portal/bbs/B0000156/view.do?nttId=10086948&depth=200067&depth2=200067&sort=1&pageUnit=100&searchCnd=1&pageIndex=1&programType=newsData&menuNo=200067&oldMenuNo=200067
01-통화신용정책보고서,통화신용정책보고서(2024년 9월),2024-09-12,정책협력팀,2. 통화신용정책 운영 및 향후 방향.pdf,https://www.bok.or.kr/fileSrc/portal/6ef1e290e0b14251b966779370853bc6/5/182dc6e5262d462c89b52bd8ce2a8f26.pdf,01-통화신용정책보고서/2024-09-12_통화신용정책보고서(2024년 9월)/2. 통화신용정책 운영 및 향후 방향.pdf,1247643,https://www.bok.or.kr/portal/bbs/B0000156/view.do?nttId=10086948&depth=200067&depth2=200067&sort=1&pageUnit=100&searchCnd=1&pageIndex=1&programType=newsData&menuNo=200067&oldMenuNo=200067
01-통화신용정책보고서,통화신용정책보고서(2024년 9월),2024-09-12,정책협력팀,3. 이슈 분석.pdf,https://www.bok.or.kr/fileSrc/portal/6ef1e290e0b14251b966779370853bc6/6/62f971abf4c940fb983ee877c26b7f3d.pdf,01-통화신용정책보고서/2024-09-12_통화신용정책보고서(2024년 9월)/3. 이슈 분석.pdf,917703,https://www.bok.or.kr/portal/bbs/B0000156/view.do?nttId=10086948&depth=200067&depth2=200067&sort=1&pageUnit=100&searchCnd=1&pageIndex=1&programType=newsData&menuNo=200067&oldMenuNo=200067
01-통화신용정책보고서,통화신용정책보고서(2024년 9월),2024-09-12,정책협력팀,참고.pdf,https://www.bok.or.kr/fileSrc/portal/6ef1e290e0b14251b966779370853bc6/7/d091931fe87b412393fb7520740397e6.pdf,01-통화신용정책보고서/2024-09-12_통화신용정책보고서(2024년 9월)/참고.pdf,650618,https://www.bok.or.kr/portal/bbs/B0000156/view.do?nttId=10086948&depth=200067&depth2=200067&sort=1&pageUnit=100&searchCnd=1&pageIndex=1&programType=newsData&menuNo=200067&oldMenuNo=200067
01-통화신용정책보고서,통화신용정책보고서(2024년 9월),2024-09-12,정책협력팀,부록.pdf,https://www.bok.or.kr/fileSrc/portal/6ef1e290e0b14251b966779370853bc6/8/4104513598ae44c7a95694d25246d712.pdf,01-통화신용정책보고서/2024-09-12_통화신용정책보고서(2024년 9월)/부록.pdf,542692,https://www.bok.or.kr/portal/bbs/B0000156/view.do?nttId=10086948&depth=200067&depth2=200067&sort=1&pageUnit=100&searchCnd=1&pageIndex=1&programType=newsData&menuNo=200067&oldMenuNo=200067
01-통화신용정책보고서,통화신용정책보고서(2024년 9월),2024-09-12,정책협력팀,개요.pdf,https://www.bok.or.kr/fileSrc/portal/6ef1e290e0b14251b966779370853bc6/3/a730753130ff4442b2e5bb535a386506.pdf,01-통화신용정책보고서/2024-09-12_통화신용정책보고서(2024년 9월)/개요.pdf,236688,https://www.bok.or.kr/portal/bbs/B0000156/view.do?nttId=10086948&depth=200067&depth2=200067&sort=1&pageUnit=100&searchCnd=1&pageIndex=1&programType=newsData&menuNo=200067&oldMenuNo=200067
01-통화신용정책보고서,통화신용정책보고서(2024년 9월),2024-09-12,정책협력팀,1. 통화신용정책 운영 여건.pdf,https://www.bok.or.kr/fileSrc/portal/6ef1e290e0b14251b966779370853bc6/4/1929668c47354f98ab4bd6acfb38d5ca.pdf,01-통화신용정책보고서/2024-09-12_통화신용정책보고서(2024년 9월)/1. 통화신용정책 운영 여건.pdf,1429891,https://www.bok.or.kr/portal/bbs/B0000156/view.do?nttId=10086948&depth=200067&depth2=200067&sort=1&pageUnit=100&searchCnd=1&pageIndex=1&programType=newsData&menuNo=200067&oldMenuNo=200067
01-통화신용정책보고서,통화신용정책보고서(2024년 9월),2024-09-12,정책협력팀,2. 통화신용정책 운영 및 향후 방향.pdf,https://www.bok.or.kr/fileSrc/portal/6ef1e290e0b14251b966779370853bc6/5/8a65032d272b43a1969b9951febb0240.pdf,01-통화신용정책보고서/2024-09-12_통화신용정책보고서(2024년 9월)/2. 통화신용정책 운영 및 향후 방향.pdf,1247643,https://www.bok.or.kr/portal/bbs/B0000156/view.do?nttId=10086948&depth=200067&depth2=200067&sort=1&pageUnit=100&searchCnd=1&pageIndex=1&programType=newsData&menuNo=200067&oldMenuNo=200067
01-통화신용정책보고서,통화신용정책보고서(2024년 9월),2024-09-12,정책협력팀,3. 이슈 분석.pdf,https://www.bok.or.kr/fileSrc/portal/6ef1e290e0b14251b966779370853bc6/6/0759a8d0ac164ef58dd1c3e2433e3565.pdf,01-통화신용정책보고서/2024-09-12_통화신용정책보고서(2024년 9월)/3. 이슈 분석.pdf,917703,https://www.bok.or.kr/portal/bbs/B0000156/view.do?nttId=10086948&depth=200067&depth2=200067&sort=1&pageUnit=100&searchCnd=1&pageIndex=1&programType=newsData&menuNo=200067&oldMenuNo=200067
01-통화신용정책보고서,통화신용정책보고서(2024년 9월),2024-09-12,정책협력팀,참고.pdf,https://www.bok.or.kr/fileSrc/portal/6ef1e290e0b14251b966779370853bc6/7/fdb38cfea49a4208a961fd5c7a14b9b5.pdf,01-통화신용정책보고서/2024-09-12_통화신용정책보고서(2024년 9월)/참고.pdf,650618,https://www.bok.or.kr/portal/bbs/B0000156/view.do?nttId=10086948&depth=200067&depth2=200067&sort=1&pageUnit=100&searchCnd=1&pageIndex=1&programType=newsData&menuNo=200067&oldMenuNo=200067
01-통화신용정책보고서,통화신용정책보고서(2024년 9월),2024-09-12,정책협력팀,부록.pdf,https://www.bok.or.kr/fileSrc/portal/6ef1e290e0b14251b966779370853bc6/8/5c26acfa698644e8b2662892d802b5c0.pdf,01-통화신용정책보고서/2024-09-12_통화신용정책보고서(2024년 9월)/부록.pdf,542692,https://www.bok.or.kr/portal/bbs/B0000156/view.do?nttId=10086948&depth=200067&depth2=200067&sort=1&pageUnit=100&searchCnd=1&pageIndex=1&programType=newsData&menuNo=200067&oldMenuNo=200067
01-통화신용정책보고서,통화신용정책보고서(2024년 3월),2024-03-14,정책협력팀,통화신용정책보고서(2024년 3월).pdf,https://www.bok.or.kr/fileSrc/portal/b09d4544d53ca8b68a7b4b91c7e5d441/1/dbd2b5e3dcc64b0297f7741742060977.pdf,01-통화신용정책보고서/2024-03-14_통화신용정책보고서(2024년 3월)/통화신용정책보고서(2024년 3월).pdf,45220930,https://www.bok.or.kr/portal/bbs/B0000156/view.do?nttId=10082951&depth=200067&depth2=200067&sort=1&pageUnit=100&searchCnd=1&pageIndex=1&programType=newsData&menuNo=200067&oldMenuNo=200067
01-통화신용정책보고서,통화신용정책보고서(2024년 3월),2024-03-14,정책협력팀,그림 원본 데이터(2024년 3월).xlsx,https://www.bok.or.kr/fileSrc/portal/b09d4544d53ca8b68a7b4b91c7e5d441/2/459ffdeb96654edabc843b03f6185ee0.xlsx,01-통화신용정책보고서/2024-03-14_통화신용정책보고서(2024년 3월)/그림 원본 데이터(2024년 3월).xlsx,2269407,https://www.bok.or.kr/portal/bbs/B0000156/view.do?nttId=10082951&depth=200067&depth2=200067&sort=1&pageUnit=100&searchCnd=1&pageIndex=1&programType=newsData&menuNo=200067&oldMenuNo=200067
01-통화신용정책보고서,통화신용정책보고서(2024년 3월),2024-03-14,정책협력팀,개요.pdf,https://www.bok.or.kr/fileSrc/portal/b09d4544d53ca8b68a7b4b91c7e5d441/3/4bf32431a249462f8e8adaa463982efd.pdf,01-통화신용정책보고서/2024-03-14_통화신용정책보고서(2024년 3월)/개요.pdf,355589,https://www.bok.or.kr/portal/bbs/B0000156/view.do?nttId=10082951&depth=200067&depth2=200067&sort=1&pageUnit=100&searchCnd=1&pageIndex=1&programType=newsData&menuNo=200067&oldMenuNo=200067
01-통화신용정책보고서,통화신용정책보고서(2024년 3월),2024-03-14,정책협력팀,1. 통화신용정책 운영 여건.pdf,https://www.bok.or.kr/fileSrc/portal/b09d4544d53ca8b68a7b4b91c7e5d441/4/4e8254c084ad46b68e232300a02237fd.pdf,01-통화신용정책보고서/2024-03-14_통화신용정책보고서(2024년 3월)/1. 통화신용정책 운영 여건.pdf,1575755,https://www.bok.or.kr/portal/bbs/B0000156/view.do?nttId=10082951&depth=200067&depth2=200067&sort=1&pageUnit=100&searchCnd=1&pageIndex=1&programType=newsData&menuNo=200067&oldMenuNo=200067
01-통화신용정책보고서,통화신용정책보고서(2024년 3월),2024-03-14,정책협력팀,2. 통화신용정책 운영.pdf,https://www.bok.or.kr/fileSrc/portal/b09d4544d53ca8b68a7b4b91c7e5d441/5/35730233d034462f891db3f722d6956c.pdf,01-통화신용정책보고서/2024-03-14_통화신용정책보고서(2024년 3월)/2. 통화신용정책 운영.pdf,42628660,https://www.bok.or.kr/portal/bbs/B0000156/view.do?nttId=10082951&depth=200067&depth2=200067&sort=1&pageUnit=100&searchCnd=1&pageIndex=1&programType=newsData&menuNo=200067&oldMenuNo=200067
01-통화신용정책보고서,통화신용정책보고서(2024년 3월),2024-03-14,정책협력팀,3. 향후 통화신용정책 방향.pdf,https://www.bok.or.kr/fileSrc/portal/b09d4544d53ca8b68a7b4b91c7e5d441/6/77eccf56c7734e69832452759d126940.pdf,01-통화신용정책보고서/2024-03-14_통화신용정책보고서(2024년 3월)/3. 향후 통화신용정책 방향.pdf,915068,https://www.bok.or.kr/portal/bbs/B0000156/view.do?nttId=10082951&depth=200067&depth2=200067&sort=1&pageUnit=100&searchCnd=1&pageIndex=1&programType=newsData&menuNo=200067&oldMenuNo=200067
01-통화신용정책보고서,통화신용정책보고서(2024년 3월),2024-03-14,정책협력팀,부록.pdf,https://www.bok.or.kr/fileSrc/portal/b09d4544d53ca8b68a7b4b91c7e5d441/7/939e515d784c4adb84cd103e0083fb40.pdf,01-통화신용정책보고서/2024-03-14_통화신용정책보고서(2024년 3월)/부록.pdf,497759,https://www.bok.or.kr/portal/bbs/B0000156/view.do?nttId=10082951&depth=200067&depth2=200067&sort=1&pageUnit=100&searchCnd=1&pageIndex=1&programType=newsData&menuNo=200067&oldMenuNo=200067
01-통화신용정책보고서,통화신용정책보고서(2024년 3월),2024-03-14,정책협력팀,참고.pdf,https://www.bok.or.kr/fileSrc/portal/b09d4544d53ca8b68a7b4b91c7e5d441/8/7225d99b603e4c239581f59d729650cd.pdf,01-통화신용정책보고서/2024-03-14_통화신용정책보고서(2024년 3월)/참고.pdf,972370,https://www.bok.or.kr/portal/bbs/B0000156/view.do?nttId=10082951&depth=200067&depth2=200067&sort=1&pageUnit=100&searchCnd=1&pageIndex=1&programType=newsData&menuNo=200067&oldMenuNo=200067
01-통화신용정책보고서,통화신용정책보고서(2023년 12월),2023-12-14,정책협력팀,통화신용정책보고서(2023년 12월).pdf,https://www.bok.or.kr/fileSrc/portal/cca2e2d7bccb12335740e64bcbb9131b/1/202401310301048170.pdf,01-통화신용정책보고서/2023-12-14_통화신용정책보고서(2023년 12월)/통화신용정책보고서(2023년 12월).pdf,4652989,https://www.bok.or.kr/portal/bbs/B0000156/view.do?nttId=10081137&depth=200067&depth2=200067&sort=1&pageUnit=100&searchCnd=1&pageIndex=1&programType=newsData&menuNo=200067&oldMenuNo=200067
01-통화신용정책보고서,통화신용정책보고서(2023년 12월),2023-12-14,정책협력팀,그림 원본 데이터(2023년 12월).xlsx,https://www.bok.or.kr/fileSrc/portal/cca2e2d7bccb12335740e64bcbb9131b/2/202401310301048411.xlsx,01-통화신용정책보고서/2023-12-14_통화신용정책보고서(2023년 12월)/그림 원본 데이터(2023년 12월).xlsx,2450689,https://www.bok.or.kr/portal/bbs/B0000156/view.do?nttId=10081137&depth=200067&depth2=200067&sort=1&pageUnit=100&searchCnd=1&pageIndex=1&programType=newsData&menuNo=200067&oldMenuNo=200067
01-통화신용정책보고서,통화신용정책보고서(2023년 12월),2023-12-14,정책협력팀,개요.pdf,https://www.bok.or.kr/fileSrc/portal/cca2e2d7bccb12335740e64bcbb9131b/3/202401310301048502.pdf,01-통화신용정책보고서/2023-12-14_통화신용정책보고서(2023년 12월)/개요.pdf,350600,https://www.bok.or.kr/portal/bbs/B0000156/view.do?nttId=10081137&depth=200067&depth2=200067&sort=1&pageUnit=100&searchCnd=1&pageIndex=1&programType=newsData&menuNo=200067&oldMenuNo=200067
01-통화신용정책보고서,통화신용정책보고서(2023년 12월),2023-12-14,정책협력팀,1. 통화신용정책 운영 여건.pdf,https://www.bok.or.kr/fileSrc/portal/cca2e2d7bccb12335740e64bcbb9131b/4/202401310301048543.pdf,01-통화신용정책보고서/2023-12-14_통화신용정책보고서(2023년 12월)/1. 통화신용정책 운영 여건.pdf,1598460,https://www.bok.or.kr/portal/bbs/B0000156/view.do?nttId=10081137&depth=200067&depth2=200067&sort=1&pageUnit=100&searchCnd=1&pageIndex=1&programType=newsData&menuNo=200067&oldMenuNo=200067
01-통화신용정책보고서,통화신용정책보고서(2023년 12월),2023-12-14,정책협력팀,2. 통화신용정책 운영.pdf,https://www.bok.or.kr/fileSrc/portal/cca2e2d7bccb12335740e64bcbb9131b/5/202401310301048594.pdf,01-통화신용정책보고서/2023-12-14_통화신용정책보고서(2023년 12월)/2. 통화신용정책 운영.pdf,545493,https://www.bok.or.kr/portal/bbs/B0000156/view.do?nttId=10081137&depth=200067&depth2=200067&sort=1&pageUnit=100&searchCnd=1&pageIndex=1&programType=newsData&menuNo=200067&oldMenuNo=200067
01-통화신용정책보고서,통화신용정책보고서(2023년 12월),2023-12-14,정책협력팀,3. 향후 통화신용정책 방향.pdf,https://www.bok.or.kr/fileSrc/portal/cca2e2d7bccb12335740e64bcbb9131b/6/202401310301048635.pdf,01-통화신용정책보고서/2023-12-14_통화신용정책보고서(2023년 12월)/3. 향후 통화신용정책 방향.pdf,1114865,https://www.bok.or.kr/portal/bbs/B0000156/view.do?nttId=10081137&depth=200067&depth2=200067&sort=1&pageUnit=100&searchCnd=1&pageIndex=1&programType=newsData&menuNo=200067&oldMenuNo=200067
01-통화신용정책보고서,통화신용정책보고서(2023년 12월),2023-12-14,정책협력팀,부록.pdf,https://www.bok.or.kr/fileSrc/portal/cca2e2d7bccb12335740e64bcbb9131b/7/202401310301048746.pdf,01-통화신용정책보고서/2023-12-14_통화신용정책보고서(2023년 12월)/부록.pdf,2165754,https://www.bok.or.kr/portal/bbs/B0000156/view.do?nttId=10081137&depth=200067&depth2=200067&sort=1&pageUnit=100&searchCnd=1&pageIndex=1&programType=newsData&menuNo=200067&oldMenuNo=200067
01-통화신용정책보고서,통화신용정책보고서(2023년 12월),2023-12-14,정책협력팀,참고.pdf,https://www.bok.or.kr/fileSrc/portal/cca2e2d7bccb12335740e64bcbb9131b/8/202401310301048827.pdf,01-통화신용정책보고서/2023-12-14_통화신용정책보고서(2023년 12월)/참고.pdf,696220,https://www.bok.or.kr/portal/bbs/B0000156/view.do?nttId=10081137&depth=200067&depth2=200067&sort=1&pageUnit=100&searchCnd=1&pageIndex=1&programType=newsData&menuNo=200067&oldMenuNo=200067
02-금융안정보고서,금융안정보고서(2026년 6월),2026-06-24,안정분석팀,1. 개관 및 종합평가.pdf,https://www.bok.or.kr/portal/cmmn/file/fileDown.do?atchFileId=4ebd2f802a5e466fac39229d9a52856a&fileSn=1,02-금융안정보고서/2026-06-24_금융안정보고서(2026년 6월)/1. 개관 및 종합평가.pdf,1107820,https://www.bok.or.kr/portal/bbs/P0000593/view.do?nttId=11062197&depth=200068&depth2=200068&sort=1&pageUnit=100&searchCnd=1&pageIndex=1&programType=newsData&menuNo=200068&oldMenuNo=200068
02-금융안정보고서,금융안정보고서(2026년 6월),2026-06-24,안정분석팀,2. 금융안정상황.pdf,https://www.bok.or.kr/portal/cmmn/file/fileDown.do?atchFileId=08fc6e2fd52a40ffaf25d0877a39e42d&fileSn=2,02-금융안정보고서/2026-06-24_금융안정보고서(2026년 6월)/2. 금융안정상황.pdf,3702160,https://www.bok.or.kr/portal/bbs/P0000593/view.do?nttId=11062197&depth=200068&depth2=200068&sort=1&pageUnit=100&searchCnd=1&pageIndex=1&programType=newsData&menuNo=200068&oldMenuNo=200068
02-금융안정보고서,금융안정보고서(2026년 6월),2026-06-24,안정분석팀,참고1. 주택소유 유형별 가계의 재무건전성 평가.pdf,https://www.bok.or.kr/portal/cmmn/file/fileDown.do?atchFileId=08fc6e2fd52a40ffaf25d0877a39e42d&fileSn=3,02-금융안정보고서/2026-06-24_금융안정보고서(2026년 6월)/참고1. 주택소유 유형별 가계의 재무건전성 평가.pdf,560169,https://www.bok.or.kr/portal/bbs/P0000593/view.do?nttId=11062197&depth=200068&depth2=200068&sort=1&pageUnit=100&searchCnd=1&pageIndex=1&programType=newsData&menuNo=200068&oldMenuNo=200068
02-금융안정보고서,금융안정보고서(2026년 6월),2026-06-24,안정분석팀,참고2. 기업부문 리스크의 업종별 차별화 현황 및 시사점.pdf,https://www.bok.or.kr/portal/cmmn/file/fileDown.do?atchFileId=08fc6e2fd52a40ffaf25d0877a39e42d&fileSn=4,02-금융안정보고서/2026-06-24_금융안정보고서(2026년 6월)/참고2. 기업부문 리스크의 업종별 차별화 현황 및 시사점.pdf,379096,https://www.bok.or.kr/portal/bbs/P0000593/view.do?nttId=11062197&depth=200068&depth2=200068&sort=1&pageUnit=100&searchCnd=1&pageIndex=1&programType=newsData&menuNo=200068&oldMenuNo=200068
02-금융안정보고서,금융안정보고서(2026년 6월),2026-06-24,안정분석팀,참고3. 상업용부동산 시장 상황과 리스크 점검.pdf,https://www.bok.or.kr/portal/cmmn/file/fileDown.do?atchFileId=08fc6e2fd52a40ffaf25d0877a39e42d&fileSn=5,02-금융안정보고서/2026-06-24_금융안정보고서(2026년 6월)/참고3. 상업용부동산 시장 상황과 리스크 점검.pdf,383766,https://www.bok.or.kr/portal/bbs/P0000593/view.do?nttId=11062197&depth=200068&depth2=200068&sort=1&pageUnit=100&searchCnd=1&pageIndex=1&programType=newsData&menuNo=200068&oldMenuNo=200068
02-금융안정보고서,금융안정보고서(2026년 6월),2026-06-24,안정분석팀,참고4. 최근 가상자산시장 가격 변동의 특징.pdf,https://www.bok.or.kr/portal/cmmn/file/fileDown.do?atchFileId=08fc6e2fd52a40ffaf25d0877a39e42d&fileSn=6,02-금융안정보고서/2026-06-24_금융안정보고서(2026년 6월)/참고4. 최근 가상자산시장 가격 변동의 특징.pdf,564570,https://www.bok.or.kr/portal/bbs/P0000593/view.do?nttId=11062197&depth=200068&depth2=200068&sort=1&pageUnit=100&searchCnd=1&pageIndex=1&programType=newsData&menuNo=200068&oldMenuNo=200068
02-금융안정보고서,금융안정보고서(2026년 6월),2026-06-24,안정분석팀,참고5. 국내은행 부실여신의 증가 배경 및 정리 현황.pdf,https://www.bok.or.kr/portal/cmmn/file/fileDown.do?atchFileId=08fc6e2fd52a40ffaf25d0877a39e42d&fileSn=7,02-금융안정보고서/2026-06-24_금융안정보고서(2026년 6월)/참고5. 국내은행 부실여신의 증가 배경 및 정리 현황.pdf,408890,https://www.bok.or.kr/portal/bbs/P0000593/view.do?nttId=11062197&depth=200068&depth2=200068&sort=1&pageUnit=100&searchCnd=1&pageIndex=1&programType=newsData&menuNo=200068&oldMenuNo=200068
02-금융안정보고서,금융안정보고서(2026년 6월),2026-06-24,안정분석팀,참고6. 최근 외국인 국내 증권자금 흐름 점검.pdf,https://www.bok.or.kr/portal/cmmn/file/fileDown.do?atchFileId=08fc6e2fd52a40ffaf25d0877a39e42d&fileSn=8,02-금융안정보고서/2026-06-24_금융안정보고서(2026년 6월)/참고6. 최근 외국인 국내 증권자금 흐름 점검.pdf,383856,https://www.bok.or.kr/portal/bbs/P0000593/view.do?nttId=11062197&depth=200068&depth2=200068&sort=1&pageUnit=100&searchCnd=1&pageIndex=1&programType=newsData&menuNo=200068&oldMenuNo=200068
02-금융안정보고서,금융안정보고서(2026년 6월),2026-06-24,안정분석팀,참고7. ESG 공시 제도화 동향 및 금융안정에 대한 시사점.pdf,https://www.bok.or.kr/portal/cmmn/file/fileDown.do?atchFileId=08fc6e2fd52a40ffaf25d0877a39e42d&fileSn=9,02-금융안정보고서/2026-06-24_금융안정보고서(2026년 6월)/참고7. ESG 공시 제도화 동향 및 금융안정에 대한 시사점.pdf,315458,https://www.bok.or.kr/portal/bbs/P0000593/view.do?nttId=11062197&depth=200068&depth2=200068&sort=1&pageUnit=100&searchCnd=1&pageIndex=1&programType=newsData&menuNo=200068&oldMenuNo=200068
02-금융안정보고서,금융안정보고서(2026년 6월),2026-06-24,안정분석팀,3. 주요현안분석.pdf,https://www.bok.or.kr/portal/cmmn/file/fileDown.do?atchFileId=08fc6e2fd52a40ffaf25d0877a39e42d&fileSn=10,02-금융안정보고서/2026-06-24_금융안정보고서(2026년 6월)/3. 주요현안분석.pdf,1411203,https://www.bok.or.kr/portal/bbs/P0000593/view.do?nttId=11062197&depth=200068&depth2=200068&sort=1&pageUnit=100&searchCnd=1&pageIndex=1&programType=newsData&menuNo=200068&oldMenuNo=200068
02-금융안정보고서,금융안정보고서(2026년 6월),2026-06-24,안정분석팀,현안1. 시장금리 상승에 따른 금융시스템 안정성 평가.pdf,https://www.bok.or.kr/portal/cmmn/file/fileDown.do?atchFileId=08fc6e2fd52a40ffaf25d0877a39e42d&fileSn=11,02-금융안정보고서/2026-06-24_금융안정보고서(2026년 6월)/현안1. 시장금리 상승에 따른 금융시스템 안정성 평가.pdf,1031244,https://www.bok.or.kr/portal/bbs/P0000593/view.do?nttId=11062197&depth=200068&depth2=200068&sort=1&pageUnit=100&searchCnd=1&pageIndex=1&programType=newsData&menuNo=200068&oldMenuNo=200068
02-금융안정보고서,금융안정보고서(2026년 6월),2026-06-24,안정분석팀,현안2. 비은행 부문 잠재리스크 점검 및 시사점.pdf,https://www.bok.or.kr/portal/cmmn/file/fileDown.do?atchFileId=08fc6e2fd52a40ffaf25d0877a39e42d&fileSn=12,02-금융안정보고서/2026-06-24_금융안정보고서(2026년 6월)/현안2. 비은행 부문 잠재리스크 점검 및 시사점.pdf,765404,https://www.bok.or.kr/portal/bbs/P0000593/view.do?nttId=11062197&depth=200068&depth2=200068&sort=1&pageUnit=100&searchCnd=1&pageIndex=1&programType=newsData&menuNo=200068&oldMenuNo=200068
02-금융안정보고서,금융안정보고서(2026년 6월),2026-06-24,안정분석팀,4. 자영업 구조 변화에 따른 리스크 점검 및 대응방향.pdf,https://www.bok.or.kr/portal/cmmn/file/fileDown.do?atchFileId=08fc6e2fd52a40ffaf25d0877a39e42d&fileSn=13,02-금융안정보고서/2026-06-24_금융안정보고서(2026년 6월)/4. 자영업 구조 변화에 따른 리스크 점검 및 대응방향.pdf,865166,https://www.bok.or.kr/portal/bbs/P0000593/view.do?nttId=11062197&depth=200068&depth2=200068&sort=1&pageUnit=100&searchCnd=1&pageIndex=1&programType=newsData&menuNo=200068&oldMenuNo=200068
02-금융안정보고서,금융안정보고서(2026년 6월),2026-06-24,안정분석팀,5. 부록.pdf,https://www.bok.or.kr/portal/cmmn/file/fileDown.do?atchFileId=08fc6e2fd52a40ffaf25d0877a39e42d&fileSn=14,02-금융안정보고서/2026-06-24_금융안정보고서(2026년 6월)/5. 부록.pdf,467566,https://www.bok.or.kr/portal/bbs/P0000593/view.do?nttId=11062197&depth=200068&depth2=200068&sort=1&pageUnit=100&searchCnd=1&pageIndex=1&programType=newsData&menuNo=200068&oldMenuNo=200068
02-금융안정보고서,금융안정보고서(2026년 6월),2026-06-24,안정분석팀,금융안정보고서(2026년 6월).pdf,https://www.bok.or.kr/fileSrc/portal/c3e54b8b9f7f41d791cd79161e223009/1/f337f655a97543bb933572fb645698d5.pdf,02-금융안정보고서/2026-06-24_금융안정보고서(2026년 6월)/금융안정보고서(2026년 6월).pdf,8903401,https://www.bok.or.kr/portal/bbs/P0000593/view.do?nttId=11062197&depth=200068&depth2=200068&sort=1&pageUnit=100&searchCnd=1&pageIndex=1&programType=newsData&menuNo=200068&oldMenuNo=200068
02-금융안정보고서,금융안정보고서(2026년 6월),2026-06-24,안정분석팀,금융안정보고서(2026년 6월) 그림 데이터.xlsx,https://www.bok.or.kr/fileSrc/portal/c3e54b8b9f7f41d791cd79161e223009/2/d436e8749eb84c3bae3fe01f1dac3612.xlsx,02-금융안정보고서/2026-06-24_금융안정보고서(2026년 6월)/금융안정보고서(2026년 6월) 그림 데이터.xlsx,19404226,https://www.bok.or.kr/portal/bbs/P0000593/view.do?nttId=11062197&depth=200068&depth2=200068&sort=1&pageUnit=100&searchCnd=1&pageIndex=1&programType=newsData&menuNo=200068&oldMenuNo=200068
02-금융안정보고서,금융안정보고서(2026년 6월),2026-06-24,안정분석팀,FSR_Executive Summary (June 2026).pdf,https://www.bok.or.kr/fileSrc/portal/c3e54b8b9f7f41d791cd79161e223009/3/1a593913dcda4e4596e0bf2829efa314.pdf,02-금융안정보고서/2026-06-24_금융안정보고서(2026년 6월)/FSR_Executive Summary (June 2026).pdf,889149,https://www.bok.or.kr/portal/bbs/P0000593/view.do?nttId=11062197&depth=200068&depth2=200068&sort=1&pageUnit=100&searchCnd=1&pageIndex=1&programType=newsData&menuNo=200068&oldMenuNo=200068
02-금융안정보고서,금융안정보고서(2026년 6월),2026-06-24,안정분석팀,1. 개관 및 종합평가_2.pdf,https://www.bok.or.kr/fileSrc/portal/c3e54b8b9f7f41d791cd79161e223009/4/2b45f5d330f64a0abf2ff06416be5e94.pdf,02-금융안정보고서/2026-06-24_금융안정보고서(2026년 6월)/1. 개관 및 종합평가_2.pdf,1790057,https://www.bok.or.kr/portal/bbs/P0000593/view.do?nttId=11062197&depth=200068&depth2=200068&sort=1&pageUnit=100&searchCnd=1&pageIndex=1&programType=newsData&menuNo=200068&oldMenuNo=200068
02-금융안정보고서,금융안정보고서(2026년 6월),2026-06-24,안정분석팀,2. 금융안정상황_2.pdf,https://www.bok.or.kr/fileSrc/portal/c3e54b8b9f7f41d791cd79161e223009/5/a2badafc62354e7ab6191e31dec8b982.pdf,02-금융안정보고서/2026-06-24_금융안정보고서(2026년 6월)/2. 금융안정상황_2.pdf,5134546,https://www.bok.or.kr/portal/bbs/P0000593/view.do?nttId=11062197&depth=200068&depth2=200068&sort=1&pageUnit=100&searchCnd=1&pageIndex=1&programType=newsData&menuNo=200068&oldMenuNo=200068
02-금융안정보고서,금융안정보고서(2026년 6월),2026-06-24,안정분석팀,3. 주요현안분석_2.pdf,https://www.bok.or.kr/fileSrc/portal/c3e54b8b9f7f41d791cd79161e223009/6/1d8a4738b3c24280be96447d05cfd7eb.pdf,02-금융안정보고서/2026-06-24_금융안정보고서(2026년 6월)/3. 주요현안분석_2.pdf,2184462,https://www.bok.or.kr/portal/bbs/P0000593/view.do?nttId=11062197&depth=200068&depth2=200068&sort=1&pageUnit=100&searchCnd=1&pageIndex=1&programType=newsData&menuNo=200068&oldMenuNo=200068
02-금융안정보고서,금융안정보고서(2026년 6월),2026-06-24,안정분석팀,4. 자영업 구조 변화에 따른 리스크 점검 및 대응방향_2.pdf,https://www.bok.or.kr/fileSrc/portal/c3e54b8b9f7f41d791cd79161e223009/7/f87a9bb745954441ba726e9c9f2cc7b1.pdf,02-금융안정보고서/2026-06-24_금융안정보고서(2026년 6월)/4. 자영업 구조 변화에 따른 리스크 점검 및 대응방향_2.pdf,1527597,https://www.bok.or.kr/portal/bbs/P0000593/view.do?nttId=11062197&depth=200068&depth2=200068&sort=1&pageUnit=100&searchCnd=1&pageIndex=1&programType=newsData&menuNo=200068&oldMenuNo=200068
02-금융안정보고서,금융안정보고서(2026년 6월),2026-06-24,안정분석팀,5. 부록_2.pdf,https://www.bok.or.kr/fileSrc/portal/c3e54b8b9f7f41d791cd79161e223009/8/27329da0a9284adc9c827aa5cd9c58a1.pdf,02-금융안정보고서/2026-06-24_금융안정보고서(2026년 6월)/5. 부록_2.pdf,693420,https://www.bok.or.kr/portal/bbs/P0000593/view.do?nttId=11062197&depth=200068&depth2=200068&sort=1&pageUnit=100&searchCnd=1&pageIndex=1&programType=newsData&menuNo=200068&oldMenuNo=200068
02-금융안정보고서,금융안정보고서(2026년 6월),2026-06-24,안정분석팀,6. 용어해설.pdf,https://www.bok.or.kr/fileSrc/portal/c3e54b8b9f7f41d791cd79161e223009/9/9884e9b13b3d43409d2cafdb2a230819.pdf,02-금융안정보고서/2026-06-24_금융안정보고서(2026년 6월)/6. 용어해설.pdf,87961,https://www.bok.or.kr/portal/bbs/P0000593/view.do?nttId=11062197&depth=200068&depth2=200068&sort=1&pageUnit=100&searchCnd=1&pageIndex=1&programType=newsData&menuNo=200068&oldMenuNo=200068
02-금융안정보고서,금융안정보고서(2026년 6월),2026-06-24,안정분석팀,참고1. 주택소유 유형별 가계의 재무건전성 평가_2.pdf,https://www.bok.or.kr/fileSrc/portal/c3e54b8b9f7f41d791cd79161e223009/10/165b34eab47445dfa586efcdf3a4ce31.pdf,02-금융안정보고서/2026-06-24_금융안정보고서(2026년 6월)/참고1. 주택소유 유형별 가계의 재무건전성 평가_2.pdf,636716,https://www.bok.or.kr/portal/bbs/P0000593/view.do?nttId=11062197&depth=200068&depth2=200068&sort=1&pageUnit=100&searchCnd=1&pageIndex=1&programType=newsData&menuNo=200068&oldMenuNo=200068
02-금융안정보고서,금융안정보고서(2026년 6월),2026-06-24,안정분석팀,참고2. 기업부문 리스크의 업종별 차별화 현황 및 시사점_2.pdf,https://www.bok.or.kr/fileSrc/portal/c3e54b8b9f7f41d791cd79161e223009/11/f0d61c670f304b48a0b9689fc5a924e9.pdf,02-금융안정보고서/2026-06-24_금융안정보고서(2026년 6월)/참고2. 기업부문 리스크의 업종별 차별화 현황 및 시사점_2.pdf,554582,https://www.bok.or.kr/portal/bbs/P0000593/view.do?nttId=11062197&depth=200068&depth2=200068&sort=1&pageUnit=100&searchCnd=1&pageIndex=1&programType=newsData&menuNo=200068&oldMenuNo=200068
02-금융안정보고서,금융안정보고서(2026년 6월),2026-06-24,안정분석팀,참고3. 상업용부동산 시장 상황과 리스크 점검_2.pdf,https://www.bok.or.kr/fileSrc/portal/c3e54b8b9f7f41d791cd79161e223009/12/502f76de8d8c4d47af57f420a7bef662.pdf,02-금융안정보고서/2026-06-24_금융안정보고서(2026년 6월)/참고3. 상업용부동산 시장 상황과 리스크 점검_2.pdf,692018,https://www.bok.or.kr/portal/bbs/P0000593/view.do?nttId=11062197&depth=200068&depth2=200068&sort=1&pageUnit=100&searchCnd=1&pageIndex=1&programType=newsData&menuNo=200068&oldMenuNo=200068
02-금융안정보고서,금융안정보고서(2026년 6월),2026-06-24,안정분석팀,참고4. 최근 가상자산시장 가격 변동의 특징_2.pdf,https://www.bok.or.kr/fileSrc/portal/c3e54b8b9f7f41d791cd79161e223009/13/5564e74acd1c488fbbedd2f4d0e050d7.pdf,02-금융안정보고서/2026-06-24_금융안정보고서(2026년 6월)/참고4. 최근 가상자산시장 가격 변동의 특징_2.pdf,977844,https://www.bok.or.kr/portal/bbs/P0000593/view.do?nttId=11062197&depth=200068&depth2=200068&sort=1&pageUnit=100&searchCnd=1&pageIndex=1&programType=newsData&menuNo=200068&oldMenuNo=200068
02-금융안정보고서,금융안정보고서(2026년 6월),2026-06-24,안정분석팀,참고5. 국내은행 부실여신의 증가 배경 및 정리 현황_2.pdf,https://www.bok.or.kr/fileSrc/portal/c3e54b8b9f7f41d791cd79161e223009/14/3e13d9f0bb8747a5b45be8acf4aed2ac.pdf,02-금융안정보고서/2026-06-24_금융안정보고서(2026년 6월)/참고5. 국내은행 부실여신의 증가 배경 및 정리 현황_2.pdf,627069,https://www.bok.or.kr/portal/bbs/P0000593/view.do?nttId=11062197&depth=200068&depth2=200068&sort=1&pageUnit=100&searchCnd=1&pageIndex=1&programType=newsData&menuNo=200068&oldMenuNo=200068
02-금융안정보고서,금융안정보고서(2026년 6월),2026-06-24,안정분석팀,참고6. 최근 외국인 국내 증권자금 흐름 점검_2.pdf,https://www.bok.or.kr/fileSrc/portal/c3e54b8b9f7f41d791cd79161e223009/15/1f38c85be03a42b290b1cbf90666f1c6.pdf,02-금융안정보고서/2026-06-24_금융안정보고서(2026년 6월)/참고6. 최근 외국인 국내 증권자금 흐름 점검_2.pdf,809933,https://www.bok.or.kr/portal/bbs/P0000593/view.do?nttId=11062197&depth=200068&depth2=200068&sort=1&pageUnit=100&searchCnd=1&pageIndex=1&programType=newsData&menuNo=200068&oldMenuNo=200068
02-금융안정보고서,금융안정보고서(2026년 6월),2026-06-24,안정분석팀,참고7. ESG 공시 제도화 동향 및 금융안정에 대한 시사점_2.pdf,https://www.bok.or.kr/fileSrc/portal/c3e54b8b9f7f41d791cd79161e223009/16/19430cf87cf049cfb3a23a3bc49f49f4.pdf,02-금융안정보고서/2026-06-24_금융안정보고서(2026년 6월)/참고7. ESG 공시 제도화 동향 및 금융안정에 대한 시사점_2.pdf,513402,https://www.bok.or.kr/portal/bbs/P0000593/view.do?nttId=11062197&depth=200068&depth2=200068&sort=1&pageUnit=100&searchCnd=1&pageIndex=1&programType=newsData&menuNo=200068&oldMenuNo=200068
02-금융안정보고서,금융안정보고서(2026년 6월),2026-06-24,안정분석팀,현안1. 시장금리 상승에 따른 금융시스템 안정성 평가_2.pdf,https://www.bok.or.kr/fileSrc/portal/c3e54b8b9f7f41d791cd79161e223009/17/7626ac0ffea147ec98f1da65a2c43feb.pdf,02-금융안정보고서/2026-06-24_금융안정보고서(2026년 6월)/현안1. 시장금리 상승에 따른 금융시스템 안정성 평가_2.pdf,1584595,https://www.bok.or.kr/portal/bbs/P0000593/view.do?nttId=11062197&depth=200068&depth2=200068&sort=1&pageUnit=100&searchCnd=1&pageIndex=1&programType=newsData&menuNo=200068&oldMenuNo=200068
02-금융안정보고서,금융안정보고서(2026년 6월),2026-06-24,안정분석팀,현안2. 비은행 부문 잠재리스크 점검 및 시사점_2.pdf,https://www.bok.or.kr/fileSrc/portal/c3e54b8b9f7f41d791cd79161e223009/18/941633a3b4874350b279ed43aace3c7b.pdf,02-금융안정보고서/2026-06-24_금융안정보고서(2026년 6월)/현안2. 비은행 부문 잠재리스크 점검 및 시사점_2.pdf,1377327,https://www.bok.or.kr/portal/bbs/P0000593/view.do?nttId=11062197&depth=200068&depth2=200068&sort=1&pageUnit=100&searchCnd=1&pageIndex=1&programType=newsData&menuNo=200068&oldMenuNo=200068
02-금융안정보고서,금융안정보고서(2025년 12월),2025-12-23,안정분석팀,1. 개관 및 종합평가.pdf,https://www.bok.or.kr/portal/cmmn/file/fileDown.do?atchFileId=fd36088ae99c468fa07e47753d864311&fileSn=1,02-금융안정보고서/2025-12-23_금융안정보고서(2025년 12월)/1. 개관 및 종합평가.pdf,1159886,https://www.bok.or.kr/portal/bbs/P0000593/view.do?nttId=10095308&depth=200068&depth2=200068&sort=1&pageUnit=100&searchCnd=1&pageIndex=1&programType=newsData&menuNo=200068&oldMenuNo=200068
02-금융안정보고서,금융안정보고서(2025년 12월),2025-12-23,안정분석팀,참고1. 금융취약성지수(FVI) 개편 결과.pdf,https://www.bok.or.kr/portal/cmmn/file/fileDown.do?atchFileId=fd36088ae99c468fa07e47753d864311&fileSn=2,02-금융안정보고서/2025-12-23_금융안정보고서(2025년 12월)/참고1. 금융취약성지수(FVI) 개편 결과.pdf,399361,https://www.bok.or.kr/portal/bbs/P0000593/view.do?nttId=10095308&depth=200068&depth2=200068&sort=1&pageUnit=100&searchCnd=1&pageIndex=1&programType=newsData&menuNo=200068&oldMenuNo=200068
02-금융안정보고서,금융안정보고서(2025년 12월),2025-12-23,안정분석팀,2. 금융안정상황.pdf,https://www.bok.or.kr/portal/cmmn/file/fileDown.do?atchFileId=8f1240dcf91947009ccee9fb2cc7a0fb&fileSn=2,02-금융안정보고서/2025-12-23_금융안정보고서(2025년 12월)/2. 금융안정상황.pdf,3150903,https://www.bok.or.kr/portal/bbs/P0000593/view.do?nttId=10095308&depth=200068&depth2=200068&sort=1&pageUnit=100&searchCnd=1&pageIndex=1&programType=newsData&menuNo=200068&oldMenuNo=200068
02-금융안정보고서,금융안정보고서(2025년 12월),2025-12-23,안정분석팀,참고2. 최근 자영업자 대출 상황 및 연령별 특징.pdf,https://www.bok.or.kr/portal/cmmn/file/fileDown.do?atchFileId=fd36088ae99c468fa07e47753d864311&fileSn=4,02-금융안정보고서/2025-12-23_금융안정보고서(2025년 12월)/참고2. 최근 자영업자 대출 상황 및 연령별 특징.pdf,297461,https://www.bok.or.kr/portal/bbs/P0000593/view.do?nttId=10095308&depth=200068&depth2=200068&sort=1&pageUnit=100&searchCnd=1&pageIndex=1&programType=newsData&menuNo=200068&oldMenuNo=200068
02-금융안정보고서,금융안정보고서(2025년 12월),2025-12-23,안정분석팀,참고3. 미 관세정책이 기업 재무건전성에 미치는 영향.pdf,https://www.bok.or.kr/portal/cmmn/file/fileDown.do?atchFileId=fd36088ae99c468fa07e47753d864311&fileSn=5,02-금융안정보고서/2025-12-23_금융안정보고서(2025년 12월)/참고3. 미 관세정책이 기업 재무건전성에 미치는 영향.pdf,335714,https://www.bok.or.kr/portal/bbs/P0000593/view.do?nttId=10095308&depth=200068&depth2=200068&sort=1&pageUnit=100&searchCnd=1&pageIndex=1&programType=newsData&menuNo=200068&oldMenuNo=200068
02-금융안정보고서,금융안정보고서(2025년 12월),2025-12-23,안정분석팀,참고4. 가상자산시장 제도화의 영향 및 시사점.pdf,https://www.bok.or.kr/portal/cmmn/file/fileDown.do?atchFileId=fd36088ae99c468fa07e47753d864311&fileSn=6,02-금융안정보고서/2025-12-23_금융안정보고서(2025년 12월)/참고4. 가상자산시장 제도화의 영향 및 시사점.pdf,405853,https://www.bok.or.kr/portal/bbs/P0000593/view.do?nttId=10095308&depth=200068&depth2=200068&sort=1&pageUnit=100&searchCnd=1&pageIndex=1&programType=newsData&menuNo=200068&oldMenuNo=200068
02-금융안정보고서,금융안정보고서(2025년 12월),2025-12-23,안정분석팀,참고5. 은행권 자본비율 관리 여건의 변화 및 평가.pdf,https://www.bok.or.kr/portal/cmmn/file/fileDown.do?atchFileId=fd36088ae99c468fa07e47753d864311&fileSn=7,02-금융안정보고서/2025-12-23_금융안정보고서(2025년 12월)/참고5. 은행권 자본비율 관리 여건의 변화 및 평가.pdf,289312,https://www.bok.or.kr/portal/bbs/P0000593/view.do?nttId=10095308&depth=200068&depth2=200068&sort=1&pageUnit=100&searchCnd=1&pageIndex=1&programType=newsData&menuNo=200068&oldMenuNo=200068
02-금융안정보고서,금융안정보고서(2025년 12월),2025-12-23,안정분석팀,참고6. 비은행예금취급기관의 자금 조달 및 운용 상황 점검.pdf,https://www.bok.or.kr/portal/cmmn/file/fileDown.do?atchFileId=fd36088ae99c468fa07e47753d864311&fileSn=8,02-금융안정보고서/2025-12-23_금융안정보고서(2025년 12월)/참고6. 비은행예금취급기관의 자금 조달 및 운용 상황 점검.pdf,300631,https://www.bok.or.kr/portal/bbs/P0000593/view.do?nttId=10095308&depth=200068&depth2=200068&sort=1&pageUnit=100&searchCnd=1&pageIndex=1&programType=newsData&menuNo=200068&oldMenuNo=200068
02-금융안정보고서,금융안정보고서(2025년 12월),2025-12-23,안정분석팀,참고7. 개인투자자의 국내외 주식 투자 간 관계 분석.pdf,https://www.bok.or.kr/portal/cmmn/file/fileDown.do?atchFileId=fd36088ae99c468fa07e47753d864311&fileSn=9,02-금융안정보고서/2025-12-23_금융안정보고서(2025년 12월)/참고7. 개인투자자의 국내외 주식 투자 간 관계 분석.pdf,329322,https://www.bok.or.kr/portal/bbs/P0000593/view.do?nttId=10095308&depth=200068&depth2=200068&sort=1&pageUnit=100&searchCnd=1&pageIndex=1&programType=newsData&menuNo=200068&oldMenuNo=200068
02-금융안정보고서,금융안정보고서(2025년 12월),2025-12-23,안정분석팀,3. 주요 현안 분석.pdf,https://www.bok.or.kr/portal/cmmn/file/fileDown.do?atchFileId=fd36088ae99c468fa07e47753d864311&fileSn=10,02-금융안정보고서/2025-12-23_금융안정보고서(2025년 12월)/3. 주요 현안 분석.pdf,945737,https://www.bok.or.kr/portal/bbs/P0000593/view.do?nttId=10095308&depth=200068&depth2=200068&sort=1&pageUnit=100&searchCnd=1&pageIndex=1&programType=newsData&menuNo=200068&oldMenuNo=200068
02-금융안정보고서,금융안정보고서(2025년 12월),2025-12-23,안정분석팀,현안1. 최근 주택시장의 특징 및 금융시스템에 미치는 영향.pdf,https://www.bok.or.kr/portal/cmmn/file/fileDown.do?atchFileId=fd36088ae99c468fa07e47753d864311&fileSn=11,02-금융안정보고서/2025-12-23_금융안정보고서(2025년 12월)/현안1. 최근 주택시장의 특징 및 금융시스템에 미치는 영향.pdf,769223,https://www.bok.or.kr/portal/bbs/P0000593/view.do?nttId=10095308&depth=200068&depth2=200068&sort=1&pageUnit=100&searchCnd=1&pageIndex=1&programType=newsData&menuNo=200068&oldMenuNo=200068
02-금융안정보고서,금융안정보고서(2025년 12월),2025-12-23,안정분석팀,현안2. 금융부문의 수익추구 동향 및 평가.pdf,https://www.bok.or.kr/portal/cmmn/file/fileDown.do?atchFileId=fd36088ae99c468fa07e47753d864311&fileSn=12,02-금융안정보고서/2025-12-23_금융안정보고서(2025년 12월)/현안2. 금융부문의 수익추구 동향 및 평가.pdf,771944,https://www.bok.or.kr/portal/bbs/P0000593/view.do?nttId=10095308&depth=200068&depth2=200068&sort=1&pageUnit=100&searchCnd=1&pageIndex=1&programType=newsData&menuNo=200068&oldMenuNo=200068
02-금융안정보고서,금융안정보고서(2025년 12월),2025-12-23,안정분석팀,4. 가계부채 디레버리징 추진 경과 및 향후 과제.pdf,https://www.bok.or.kr/portal/cmmn/file/fileDown.do?atchFileId=ddc3a623132542f0878db2df1cdebaee&fileSn=1,02-금융안정보고서/2025-12-23_금융안정보고서(2025년 12월)/4. 가계부채 디레버리징 추진 경과 및 향후 과제.pdf,1235293,https://www.bok.or.kr/portal/bbs/P0000593/view.do?nttId=10095308&depth=200068&depth2=200068&sort=1&pageUnit=100&searchCnd=1&pageIndex=1&programType=newsData&menuNo=200068&oldMenuNo=200068
02-금융안정보고서,금융안정보고서(2025년 12월),2025-12-23,안정분석팀,5. 부록.pdf,https://www.bok.or.kr/portal/cmmn/file/fileDown.do?atchFileId=fd36088ae99c468fa07e47753d864311&fileSn=14,02-금융안정보고서/2025-12-23_금융안정보고서(2025년 12월)/5. 부록.pdf,238864,https://www.bok.or.kr/portal/bbs/P0000593/view.do?nttId=10095308&depth=200068&depth2=200068&sort=1&pageUnit=100&searchCnd=1&pageIndex=1&programType=newsData&menuNo=200068&oldMenuNo=200068
02-금융안정보고서,금융안정보고서(2025년 12월),2025-12-23,안정분석팀,금융안정보고서(2025년 12월).pdf,https://www.bok.or.kr/fileSrc/portal/4f1a9e7acede40168fde41d1e555d2f4/1/05eb1cce55c94e1299ef42f1b46ac153.pdf,02-금융안정보고서/2025-12-23_금융안정보고서(2025년 12월)/금융안정보고서(2025년 12월).pdf,5258512,https://www.bok.or.kr/portal/bbs/P0000593/view.do?nttId=10095308&depth=200068&depth2=200068&sort=1&pageUnit=100&searchCnd=1&pageIndex=1&programType=newsData&menuNo=200068&oldMenuNo=200068
02-금융안정보고서,금융안정보고서(2025년 12월),2025-12-23,안정분석팀,금융안정보고서(2025년 12월) 그림 데이터.xlsx,https://www.bok.or.kr/fileSrc/portal/4f1a9e7acede40168fde41d1e555d2f4/2/42922740f5ef49fcbf9abc0a84b12799.xlsx,02-금융안정보고서/2025-12-23_금융안정보고서(2025년 12월)/금융안정보고서(2025년 12월) 그림 데이터.xlsx,1516177,https://www.bok.or.kr/portal/bbs/P0000593/view.do?nttId=10095308&depth=200068&depth2=200068&sort=1&pageUnit=100&searchCnd=1&pageIndex=1&programType=newsData&menuNo=200068&oldMenuNo=200068
02-금융안정보고서,금융안정보고서(2025년 12월),2025-12-23,안정분석팀,FSR_Executive Summary (December 2025).pdf,https://www.bok.or.kr/fileSrc/portal/4f1a9e7acede40168fde41d1e555d2f4/3/ed0f617cfebb48138f06217021e44182.pdf,02-금융안정보고서/2025-12-23_금융안정보고서(2025년 12월)/FSR_Executive Summary (December 2025).pdf,534715,https://www.bok.or.kr/portal/bbs/P0000593/view.do?nttId=10095308&depth=200068&depth2=200068&sort=1&pageUnit=100&searchCnd=1&pageIndex=1&programType=newsData&menuNo=200068&oldMenuNo=200068
02-금융안정보고서,금융안정보고서(2025년 12월),2025-12-23,안정분석팀,1. 개관 및 종합평가.pdf,https://www.bok.or.kr/fileSrc/portal/4f1a9e7acede40168fde41d1e555d2f4/4/88461ddc222d439e9d1a7efa201cd0d4.pdf,02-금융안정보고서/2025-12-23_금융안정보고서(2025년 12월)/1. 개관 및 종합평가.pdf,1159886,https://www.bok.or.kr/portal/bbs/P0000593/view.do?nttId=10095308&depth=200068&depth2=200068&sort=1&pageUnit=100&searchCnd=1&pageIndex=1&programType=newsData&menuNo=200068&oldMenuNo=200068
02-금융안정보고서,금융안정보고서(2025년 12월),2025-12-23,안정분석팀,2. 금융안정상황.pdf,https://www.bok.or.kr/fileSrc/portal/4f1a9e7acede40168fde41d1e555d2f4/5/d9b3fe9fbcec4bee83171092b6da2654.pdf,02-금융안정보고서/2025-12-23_금융안정보고서(2025년 12월)/2. 금융안정상황.pdf,3150903,https://www.bok.or.kr/portal/bbs/P0000593/view.do?nttId=10095308&depth=200068&depth2=200068&sort=1&pageUnit=100&searchCnd=1&pageIndex=1&programType=newsData&menuNo=200068&oldMenuNo=200068
02-금융안정보고서,금융안정보고서(2025년 12월),2025-12-23,안정분석팀,3. 주요 현안 분석.pdf,https://www.bok.or.kr/fileSrc/portal/4f1a9e7acede40168fde41d1e555d2f4/6/9313b496e8c3406492a3b561cd46b256.pdf,02-금융안정보고서/2025-12-23_금융안정보고서(2025년 12월)/3. 주요 현안 분석.pdf,945737,https://www.bok.or.kr/portal/bbs/P0000593/view.do?nttId=10095308&depth=200068&depth2=200068&sort=1&pageUnit=100&searchCnd=1&pageIndex=1&programType=newsData&menuNo=200068&oldMenuNo=200068
02-금융안정보고서,금융안정보고서(2025년 12월),2025-12-23,안정분석팀,4. 가계부채 디레버리징 추진 경과 및 향후 과제.pdf,https://www.bok.or.kr/fileSrc/portal/4f1a9e7acede40168fde41d1e555d2f4/7/08b5306eb73e4ee1b2f1085d8b592277.pdf,02-금융안정보고서/2025-12-23_금융안정보고서(2025년 12월)/4. 가계부채 디레버리징 추진 경과 및 향후 과제.pdf,1235293,https://www.bok.or.kr/portal/bbs/P0000593/view.do?nttId=10095308&depth=200068&depth2=200068&sort=1&pageUnit=100&searchCnd=1&pageIndex=1&programType=newsData&menuNo=200068&oldMenuNo=200068
02-금융안정보고서,금융안정보고서(2025년 12월),2025-12-23,안정분석팀,5. 부록.pdf,https://www.bok.or.kr/fileSrc/portal/4f1a9e7acede40168fde41d1e555d2f4/8/c8eb9a44f3d44f3f9dd6f36122d78895.pdf,02-금융안정보고서/2025-12-23_금융안정보고서(2025년 12월)/5. 부록.pdf,238864,https://www.bok.or.kr/portal/bbs/P0000593/view.do?nttId=10095308&depth=200068&depth2=200068&sort=1&pageUnit=100&searchCnd=1&pageIndex=1&programType=newsData&menuNo=200068&oldMenuNo=200068
02-금융안정보고서,금융안정보고서(2025년 12월),2025-12-23,안정분석팀,6. 용어해설.pdf,https://www.bok.or.kr/fileSrc/portal/4f1a9e7acede40168fde41d1e555d2f4/9/4a1b85256ae84858ac92c42b0af6033c.pdf,02-금융안정보고서/2025-12-23_금융안정보고서(2025년 12월)/6. 용어해설.pdf,83144,https://www.bok.or.kr/portal/bbs/P0000593/view.do?nttId=10095308&depth=200068&depth2=200068&sort=1&pageUnit=100&searchCnd=1&pageIndex=1&programType=newsData&menuNo=200068&oldMenuNo=200068
02-금융안정보고서,금융안정보고서(2025년 12월),2025-12-23,안정분석팀,참고1. 금융취약성지수(FVI) 개편 결과.pdf,https://www.bok.or.kr/fileSrc/portal/4f1a9e7acede40168fde41d1e555d2f4/10/254163b2f0a54cf998d9c92f8e4ae387.pdf,02-금융안정보고서/2025-12-23_금융안정보고서(2025년 12월)/참고1. 금융취약성지수(FVI) 개편 결과.pdf,399361,https://www.bok.or.kr/portal/bbs/P0000593/view.do?nttId=10095308&depth=200068&depth2=200068&sort=1&pageUnit=100&searchCnd=1&pageIndex=1&programType=newsData&menuNo=200068&oldMenuNo=200068
02-금융안정보고서,금융안정보고서(2025년 12월),2025-12-23,안정분석팀,참고2. 최근 자영업자 대출 상황 및 연령별 특징.pdf,https://www.bok.or.kr/fileSrc/portal/4f1a9e7acede40168fde41d1e555d2f4/11/59d4ae952814411bb8d639b7dbd71b8d.pdf,02-금융안정보고서/2025-12-23_금융안정보고서(2025년 12월)/참고2. 최근 자영업자 대출 상황 및 연령별 특징.pdf,297461,https://www.bok.or.kr/portal/bbs/P0000593/view.do?nttId=10095308&depth=200068&depth2=200068&sort=1&pageUnit=100&searchCnd=1&pageIndex=1&programType=newsData&menuNo=200068&oldMenuNo=200068
02-금융안정보고서,금융안정보고서(2025년 12월),2025-12-23,안정분석팀,참고3. 미 관세정책이 기업 재무건전성에 미치는 영향.pdf,https://www.bok.or.kr/fileSrc/portal/4f1a9e7acede40168fde41d1e555d2f4/12/a6df4cda7121471fa79c7800893fb1fc.pdf,02-금융안정보고서/2025-12-23_금융안정보고서(2025년 12월)/참고3. 미 관세정책이 기업 재무건전성에 미치는 영향.pdf,335714,https://www.bok.or.kr/portal/bbs/P0000593/view.do?nttId=10095308&depth=200068&depth2=200068&sort=1&pageUnit=100&searchCnd=1&pageIndex=1&programType=newsData&menuNo=200068&oldMenuNo=200068
02-금융안정보고서,금융안정보고서(2025년 12월),2025-12-23,안정분석팀,참고4. 가상자산시장 제도화의 영향 및 시사점.pdf,https://www.bok.or.kr/fileSrc/portal/4f1a9e7acede40168fde41d1e555d2f4/13/9c7718352b2749ba8f4cc4f9a6834952.pdf,02-금융안정보고서/2025-12-23_금융안정보고서(2025년 12월)/참고4. 가상자산시장 제도화의 영향 및 시사점.pdf,405853,https://www.bok.or.kr/portal/bbs/P0000593/view.do?nttId=10095308&depth=200068&depth2=200068&sort=1&pageUnit=100&searchCnd=1&pageIndex=1&programType=newsData&menuNo=200068&oldMenuNo=200068
02-금융안정보고서,금융안정보고서(2025년 12월),2025-12-23,안정분석팀,참고5. 은행권 자본비율 관리 여건의 변화 및 평가.pdf,https://www.bok.or.kr/fileSrc/portal/4f1a9e7acede40168fde41d1e555d2f4/14/fa3a3684e73a4a9eb6eb57591422bebf.pdf,02-금융안정보고서/2025-12-23_금융안정보고서(2025년 12월)/참고5. 은행권 자본비율 관리 여건의 변화 및 평가.pdf,289312,https://www.bok.or.kr/portal/bbs/P0000593/view.do?nttId=10095308&depth=200068&depth2=200068&sort=1&pageUnit=100&searchCnd=1&pageIndex=1&programType=newsData&menuNo=200068&oldMenuNo=200068
02-금융안정보고서,금융안정보고서(2025년 12월),2025-12-23,안정분석팀,참고6. 비은행예금취급기관의 자금 조달 및 운용 상황 점검.pdf,https://www.bok.or.kr/fileSrc/portal/4f1a9e7acede40168fde41d1e555d2f4/15/3c609a93c89e44cc85afd9ceebf4a92f.pdf,02-금융안정보고서/2025-12-23_금융안정보고서(2025년 12월)/참고6. 비은행예금취급기관의 자금 조달 및 운용 상황 점검.pdf,300631,https://www.bok.or.kr/portal/bbs/P0000593/view.do?nttId=10095308&depth=200068&depth2=200068&sort=1&pageUnit=100&searchCnd=1&pageIndex=1&programType=newsData&menuNo=200068&oldMenuNo=200068
02-금융안정보고서,금융안정보고서(2025년 12월),2025-12-23,안정분석팀,참고7. 개인투자자의 국내외 주식 투자 간 관계 분석.pdf,https://www.bok.or.kr/fileSrc/portal/4f1a9e7acede40168fde41d1e555d2f4/16/603045719b53407c8c42e4ba2e5b1fcc.pdf,02-금융안정보고서/2025-12-23_금융안정보고서(2025년 12월)/참고7. 개인투자자의 국내외 주식 투자 간 관계 분석.pdf,329322,https://www.bok.or.kr/portal/bbs/P0000593/view.do?nttId=10095308&depth=200068&depth2=200068&sort=1&pageUnit=100&searchCnd=1&pageIndex=1&programType=newsData&menuNo=200068&oldMenuNo=200068
02-금융안정보고서,금융안정보고서(2025년 12월),2025-12-23,안정분석팀,현안1. 최근 주택시장의 특징 및 금융시스템에 미치는 영향.pdf,https://www.bok.or.kr/fileSrc/portal/4f1a9e7acede40168fde41d1e555d2f4/17/c219bebf67ee4bbc953056804e0b8767.pdf,02-금융안정보고서/2025-12-23_금융안정보고서(2025년 12월)/현안1. 최근 주택시장의 특징 및 금융시스템에 미치는 영향.pdf,769223,https://www.bok.or.kr/portal/bbs/P0000593/view.do?nttId=10095308&depth=200068&depth2=200068&sort=1&pageUnit=100&searchCnd=1&pageIndex=1&programType=newsData&menuNo=200068&oldMenuNo=200068
02-금융안정보고서,금융안정보고서(2025년 12월),2025-12-23,안정분석팀,현안2. 금융부문의 수익추구 동향 및 평가.pdf,https://www.bok.or.kr/fileSrc/portal/4f1a9e7acede40168fde41d1e555d2f4/18/0cd190b963284ad4841ac8d88de34df8.pdf,02-금융안정보고서/2025-12-23_금융안정보고서(2025년 12월)/현안2. 금융부문의 수익추구 동향 및 평가.pdf,771944,https://www.bok.or.kr/portal/bbs/P0000593/view.do?nttId=10095308&depth=200068&depth2=200068&sort=1&pageUnit=100&searchCnd=1&pageIndex=1&programType=newsData&menuNo=200068&oldMenuNo=200068
02-금융안정보고서,금융안정보고서(2025년 6월),2025-06-25,안정분석팀,1. 개관 및 종합평가.pdf,https://www.bok.or.kr/portal/cmmn/file/fileDown.do?atchFileId=4775a12bdab84a7798f01146e6c66d46&fileSn=1,02-금융안정보고서/2025-06-25_금융안정보고서(2025년 6월)/1. 개관 및 종합평가.pdf,962272,https://www.bok.or.kr/portal/bbs/P0000593/view.do?nttId=10092099&depth=200068&depth2=200068&sort=1&pageUnit=100&searchCnd=1&pageIndex=1&programType=newsData&menuNo=200068&oldMenuNo=200068
02-금융안정보고서,금융안정보고서(2025년 6월),2025-06-25,안정분석팀,2. 금융안정 상황.pdf,https://www.bok.or.kr/portal/cmmn/file/fileDown.do?atchFileId=4775a12bdab84a7798f01146e6c66d46&fileSn=2,02-금융안정보고서/2025-06-25_금융안정보고서(2025년 6월)/2. 금융안정 상황.pdf,4403625,https://www.bok.or.kr/portal/bbs/P0000593/view.do?nttId=10092099&depth=200068&depth2=200068&sort=1&pageUnit=100&searchCnd=1&pageIndex=1&programType=newsData&menuNo=200068&oldMenuNo=200068
02-금융안정보고서,금융안정보고서(2025년 6월),2025-06-25,안정분석팀,참고1. 최근 자영업자의 채무상환능력 평가 및 시사점.pdf,https://www.bok.or.kr/portal/cmmn/file/fileDown.do?atchFileId=df8a0073a7fa469ea955e6caf51f229f&fileSn=1,02-금융안정보고서/2025-06-25_금융안정보고서(2025년 6월)/참고1. 최근 자영업자의 채무상환능력 평가 및 시사점.pdf,366244,https://www.bok.or.kr/portal/bbs/P0000593/view.do?nttId=10092099&depth=200068&depth2=200068&sort=1&pageUnit=100&searchCnd=1&pageIndex=1&programType=newsData&menuNo=200068&oldMenuNo=200068
02-금융안정보고서,금융안정보고서(2025년 6월),2025-06-25,안정분석팀,참고2. 최근 주택시장의 특징 및 시사점.pdf,https://www.bok.or.kr/portal/cmmn/file/fileDown.do?atchFileId=df8a0073a7fa469ea955e6caf51f229f&fileSn=2,02-금융안정보고서/2025-06-25_금융안정보고서(2025년 6월)/참고2. 최근 주택시장의 특징 및 시사점.pdf,1049470,https://www.bok.or.kr/portal/bbs/P0000593/view.do?nttId=10092099&depth=200068&depth2=200068&sort=1&pageUnit=100&searchCnd=1&pageIndex=1&programType=newsData&menuNo=200068&oldMenuNo=200068
02-금융안정보고서,금융안정보고서(2025년 6월),2025-06-25,안정분석팀,참고3. 스테이블코인 동향 및 금융안정 관련 잠재리스크.pdf,https://www.bok.or.kr/portal/cmmn/file/fileDown.do?atchFileId=df8a0073a7fa469ea955e6caf51f229f&fileSn=3,02-금융안정보고서/2025-06-25_금융안정보고서(2025년 6월)/참고3. 스테이블코인 동향 및 금융안정 관련 잠재리스크.pdf,614720,https://www.bok.or.kr/portal/bbs/P0000593/view.do?nttId=10092099&depth=200068&depth2=200068&sort=1&pageUnit=100&searchCnd=1&pageIndex=1&programType=newsData&menuNo=200068&oldMenuNo=200068
02-금융안정보고서,금융안정보고서(2025년 6월),2025-06-25,안정분석팀,참고4. 대출행태 서베이를 통해 본 국내은행의 대출 현황 및 시사점.pdf,https://www.bok.or.kr/portal/cmmn/file/fileDown.do?atchFileId=df8a0073a7fa469ea955e6caf51f229f&fileSn=4,02-금융안정보고서/2025-06-25_금융안정보고서(2025년 6월)/참고4. 대출행태 서베이를 통해 본 국내은행의 대출 현황 및 시사점.pdf,385592,https://www.bok.or.kr/portal/bbs/P0000593/view.do?nttId=10092099&depth=200068&depth2=200068&sort=1&pageUnit=100&searchCnd=1&pageIndex=1&programType=newsData&menuNo=200068&oldMenuNo=200068
02-금융안정보고서,금융안정보고서(2025년 6월),2025-06-25,안정분석팀,참고5. 최근 비은행예금취급기관 연체율 개선 지연의 주요 요인.pdf,https://www.bok.or.kr/portal/cmmn/file/fileDown.do?atchFileId=df8a0073a7fa469ea955e6caf51f229f&fileSn=5,02-금융안정보고서/2025-06-25_금융안정보고서(2025년 6월)/참고5. 최근 비은행예금취급기관 연체율 개선 지연의 주요 요인.pdf,378316,https://www.bok.or.kr/portal/bbs/P0000593/view.do?nttId=10092099&depth=200068&depth2=200068&sort=1&pageUnit=100&searchCnd=1&pageIndex=1&programType=newsData&menuNo=200068&oldMenuNo=200068
02-금융안정보고서,금융안정보고서(2025년 6월),2025-06-25,안정분석팀,참고6. 최근 보험회사의 자본성증권 발행 현황 및 잠재리스크.pdf,https://www.bok.or.kr/portal/cmmn/file/fileDown.do?atchFileId=d038f322140c4484840456e26693f7f2&fileSn=1,02-금융안정보고서/2025-06-25_금융안정보고서(2025년 6월)/참고6. 최근 보험회사의 자본성증권 발행 현황 및 잠재리스크.pdf,347243,https://www.bok.or.kr/portal/bbs/P0000593/view.do?nttId=10092099&depth=200068&depth2=200068&sort=1&pageUnit=100&searchCnd=1&pageIndex=1&programType=newsData&menuNo=200068&oldMenuNo=200068
02-금융안정보고서,금융안정보고서(2025년 6월),2025-06-25,안정분석팀,참고7. 경기침체기 전후 글로벌 자금흐름과 해외증권투자 시사점.pdf,https://www.bok.or.kr/portal/cmmn/file/fileDown.do?atchFileId=d038f322140c4484840456e26693f7f2&fileSn=2,02-금융안정보고서/2025-06-25_금융안정보고서(2025년 6월)/참고7. 경기침체기 전후 글로벌 자금흐름과 해외증권투자 시사점.pdf,453981,https://www.bok.or.kr/portal/bbs/P0000593/view.do?nttId=10092099&depth=200068&depth2=200068&sort=1&pageUnit=100&searchCnd=1&pageIndex=1&programType=newsData&menuNo=200068&oldMenuNo=200068
02-금융안정보고서,금융안정보고서(2025년 6월),2025-06-25,안정분석팀,참고8. 사이버 리스크가 금융안정에 미치는 영향 및 주요국 대응방향.pdf,https://www.bok.or.kr/portal/cmmn/file/fileDown.do?atchFileId=d038f322140c4484840456e26693f7f2&fileSn=3,02-금융안정보고서/2025-06-25_금융안정보고서(2025년 6월)/참고8. 사이버 리스크가 금융안정에 미치는 영향 및 주요국 대응방향.pdf,368885,https://www.bok.or.kr/portal/bbs/P0000593/view.do?nttId=10092099&depth=200068&depth2=200068&sort=1&pageUnit=100&searchCnd=1&pageIndex=1&programType=newsData&menuNo=200068&oldMenuNo=200068
02-금융안정보고서,금융안정보고서(2025년 6월),2025-06-25,안정분석팀,3. 주요 현안 분석.pdf,https://www.bok.or.kr/portal/cmmn/file/fileDown.do?atchFileId=4775a12bdab84a7798f01146e6c66d46&fileSn=3,02-금융안정보고서/2025-06-25_금융안정보고서(2025년 6월)/3. 주요 현안 분석.pdf,1847492,https://www.bok.or.kr/portal/bbs/P0000593/view.do?nttId=10092099&depth=200068&depth2=200068&sort=1&pageUnit=100&searchCnd=1&pageIndex=1&programType=newsData&menuNo=200068&oldMenuNo=200068
02-금융안정보고서,금융안정보고서(2025년 6월),2025-06-25,안정분석팀,현안1. 대내외 불확실성 요인이 기업 신용리스크에 미치는 영향.pdf,https://www.bok.or.kr/portal/cmmn/file/fileDown.do?atchFileId=d038f322140c4484840456e26693f7f2&fileSn=4,02-금융안정보고서/2025-06-25_금융안정보고서(2025년 6월)/현안1. 대내외 불확실성 요인이 기업 신용리스크에 미치는 영향.pdf,1611682,https://www.bok.or.kr/portal/bbs/P0000593/view.do?nttId=10092099&depth=200068&depth2=200068&sort=1&pageUnit=100&searchCnd=1&pageIndex=1&programType=newsData&menuNo=200068&oldMenuNo=200068
02-금융안정보고서,금융안정보고서(2025년 6월),2025-06-25,안정분석팀,현안2. 비은행금융기관의 유형별 리스크 점검 및 시사점.pdf,https://www.bok.or.kr/portal/cmmn/file/fileDown.do?atchFileId=d038f322140c4484840456e26693f7f2&fileSn=5,02-금융안정보고서/2025-06-25_금융안정보고서(2025년 6월)/현안2. 비은행금융기관의 유형별 리스크 점검 및 시사점.pdf,856882,https://www.bok.or.kr/portal/bbs/P0000593/view.do?nttId=10092099&depth=200068&depth2=200068&sort=1&pageUnit=100&searchCnd=1&pageIndex=1&programType=newsData&menuNo=200068&oldMenuNo=200068
02-금융안정보고서,금융안정보고서(2025년 6월),2025-06-25,안정분석팀,4. 우리나라 주택 정책금융 현황과 평가.pdf,https://www.bok.or.kr/portal/cmmn/file/fileDown.do?atchFileId=4775a12bdab84a7798f01146e6c66d46&fileSn=4,02-금융안정보고서/2025-06-25_금융안정보고서(2025년 6월)/4. 우리나라 주택 정책금융 현황과 평가.pdf,1036337,https://www.bok.or.kr/portal/bbs/P0000593/view.do?nttId=10092099&depth=200068&depth2=200068&sort=1&pageUnit=100&searchCnd=1&pageIndex=1&programType=newsData&menuNo=200068&oldMenuNo=200068
02-금융안정보고서,금융안정보고서(2025년 6월),2025-06-25,안정분석팀,5. 부록.pdf,https://www.bok.or.kr/portal/cmmn/file/fileDown.do?atchFileId=4775a12bdab84a7798f01146e6c66d46&fileSn=5,02-금융안정보고서/2025-06-25_금융안정보고서(2025년 6월)/5. 부록.pdf,307493,https://www.bok.or.kr/portal/bbs/P0000593/view.do?nttId=10092099&depth=200068&depth2=200068&sort=1&pageUnit=100&searchCnd=1&pageIndex=1&programType=newsData&menuNo=200068&oldMenuNo=200068
02-금융안정보고서,금융안정보고서(2025년 6월),2025-06-25,안정분석팀,금융안정보고서(2025년 6월).pdf,https://www.bok.or.kr/fileSrc/portal/5d6cd086425d4692bfae1a418fbf8209/1/beba6f87cff94cc0926a98f2da4f1e42.pdf,02-금융안정보고서/2025-06-25_금융안정보고서(2025년 6월)/금융안정보고서(2025년 6월).pdf,7241640,https://www.bok.or.kr/portal/bbs/P0000593/view.do?nttId=10092099&depth=200068&depth2=200068&sort=1&pageUnit=100&searchCnd=1&pageIndex=1&programType=newsData&menuNo=200068&oldMenuNo=200068
02-금융안정보고서,금융안정보고서(2025년 6월),2025-06-25,안정분석팀,금융안정보고서(2025년 6월) 그림 데이터.xlsx,https://www.bok.or.kr/fileSrc/portal/5d6cd086425d4692bfae1a418fbf8209/2/1ae40877c2244d609a241894483f958c.xlsx,02-금융안정보고서/2025-06-25_금융안정보고서(2025년 6월)/금융안정보고서(2025년 6월) 그림 데이터.xlsx,3934150,https://www.bok.or.kr/portal/bbs/P0000593/view.do?nttId=10092099&depth=200068&depth2=200068&sort=1&pageUnit=100&searchCnd=1&pageIndex=1&programType=newsData&menuNo=200068&oldMenuNo=200068
02-금융안정보고서,금융안정보고서(2025년 6월),2025-06-25,안정분석팀,FSR_Executive Summary (June 2025).pdf,https://www.bok.or.kr/fileSrc/portal/5d6cd086425d4692bfae1a418fbf8209/3/048b1c4d8a4a4d71bf033dfd73ab6004.pdf,02-금융안정보고서/2025-06-25_금융안정보고서(2025년 6월)/FSR_Executive Summary (June 2025).pdf,459957,https://www.bok.or.kr/portal/bbs/P0000593/view.do?nttId=10092099&depth=200068&depth2=200068&sort=1&pageUnit=100&searchCnd=1&pageIndex=1&programType=newsData&menuNo=200068&oldMenuNo=200068
02-금융안정보고서,금융안정보고서(2025년 6월),2025-06-25,안정분석팀,1. 개관 및 종합평가.pdf,https://www.bok.or.kr/fileSrc/portal/5d6cd086425d4692bfae1a418fbf8209/4/3dbaeffd3378460eb399342ae67ed080.pdf,02-금융안정보고서/2025-06-25_금융안정보고서(2025년 6월)/1. 개관 및 종합평가.pdf,962272,https://www.bok.or.kr/portal/bbs/P0000593/view.do?nttId=10092099&depth=200068&depth2=200068&sort=1&pageUnit=100&searchCnd=1&pageIndex=1&programType=newsData&menuNo=200068&oldMenuNo=200068
02-금융안정보고서,금융안정보고서(2025년 6월),2025-06-25,안정분석팀,2. 금융안정 상황.pdf,https://www.bok.or.kr/fileSrc/portal/5d6cd086425d4692bfae1a418fbf8209/5/a32bfeeeb356449a92cb924153880b9a.pdf,02-금융안정보고서/2025-06-25_금융안정보고서(2025년 6월)/2. 금융안정 상황.pdf,4403625,https://www.bok.or.kr/portal/bbs/P0000593/view.do?nttId=10092099&depth=200068&depth2=200068&sort=1&pageUnit=100&searchCnd=1&pageIndex=1&programType=newsData&menuNo=200068&oldMenuNo=200068
02-금융안정보고서,금융안정보고서(2025년 6월),2025-06-25,안정분석팀,3. 주요 현안 분석.pdf,https://www.bok.or.kr/fileSrc/portal/5d6cd086425d4692bfae1a418fbf8209/6/e00318a4dfd84c8b85c82b17f8031a89.pdf,02-금융안정보고서/2025-06-25_금융안정보고서(2025년 6월)/3. 주요 현안 분석.pdf,1847492,https://www.bok.or.kr/portal/bbs/P0000593/view.do?nttId=10092099&depth=200068&depth2=200068&sort=1&pageUnit=100&searchCnd=1&pageIndex=1&programType=newsData&menuNo=200068&oldMenuNo=200068
02-금융안정보고서,금융안정보고서(2025년 6월),2025-06-25,안정분석팀,4. 우리나라 주택 정책금융 현황과 평가.pdf,https://www.bok.or.kr/fileSrc/portal/5d6cd086425d4692bfae1a418fbf8209/7/c268a4edd0dd4714b48cf069d44aea27.pdf,02-금융안정보고서/2025-06-25_금융안정보고서(2025년 6월)/4. 우리나라 주택 정책금융 현황과 평가.pdf,1036337,https://www.bok.or.kr/portal/bbs/P0000593/view.do?nttId=10092099&depth=200068&depth2=200068&sort=1&pageUnit=100&searchCnd=1&pageIndex=1&programType=newsData&menuNo=200068&oldMenuNo=200068
02-금융안정보고서,금융안정보고서(2025년 6월),2025-06-25,안정분석팀,5. 부록.pdf,https://www.bok.or.kr/fileSrc/portal/5d6cd086425d4692bfae1a418fbf8209/8/c23b011b4cef48c0a87539337b16115b.pdf,02-금융안정보고서/2025-06-25_금융안정보고서(2025년 6월)/5. 부록.pdf,307493,https://www.bok.or.kr/portal/bbs/P0000593/view.do?nttId=10092099&depth=200068&depth2=200068&sort=1&pageUnit=100&searchCnd=1&pageIndex=1&programType=newsData&menuNo=200068&oldMenuNo=200068
02-금융안정보고서,금융안정보고서(2025년 6월),2025-06-25,안정분석팀,6. 용어해설.pdf,https://www.bok.or.kr/fileSrc/portal/5d6cd086425d4692bfae1a418fbf8209/9/4dd08a4741be4d18ad77d01b47585dbc.pdf,02-금융안정보고서/2025-06-25_금융안정보고서(2025년 6월)/6. 용어해설.pdf,79706,https://www.bok.or.kr/portal/bbs/P0000593/view.do?nttId=10092099&depth=200068&depth2=200068&sort=1&pageUnit=100&searchCnd=1&pageIndex=1&programType=newsData&menuNo=200068&oldMenuNo=200068
02-금융안정보고서,금융안정보고서(2025년 6월),2025-06-25,안정분석팀,참고1. 최근 자영업자의 채무상환능력 평가 및 시사점.pdf,https://www.bok.or.kr/fileSrc/portal/5d6cd086425d4692bfae1a418fbf8209/10/577ffc2abbd043bb9acdac3745ceb8da.pdf,02-금융안정보고서/2025-06-25_금융안정보고서(2025년 6월)/참고1. 최근 자영업자의 채무상환능력 평가 및 시사점.pdf,366244,https://www.bok.or.kr/portal/bbs/P0000593/view.do?nttId=10092099&depth=200068&depth2=200068&sort=1&pageUnit=100&searchCnd=1&pageIndex=1&programType=newsData&menuNo=200068&oldMenuNo=200068
02-금융안정보고서,금융안정보고서(2025년 6월),2025-06-25,안정분석팀,참고2. 최근 주택시장의 특징 및 시사점.pdf,https://www.bok.or.kr/fileSrc/portal/5d6cd086425d4692bfae1a418fbf8209/11/ee703df701764cb4a95974357c8148bb.pdf,02-금융안정보고서/2025-06-25_금융안정보고서(2025년 6월)/참고2. 최근 주택시장의 특징 및 시사점.pdf,1049470,https://www.bok.or.kr/portal/bbs/P0000593/view.do?nttId=10092099&depth=200068&depth2=200068&sort=1&pageUnit=100&searchCnd=1&pageIndex=1&programType=newsData&menuNo=200068&oldMenuNo=200068
02-금융안정보고서,금융안정보고서(2025년 6월),2025-06-25,안정분석팀,참고3. 스테이블코인 동향 및 금융안정 관련 잠재리스크.pdf,https://www.bok.or.kr/fileSrc/portal/5d6cd086425d4692bfae1a418fbf8209/12/88fb8c4ac9c04edf9537214623927253.pdf,02-금융안정보고서/2025-06-25_금융안정보고서(2025년 6월)/참고3. 스테이블코인 동향 및 금융안정 관련 잠재리스크.pdf,614720,https://www.bok.or.kr/portal/bbs/P0000593/view.do?nttId=10092099&depth=200068&depth2=200068&sort=1&pageUnit=100&searchCnd=1&pageIndex=1&programType=newsData&menuNo=200068&oldMenuNo=200068
02-금융안정보고서,금융안정보고서(2025년 6월),2025-06-25,안정분석팀,참고4. 대출행태 서베이를 통해 본 국내은행의 대출 현황 및 시사점.pdf,https://www.bok.or.kr/fileSrc/portal/5d6cd086425d4692bfae1a418fbf8209/13/bb5b19bff2ae4239b3fff41d37e8ffc7.pdf,02-금융안정보고서/2025-06-25_금융안정보고서(2025년 6월)/참고4. 대출행태 서베이를 통해 본 국내은행의 대출 현황 및 시사점.pdf,385592,https://www.bok.or.kr/portal/bbs/P0000593/view.do?nttId=10092099&depth=200068&depth2=200068&sort=1&pageUnit=100&searchCnd=1&pageIndex=1&programType=newsData&menuNo=200068&oldMenuNo=200068
02-금융안정보고서,금융안정보고서(2025년 6월),2025-06-25,안정분석팀,참고5. 최근 비은행예금취급기관 연체율 개선 지연의 주요 요인.pdf,https://www.bok.or.kr/fileSrc/portal/5d6cd086425d4692bfae1a418fbf8209/14/00bf93e40abf4967a25155235ce308cd.pdf,02-금융안정보고서/2025-06-25_금융안정보고서(2025년 6월)/참고5. 최근 비은행예금취급기관 연체율 개선 지연의 주요 요인.pdf,378316,https://www.bok.or.kr/portal/bbs/P0000593/view.do?nttId=10092099&depth=200068&depth2=200068&sort=1&pageUnit=100&searchCnd=1&pageIndex=1&programType=newsData&menuNo=200068&oldMenuNo=200068
02-금융안정보고서,금융안정보고서(2025년 6월),2025-06-25,안정분석팀,참고6. 최근 보험회사의 자본성증권 발행 현황 및 잠재리스크.pdf,https://www.bok.or.kr/fileSrc/portal/5d6cd086425d4692bfae1a418fbf8209/15/9de06c7fe547467aa19bef4e5ca201d4.pdf,02-금융안정보고서/2025-06-25_금융안정보고서(2025년 6월)/참고6. 최근 보험회사의 자본성증권 발행 현황 및 잠재리스크.pdf,347243,https://www.bok.or.kr/portal/bbs/P0000593/view.do?nttId=10092099&depth=200068&depth2=200068&sort=1&pageUnit=100&searchCnd=1&pageIndex=1&programType=newsData&menuNo=200068&oldMenuNo=200068
02-금융안정보고서,금융안정보고서(2025년 6월),2025-06-25,안정분석팀,참고7. 경기침체기 전후 글로벌 자금흐름과 해외증권투자 시사점.pdf,https://www.bok.or.kr/fileSrc/portal/5d6cd086425d4692bfae1a418fbf8209/16/fb1c346961a94c74ba381969d126c497.pdf,02-금융안정보고서/2025-06-25_금융안정보고서(2025년 6월)/참고7. 경기침체기 전후 글로벌 자금흐름과 해외증권투자 시사점.pdf,453981,https://www.bok.or.kr/portal/bbs/P0000593/view.do?nttId=10092099&depth=200068&depth2=200068&sort=1&pageUnit=100&searchCnd=1&pageIndex=1&programType=newsData&menuNo=200068&oldMenuNo=200068
02-금융안정보고서,금융안정보고서(2025년 6월),2025-06-25,안정분석팀,참고8. 사이버 리스크가 금융안정에 미치는 영향 및 주요국 대응방향.pdf,https://www.bok.or.kr/fileSrc/portal/5d6cd086425d4692bfae1a418fbf8209/17/44a0f9e51dec41c59d5176b53ec69fb6.pdf,02-금융안정보고서/2025-06-25_금융안정보고서(2025년 6월)/참고8. 사이버 리스크가 금융안정에 미치는 영향 및 주요국 대응방향.pdf,368885,https://www.bok.or.kr/portal/bbs/P0000593/view.do?nttId=10092099&depth=200068&depth2=200068&sort=1&pageUnit=100&searchCnd=1&pageIndex=1&programType=newsData&menuNo=200068&oldMenuNo=200068
02-금융안정보고서,금융안정보고서(2025년 6월),2025-06-25,안정분석팀,현안1. 대내외 불확실성 요인이 기업 신용리스크에 미치는 영향.pdf,https://www.bok.or.kr/fileSrc/portal/5d6cd086425d4692bfae1a418fbf8209/18/24fce9e84180419daea675fd68c6fd5b.pdf,02-금융안정보고서/2025-06-25_금융안정보고서(2025년 6월)/현안1. 대내외 불확실성 요인이 기업 신용리스크에 미치는 영향.pdf,1611682,https://www.bok.or.kr/portal/bbs/P0000593/view.do?nttId=10092099&depth=200068&depth2=200068&sort=1&pageUnit=100&searchCnd=1&pageIndex=1&programType=newsData&menuNo=200068&oldMenuNo=200068
02-금융안정보고서,금융안정보고서(2025년 6월),2025-06-25,안정분석팀,현안2. 비은행금융기관의 유형별 리스크 점검 및 시사점.pdf,https://www.bok.or.kr/fileSrc/portal/5d6cd086425d4692bfae1a418fbf8209/19/37bc7dde7e4e437894a2f209327f72bd.pdf,02-금융안정보고서/2025-06-25_금융안정보고서(2025년 6월)/현안2. 비은행금융기관의 유형별 리스크 점검 및 시사점.pdf,856882,https://www.bok.or.kr/portal/bbs/P0000593/view.do?nttId=10092099&depth=200068&depth2=200068&sort=1&pageUnit=100&searchCnd=1&pageIndex=1&programType=newsData&menuNo=200068&oldMenuNo=200068
02-금융안정보고서,금융안정보고서(2024년 12월),2024-12-24,안정분석팀,1. 개관 및 종합평가.pdf,https://www.bok.or.kr/portal/cmmn/file/fileDown.do?atchFileId=1b707a4ff3394165a79d228e3b066258&fileSn=1,02-금융안정보고서/2024-12-24_금융안정보고서(2024년 12월)/1. 개관 및 종합평가.pdf,810477,https://www.bok.or.kr/portal/bbs/P0000593/view.do?nttId=10088838&depth=200068&depth2=200068&sort=1&pageUnit=100&searchCnd=1&pageIndex=1&programType=newsData&menuNo=200068&oldMenuNo=200068
02-금융안정보고서,금융안정보고서(2024년 12월),2024-12-24,안정분석팀,2. 금융안정상황.pdf,https://www.bok.or.kr/portal/cmmn/file/fileDown.do?atchFileId=1b707a4ff3394165a79d228e3b066258&fileSn=2,02-금융안정보고서/2024-12-24_금융안정보고서(2024년 12월)/2. 금융안정상황.pdf,3140994,https://www.bok.or.kr/portal/bbs/P0000593/view.do?nttId=10088838&depth=200068&depth2=200068&sort=1&pageUnit=100&searchCnd=1&pageIndex=1&programType=newsData&menuNo=200068&oldMenuNo=200068
02-금융안정보고서,금융안정보고서(2024년 12월),2024-12-24,안정분석팀,참고1. 최근 자영업자 대출의 차주 특성 및 연체율 분석_F.pdf,https://www.bok.or.kr/portal/cmmn/file/fileDown.do?atchFileId=1b707a4ff3394165a79d228e3b066258&fileSn=3,02-금융안정보고서/2024-12-24_금융안정보고서(2024년 12월)/참고1. 최근 자영업자 대출의 차주 특성 및 연체율 분석_F.pdf,304471,https://www.bok.or.kr/portal/bbs/P0000593/view.do?nttId=10088838&depth=200068&depth2=200068&sort=1&pageUnit=100&searchCnd=1&pageIndex=1&programType=newsData&menuNo=200068&oldMenuNo=200068
02-금융안정보고서,금융안정보고서(2024년 12월),2024-12-24,안정분석팀,참고2. 부동산PF 구조조정의 영향 및 관련 잠재리스크 점검_F.pdf,https://www.bok.or.kr/portal/cmmn/file/fileDown.do?atchFileId=1b707a4ff3394165a79d228e3b066258&fileSn=4,02-금융안정보고서/2024-12-24_금융안정보고서(2024년 12월)/참고2. 부동산PF 구조조정의 영향 및 관련 잠재리스크 점검_F.pdf,550338,https://www.bok.or.kr/portal/bbs/P0000593/view.do?nttId=10088838&depth=200068&depth2=200068&sort=1&pageUnit=100&searchCnd=1&pageIndex=1&programType=newsData&menuNo=200068&oldMenuNo=200068
02-금융안정보고서,금융안정보고서(2024년 12월),2024-12-24,안정분석팀,참고3. 인터넷전문은행 자금 조달 및 운용 여건 점검_F.pdf,https://www.bok.or.kr/portal/cmmn/file/fileDown.do?atchFileId=1b707a4ff3394165a79d228e3b066258&fileSn=5,02-금융안정보고서/2024-12-24_금융안정보고서(2024년 12월)/참고3. 인터넷전문은행 자금 조달 및 운용 여건 점검_F.pdf,316024,https://www.bok.or.kr/portal/bbs/P0000593/view.do?nttId=10088838&depth=200068&depth2=200068&sort=1&pageUnit=100&searchCnd=1&pageIndex=1&programType=newsData&menuNo=200068&oldMenuNo=200068
02-금융안정보고서,금융안정보고서(2024년 12월),2024-12-24,안정분석팀,참고4. 최근 은행 여수신금리 흐름 및 차주의 이자상환부담 변화 점검_F.pdf,https://www.bok.or.kr/portal/cmmn/file/fileDown.do?atchFileId=897c710b35204817a3d4b73470352a4d&fileSn=1,02-금융안정보고서/2024-12-24_금융안정보고서(2024년 12월)/참고4. 최근 은행 여수신금리 흐름 및 차주의 이자상환부담 변화 점검_F.pdf,338141,https://www.bok.or.kr/portal/bbs/P0000593/view.do?nttId=10088838&depth=200068&depth2=200068&sort=1&pageUnit=100&searchCnd=1&pageIndex=1&programType=newsData&menuNo=200068&oldMenuNo=200068
02-금융안정보고서,금융안정보고서(2024년 12월),2024-12-24,안정분석팀,참고5. 국내 비은행금융중개(NBFI) 현황 및 리스크 점검_F.pdf,https://www.bok.or.kr/portal/cmmn/file/fileDown.do?atchFileId=897c710b35204817a3d4b73470352a4d&fileSn=2,02-금융안정보고서/2024-12-24_금융안정보고서(2024년 12월)/참고5. 국내 비은행금융중개(NBFI) 현황 및 리스크 점검_F.pdf,316565,https://www.bok.or.kr/portal/bbs/P0000593/view.do?nttId=10088838&depth=200068&depth2=200068&sort=1&pageUnit=100&searchCnd=1&pageIndex=1&programType=newsData&menuNo=200068&oldMenuNo=200068
02-금융안정보고서,금융안정보고서(2024년 12월),2024-12-24,안정분석팀,참고6. 우리나라의 세계국채지수(WGBI) 편입 영향 및 기대효과_F.pdf,https://www.bok.or.kr/portal/cmmn/file/fileDown.do?atchFileId=897c710b35204817a3d4b73470352a4d&fileSn=3,02-금융안정보고서/2024-12-24_금융안정보고서(2024년 12월)/참고6. 우리나라의 세계국채지수(WGBI) 편입 영향 및 기대효과_F.pdf,223588,https://www.bok.or.kr/portal/bbs/P0000593/view.do?nttId=10088838&depth=200068&depth2=200068&sort=1&pageUnit=100&searchCnd=1&pageIndex=1&programType=newsData&menuNo=200068&oldMenuNo=200068
02-금융안정보고서,금융안정보고서(2024년 12월),2024-12-24,안정분석팀,3. 복원력.pdf,https://www.bok.or.kr/portal/cmmn/file/fileDown.do?atchFileId=897c710b35204817a3d4b73470352a4d&fileSn=4,02-금융안정보고서/2024-12-24_금융안정보고서(2024년 12월)/3. 복원력.pdf,1603412,https://www.bok.or.kr/portal/bbs/P0000593/view.do?nttId=10088838&depth=200068&depth2=200068&sort=1&pageUnit=100&searchCnd=1&pageIndex=1&programType=newsData&menuNo=200068&oldMenuNo=200068
02-금융안정보고서,금융안정보고서(2024년 12월),2024-12-24,안정분석팀,참고7. 최근 저축은행 손실흡수력 및 유동성 대응능력 평가_F.pdf,https://www.bok.or.kr/portal/cmmn/file/fileDown.do?atchFileId=897c710b35204817a3d4b73470352a4d&fileSn=5,02-금융안정보고서/2024-12-24_금융안정보고서(2024년 12월)/참고7. 최근 저축은행 손실흡수력 및 유동성 대응능력 평가_F.pdf,328284,https://www.bok.or.kr/portal/bbs/P0000593/view.do?nttId=10088838&depth=200068&depth2=200068&sort=1&pageUnit=100&searchCnd=1&pageIndex=1&programType=newsData&menuNo=200068&oldMenuNo=200068
02-금융안정보고서,금융안정보고서(2024년 12월),2024-12-24,안정분석팀,참고8. 환율 상승이 국내 금융기관의 재무건전성에 미치는 영향_F.pdf,https://www.bok.or.kr/portal/cmmn/file/fileDown.do?atchFileId=b502ac75598749f6b72b0bff6eb67ded&fileSn=1,02-금융안정보고서/2024-12-24_금융안정보고서(2024년 12월)/참고8. 환율 상승이 국내 금융기관의 재무건전성에 미치는 영향_F.pdf,287137,https://www.bok.or.kr/portal/bbs/P0000593/view.do?nttId=10088838&depth=200068&depth2=200068&sort=1&pageUnit=100&searchCnd=1&pageIndex=1&programType=newsData&menuNo=200068&oldMenuNo=200068
02-금융안정보고서,금융안정보고서(2024년 12월),2024-12-24,안정분석팀,4. 주요현안분석.pdf,https://www.bok.or.kr/portal/cmmn/file/fileDown.do?atchFileId=b3dfa47ed4ea481888ce005b959501c2&fileSn=1,02-금융안정보고서/2024-12-24_금융안정보고서(2024년 12월)/4. 주요현안분석.pdf,1608913,https://www.bok.or.kr/portal/bbs/P0000593/view.do?nttId=10088838&depth=200068&depth2=200068&sort=1&pageUnit=100&searchCnd=1&pageIndex=1&programType=newsData&menuNo=200068&oldMenuNo=200068
02-금융안정보고서,금융안정보고서(2024년 12월),2024-12-24,안정분석팀,현안1. 금리 인하기 금융안정 리스크 평가 및 시사점_F.pdf,https://www.bok.or.kr/portal/cmmn/file/fileDown.do?atchFileId=b502ac75598749f6b72b0bff6eb67ded&fileSn=2,02-금융안정보고서/2024-12-24_금융안정보고서(2024년 12월)/현안1. 금리 인하기 금융안정 리스크 평가 및 시사점_F.pdf,970944,https://www.bok.or.kr/portal/bbs/P0000593/view.do?nttId=10088838&depth=200068&depth2=200068&sort=1&pageUnit=100&searchCnd=1&pageIndex=1&programType=newsData&menuNo=200068&oldMenuNo=200068
02-금융안정보고서,금융안정보고서(2024년 12월),2024-12-24,안정분석팀,현안2. 최근 가계부채 현황 및 잠재리스크 점검_F.pdf,https://www.bok.or.kr/portal/cmmn/file/fileDown.do?atchFileId=b502ac75598749f6b72b0bff6eb67ded&fileSn=3,02-금융안정보고서/2024-12-24_금융안정보고서(2024년 12월)/현안2. 최근 가계부채 현황 및 잠재리스크 점검_F.pdf,818516,https://www.bok.or.kr/portal/bbs/P0000593/view.do?nttId=10088838&depth=200068&depth2=200068&sort=1&pageUnit=100&searchCnd=1&pageIndex=1&programType=newsData&menuNo=200068&oldMenuNo=200068
02-금융안정보고서,금융안정보고서(2024년 12월),2024-12-24,안정분석팀,5. 부록.pdf,https://www.bok.or.kr/portal/cmmn/file/fileDown.do?atchFileId=b502ac75598749f6b72b0bff6eb67ded&fileSn=4,02-금융안정보고서/2024-12-24_금융안정보고서(2024년 12월)/5. 부록.pdf,275176,https://www.bok.or.kr/portal/bbs/P0000593/view.do?nttId=10088838&depth=200068&depth2=200068&sort=1&pageUnit=100&searchCnd=1&pageIndex=1&programType=newsData&menuNo=200068&oldMenuNo=200068
02-금융안정보고서,금융안정보고서(2024년 12월),2024-12-24,안정분석팀,5. 부록_2.pdf,https://www.bok.or.kr/portal/cmmn/file/fileDown.do?atchFileId=b3dfa47ed4ea481888ce005b959501c2&fileSn=4,02-금융안정보고서/2024-12-24_금융안정보고서(2024년 12월)/5. 부록_2.pdf,235657,https://www.bok.or.kr/portal/bbs/P0000593/view.do?nttId=10088838&depth=200068&depth2=200068&sort=1&pageUnit=100&searchCnd=1&pageIndex=1&programType=newsData&menuNo=200068&oldMenuNo=200068
02-금융안정보고서,금융안정보고서(2024년 12월),2024-12-24,안정분석팀,금융안정보고서(2024년 12월)_FFF.pdf,https://www.bok.or.kr/fileSrc/portal/924ccdae7bf6408cb2acb1635a5f423c/1/6afd70f072f147648b4d46a6db78e96f.pdf,02-금융안정보고서/2024-12-24_금융안정보고서(2024년 12월)/금융안정보고서(2024년 12월)_FFF.pdf,6847486,https://www.bok.or.kr/portal/bbs/P0000593/view.do?nttId=10088838&depth=200068&depth2=200068&sort=1&pageUnit=100&searchCnd=1&pageIndex=1&programType=newsData&menuNo=200068&oldMenuNo=200068
02-금융안정보고서,금융안정보고서(2024년 12월),2024-12-24,안정분석팀,금융안정보고서(2024년 12월) 그림 데이터.xlsx,https://www.bok.or.kr/fileSrc/portal/924ccdae7bf6408cb2acb1635a5f423c/2/e680bb7c4bae4708877e73fd7f5bc0ea.xlsx,02-금융안정보고서/2024-12-24_금융안정보고서(2024년 12월)/금융안정보고서(2024년 12월) 그림 데이터.xlsx,1982244,https://www.bok.or.kr/portal/bbs/P0000593/view.do?nttId=10088838&depth=200068&depth2=200068&sort=1&pageUnit=100&searchCnd=1&pageIndex=1&programType=newsData&menuNo=200068&oldMenuNo=200068
02-금융안정보고서,금융안정보고서(2024년 12월),2024-12-24,안정분석팀,FSR_Executive Summary (December 2024).pdf,https://www.bok.or.kr/fileSrc/portal/924ccdae7bf6408cb2acb1635a5f423c/3/b72f2f18dfd4434c92ec9e0d1b90d1d4.pdf,02-금융안정보고서/2024-12-24_금융안정보고서(2024년 12월)/FSR_Executive Summary (December 2024).pdf,435839,https://www.bok.or.kr/portal/bbs/P0000593/view.do?nttId=10088838&depth=200068&depth2=200068&sort=1&pageUnit=100&searchCnd=1&pageIndex=1&programType=newsData&menuNo=200068&oldMenuNo=200068
02-금융안정보고서,금융안정보고서(2024년 12월),2024-12-24,안정분석팀,1. 개관 및 종합평가.pdf,https://www.bok.or.kr/fileSrc/portal/924ccdae7bf6408cb2acb1635a5f423c/4/984efd9ccbbc411599916ebe3f774c02.pdf,02-금융안정보고서/2024-12-24_금융안정보고서(2024년 12월)/1. 개관 및 종합평가.pdf,810477,https://www.bok.or.kr/portal/bbs/P0000593/view.do?nttId=10088838&depth=200068&depth2=200068&sort=1&pageUnit=100&searchCnd=1&pageIndex=1&programType=newsData&menuNo=200068&oldMenuNo=200068
02-금융안정보고서,금융안정보고서(2024년 12월),2024-12-24,안정분석팀,2. 금융안정상황_2.pdf,https://www.bok.or.kr/fileSrc/portal/924ccdae7bf6408cb2acb1635a5f423c/5/1de29dfcdacb4c94a3f4c466842a69c4.pdf,02-금융안정보고서/2024-12-24_금융안정보고서(2024년 12월)/2. 금융안정상황_2.pdf,3550155,https://www.bok.or.kr/portal/bbs/P0000593/view.do?nttId=10088838&depth=200068&depth2=200068&sort=1&pageUnit=100&searchCnd=1&pageIndex=1&programType=newsData&menuNo=200068&oldMenuNo=200068
02-금융안정보고서,금융안정보고서(2024년 12월),2024-12-24,안정분석팀,3. 복원력.pdf,https://www.bok.or.kr/fileSrc/portal/924ccdae7bf6408cb2acb1635a5f423c/6/bb532dfe3bf1471a9f685a261368b0ae.pdf,02-금융안정보고서/2024-12-24_금융안정보고서(2024년 12월)/3. 복원력.pdf,1603412,https://www.bok.or.kr/portal/bbs/P0000593/view.do?nttId=10088838&depth=200068&depth2=200068&sort=1&pageUnit=100&searchCnd=1&pageIndex=1&programType=newsData&menuNo=200068&oldMenuNo=200068
02-금융안정보고서,금융안정보고서(2024년 12월),2024-12-24,안정분석팀,4. 주요 현안 분석.pdf,https://www.bok.or.kr/fileSrc/portal/924ccdae7bf6408cb2acb1635a5f423c/7/17a3bdd366fc4c82ace18caa0a4d492b.pdf,02-금융안정보고서/2024-12-24_금융안정보고서(2024년 12월)/4. 주요 현안 분석.pdf,1214932,https://www.bok.or.kr/portal/bbs/P0000593/view.do?nttId=10088838&depth=200068&depth2=200068&sort=1&pageUnit=100&searchCnd=1&pageIndex=1&programType=newsData&menuNo=200068&oldMenuNo=200068
02-금융안정보고서,금융안정보고서(2024년 12월),2024-12-24,안정분석팀,5. 부록.pdf,https://www.bok.or.kr/fileSrc/portal/924ccdae7bf6408cb2acb1635a5f423c/8/c644ef6118a84fe4b33a216dd2ee0203.pdf,02-금융안정보고서/2024-12-24_금융안정보고서(2024년 12월)/5. 부록.pdf,275176,https://www.bok.or.kr/portal/bbs/P0000593/view.do?nttId=10088838&depth=200068&depth2=200068&sort=1&pageUnit=100&searchCnd=1&pageIndex=1&programType=newsData&menuNo=200068&oldMenuNo=200068
02-금융안정보고서,금융안정보고서(2024년 12월),2024-12-24,안정분석팀,6. 용어해설.pdf,https://www.bok.or.kr/fileSrc/portal/924ccdae7bf6408cb2acb1635a5f423c/9/296e1ad1ef654e9baf435d34e5824a95.pdf,02-금융안정보고서/2024-12-24_금융안정보고서(2024년 12월)/6. 용어해설.pdf,73340,https://www.bok.or.kr/portal/bbs/P0000593/view.do?nttId=10088838&depth=200068&depth2=200068&sort=1&pageUnit=100&searchCnd=1&pageIndex=1&programType=newsData&menuNo=200068&oldMenuNo=200068
02-금융안정보고서,금융안정보고서(2024년 12월),2024-12-24,안정분석팀,참고1. 최근 자영업자 대출의 차주 특성 및 연체율 분석_F.pdf,https://www.bok.or.kr/fileSrc/portal/924ccdae7bf6408cb2acb1635a5f423c/10/077555e7cb8d4d68adcee7676cca29fb.pdf,02-금융안정보고서/2024-12-24_금융안정보고서(2024년 12월)/참고1. 최근 자영업자 대출의 차주 특성 및 연체율 분석_F.pdf,304471,https://www.bok.or.kr/portal/bbs/P0000593/view.do?nttId=10088838&depth=200068&depth2=200068&sort=1&pageUnit=100&searchCnd=1&pageIndex=1&programType=newsData&menuNo=200068&oldMenuNo=200068
02-금융안정보고서,금융안정보고서(2024년 12월),2024-12-24,안정분석팀,참고2. 부동산PF 구조조정의 영향 및 관련 잠재리스크 점검_F.pdf,https://www.bok.or.kr/fileSrc/portal/924ccdae7bf6408cb2acb1635a5f423c/11/1d3f80e3785f4f41a7bf25e3158c1673.pdf,02-금융안정보고서/2024-12-24_금융안정보고서(2024년 12월)/참고2. 부동산PF 구조조정의 영향 및 관련 잠재리스크 점검_F.pdf,550338,https://www.bok.or.kr/portal/bbs/P0000593/view.do?nttId=10088838&depth=200068&depth2=200068&sort=1&pageUnit=100&searchCnd=1&pageIndex=1&programType=newsData&menuNo=200068&oldMenuNo=200068
02-금융안정보고서,금융안정보고서(2024년 12월),2024-12-24,안정분석팀,참고3. 인터넷전문은행 자금 조달 및 운용 여건 점검_F.pdf,https://www.bok.or.kr/fileSrc/portal/924ccdae7bf6408cb2acb1635a5f423c/12/83354ab091704750808d090afcffdad7.pdf,02-금융안정보고서/2024-12-24_금융안정보고서(2024년 12월)/참고3. 인터넷전문은행 자금 조달 및 운용 여건 점검_F.pdf,316024,https://www.bok.or.kr/portal/bbs/P0000593/view.do?nttId=10088838&depth=200068&depth2=200068&sort=1&pageUnit=100&searchCnd=1&pageIndex=1&programType=newsData&menuNo=200068&oldMenuNo=200068
02-금융안정보고서,금융안정보고서(2024년 12월),2024-12-24,안정분석팀,참고4. 최근 은행 여수신금리 흐름 및 차주의 이자상환부담 변화 점검_F.pdf,https://www.bok.or.kr/fileSrc/portal/924ccdae7bf6408cb2acb1635a5f423c/13/c3c6b246b0d14289ad7be6272c0f761f.pdf,02-금융안정보고서/2024-12-24_금융안정보고서(2024년 12월)/참고4. 최근 은행 여수신금리 흐름 및 차주의 이자상환부담 변화 점검_F.pdf,338141,https://www.bok.or.kr/portal/bbs/P0000593/view.do?nttId=10088838&depth=200068&depth2=200068&sort=1&pageUnit=100&searchCnd=1&pageIndex=1&programType=newsData&menuNo=200068&oldMenuNo=200068
02-금융안정보고서,금융안정보고서(2024년 12월),2024-12-24,안정분석팀,참고5. 국내 비은행금융중개(NBFI) 현황 및 리스크 점검_F.pdf,https://www.bok.or.kr/fileSrc/portal/924ccdae7bf6408cb2acb1635a5f423c/14/f3f454705abc4785a8f04d7d96cdbe2e.pdf,02-금융안정보고서/2024-12-24_금융안정보고서(2024년 12월)/참고5. 국내 비은행금융중개(NBFI) 현황 및 리스크 점검_F.pdf,316565,https://www.bok.or.kr/portal/bbs/P0000593/view.do?nttId=10088838&depth=200068&depth2=200068&sort=1&pageUnit=100&searchCnd=1&pageIndex=1&programType=newsData&menuNo=200068&oldMenuNo=200068
02-금융안정보고서,금융안정보고서(2024년 12월),2024-12-24,안정분석팀,참고6. 우리나라의 세계국채지수(WGBI) 편입 영향 및 기대효과_F.pdf,https://www.bok.or.kr/fileSrc/portal/924ccdae7bf6408cb2acb1635a5f423c/15/c44f630ede1a48fe8ccc8a408665ba62.pdf,02-금융안정보고서/2024-12-24_금융안정보고서(2024년 12월)/참고6. 우리나라의 세계국채지수(WGBI) 편입 영향 및 기대효과_F.pdf,223588,https://www.bok.or.kr/portal/bbs/P0000593/view.do?nttId=10088838&depth=200068&depth2=200068&sort=1&pageUnit=100&searchCnd=1&pageIndex=1&programType=newsData&menuNo=200068&oldMenuNo=200068
02-금융안정보고서,금융안정보고서(2024년 12월),2024-12-24,안정분석팀,참고7. 최근 저축은행 손실흡수력 및 유동성 대응능력 평가_F.pdf,https://www.bok.or.kr/fileSrc/portal/924ccdae7bf6408cb2acb1635a5f423c/16/e81bfbd618d648e99b44de0139350bd6.pdf,02-금융안정보고서/2024-12-24_금융안정보고서(2024년 12월)/참고7. 최근 저축은행 손실흡수력 및 유동성 대응능력 평가_F.pdf,328284,https://www.bok.or.kr/portal/bbs/P0000593/view.do?nttId=10088838&depth=200068&depth2=200068&sort=1&pageUnit=100&searchCnd=1&pageIndex=1&programType=newsData&menuNo=200068&oldMenuNo=200068
02-금융안정보고서,금융안정보고서(2024년 12월),2024-12-24,안정분석팀,참고8. 환율 상승이 국내 금융기관의 재무건전성에 미치는 영향_F.pdf,https://www.bok.or.kr/fileSrc/portal/924ccdae7bf6408cb2acb1635a5f423c/17/676faa86bd83468599161175e55b58af.pdf,02-금융안정보고서/2024-12-24_금융안정보고서(2024년 12월)/참고8. 환율 상승이 국내 금융기관의 재무건전성에 미치는 영향_F.pdf,287137,https://www.bok.or.kr/portal/bbs/P0000593/view.do?nttId=10088838&depth=200068&depth2=200068&sort=1&pageUnit=100&searchCnd=1&pageIndex=1&programType=newsData&menuNo=200068&oldMenuNo=200068
02-금융안정보고서,금융안정보고서(2024년 12월),2024-12-24,안정분석팀,현안1. 금리 인하기 금융안정 리스크 평가 및 시사점_F.pdf,https://www.bok.or.kr/fileSrc/portal/924ccdae7bf6408cb2acb1635a5f423c/18/4bc630ae470d41ef86acc2cd99408929.pdf,02-금융안정보고서/2024-12-24_금융안정보고서(2024년 12월)/현안1. 금리 인하기 금융안정 리스크 평가 및 시사점_F.pdf,970944,https://www.bok.or.kr/portal/bbs/P0000593/view.do?nttId=10088838&depth=200068&depth2=200068&sort=1&pageUnit=100&searchCnd=1&pageIndex=1&programType=newsData&menuNo=200068&oldMenuNo=200068
02-금융안정보고서,금융안정보고서(2024년 12월),2024-12-24,안정분석팀,현안2. 최근 가계부채 현황 및 잠재리스크 점검_F.pdf,https://www.bok.or.kr/fileSrc/portal/924ccdae7bf6408cb2acb1635a5f423c/19/649d2eb32d304f57968b8dd666d88516.pdf,02-금융안정보고서/2024-12-24_금융안정보고서(2024년 12월)/현안2. 최근 가계부채 현황 및 잠재리스크 점검_F.pdf,818516,https://www.bok.or.kr/portal/bbs/P0000593/view.do?nttId=10088838&depth=200068&depth2=200068&sort=1&pageUnit=100&searchCnd=1&pageIndex=1&programType=newsData&menuNo=200068&oldMenuNo=200068
02-금융안정보고서,금융안정보고서(2024년 6월),2024-06-26,안정분석팀,1. 개관 및 종합평가 (2).pdf,https://www.bok.or.kr/portal/cmmn/file/fileDown.do?atchFileId=f6f11d1c1bc44bddb15fff8f17266ca8&fileSn=1,02-금융안정보고서/2024-06-26_금융안정보고서(2024년 6월)/1. 개관 및 종합평가 (2).pdf,720377,https://www.bok.or.kr/portal/bbs/P0000593/view.do?nttId=10085314&depth=200068&depth2=200068&sort=1&pageUnit=100&searchCnd=1&pageIndex=1&programType=newsData&menuNo=200068&oldMenuNo=200068
02-금융안정보고서,금융안정보고서(2024년 6월),2024-06-26,안정분석팀,2. 금융안정상황.pdf,https://www.bok.or.kr/portal/cmmn/file/fileDown.do?atchFileId=cee44c2a702d4cd2974f9797c86858dc&fileSn=2,02-금융안정보고서/2024-06-26_금융안정보고서(2024년 6월)/2. 금융안정상황.pdf,2003097,https://www.bok.or.kr/portal/bbs/P0000593/view.do?nttId=10085314&depth=200068&depth2=200068&sort=1&pageUnit=100&searchCnd=1&pageIndex=1&programType=newsData&menuNo=200068&oldMenuNo=200068
02-금융안정보고서,금융안정보고서(2024년 6월),2024-06-26,안정분석팀,참고1. 최근 가계·자영업자 대출 동향 및 연체율 변동 특징.pdf,https://www.bok.or.kr/portal/cmmn/file/fileDown.do?atchFileId=cee44c2a702d4cd2974f9797c86858dc&fileSn=3,02-금융안정보고서/2024-06-26_금융안정보고서(2024년 6월)/참고1. 최근 가계·자영업자 대출 동향 및 연체율 변동 특징.pdf,340711,https://www.bok.or.kr/portal/bbs/P0000593/view.do?nttId=10085314&depth=200068&depth2=200068&sort=1&pageUnit=100&searchCnd=1&pageIndex=1&programType=newsData&menuNo=200068&oldMenuNo=200068
02-금융안정보고서,금융안정보고서(2024년 6월),2024-06-26,안정분석팀,참고2. 부동산PF 관련 금융 익스포저 현황 및 리스크 점검.pdf,https://www.bok.or.kr/portal/cmmn/file/fileDown.do?atchFileId=cee44c2a702d4cd2974f9797c86858dc&fileSn=4,02-금융안정보고서/2024-06-26_금융안정보고서(2024년 6월)/참고2. 부동산PF 관련 금융 익스포저 현황 및 리스크 점검.pdf,549547,https://www.bok.or.kr/portal/bbs/P0000593/view.do?nttId=10085314&depth=200068&depth2=200068&sort=1&pageUnit=100&searchCnd=1&pageIndex=1&programType=newsData&menuNo=200068&oldMenuNo=200068
02-금융안정보고서,금융안정보고서(2024년 6월),2024-06-26,안정분석팀,참고3. 금리국면별 은행 수익성 변화 요인 및 향후 주요 고려사항.pdf,https://www.bok.or.kr/portal/cmmn/file/fileDown.do?atchFileId=cee44c2a702d4cd2974f9797c86858dc&fileSn=5,02-금융안정보고서/2024-06-26_금융안정보고서(2024년 6월)/참고3. 금리국면별 은행 수익성 변화 요인 및 향후 주요 고려사항.pdf,338308,https://www.bok.or.kr/portal/bbs/P0000593/view.do?nttId=10085314&depth=200068&depth2=200068&sort=1&pageUnit=100&searchCnd=1&pageIndex=1&programType=newsData&menuNo=200068&oldMenuNo=200068
02-금융안정보고서,금융안정보고서(2024년 6월),2024-06-26,안정분석팀,참고4. 비은행예금취급기관 자산건전성 평가 및 시사점.pdf,https://www.bok.or.kr/portal/cmmn/file/fileDown.do?atchFileId=237727637c9f40bfadbac0b2d0a401fb&fileSn=1,02-금융안정보고서/2024-06-26_금융안정보고서(2024년 6월)/참고4. 비은행예금취급기관 자산건전성 평가 및 시사점.pdf,274751,https://www.bok.or.kr/portal/bbs/P0000593/view.do?nttId=10085314&depth=200068&depth2=200068&sort=1&pageUnit=100&searchCnd=1&pageIndex=1&programType=newsData&menuNo=200068&oldMenuNo=200068
02-금융안정보고서,금융안정보고서(2024년 6월),2024-06-26,안정분석팀,참고5. 2022년 하반기와 최근 환율 상승기의 대내외 여건 비교.pdf,https://www.bok.or.kr/portal/cmmn/file/fileDown.do?atchFileId=237727637c9f40bfadbac0b2d0a401fb&fileSn=2,02-금융안정보고서/2024-06-26_금융안정보고서(2024년 6월)/참고5. 2022년 하반기와 최근 환율 상승기의 대내외 여건 비교.pdf,347601,https://www.bok.or.kr/portal/bbs/P0000593/view.do?nttId=10085314&depth=200068&depth2=200068&sort=1&pageUnit=100&searchCnd=1&pageIndex=1&programType=newsData&menuNo=200068&oldMenuNo=200068
02-금융안정보고서,금융안정보고서(2024년 6월),2024-06-26,안정분석팀,3. 복원력.pdf,https://www.bok.or.kr/portal/cmmn/file/fileDown.do?atchFileId=237727637c9f40bfadbac0b2d0a401fb&fileSn=3,02-금융안정보고서/2024-06-26_금융안정보고서(2024년 6월)/3. 복원력.pdf,863100,https://www.bok.or.kr/portal/bbs/P0000593/view.do?nttId=10085314&depth=200068&depth2=200068&sort=1&pageUnit=100&searchCnd=1&pageIndex=1&programType=newsData&menuNo=200068&oldMenuNo=200068
02-금융안정보고서,금융안정보고서(2024년 6월),2024-06-26,안정분석팀,참고6. 비은행금융기관 유동성 스트레스 테스트 결과.pdf,https://www.bok.or.kr/portal/cmmn/file/fileDown.do?atchFileId=237727637c9f40bfadbac0b2d0a401fb&fileSn=4,02-금융안정보고서/2024-06-26_금융안정보고서(2024년 6월)/참고6. 비은행금융기관 유동성 스트레스 테스트 결과.pdf,273415,https://www.bok.or.kr/portal/bbs/P0000593/view.do?nttId=10085314&depth=200068&depth2=200068&sort=1&pageUnit=100&searchCnd=1&pageIndex=1&programType=newsData&menuNo=200068&oldMenuNo=200068
02-금융안정보고서,금융안정보고서(2024년 6월),2024-06-26,안정분석팀,참고7. 주요국의 바젤Ⅲ 최종안 도입 현황 및 시사점.pdf,https://www.bok.or.kr/portal/cmmn/file/fileDown.do?atchFileId=237727637c9f40bfadbac0b2d0a401fb&fileSn=5,02-금융안정보고서/2024-06-26_금융안정보고서(2024년 6월)/참고7. 주요국의 바젤Ⅲ 최종안 도입 현황 및 시사점.pdf,281837,https://www.bok.or.kr/portal/bbs/P0000593/view.do?nttId=10085314&depth=200068&depth2=200068&sort=1&pageUnit=100&searchCnd=1&pageIndex=1&programType=newsData&menuNo=200068&oldMenuNo=200068
02-금융안정보고서,금융안정보고서(2024년 6월),2024-06-26,안정분석팀,4. 주요현안분석.pdf,https://www.bok.or.kr/portal/cmmn/file/fileDown.do?atchFileId=b3dfa47ed4ea481888ce005b959501c2&fileSn=1,02-금융안정보고서/2024-06-26_금융안정보고서(2024년 6월)/4. 주요현안분석.pdf,1608913,https://www.bok.or.kr/portal/bbs/P0000593/view.do?nttId=10085314&depth=200068&depth2=200068&sort=1&pageUnit=100&searchCnd=1&pageIndex=1&programType=newsData&menuNo=200068&oldMenuNo=200068
02-금융안정보고서,금융안정보고서(2024년 6월),2024-06-26,안정분석팀,현안1. 매크로레버리지 평가를 통한 금융시스템의 잠재리스크 점검.pdf,https://www.bok.or.kr/portal/cmmn/file/fileDown.do?atchFileId=b3dfa47ed4ea481888ce005b959501c2&fileSn=2,02-금융안정보고서/2024-06-26_금융안정보고서(2024년 6월)/현안1. 매크로레버리지 평가를 통한 금융시스템의 잠재리스크 점검.pdf,833371,https://www.bok.or.kr/portal/bbs/P0000593/view.do?nttId=10085314&depth=200068&depth2=200068&sort=1&pageUnit=100&searchCnd=1&pageIndex=1&programType=newsData&menuNo=200068&oldMenuNo=200068
02-금융안정보고서,금융안정보고서(2024년 6월),2024-06-26,안정분석팀,현안2. 마이크로데이터 기반 스트레스 테스트 모형 재구축 및 금융기관 복원력 점검.pdf,https://www.bok.or.kr/portal/cmmn/file/fileDown.do?atchFileId=b3dfa47ed4ea481888ce005b959501c2&fileSn=3,02-금융안정보고서/2024-06-26_금융안정보고서(2024년 6월)/현안2. 마이크로데이터 기반 스트레스 테스트 모형 재구축 및 금융기관 복원력 점검.pdf,1193932,https://www.bok.or.kr/portal/bbs/P0000593/view.do?nttId=10085314&depth=200068&depth2=200068&sort=1&pageUnit=100&searchCnd=1&pageIndex=1&programType=newsData&menuNo=200068&oldMenuNo=200068
02-금융안정보고서,금융안정보고서(2024년 6월),2024-06-26,안정분석팀,5. 부록.pdf,https://www.bok.or.kr/portal/cmmn/file/fileDown.do?atchFileId=b3dfa47ed4ea481888ce005b959501c2&fileSn=4,02-금융안정보고서/2024-06-26_금융안정보고서(2024년 6월)/5. 부록.pdf,235657,https://www.bok.or.kr/portal/bbs/P0000593/view.do?nttId=10085314&depth=200068&depth2=200068&sort=1&pageUnit=100&searchCnd=1&pageIndex=1&programType=newsData&menuNo=200068&oldMenuNo=200068
02-금융안정보고서,금융안정보고서(2024년 6월),2024-06-26,안정분석팀,금융안정보고서(2024년 6월).pdf,https://www.bok.or.kr/fileSrc/portal/8e82aa2ac834435c98d23b1f036836d1/1/7be28ea751164eb08a90c7601da7af27.pdf,02-금융안정보고서/2024-06-26_금융안정보고서(2024년 6월)/금융안정보고서(2024년 6월).pdf,5976680,https://www.bok.or.kr/portal/bbs/P0000593/view.do?nttId=10085314&depth=200068&depth2=200068&sort=1&pageUnit=100&searchCnd=1&pageIndex=1&programType=newsData&menuNo=200068&oldMenuNo=200068
02-금융안정보고서,금융안정보고서(2024년 6월),2024-06-26,안정분석팀,금융안정보고서(2024년 6월) 그림 데이터.xlsx,https://www.bok.or.kr/fileSrc/portal/8e82aa2ac834435c98d23b1f036836d1/2/99584610addc42cc8e5208fb117c941c.xlsx,02-금융안정보고서/2024-06-26_금융안정보고서(2024년 6월)/금융안정보고서(2024년 6월) 그림 데이터.xlsx,1897092,https://www.bok.or.kr/portal/bbs/P0000593/view.do?nttId=10085314&depth=200068&depth2=200068&sort=1&pageUnit=100&searchCnd=1&pageIndex=1&programType=newsData&menuNo=200068&oldMenuNo=200068
02-금융안정보고서,금융안정보고서(2024년 6월),2024-06-26,안정분석팀,FSR_Executive Summary (June 2024).pdf,https://www.bok.or.kr/fileSrc/portal/8e82aa2ac834435c98d23b1f036836d1/3/977835a689dd47109018c6b32a4abae6.pdf,02-금융안정보고서/2024-06-26_금융안정보고서(2024년 6월)/FSR_Executive Summary (June 2024).pdf,295293,https://www.bok.or.kr/portal/bbs/P0000593/view.do?nttId=10085314&depth=200068&depth2=200068&sort=1&pageUnit=100&searchCnd=1&pageIndex=1&programType=newsData&menuNo=200068&oldMenuNo=200068
02-금융안정보고서,금융안정보고서(2024년 6월),2024-06-26,안정분석팀,2. 금융안정상황_2.pdf,https://www.bok.or.kr/fileSrc/portal/8e82aa2ac834435c98d23b1f036836d1/5/68199f83df6c4e0095b3e41f5b396938.pdf,02-금융안정보고서/2024-06-26_금융안정보고서(2024년 6월)/2. 금융안정상황_2.pdf,2575568,https://www.bok.or.kr/portal/bbs/P0000593/view.do?nttId=10085314&depth=200068&depth2=200068&sort=1&pageUnit=100&searchCnd=1&pageIndex=1&programType=newsData&menuNo=200068&oldMenuNo=200068
02-금융안정보고서,금융안정보고서(2024년 6월),2024-06-26,안정분석팀,3. 복원력_2.pdf,https://www.bok.or.kr/fileSrc/portal/8e82aa2ac834435c98d23b1f036836d1/6/20b15dc6a05041e096c6af1439709719.pdf,02-금융안정보고서/2024-06-26_금융안정보고서(2024년 6월)/3. 복원력_2.pdf,1084560,https://www.bok.or.kr/portal/bbs/P0000593/view.do?nttId=10085314&depth=200068&depth2=200068&sort=1&pageUnit=100&searchCnd=1&pageIndex=1&programType=newsData&menuNo=200068&oldMenuNo=200068
02-금융안정보고서,금융안정보고서(2024년 6월),2024-06-26,안정분석팀,4. 주요현안분석_2.pdf,https://www.bok.or.kr/fileSrc/portal/8e82aa2ac834435c98d23b1f036836d1/7/55f9854a2df14688acdc629298789fb8.pdf,02-금융안정보고서/2024-06-26_금융안정보고서(2024년 6월)/4. 주요현안분석_2.pdf,2008062,https://www.bok.or.kr/portal/bbs/P0000593/view.do?nttId=10085314&depth=200068&depth2=200068&sort=1&pageUnit=100&searchCnd=1&pageIndex=1&programType=newsData&menuNo=200068&oldMenuNo=200068
02-금융안정보고서,금융안정보고서(2024년 6월),2024-06-26,안정분석팀,5. 부록_2.pdf,https://www.bok.or.kr/fileSrc/portal/8e82aa2ac834435c98d23b1f036836d1/8/9cecbce0fe6c404ba89f457110a64622.pdf,02-금융안정보고서/2024-06-26_금융안정보고서(2024년 6월)/5. 부록_2.pdf,299746,https://www.bok.or.kr/portal/bbs/P0000593/view.do?nttId=10085314&depth=200068&depth2=200068&sort=1&pageUnit=100&searchCnd=1&pageIndex=1&programType=newsData&menuNo=200068&oldMenuNo=200068
02-금융안정보고서,금융안정보고서(2024년 6월),2024-06-26,안정분석팀,6. 용어해설.pdf,https://www.bok.or.kr/fileSrc/portal/8e82aa2ac834435c98d23b1f036836d1/9/893697e17fc64e568ef24b71d4b10aec.pdf,02-금융안정보고서/2024-06-26_금융안정보고서(2024년 6월)/6. 용어해설.pdf,68323,https://www.bok.or.kr/portal/bbs/P0000593/view.do?nttId=10085314&depth=200068&depth2=200068&sort=1&pageUnit=100&searchCnd=1&pageIndex=1&programType=newsData&menuNo=200068&oldMenuNo=200068
02-금융안정보고서,금융안정보고서(2024년 6월),2024-06-26,안정분석팀,참고1. 최근 가계·자영업자 대출 동향 및 연체율 변동 특징_2.pdf,https://www.bok.or.kr/fileSrc/portal/8e82aa2ac834435c98d23b1f036836d1/10/a2cdc378539d449d8d2415891e322a0a.pdf,02-금융안정보고서/2024-06-26_금융안정보고서(2024년 6월)/참고1. 최근 가계·자영업자 대출 동향 및 연체율 변동 특징_2.pdf,399068,https://www.bok.or.kr/portal/bbs/P0000593/view.do?nttId=10085314&depth=200068&depth2=200068&sort=1&pageUnit=100&searchCnd=1&pageIndex=1&programType=newsData&menuNo=200068&oldMenuNo=200068
02-금융안정보고서,금융안정보고서(2024년 6월),2024-06-26,안정분석팀,참고2. 부동산PF 관련 금융 익스포저 현황 및 리스크 점검_2.pdf,https://www.bok.or.kr/fileSrc/portal/8e82aa2ac834435c98d23b1f036836d1/11/f330e9fbdb634fa6b5f0d6d48bbf0d97.pdf,02-금융안정보고서/2024-06-26_금융안정보고서(2024년 6월)/참고2. 부동산PF 관련 금융 익스포저 현황 및 리스크 점검_2.pdf,640751,https://www.bok.or.kr/portal/bbs/P0000593/view.do?nttId=10085314&depth=200068&depth2=200068&sort=1&pageUnit=100&searchCnd=1&pageIndex=1&programType=newsData&menuNo=200068&oldMenuNo=200068
02-금융안정보고서,금융안정보고서(2024년 6월),2024-06-26,안정분석팀,참고3. 금리국면별 은행 수익성 변화 요인 및 향후 주요 고려사항_2.pdf,https://www.bok.or.kr/fileSrc/portal/8e82aa2ac834435c98d23b1f036836d1/12/0e19e666f4a349df8bcd1aa020fd2de8.pdf,02-금융안정보고서/2024-06-26_금융안정보고서(2024년 6월)/참고3. 금리국면별 은행 수익성 변화 요인 및 향후 주요 고려사항_2.pdf,399259,https://www.bok.or.kr/portal/bbs/P0000593/view.do?nttId=10085314&depth=200068&depth2=200068&sort=1&pageUnit=100&searchCnd=1&pageIndex=1&programType=newsData&menuNo=200068&oldMenuNo=200068
02-금융안정보고서,금융안정보고서(2024년 6월),2024-06-26,안정분석팀,참고4. 비은행예금취급기관 자산건전성 평가 및 시사점_2.pdf,https://www.bok.or.kr/fileSrc/portal/8e82aa2ac834435c98d23b1f036836d1/13/1485a971ee2e4246942aa223238e195b.pdf,02-금융안정보고서/2024-06-26_금융안정보고서(2024년 6월)/참고4. 비은행예금취급기관 자산건전성 평가 및 시사점_2.pdf,320992,https://www.bok.or.kr/portal/bbs/P0000593/view.do?nttId=10085314&depth=200068&depth2=200068&sort=1&pageUnit=100&searchCnd=1&pageIndex=1&programType=newsData&menuNo=200068&oldMenuNo=200068
02-금융안정보고서,금융안정보고서(2024년 6월),2024-06-26,안정분석팀,참고5. 2022년 하반기와 최근 환율 상승기의 대내외 여건 비교_2.pdf,https://www.bok.or.kr/fileSrc/portal/8e82aa2ac834435c98d23b1f036836d1/14/0febed1cbc854e47920bcd5bc8f7a286.pdf,02-금융안정보고서/2024-06-26_금융안정보고서(2024년 6월)/참고5. 2022년 하반기와 최근 환율 상승기의 대내외 여건 비교_2.pdf,427713,https://www.bok.or.kr/portal/bbs/P0000593/view.do?nttId=10085314&depth=200068&depth2=200068&sort=1&pageUnit=100&searchCnd=1&pageIndex=1&programType=newsData&menuNo=200068&oldMenuNo=200068
02-금융안정보고서,금융안정보고서(2024년 6월),2024-06-26,안정분석팀,참고6. 비은행금융기관 유동성 스트레스 테스트 결과_2.pdf,https://www.bok.or.kr/fileSrc/portal/8e82aa2ac834435c98d23b1f036836d1/15/19a010dd8e7b4a41b0350166c77434dd.pdf,02-금융안정보고서/2024-06-26_금융안정보고서(2024년 6월)/참고6. 비은행금융기관 유동성 스트레스 테스트 결과_2.pdf,317096,https://www.bok.or.kr/portal/bbs/P0000593/view.do?nttId=10085314&depth=200068&depth2=200068&sort=1&pageUnit=100&searchCnd=1&pageIndex=1&programType=newsData&menuNo=200068&oldMenuNo=200068
02-금융안정보고서,금융안정보고서(2024년 6월),2024-06-26,안정분석팀,참고7. 주요국의 바젤Ⅲ 최종안 도입 현황 및 시사점_2.pdf,https://www.bok.or.kr/fileSrc/portal/8e82aa2ac834435c98d23b1f036836d1/16/04b85597e17d495aa096c1f83d364e05.pdf,02-금융안정보고서/2024-06-26_금융안정보고서(2024년 6월)/참고7. 주요국의 바젤Ⅲ 최종안 도입 현황 및 시사점_2.pdf,334246,https://www.bok.or.kr/portal/bbs/P0000593/view.do?nttId=10085314&depth=200068&depth2=200068&sort=1&pageUnit=100&searchCnd=1&pageIndex=1&programType=newsData&menuNo=200068&oldMenuNo=200068
02-금융안정보고서,금융안정보고서(2024년 6월),2024-06-26,안정분석팀,현안1. 매크로레버리지 평가를 통한 금융시스템의 잠재리스크 점검_2.pdf,https://www.bok.or.kr/fileSrc/portal/8e82aa2ac834435c98d23b1f036836d1/17/dfcbf693b7b04fc9a1ed4fa6e07033f0.pdf,02-금융안정보고서/2024-06-26_금융안정보고서(2024년 6월)/현안1. 매크로레버리지 평가를 통한 금융시스템의 잠재리스크 점검_2.pdf,1045207,https://www.bok.or.kr/portal/bbs/P0000593/view.do?nttId=10085314&depth=200068&depth2=200068&sort=1&pageUnit=100&searchCnd=1&pageIndex=1&programType=newsData&menuNo=200068&oldMenuNo=200068
02-금융안정보고서,금융안정보고서(2024년 6월),2024-06-26,안정분석팀,현안2. 마이크로데이터 기반 스트레스 테스트 모형 재구축 및 금융기관 복원력 점검_2.pdf,https://www.bok.or.kr/fileSrc/portal/8e82aa2ac834435c98d23b1f036836d1/18/b180a18613fe479db7b733f8e582ba20.pdf,02-금융안정보고서/2024-06-26_금융안정보고서(2024년 6월)/현안2. 마이크로데이터 기반 스트레스 테스트 모형 재구축 및 금융기관 복원력 점검_2.pdf,1420750,https://www.bok.or.kr/portal/bbs/P0000593/view.do?nttId=10085314&depth=200068&depth2=200068&sort=1&pageUnit=100&searchCnd=1&pageIndex=1&programType=newsData&menuNo=200068&oldMenuNo=200068
02-금융안정보고서,금융안정보고서(2023년 12월),2023-12-28,안정분석팀,참고 8. 국내 온실가스 배출권 거래시장 여건 및 시사점 (1).pdf,https://www.bok.or.kr/portal/cmmn/file/fileDown.do?atchFileId=a499a582cd244b83ae88d1fa6b13dab5&fileSn=1,02-금융안정보고서/2023-12-28_금융안정보고서(2023년 12월)/참고 8. 국내 온실가스 배출권 거래시장 여건 및 시사점 (1).pdf,318644,https://www.bok.or.kr/portal/bbs/P0000593/view.do?nttId=10081414&depth=200068&depth2=200068&sort=1&pageUnit=100&searchCnd=1&pageIndex=1&programType=newsData&menuNo=200068&oldMenuNo=200068
02-금융안정보고서,금융안정보고서(2023년 12월),2023-12-28,안정분석팀,참고 9. 시스템 리스크(systemic risk) 서베이 결과 (1).pdf,https://www.bok.or.kr/portal/cmmn/file/fileDown.do?atchFileId=a499a582cd244b83ae88d1fa6b13dab5&fileSn=2,02-금융안정보고서/2023-12-28_금융안정보고서(2023년 12월)/참고 9. 시스템 리스크(systemic risk) 서베이 결과 (1).pdf,266829,https://www.bok.or.kr/portal/bbs/P0000593/view.do?nttId=10081414&depth=200068&depth2=200068&sort=1&pageUnit=100&searchCnd=1&pageIndex=1&programType=newsData&menuNo=200068&oldMenuNo=200068
02-금융안정보고서,금융안정보고서(2023년 12월),2023-12-28,안정분석팀,현안 1. 최근 기업신용 확대 관련 리스크 점검 및 정책적 시사점 (1).pdf,https://www.bok.or.kr/portal/cmmn/file/fileDown.do?atchFileId=a499a582cd244b83ae88d1fa6b13dab5&fileSn=3,02-금융안정보고서/2023-12-28_금융안정보고서(2023년 12월)/현안 1. 최근 기업신용 확대 관련 리스크 점검 및 정책적 시사점 (1).pdf,919857,https://www.bok.or.kr/portal/bbs/P0000593/view.do?nttId=10081414&depth=200068&depth2=200068&sort=1&pageUnit=100&searchCnd=1&pageIndex=1&programType=newsData&menuNo=200068&oldMenuNo=200068
02-금융안정보고서,금융안정보고서(2023년 12월),2023-12-28,안정분석팀,현안 2. 은행 및 비은행 예금취급기관의 주요 리스크 점검 (1).pdf,https://www.bok.or.kr/portal/cmmn/file/fileDown.do?atchFileId=a499a582cd244b83ae88d1fa6b13dab5&fileSn=4,02-금융안정보고서/2023-12-28_금융안정보고서(2023년 12월)/현안 2. 은행 및 비은행 예금취급기관의 주요 리스크 점검 (1).pdf,1226888,https://www.bok.or.kr/portal/bbs/P0000593/view.do?nttId=10081414&depth=200068&depth2=200068&sort=1&pageUnit=100&searchCnd=1&pageIndex=1&programType=newsData&menuNo=200068&oldMenuNo=200068
02-금융안정보고서,금융안정보고서(2023년 12월),2023-12-28,안정분석팀,금융안정보고서(2023년 12월).pdf,https://www.bok.or.kr/fileSrc/portal/a4d2c8ba50ab77c1a970c08805a93533/1/202401110135122180.pdf,02-금융안정보고서/2023-12-28_금융안정보고서(2023년 12월)/금융안정보고서(2023년 12월).pdf,4805166,https://www.bok.or.kr/portal/bbs/P0000593/view.do?nttId=10081414&depth=200068&depth2=200068&sort=1&pageUnit=100&searchCnd=1&pageIndex=1&programType=newsData&menuNo=200068&oldMenuNo=200068
02-금융안정보고서,금융안정보고서(2023년 12월),2023-12-28,안정분석팀,금융안정보고서(2023년 12월) 그림 데이터.xlsx,https://www.bok.or.kr/fileSrc/portal/a4d2c8ba50ab77c1a970c08805a93533/2/202401110135122571.xlsx,02-금융안정보고서/2023-12-28_금융안정보고서(2023년 12월)/금융안정보고서(2023년 12월) 그림 데이터.xlsx,1328987,https://www.bok.or.kr/portal/bbs/P0000593/view.do?nttId=10081414&depth=200068&depth2=200068&sort=1&pageUnit=100&searchCnd=1&pageIndex=1&programType=newsData&menuNo=200068&oldMenuNo=200068
02-금융안정보고서,금융안정보고서(2023년 12월),2023-12-28,안정분석팀,FSR_Executive Summary (December 2023).pdf,https://www.bok.or.kr/fileSrc/portal/a4d2c8ba50ab77c1a970c08805a93533/3/202401110135122632.pdf,02-금융안정보고서/2023-12-28_금융안정보고서(2023년 12월)/FSR_Executive Summary (December 2023).pdf,255630,https://www.bok.or.kr/portal/bbs/P0000593/view.do?nttId=10081414&depth=200068&depth2=200068&sort=1&pageUnit=100&searchCnd=1&pageIndex=1&programType=newsData&menuNo=200068&oldMenuNo=200068
02-금융안정보고서,금융안정보고서(2023년 12월),2023-12-28,안정분석팀,1. 개관.pdf,https://www.bok.or.kr/fileSrc/portal/a4d2c8ba50ab77c1a970c08805a93533/4/202401110135122933.pdf,02-금융안정보고서/2023-12-28_금융안정보고서(2023년 12월)/1. 개관.pdf,456116,https://www.bok.or.kr/portal/bbs/P0000593/view.do?nttId=10081414&depth=200068&depth2=200068&sort=1&pageUnit=100&searchCnd=1&pageIndex=1&programType=newsData&menuNo=200068&oldMenuNo=200068
02-금융안정보고서,금융안정보고서(2023년 12월),2023-12-28,안정분석팀,2. 금융안정상황.pdf,https://www.bok.or.kr/fileSrc/portal/a4d2c8ba50ab77c1a970c08805a93533/5/202401110135123024.pdf,02-금융안정보고서/2023-12-28_금융안정보고서(2023년 12월)/2. 금융안정상황.pdf,2422630,https://www.bok.or.kr/portal/bbs/P0000593/view.do?nttId=10081414&depth=200068&depth2=200068&sort=1&pageUnit=100&searchCnd=1&pageIndex=1&programType=newsData&menuNo=200068&oldMenuNo=200068
02-금융안정보고서,금융안정보고서(2023년 12월),2023-12-28,안정분석팀,3. 복원력.pdf,https://www.bok.or.kr/fileSrc/portal/a4d2c8ba50ab77c1a970c08805a93533/6/202401110135123135.pdf,02-금융안정보고서/2023-12-28_금융안정보고서(2023년 12월)/3. 복원력.pdf,1107523,https://www.bok.or.kr/portal/bbs/P0000593/view.do?nttId=10081414&depth=200068&depth2=200068&sort=1&pageUnit=100&searchCnd=1&pageIndex=1&programType=newsData&menuNo=200068&oldMenuNo=200068
02-금융안정보고서,금융안정보고서(2023년 12월),2023-12-28,안정분석팀,4. 종합평가.pdf,https://www.bok.or.kr/fileSrc/portal/a4d2c8ba50ab77c1a970c08805a93533/7/202401110135123186.pdf,02-금융안정보고서/2023-12-28_금융안정보고서(2023년 12월)/4. 종합평가.pdf,843082,https://www.bok.or.kr/portal/bbs/P0000593/view.do?nttId=10081414&depth=200068&depth2=200068&sort=1&pageUnit=100&searchCnd=1&pageIndex=1&programType=newsData&menuNo=200068&oldMenuNo=200068
02-금융안정보고서,금융안정보고서(2023년 12월),2023-12-28,안정분석팀,5. 주요 현안 분석.pdf,https://www.bok.or.kr/fileSrc/portal/a4d2c8ba50ab77c1a970c08805a93533/8/202401110135123217.pdf,02-금융안정보고서/2023-12-28_금융안정보고서(2023년 12월)/5. 주요 현안 분석.pdf,1573175,https://www.bok.or.kr/portal/bbs/P0000593/view.do?nttId=10081414&depth=200068&depth2=200068&sort=1&pageUnit=100&searchCnd=1&pageIndex=1&programType=newsData&menuNo=200068&oldMenuNo=200068
02-금융안정보고서,금융안정보고서(2023년 12월),2023-12-28,안정분석팀,6. 부록.pdf,https://www.bok.or.kr/fileSrc/portal/a4d2c8ba50ab77c1a970c08805a93533/9/202401110135123308.pdf,02-금융안정보고서/2023-12-28_금융안정보고서(2023년 12월)/6. 부록.pdf,283586,https://www.bok.or.kr/portal/bbs/P0000593/view.do?nttId=10081414&depth=200068&depth2=200068&sort=1&pageUnit=100&searchCnd=1&pageIndex=1&programType=newsData&menuNo=200068&oldMenuNo=200068
02-금융안정보고서,금융안정보고서(2023년 12월),2023-12-28,안정분석팀,7. 용어해설.pdf,https://www.bok.or.kr/fileSrc/portal/a4d2c8ba50ab77c1a970c08805a93533/10/202401110135123329.pdf,02-금융안정보고서/2023-12-28_금융안정보고서(2023년 12월)/7. 용어해설.pdf,1977950,https://www.bok.or.kr/portal/bbs/P0000593/view.do?nttId=10081414&depth=200068&depth2=200068&sort=1&pageUnit=100&searchCnd=1&pageIndex=1&programType=newsData&menuNo=200068&oldMenuNo=200068
02-금융안정보고서,금융안정보고서(2023년 12월),2023-12-28,안정분석팀,참고 1. 최근 가계대출 증가의 주요 특징과 시사점.pdf,https://www.bok.or.kr/fileSrc/portal/a4d2c8ba50ab77c1a970c08805a93533/11/2024011101351234110.pdf,02-금융안정보고서/2023-12-28_금융안정보고서(2023년 12월)/참고 1. 최근 가계대출 증가의 주요 특징과 시사점.pdf,319779,https://www.bok.or.kr/portal/bbs/P0000593/view.do?nttId=10081414&depth=200068&depth2=200068&sort=1&pageUnit=100&searchCnd=1&pageIndex=1&programType=newsData&menuNo=200068&oldMenuNo=200068
02-금융안정보고서,금융안정보고서(2023년 12월),2023-12-28,안정분석팀,참고 2. 최근 자영업자대출 동향 및 연체 현황 점검.pdf,https://www.bok.or.kr/fileSrc/portal/a4d2c8ba50ab77c1a970c08805a93533/12/2024011101351234211.pdf,02-금융안정보고서/2023-12-28_금융안정보고서(2023년 12월)/참고 2. 최근 자영업자대출 동향 및 연체 현황 점검.pdf,269019,https://www.bok.or.kr/portal/bbs/P0000593/view.do?nttId=10081414&depth=200068&depth2=200068&sort=1&pageUnit=100&searchCnd=1&pageIndex=1&programType=newsData&menuNo=200068&oldMenuNo=200068
02-금융안정보고서,금융안정보고서(2023년 12월),2023-12-28,안정분석팀,참고 3. 최근 상업용 부동산 담보대출 동향 및 리스크 점검.pdf,https://www.bok.or.kr/fileSrc/portal/a4d2c8ba50ab77c1a970c08805a93533/13/2024011101351234312.pdf,02-금융안정보고서/2023-12-28_금융안정보고서(2023년 12월)/참고 3. 최근 상업용 부동산 담보대출 동향 및 리스크 점검.pdf,327289,https://www.bok.or.kr/portal/bbs/P0000593/view.do?nttId=10081414&depth=200068&depth2=200068&sort=1&pageUnit=100&searchCnd=1&pageIndex=1&programType=newsData&menuNo=200068&oldMenuNo=200068
02-금융안정보고서,금융안정보고서(2023년 12월),2023-12-28,안정분석팀,참고 4. 국내 비은행금융중개(NBFI)의 현황 및 특징.pdf,https://www.bok.or.kr/fileSrc/portal/a4d2c8ba50ab77c1a970c08805a93533/14/2024011101351234513.pdf,02-금융안정보고서/2023-12-28_금융안정보고서(2023년 12월)/참고 4. 국내 비은행금융중개(NBFI)의 현황 및 특징.pdf,322227,https://www.bok.or.kr/portal/bbs/P0000593/view.do?nttId=10081414&depth=200068&depth2=200068&sort=1&pageUnit=100&searchCnd=1&pageIndex=1&programType=newsData&menuNo=200068&oldMenuNo=200068
02-금융안정보고서,금융안정보고서(2023년 12월),2023-12-28,안정분석팀,참고 5. 최근 외국인 증권투자자금 유출입의 특징 및 평가.pdf,https://www.bok.or.kr/fileSrc/portal/a4d2c8ba50ab77c1a970c08805a93533/15/2024011101351234614.pdf,02-금융안정보고서/2023-12-28_금융안정보고서(2023년 12월)/참고 5. 최근 외국인 증권투자자금 유출입의 특징 및 평가.pdf,313867,https://www.bok.or.kr/portal/bbs/P0000593/view.do?nttId=10081414&depth=200068&depth2=200068&sort=1&pageUnit=100&searchCnd=1&pageIndex=1&programType=newsData&menuNo=200068&oldMenuNo=200068
02-금융안정보고서,금융안정보고서(2023년 12월),2023-12-28,안정분석팀,참고 6. 증권회사･여전사의 자금조달 여건 평가 및 시사점.pdf,https://www.bok.or.kr/fileSrc/portal/a4d2c8ba50ab77c1a970c08805a93533/16/2024011101351234715.pdf,02-금융안정보고서/2023-12-28_금융안정보고서(2023년 12월)/참고 6. 증권회사･여전사의 자금조달 여건 평가 및 시사점.pdf,302156,https://www.bok.or.kr/portal/bbs/P0000593/view.do?nttId=10081414&depth=200068&depth2=200068&sort=1&pageUnit=100&searchCnd=1&pageIndex=1&programType=newsData&menuNo=200068&oldMenuNo=200068
02-금융안정보고서,금융안정보고서(2023년 12월),2023-12-28,안정분석팀,참고 7. 금융불안지수(FSI) 개편 결과.pdf,https://www.bok.or.kr/fileSrc/portal/a4d2c8ba50ab77c1a970c08805a93533/17/2024011101351234916.pdf,02-금융안정보고서/2023-12-28_금융안정보고서(2023년 12월)/참고 7. 금융불안지수(FSI) 개편 결과.pdf,315776,https://www.bok.or.kr/portal/bbs/P0000593/view.do?nttId=10081414&depth=200068&depth2=200068&sort=1&pageUnit=100&searchCnd=1&pageIndex=1&programType=newsData&menuNo=200068&oldMenuNo=200068
03-경제전망보고서,경제전망보고서(2026년 8월),2026-08-27,"조사국, 경제모형실",2026년 8월 경제전망보고서_FF.pdf,https://www.bok.or.kr/fileSrc/portal/dfe965a8e38a4e4b9fd1a6989a7ee18e/1/3aa17ed0ffd64f55b9c74755d3c622ae.pdf,03-경제전망보고서/2026-08-27_경제전망보고서(2026년 8월)/2026년 8월 경제전망보고서_FF.pdf,3720615,https://www.bok.or.kr/portal/bbs/P0002359/view.do?nttId=11064210&depth=200066&depth2=200066&sort=1&pageUnit=100&searchCnd=1&pageIndex=1&programType=newsData&menuNo=200066&oldMenuNo=200066
03-경제전망보고서,경제전망보고서(2026년 5월),2026-05-28,"조사국, 경제모형실",2026년 5월 경제전망보고서(Indigo Book)_F4.pdf,https://www.bok.or.kr/fileSrc/portal/411de844aef442e7ad07896b7bbe2eef/1/4e0f66601a6a4f95ac4164f9286de537.pdf,03-경제전망보고서/2026-05-28_경제전망보고서(2026년 5월)/2026년 5월 경제전망보고서(Indigo Book)_F4.pdf,10711393,https://www.bok.or.kr/portal/bbs/P0002359/view.do?nttId=10098209&depth=200066&depth2=200066&sort=1&pageUnit=100&searchCnd=1&pageIndex=1&programType=newsData&menuNo=200066&oldMenuNo=200066
03-경제전망보고서,경제전망보고서(2026년 2월),2026-02-26,"조사국, 경제모형실",2026년 2월 경제전망보고서(Indigo Book)_FFF.pdf,https://www.bok.or.kr/fileSrc/portal/abee0d98aefe40b8abadc5744ec5d613/1/8e9cda349b1049f8be89054aa1d21d18.pdf,03-경제전망보고서/2026-02-26_경제전망보고서(2026년 2월)/2026년 2월 경제전망보고서(Indigo Book)_FFF.pdf,8998527,https://www.bok.or.kr/portal/bbs/P0002359/view.do?nttId=10096683&depth=200066&depth2=200066&sort=1&pageUnit=100&searchCnd=1&pageIndex=1&programType=newsData&menuNo=200066&oldMenuNo=200066
03-경제전망보고서,경제전망보고서(2026년 2월),2026-02-26,"조사국, 경제모형실",한국은행 경제전망 결과 리뷰_FF_게시용.pdf,https://www.bok.or.kr/fileSrc/portal/abee0d98aefe40b8abadc5744ec5d613/2/a66993b609f44ebe852951a8077ae776.pdf,03-경제전망보고서/2026-02-26_경제전망보고서(2026년 2월)/한국은행 경제전망 결과 리뷰_FF_게시용.pdf,614506,https://www.bok.or.kr/portal/bbs/P0002359/view.do?nttId=10096683&depth=200066&depth2=200066&sort=1&pageUnit=100&searchCnd=1&pageIndex=1&programType=newsData&menuNo=200066&oldMenuNo=200066
03-경제전망보고서,경제전망보고서(2025년 11월),2025-11-27,"조사국, 경제모형실",2025년 11월 경제전망보고서(Indigo Book)_F4.pdf,https://www.bok.or.kr/fileSrc/portal/2d0d7d85a73244d1aca9059f02f47aa0/1/2a02451c23404621af8522b49636443a.pdf,03-경제전망보고서/2025-11-27_경제전망보고서(2025년 11월)/2025년 11월 경제전망보고서(Indigo Book)_F4.pdf,17435251,https://www.bok.or.kr/portal/bbs/P0002359/view.do?nttId=10094817&depth=200066&depth2=200066&sort=1&pageUnit=100&searchCnd=1&pageIndex=1&programType=newsData&menuNo=200066&oldMenuNo=200066
03-경제전망보고서,경제전망보고서(2025년 8월),2025-08-28,"조사국, 경제모형실",2025년 8월 경제전망보고서(Indigo Book)_fff.pdf,https://www.bok.or.kr/fileSrc/portal/d873ecaa7b4b47539c3be0c73320f394/1/48421f25b1d540deb331871c8be9b275.pdf,03-경제전망보고서/2025-08-28_경제전망보고서(2025년 8월)/2025년 8월 경제전망보고서(Indigo Book)_fff.pdf,9181531,https://www.bok.or.kr/portal/bbs/P0002359/view.do?nttId=10093259&depth=200066&depth2=200066&sort=1&pageUnit=100&searchCnd=1&pageIndex=1&programType=newsData&menuNo=200066&oldMenuNo=200066
03-경제전망보고서,경제전망보고서(2025년 5월),2025-05-29,조사국·경제모형실,2025년 5월 경제전망보고서(Indigo Book)_FFF.pdf,https://www.bok.or.kr/fileSrc/portal/f4e84470826d43dbb68975127f1eb8ac/1/e3fb83fa6a7643c2afa49945d3c7d6ed.pdf,03-경제전망보고서/2025-05-29_경제전망보고서(2025년 5월)/2025년 5월 경제전망보고서(Indigo Book)_FFF.pdf,8199771,https://www.bok.or.kr/portal/bbs/P0002359/view.do?nttId=10091650&depth=200066&depth2=200066&sort=1&pageUnit=100&searchCnd=1&pageIndex=1&programType=newsData&menuNo=200066&oldMenuNo=200066
03-경제전망보고서,경제전망보고서(2025년 2월),2025-02-25,조사국·경제모형실,2025년 2월 경제전망보고서(Indigo Book)_FFFF.pdf,https://www.bok.or.kr/fileSrc/portal/8758a03a95cd4447ba5efc3c7daea835/1/eea0ed4d850e40458a3ed8726f234dc9.pdf,03-경제전망보고서/2025-02-25_경제전망보고서(2025년 2월)/2025년 2월 경제전망보고서(Indigo Book)_FFFF.pdf,4968703,https://www.bok.or.kr/portal/bbs/P0002359/view.do?nttId=10089959&depth=200066&depth2=200066&sort=1&pageUnit=100&searchCnd=1&pageIndex=1&programType=newsData&menuNo=200066&oldMenuNo=200066
03-경제전망보고서,경제전망보고서(2024년 11월),2024-11-28,조사국·경제모형실,2024년 11월 경제전망보고서(Indigo Book)_FFFFF.pdf,https://www.bok.or.kr/fileSrc/portal/686e75f27bf04f44a8c7c8ad6d32b4bf/1/4667448d69fb4ea18b336c9f7dcfa8dd.pdf,03-경제전망보고서/2024-11-28_경제전망보고서(2024년 11월)/2024년 11월 경제전망보고서(Indigo Book)_FFFFF.pdf,9676393,https://www.bok.or.kr/portal/bbs/P0002359/view.do?nttId=10088282&depth=200066&depth2=200066&sort=1&pageUnit=100&searchCnd=1&pageIndex=1&programType=newsData&menuNo=200066&oldMenuNo=200066
03-경제전망보고서,경제전망보고서(2024년 8월),2024-08-22,조사국·경제모형실,2024년 8월 경제전망보고서(Indigo Book)_241029ff.pdf,https://www.bok.or.kr/fileSrc/portal/f178de6a9c6445049fb49915c8cdda81/1/9958c319d9514984a9b021da5aad6206.pdf,03-경제전망보고서/2024-08-22_경제전망보고서(2024년 8월)/2024년 8월 경제전망보고서(Indigo Book)_241029ff.pdf,7389399,https://www.bok.or.kr/portal/bbs/P0002359/view.do?nttId=10086579&depth=200066&depth2=200066&sort=1&pageUnit=100&searchCnd=1&pageIndex=1&programType=newsData&menuNo=200066&oldMenuNo=200066
03-경제전망보고서,경제전망보고서(2024년 8월),2024-08-22,조사국·경제모형실,경제전망 요약.pdf,https://www.bok.or.kr/fileSrc/portal/f178de6a9c6445049fb49915c8cdda81/2/dde15dcfe0ce4ee1ba4990df1a88e0f0.pdf,03-경제전망보고서/2024-08-22_경제전망보고서(2024년 8월)/경제전망 요약.pdf,1044916,https://www.bok.or.kr/portal/bbs/P0002359/view.do?nttId=10086579&depth=200066&depth2=200066&sort=1&pageUnit=100&searchCnd=1&pageIndex=1&programType=newsData&menuNo=200066&oldMenuNo=200066
03-경제전망보고서,경제전망보고서(2024년 8월),2024-08-22,조사국·경제모형실,I. 국내외 여건 및 전망ff.pdf,https://www.bok.or.kr/fileSrc/portal/f178de6a9c6445049fb49915c8cdda81/3/28f7e8e946414fa68dcd9eec43f985b4.pdf,03-경제전망보고서/2024-08-22_경제전망보고서(2024년 8월)/I. 국내외 여건 및 전망ff.pdf,3567631,https://www.bok.or.kr/portal/bbs/P0002359/view.do?nttId=10086579&depth=200066&depth2=200066&sort=1&pageUnit=100&searchCnd=1&pageIndex=1&programType=newsData&menuNo=200066&oldMenuNo=200066
03-경제전망보고서,경제전망보고서(2024년 8월),2024-08-22,조사국·경제모형실,[BOX 1] 최근 미국 경기흐름에 대한 평가.pdf,https://www.bok.or.kr/fileSrc/portal/f178de6a9c6445049fb49915c8cdda81/4/cb53234c627d4030923bb6cacf8b62dd.pdf,03-경제전망보고서/2024-08-22_경제전망보고서(2024년 8월)/[BOX 1] 최근 미국 경기흐름에 대한 평가.pdf,421195,https://www.bok.or.kr/portal/bbs/P0002359/view.do?nttId=10086579&depth=200066&depth2=200066&sort=1&pageUnit=100&searchCnd=1&pageIndex=1&programType=newsData&menuNo=200066&oldMenuNo=200066
03-경제전망보고서,경제전망보고서(2024년 8월),2024-08-22,조사국·경제모형실,[BOX 2] 미국 성장세가 둔화될 경우 對미 수출에 대한 영향 점검.pdf,https://www.bok.or.kr/fileSrc/portal/f178de6a9c6445049fb49915c8cdda81/5/0e78f4baacfa40dfa2fb59ac69573d71.pdf,03-경제전망보고서/2024-08-22_경제전망보고서(2024년 8월)/[BOX 2] 미국 성장세가 둔화될 경우 對미 수출에 대한 영향 점검.pdf,459119,https://www.bok.or.kr/portal/bbs/P0002359/view.do?nttId=10086579&depth=200066&depth2=200066&sort=1&pageUnit=100&searchCnd=1&pageIndex=1&programType=newsData&menuNo=200066&oldMenuNo=200066
03-경제전망보고서,경제전망보고서(2024년 8월),2024-08-22,조사국·경제모형실,[BOX 3] 최근 민간소비 흐름 평가.pdf,https://www.bok.or.kr/fileSrc/portal/f178de6a9c6445049fb49915c8cdda81/6/4603b36b5d37466db64633a1dc84daf6.pdf,03-경제전망보고서/2024-08-22_경제전망보고서(2024년 8월)/[BOX 3] 최근 민간소비 흐름 평가.pdf,835771,https://www.bok.or.kr/portal/bbs/P0002359/view.do?nttId=10086579&depth=200066&depth2=200066&sort=1&pageUnit=100&searchCnd=1&pageIndex=1&programType=newsData&menuNo=200066&oldMenuNo=200066
03-경제전망보고서,경제전망보고서(2024년 8월),2024-08-22,조사국·경제모형실,[BOX 4] 부문별 물가상황 평가 및 머신러닝을 이용한 단기 물가 흐름 예측.pdf,https://www.bok.or.kr/fileSrc/portal/f178de6a9c6445049fb49915c8cdda81/7/01c98ff95a5147a99b10b086713940c1.pdf,03-경제전망보고서/2024-08-22_경제전망보고서(2024년 8월)/[BOX 4] 부문별 물가상황 평가 및 머신러닝을 이용한 단기 물가 흐름 예측.pdf,989871,https://www.bok.or.kr/portal/bbs/P0002359/view.do?nttId=10086579&depth=200066&depth2=200066&sort=1&pageUnit=100&searchCnd=1&pageIndex=1&programType=newsData&menuNo=200066&oldMenuNo=200066
03-경제전망보고서,경제전망보고서(2024년 8월),2024-08-22,조사국·경제모형실,[BOX 5] 향후 1년간 분기별 전망경로.pdf,https://www.bok.or.kr/fileSrc/portal/f178de6a9c6445049fb49915c8cdda81/8/c9efda9a9ce24d14bcf34e34e2aec7df.pdf,03-경제전망보고서/2024-08-22_경제전망보고서(2024년 8월)/[BOX 5] 향후 1년간 분기별 전망경로.pdf,419794,https://www.bok.or.kr/portal/bbs/P0002359/view.do?nttId=10086579&depth=200066&depth2=200066&sort=1&pageUnit=100&searchCnd=1&pageIndex=1&programType=newsData&menuNo=200066&oldMenuNo=200066
03-경제전망보고서,경제전망보고서(2024년 8월),2024-08-22,조사국·경제모형실,II. 핵심이슈 - 공급망 연계성을 고려한 對중국 수출 평가와 시사점ff.pdf,https://www.bok.or.kr/fileSrc/portal/f178de6a9c6445049fb49915c8cdda81/9/43f15de2e00c42149de961c134f3d34e.pdf,03-경제전망보고서/2024-08-22_경제전망보고서(2024년 8월)/II. 핵심이슈 - 공급망 연계성을 고려한 對중국 수출 평가와 시사점ff.pdf,1646852,https://www.bok.or.kr/portal/bbs/P0002359/view.do?nttId=10086579&depth=200066&depth2=200066&sort=1&pageUnit=100&searchCnd=1&pageIndex=1&programType=newsData&menuNo=200066&oldMenuNo=200066
03-경제전망보고서,경제전망보고서(2024년 5월),2024-05-23,조사총괄팀,2024년 5월 경제전망보고서(Indigo Book).pdf,https://www.bok.or.kr/fileSrc/portal/a3c69d37686c908e5bce981115a9969e/11/6d2099c068044d10a6914526fb912a03.pdf,03-경제전망보고서/2024-05-23_경제전망보고서(2024년 5월)/2024년 5월 경제전망보고서(Indigo Book).pdf,9595215,https://www.bok.or.kr/portal/bbs/P0002359/view.do?nttId=10084275&depth=200066&depth2=200066&sort=1&pageUnit=100&searchCnd=1&pageIndex=1&programType=newsData&menuNo=200066&oldMenuNo=200066
03-경제전망보고서,경제전망보고서(2024년 5월),2024-05-23,조사총괄팀,부문별 담당자.pdf,https://www.bok.or.kr/fileSrc/portal/a3c69d37686c908e5bce981115a9969e/12/4c3d62d2f30d40d3b8299c8261f8bb19.pdf,03-경제전망보고서/2024-05-23_경제전망보고서(2024년 5월)/부문별 담당자.pdf,322327,https://www.bok.or.kr/portal/bbs/P0002359/view.do?nttId=10084275&depth=200066&depth2=200066&sort=1&pageUnit=100&searchCnd=1&pageIndex=1&programType=newsData&menuNo=200066&oldMenuNo=200066
03-경제전망보고서,경제전망보고서(2024년 5월),2024-05-23,조사총괄팀,차 례.pdf,https://www.bok.or.kr/fileSrc/portal/a3c69d37686c908e5bce981115a9969e/13/a9fcb59af953494084d22619deb0c17a.pdf,03-경제전망보고서/2024-05-23_경제전망보고서(2024년 5월)/차 례.pdf,280646,https://www.bok.or.kr/portal/bbs/P0002359/view.do?nttId=10084275&depth=200066&depth2=200066&sort=1&pageUnit=100&searchCnd=1&pageIndex=1&programType=newsData&menuNo=200066&oldMenuNo=200066
03-경제전망보고서,경제전망보고서(2024년 5월),2024-05-23,조사총괄팀,경제전망 요약.pdf,https://www.bok.or.kr/fileSrc/portal/a3c69d37686c908e5bce981115a9969e/14/adbcc7dac7f141d5a76936e69aafe50c.pdf,03-경제전망보고서/2024-05-23_경제전망보고서(2024년 5월)/경제전망 요약.pdf,1346812,https://www.bok.or.kr/portal/bbs/P0002359/view.do?nttId=10084275&depth=200066&depth2=200066&sort=1&pageUnit=100&searchCnd=1&pageIndex=1&programType=newsData&menuNo=200066&oldMenuNo=200066
03-경제전망보고서,경제전망보고서(2024년 5월),2024-05-23,조사총괄팀,I. 국내외 여건 및 전망.pdf,https://www.bok.or.kr/fileSrc/portal/a3c69d37686c908e5bce981115a9969e/15/ab402fe3f4f149ee9fac53ea65a80422.pdf,03-경제전망보고서/2024-05-23_경제전망보고서(2024년 5월)/I. 국내외 여건 및 전망.pdf,5174613,https://www.bok.or.kr/portal/bbs/P0002359/view.do?nttId=10084275&depth=200066&depth2=200066&sort=1&pageUnit=100&searchCnd=1&pageIndex=1&programType=newsData&menuNo=200066&oldMenuNo=200066
03-경제전망보고서,경제전망보고서(2024년 5월),2024-05-23,조사총괄팀,[BOX 1] 최근 G2 경제상황에 대한 평가 및 시사점.pdf,https://www.bok.or.kr/fileSrc/portal/a3c69d37686c908e5bce981115a9969e/16/3583b6c14ee5437c8f7a34a9cc1be343.pdf,03-경제전망보고서/2024-05-23_경제전망보고서(2024년 5월)/[BOX 1] 최근 G2 경제상황에 대한 평가 및 시사점.pdf,388422,https://www.bok.or.kr/portal/bbs/P0002359/view.do?nttId=10084275&depth=200066&depth2=200066&sort=1&pageUnit=100&searchCnd=1&pageIndex=1&programType=newsData&menuNo=200066&oldMenuNo=200066
03-경제전망보고서,경제전망보고서(2024년 5월),2024-05-23,조사총괄팀,[BOX 2] 최근 반도체 경기 상황 점검.pdf,https://www.bok.or.kr/fileSrc/portal/a3c69d37686c908e5bce981115a9969e/17/85e50d9a1d1d47edbc6d2d680c9f1ad2.pdf,03-경제전망보고서/2024-05-23_경제전망보고서(2024년 5월)/[BOX 2] 최근 반도체 경기 상황 점검.pdf,421828,https://www.bok.or.kr/portal/bbs/P0002359/view.do?nttId=10084275&depth=200066&depth2=200066&sort=1&pageUnit=100&searchCnd=1&pageIndex=1&programType=newsData&menuNo=200066&oldMenuNo=200066
03-경제전망보고서,경제전망보고서(2024년 5월),2024-05-23,조사총괄팀,II. [핵심이슈] 고물가와 소비-가계의 소비바스켓과 금융자산에 따른 이질적인 영향을 중심으로.pdf,https://www.bok.or.kr/fileSrc/portal/a3c69d37686c908e5bce981115a9969e/18/b2c519cfdfb44c6aa037b311052cb04c.pdf,03-경제전망보고서/2024-05-23_경제전망보고서(2024년 5월)/II. [핵심이슈] 고물가와 소비-가계의 소비바스켓과 금융자산에 따른 이질적인 영향을 중심으로.pdf,2667735,https://www.bok.or.kr/portal/bbs/P0002359/view.do?nttId=10084275&depth=200066&depth2=200066&sort=1&pageUnit=100&searchCnd=1&pageIndex=1&programType=newsData&menuNo=200066&oldMenuNo=200066
03-경제전망보고서,경제전망보고서(2024년 5월),2024-05-23,조사총괄팀,III. [중장기 심층연구] 혁신과 경제성장-우리나라 기업의 혁신활동 분석 및 평가.pdf,https://www.bok.or.kr/fileSrc/portal/a3c69d37686c908e5bce981115a9969e/19/e4ea642765de4230ad6a650636f23c6e.pdf,03-경제전망보고서/2024-05-23_경제전망보고서(2024년 5월)/III. [중장기 심층연구] 혁신과 경제성장-우리나라 기업의 혁신활동 분석 및 평가.pdf,1637236,https://www.bok.or.kr/portal/bbs/P0002359/view.do?nttId=10084275&depth=200066&depth2=200066&sort=1&pageUnit=100&searchCnd=1&pageIndex=1&programType=newsData&menuNo=200066&oldMenuNo=200066
03-경제전망보고서,경제전망보고서(2024년 5월),2024-05-23,조사총괄팀,(부록) 국내외 경제지표.pdf,https://www.bok.or.kr/fileSrc/portal/a3c69d37686c908e5bce981115a9969e/20/d4f0f2f1262c41a2a6f760e03642c8b5.pdf,03-경제전망보고서/2024-05-23_경제전망보고서(2024년 5월)/(부록) 국내외 경제지표.pdf,406504,https://www.bok.or.kr/portal/bbs/P0002359/view.do?nttId=10084275&depth=200066&depth2=200066&sort=1&pageUnit=100&searchCnd=1&pageIndex=1&programType=newsData&menuNo=200066&oldMenuNo=200066
03-경제전망보고서,경제전망보고서(2024년 2월),2024-02-22,조사총괄팀,2024년 2월 경제전망보고서(Indigo Book).pdf,https://www.bok.or.kr/fileSrc/portal/d7aee0196e778699222be55384156021/1/202402290251197820.pdf,03-경제전망보고서/2024-02-22_경제전망보고서(2024년 2월)/2024년 2월 경제전망보고서(Indigo Book).pdf,5120387,https://www.bok.or.kr/portal/bbs/P0002359/view.do?nttId=10082593&depth=200066&depth2=200066&sort=1&pageUnit=100&searchCnd=1&pageIndex=1&programType=newsData&menuNo=200066&oldMenuNo=200066
03-경제전망보고서,경제전망보고서(2024년 2월),2024-02-22,조사총괄팀,부문별 담당자.pdf,https://www.bok.or.kr/fileSrc/portal/d7aee0196e778699222be55384156021/2/202402290251198321.pdf,03-경제전망보고서/2024-02-22_경제전망보고서(2024년 2월)/부문별 담당자.pdf,142491,https://www.bok.or.kr/portal/bbs/P0002359/view.do?nttId=10082593&depth=200066&depth2=200066&sort=1&pageUnit=100&searchCnd=1&pageIndex=1&programType=newsData&menuNo=200066&oldMenuNo=200066
03-경제전망보고서,경제전망보고서(2024년 2월),2024-02-22,조사총괄팀,차 례.pdf,https://www.bok.or.kr/fileSrc/portal/d7aee0196e778699222be55384156021/3/202402290251198332.pdf,03-경제전망보고서/2024-02-22_경제전망보고서(2024년 2월)/차 례.pdf,249813,https://www.bok.or.kr/portal/bbs/P0002359/view.do?nttId=10082593&depth=200066&depth2=200066&sort=1&pageUnit=100&searchCnd=1&pageIndex=1&programType=newsData&menuNo=200066&oldMenuNo=200066
03-경제전망보고서,경제전망보고서(2024년 2월),2024-02-22,조사총괄팀,경제전망 요약(Executive Summary).pdf,https://www.bok.or.kr/fileSrc/portal/d7aee0196e778699222be55384156021/4/202402290251198343.pdf,03-경제전망보고서/2024-02-22_경제전망보고서(2024년 2월)/경제전망 요약(Executive Summary).pdf,643584,https://www.bok.or.kr/portal/bbs/P0002359/view.do?nttId=10082593&depth=200066&depth2=200066&sort=1&pageUnit=100&searchCnd=1&pageIndex=1&programType=newsData&menuNo=200066&oldMenuNo=200066
03-경제전망보고서,경제전망보고서(2024년 2월),2024-02-22,조사총괄팀,I. 국내외 여건 및 전망.pdf,https://www.bok.or.kr/fileSrc/portal/d7aee0196e778699222be55384156021/5/202402290251198724.pdf,03-경제전망보고서/2024-02-22_경제전망보고서(2024년 2월)/I. 국내외 여건 및 전망.pdf,3327086,https://www.bok.or.kr/portal/bbs/P0002359/view.do?nttId=10082593&depth=200066&depth2=200066&sort=1&pageUnit=100&searchCnd=1&pageIndex=1&programType=newsData&menuNo=200066&oldMenuNo=200066
03-경제전망보고서,경제전망보고서(2024년 2월),2024-02-22,조사총괄팀,(BOX 1) 우리나라의 對아세안5 수출 특징 및 향후 전망.pdf,https://www.bok.or.kr/fileSrc/portal/d7aee0196e778699222be55384156021/6/202402290251198835.pdf,03-경제전망보고서/2024-02-22_경제전망보고서(2024년 2월)/(BOX 1) 우리나라의 對아세안5 수출 특징 및 향후 전망.pdf,682976,https://www.bok.or.kr/portal/bbs/P0002359/view.do?nttId=10082593&depth=200066&depth2=200066&sort=1&pageUnit=100&searchCnd=1&pageIndex=1&programType=newsData&menuNo=200066&oldMenuNo=200066
03-경제전망보고서,경제전망보고서(2024년 2월),2024-02-22,조사총괄팀,(BOX 2) 최근 한국·미국·유로지역의 디스인플레이션 흐름 평가.pdf,https://www.bok.or.kr/fileSrc/portal/d7aee0196e778699222be55384156021/7/202402290251198866.pdf,03-경제전망보고서/2024-02-22_경제전망보고서(2024년 2월)/(BOX 2) 최근 한국·미국·유로지역의 디스인플레이션 흐름 평가.pdf,911037,https://www.bok.or.kr/portal/bbs/P0002359/view.do?nttId=10082593&depth=200066&depth2=200066&sort=1&pageUnit=100&searchCnd=1&pageIndex=1&programType=newsData&menuNo=200066&oldMenuNo=200066
03-경제전망보고서,경제전망보고서(2024년 2월),2024-02-22,조사총괄팀,II. 핵심이슈_가계별 금리익스포저를 감안한 금리상승의 소비 영향 점검.pdf,https://www.bok.or.kr/fileSrc/portal/d7aee0196e778699222be55384156021/8/202402290251198897.pdf,03-경제전망보고서/2024-02-22_경제전망보고서(2024년 2월)/II. 핵심이슈_가계별 금리익스포저를 감안한 금리상승의 소비 영향 점검.pdf,1450647,https://www.bok.or.kr/portal/bbs/P0002359/view.do?nttId=10082593&depth=200066&depth2=200066&sort=1&pageUnit=100&searchCnd=1&pageIndex=1&programType=newsData&menuNo=200066&oldMenuNo=200066
03-경제전망보고서,경제전망보고서(2023년 11월),2023-11-30,조사총괄팀,2023년 11월 경제전망보고서(Indigo Book).pdf,https://www.bok.or.kr/fileSrc/portal/3e706d603744c89186cd612ca82dd5e3/1/202312110239345260.pdf,03-경제전망보고서/2023-11-30_경제전망보고서(2023년 11월)/2023년 11월 경제전망보고서(Indigo Book).pdf,9721310,https://www.bok.or.kr/portal/bbs/P0002359/view.do?nttId=10080881&depth=200066&depth2=200066&sort=1&pageUnit=100&searchCnd=1&pageIndex=1&programType=newsData&menuNo=200066&oldMenuNo=200066
03-경제전망보고서,경제전망보고서(2023년 11월),2023-11-30,조사총괄팀,부문별 담당자.pdf,https://www.bok.or.kr/fileSrc/portal/3e706d603744c89186cd612ca82dd5e3/2/202312110239345681.pdf,03-경제전망보고서/2023-11-30_경제전망보고서(2023년 11월)/부문별 담당자.pdf,229928,https://www.bok.or.kr/portal/bbs/P0002359/view.do?nttId=10080881&depth=200066&depth2=200066&sort=1&pageUnit=100&searchCnd=1&pageIndex=1&programType=newsData&menuNo=200066&oldMenuNo=200066
03-경제전망보고서,경제전망보고서(2023년 11월),2023-11-30,조사총괄팀,경제전망 요약(Executive Summary).pdf,https://www.bok.or.kr/fileSrc/portal/3e706d603744c89186cd612ca82dd5e3/3/202312110239345702.pdf,03-경제전망보고서/2023-11-30_경제전망보고서(2023년 11월)/경제전망 요약(Executive Summary).pdf,659026,https://www.bok.or.kr/portal/bbs/P0002359/view.do?nttId=10080881&depth=200066&depth2=200066&sort=1&pageUnit=100&searchCnd=1&pageIndex=1&programType=newsData&menuNo=200066&oldMenuNo=200066
03-경제전망보고서,경제전망보고서(2023년 11월),2023-11-30,조사총괄팀,Ⅰ. 주요 여건 점검 및 거시경제 전망.pdf,https://www.bok.or.kr/fileSrc/portal/3e706d603744c89186cd612ca82dd5e3/4/202312110239345733.pdf,03-경제전망보고서/2023-11-30_경제전망보고서(2023년 11월)/Ⅰ. 주요 여건 점검 및 거시경제 전망.pdf,3904334,https://www.bok.or.kr/portal/bbs/P0002359/view.do?nttId=10080881&depth=200066&depth2=200066&sort=1&pageUnit=100&searchCnd=1&pageIndex=1&programType=newsData&menuNo=200066&oldMenuNo=200066
03-경제전망보고서,경제전망보고서(2023년 11월),2023-11-30,조사총괄팀,(BOX 1) 주요국 물가 상황 비교.pdf,https://www.bok.or.kr/fileSrc/portal/3e706d603744c89186cd612ca82dd5e3/5/202312110239345874.pdf,03-경제전망보고서/2023-11-30_경제전망보고서(2023년 11월)/(BOX 1) 주요국 물가 상황 비교.pdf,278364,https://www.bok.or.kr/portal/bbs/P0002359/view.do?nttId=10080881&depth=200066&depth2=200066&sort=1&pageUnit=100&searchCnd=1&pageIndex=1&programType=newsData&menuNo=200066&oldMenuNo=200066
03-경제전망보고서,경제전망보고서(2023년 11월),2023-11-30,조사총괄팀,(BOX 2) 최근 수출 개선흐름 점검 및 향후 지속가능성 평가.pdf,https://www.bok.or.kr/fileSrc/portal/3e706d603744c89186cd612ca82dd5e3/6/202312110239345885.pdf,03-경제전망보고서/2023-11-30_경제전망보고서(2023년 11월)/(BOX 2) 최근 수출 개선흐름 점검 및 향후 지속가능성 평가.pdf,664703,https://www.bok.or.kr/portal/bbs/P0002359/view.do?nttId=10080881&depth=200066&depth2=200066&sort=1&pageUnit=100&searchCnd=1&pageIndex=1&programType=newsData&menuNo=200066&oldMenuNo=200066
03-경제전망보고서,경제전망보고서(2023년 11월),2023-11-30,조사총괄팀,(BOX 3) 미국 산업정책의 현황과 우리 경제 영향.pdf,https://www.bok.or.kr/fileSrc/portal/3e706d603744c89186cd612ca82dd5e3/7/202312110239345906.pdf,03-경제전망보고서/2023-11-30_경제전망보고서(2023년 11월)/(BOX 3) 미국 산업정책의 현황과 우리 경제 영향.pdf,514548,https://www.bok.or.kr/portal/bbs/P0002359/view.do?nttId=10080881&depth=200066&depth2=200066&sort=1&pageUnit=100&searchCnd=1&pageIndex=1&programType=newsData&menuNo=200066&oldMenuNo=200066
03-경제전망보고서,경제전망보고서(2023년 11월),2023-11-30,조사총괄팀,Ⅱ. [핵심이슈] 중국 성장구조 전환과정과 파급영향 점검.pdf,https://www.bok.or.kr/fileSrc/portal/3e706d603744c89186cd612ca82dd5e3/8/202312110239345937.pdf,03-경제전망보고서/2023-11-30_경제전망보고서(2023년 11월)/Ⅱ. [핵심이슈] 중국 성장구조 전환과정과 파급영향 점검.pdf,1464864,https://www.bok.or.kr/portal/bbs/P0002359/view.do?nttId=10080881&depth=200066&depth2=200066&sort=1&pageUnit=100&searchCnd=1&pageIndex=1&programType=newsData&menuNo=200066&oldMenuNo=200066
03-경제전망보고서,경제전망보고서(2023년 11월),2023-11-30,조사총괄팀,"Ⅲ. [중장기 심층연구] 초저출산 및 초고령사회_극단적 인구구조의 원인, 영향, 대책.pdf",https://www.bok.or.kr/fileSrc/portal/3e706d603744c89186cd612ca82dd5e3/9/202312110239345988.pdf,"03-경제전망보고서/2023-11-30_경제전망보고서(2023년 11월)/Ⅲ. [중장기 심층연구] 초저출산 및 초고령사회_극단적 인구구조의 원인, 영향, 대책.pdf",3467333,https://www.bok.or.kr/portal/bbs/P0002359/view.do?nttId=10080881&depth=200066&depth2=200066&sort=1&pageUnit=100&searchCnd=1&pageIndex=1&programType=newsData&menuNo=200066&oldMenuNo=200066
04-지급결제보고서,2025년도 지급결제보고서,2026-04-13,결제인프라안정팀,개요.pdf,https://www.bok.or.kr/portal/cmmn/file/fileDown.do?atchFileId=8e938c0ae22d44409c92ac122f3d000f&fileSn=1,04-지급결제보고서/2026-04-13_2025년도 지급결제보고서/개요.pdf,498303,https://www.bok.or.kr/portal/bbs/P0000600/view.do?nttId=10097493&depth=200072&depth2=200072&sort=1&pageUnit=100&searchCnd=1&pageIndex=1&programType=newsData&menuNo=200072&oldMenuNo=200072
04-지급결제보고서,2025년도 지급결제보고서,2026-04-13,결제인프라안정팀,Ⅰ. 지급결제 동향 및 결제리스크 관리.pdf,https://www.bok.or.kr/portal/cmmn/file/fileDown.do?atchFileId=8e938c0ae22d44409c92ac122f3d000f&fileSn=2,04-지급결제보고서/2026-04-13_2025년도 지급결제보고서/Ⅰ. 지급결제 동향 및 결제리스크 관리.pdf,403573,https://www.bok.or.kr/portal/bbs/P0000600/view.do?nttId=10097493&depth=200072&depth2=200072&sort=1&pageUnit=100&searchCnd=1&pageIndex=1&programType=newsData&menuNo=200072&oldMenuNo=200072
04-지급결제보고서,2025년도 지급결제보고서,2026-04-13,결제인프라안정팀,Ⅱ. 지급결제제도 인프라 확충 및 국제협력 강화.pdf,https://www.bok.or.kr/portal/cmmn/file/fileDown.do?atchFileId=8e938c0ae22d44409c92ac122f3d000f&fileSn=3,04-지급결제보고서/2026-04-13_2025년도 지급결제보고서/Ⅱ. 지급결제제도 인프라 확충 및 국제협력 강화.pdf,883570,https://www.bok.or.kr/portal/bbs/P0000600/view.do?nttId=10097493&depth=200072&depth2=200072&sort=1&pageUnit=100&searchCnd=1&pageIndex=1&programType=newsData&menuNo=200072&oldMenuNo=200072
04-지급결제보고서,2025년도 지급결제보고서,2026-04-13,결제인프라안정팀,Ⅲ. 지급결제제도 안전성과 편의성 제고.pdf,https://www.bok.or.kr/portal/cmmn/file/fileDown.do?atchFileId=8e938c0ae22d44409c92ac122f3d000f&fileSn=4,04-지급결제보고서/2026-04-13_2025년도 지급결제보고서/Ⅲ. 지급결제제도 안전성과 편의성 제고.pdf,1108804,https://www.bok.or.kr/portal/bbs/P0000600/view.do?nttId=10097493&depth=200072&depth2=200072&sort=1&pageUnit=100&searchCnd=1&pageIndex=1&programType=newsData&menuNo=200072&oldMenuNo=200072
04-지급결제보고서,2025년도 지급결제보고서,2026-04-13,결제인프라안정팀,Ⅳ. 주요 현안 분석.pdf,https://www.bok.or.kr/portal/cmmn/file/fileDown.do?atchFileId=8e938c0ae22d44409c92ac122f3d000f&fileSn=5,04-지급결제보고서/2026-04-13_2025년도 지급결제보고서/Ⅳ. 주요 현안 분석.pdf,1910534,https://www.bok.or.kr/portal/bbs/P0000600/view.do?nttId=10097493&depth=200072&depth2=200072&sort=1&pageUnit=100&searchCnd=1&pageIndex=1&programType=newsData&menuNo=200072&oldMenuNo=200072
04-지급결제보고서,2025년도 지급결제보고서,2026-04-13,결제인프라안정팀,보충설명.pdf,https://www.bok.or.kr/portal/cmmn/file/fileDown.do?atchFileId=8e938c0ae22d44409c92ac122f3d000f&fileSn=8,04-지급결제보고서/2026-04-13_2025년도 지급결제보고서/보충설명.pdf,1731567,https://www.bok.or.kr/portal/bbs/P0000600/view.do?nttId=10097493&depth=200072&depth2=200072&sort=1&pageUnit=100&searchCnd=1&pageIndex=1&programType=newsData&menuNo=200072&oldMenuNo=200072
04-지급결제보고서,2025년도 지급결제보고서,2026-04-13,결제인프라안정팀,부록.pdf,https://www.bok.or.kr/portal/cmmn/file/fileDown.do?atchFileId=8e938c0ae22d44409c92ac122f3d000f&fileSn=6,04-지급결제보고서/2026-04-13_2025년도 지급결제보고서/부록.pdf,322244,https://www.bok.or.kr/portal/bbs/P0000600/view.do?nttId=10097493&depth=200072&depth2=200072&sort=1&pageUnit=100&searchCnd=1&pageIndex=1&programType=newsData&menuNo=200072&oldMenuNo=200072
04-지급결제보고서,2025년도 지급결제보고서,2026-04-13,결제인프라안정팀,참고.pdf,https://www.bok.or.kr/portal/cmmn/file/fileDown.do?atchFileId=8e938c0ae22d44409c92ac122f3d000f&fileSn=7,04-지급결제보고서/2026-04-13_2025년도 지급결제보고서/참고.pdf,1134129,https://www.bok.or.kr/portal/bbs/P0000600/view.do?nttId=10097493&depth=200072&depth2=200072&sort=1&pageUnit=100&searchCnd=1&pageIndex=1&programType=newsData&menuNo=200072&oldMenuNo=200072
04-지급결제보고서,2025년도 지급결제보고서,2026-04-13,결제인프라안정팀,2025년도 지급결제보고서(2026년 4월).pdf,https://www.bok.or.kr/fileSrc/portal/977c0991eed94df19242522542d6cc51/1/1650009c83044e8089c8e38ba1f60ee2.pdf,04-지급결제보고서/2026-04-13_2025년도 지급결제보고서/2025년도 지급결제보고서(2026년 4월).pdf,5631067,https://www.bok.or.kr/portal/bbs/P0000600/view.do?nttId=10097493&depth=200072&depth2=200072&sort=1&pageUnit=100&searchCnd=1&pageIndex=1&programType=newsData&menuNo=200072&oldMenuNo=200072
04-지급결제보고서,2025년도 지급결제보고서,2026-04-13,결제인프라안정팀,개요.pdf,https://www.bok.or.kr/fileSrc/portal/977c0991eed94df19242522542d6cc51/2/3697b48d121a4e999cff490eeeb42c45.pdf,04-지급결제보고서/2026-04-13_2025년도 지급결제보고서/개요.pdf,498303,https://www.bok.or.kr/portal/bbs/P0000600/view.do?nttId=10097493&depth=200072&depth2=200072&sort=1&pageUnit=100&searchCnd=1&pageIndex=1&programType=newsData&menuNo=200072&oldMenuNo=200072
04-지급결제보고서,2025년도 지급결제보고서,2026-04-13,결제인프라안정팀,Ⅰ. 지급결제 동향 및 결제리스크 관리.pdf,https://www.bok.or.kr/fileSrc/portal/977c0991eed94df19242522542d6cc51/3/345feb6bc115431cb6e96a3e4814e041.pdf,04-지급결제보고서/2026-04-13_2025년도 지급결제보고서/Ⅰ. 지급결제 동향 및 결제리스크 관리.pdf,403573,https://www.bok.or.kr/portal/bbs/P0000600/view.do?nttId=10097493&depth=200072&depth2=200072&sort=1&pageUnit=100&searchCnd=1&pageIndex=1&programType=newsData&menuNo=200072&oldMenuNo=200072
04-지급결제보고서,2025년도 지급결제보고서,2026-04-13,결제인프라안정팀,Ⅱ. 지급결제제도 인프라 확충 및 국제협력 강화.pdf,https://www.bok.or.kr/fileSrc/portal/977c0991eed94df19242522542d6cc51/4/09168abc84714dc99ef5a8968074b485.pdf,04-지급결제보고서/2026-04-13_2025년도 지급결제보고서/Ⅱ. 지급결제제도 인프라 확충 및 국제협력 강화.pdf,883570,https://www.bok.or.kr/portal/bbs/P0000600/view.do?nttId=10097493&depth=200072&depth2=200072&sort=1&pageUnit=100&searchCnd=1&pageIndex=1&programType=newsData&menuNo=200072&oldMenuNo=200072
04-지급결제보고서,2025년도 지급결제보고서,2026-04-13,결제인프라안정팀,Ⅲ. 지급결제제도 안전성과 편의성 제고.pdf,https://www.bok.or.kr/fileSrc/portal/977c0991eed94df19242522542d6cc51/5/df5a8f4265e24d3c959ce41e1ba2acae.pdf,04-지급결제보고서/2026-04-13_2025년도 지급결제보고서/Ⅲ. 지급결제제도 안전성과 편의성 제고.pdf,1108804,https://www.bok.or.kr/portal/bbs/P0000600/view.do?nttId=10097493&depth=200072&depth2=200072&sort=1&pageUnit=100&searchCnd=1&pageIndex=1&programType=newsData&menuNo=200072&oldMenuNo=200072
04-지급결제보고서,2025년도 지급결제보고서,2026-04-13,결제인프라안정팀,Ⅳ. 주요 현안 분석.pdf,https://www.bok.or.kr/fileSrc/portal/977c0991eed94df19242522542d6cc51/6/e82df824e0f2479db68d19786e4e1973.pdf,04-지급결제보고서/2026-04-13_2025년도 지급결제보고서/Ⅳ. 주요 현안 분석.pdf,1910534,https://www.bok.or.kr/portal/bbs/P0000600/view.do?nttId=10097493&depth=200072&depth2=200072&sort=1&pageUnit=100&searchCnd=1&pageIndex=1&programType=newsData&menuNo=200072&oldMenuNo=200072
04-지급결제보고서,2025년도 지급결제보고서,2026-04-13,결제인프라안정팀,보충설명.pdf,https://www.bok.or.kr/fileSrc/portal/977c0991eed94df19242522542d6cc51/7/a58069dcefe7439987d0c83488da3421.pdf,04-지급결제보고서/2026-04-13_2025년도 지급결제보고서/보충설명.pdf,1731567,https://www.bok.or.kr/portal/bbs/P0000600/view.do?nttId=10097493&depth=200072&depth2=200072&sort=1&pageUnit=100&searchCnd=1&pageIndex=1&programType=newsData&menuNo=200072&oldMenuNo=200072
04-지급결제보고서,2025년도 지급결제보고서,2026-04-13,결제인프라안정팀,부록.pdf,https://www.bok.or.kr/fileSrc/portal/977c0991eed94df19242522542d6cc51/8/a913a739e2fe46f39ddfb1acf24dfc8e.pdf,04-지급결제보고서/2026-04-13_2025년도 지급결제보고서/부록.pdf,322244,https://www.bok.or.kr/portal/bbs/P0000600/view.do?nttId=10097493&depth=200072&depth2=200072&sort=1&pageUnit=100&searchCnd=1&pageIndex=1&programType=newsData&menuNo=200072&oldMenuNo=200072
04-지급결제보고서,2025년도 지급결제보고서,2026-04-13,결제인프라안정팀,참고.pdf,https://www.bok.or.kr/fileSrc/portal/977c0991eed94df19242522542d6cc51/9/9648a9aece6449cdbaf60e8b54075f3a.pdf,04-지급결제보고서/2026-04-13_2025년도 지급결제보고서/참고.pdf,1134129,https://www.bok.or.kr/portal/bbs/P0000600/view.do?nttId=10097493&depth=200072&depth2=200072&sort=1&pageUnit=100&searchCnd=1&pageIndex=1&programType=newsData&menuNo=200072&oldMenuNo=200072
04-지급결제보고서,2025년도 지급결제보고서,2026-04-13,결제인프라안정팀,2025년도 지급결제보고서 그림 데이터(2026년 4월).xlsx,https://www.bok.or.kr/fileSrc/portal/977c0991eed94df19242522542d6cc51/10/79f3798294ac48edb082b3043bf3fed0.xlsx,04-지급결제보고서/2026-04-13_2025년도 지급결제보고서/2025년도 지급결제보고서 그림 데이터(2026년 4월).xlsx,457667,https://www.bok.or.kr/portal/bbs/P0000600/view.do?nttId=10097493&depth=200072&depth2=200072&sort=1&pageUnit=100&searchCnd=1&pageIndex=1&programType=newsData&menuNo=200072&oldMenuNo=200072
04-지급결제보고서,2024년도 지급결제보고서,2025-04-21,결제인프라안정팀,개요.pdf,https://www.bok.or.kr/portal/cmmn/file/fileDown.do?atchFileId=3496497e6ef04967a94168504c44c4a8&fileSn=1,04-지급결제보고서/2025-04-21_2024년도 지급결제보고서/개요.pdf,839547,https://www.bok.or.kr/portal/bbs/P0000600/view.do?nttId=10090993&depth=200072&depth2=200072&sort=1&pageUnit=100&searchCnd=1&pageIndex=1&programType=newsData&menuNo=200072&oldMenuNo=200072
04-지급결제보고서,2024년도 지급결제보고서,2025-04-21,결제인프라안정팀,I. 지급결제 동향 및 결제리스크 관리.pdf,https://www.bok.or.kr/portal/cmmn/file/fileDown.do?atchFileId=3496497e6ef04967a94168504c44c4a8&fileSn=2,04-지급결제보고서/2025-04-21_2024년도 지급결제보고서/I. 지급결제 동향 및 결제리스크 관리.pdf,484107,https://www.bok.or.kr/portal/bbs/P0000600/view.do?nttId=10090993&depth=200072&depth2=200072&sort=1&pageUnit=100&searchCnd=1&pageIndex=1&programType=newsData&menuNo=200072&oldMenuNo=200072
04-지급결제보고서,2024년도 지급결제보고서,2025-04-21,결제인프라안정팀,II. 지급결제제도 안전성과 편의성 제고.pdf,https://www.bok.or.kr/portal/cmmn/file/fileDown.do?atchFileId=3496497e6ef04967a94168504c44c4a8&fileSn=3,04-지급결제보고서/2025-04-21_2024년도 지급결제보고서/II. 지급결제제도 안전성과 편의성 제고.pdf,841374,https://www.bok.or.kr/portal/bbs/P0000600/view.do?nttId=10090993&depth=200072&depth2=200072&sort=1&pageUnit=100&searchCnd=1&pageIndex=1&programType=newsData&menuNo=200072&oldMenuNo=200072
04-지급결제보고서,2024년도 지급결제보고서,2025-04-21,결제인프라안정팀,III. 지급결제제도 감시와 혁신 노력.pdf,https://www.bok.or.kr/portal/cmmn/file/fileDown.do?atchFileId=3496497e6ef04967a94168504c44c4a8&fileSn=4,04-지급결제보고서/2025-04-21_2024년도 지급결제보고서/III. 지급결제제도 감시와 혁신 노력.pdf,1269794,https://www.bok.or.kr/portal/bbs/P0000600/view.do?nttId=10090993&depth=200072&depth2=200072&sort=1&pageUnit=100&searchCnd=1&pageIndex=1&programType=newsData&menuNo=200072&oldMenuNo=200072
04-지급결제보고서,2024년도 지급결제보고서,2025-04-21,결제인프라안정팀,IV. 주요 현안 분석.pdf,https://www.bok.or.kr/portal/cmmn/file/fileDown.do?atchFileId=3496497e6ef04967a94168504c44c4a8&fileSn=5,04-지급결제보고서/2025-04-21_2024년도 지급결제보고서/IV. 주요 현안 분석.pdf,2498116,https://www.bok.or.kr/portal/bbs/P0000600/view.do?nttId=10090993&depth=200072&depth2=200072&sort=1&pageUnit=100&searchCnd=1&pageIndex=1&programType=newsData&menuNo=200072&oldMenuNo=200072
04-지급결제보고서,2024년도 지급결제보고서,2025-04-21,결제인프라안정팀,부록.pdf,https://www.bok.or.kr/portal/cmmn/file/fileDown.do?atchFileId=35e70d1d6f8742f5883ee70f3462e291&fileSn=1,04-지급결제보고서/2025-04-21_2024년도 지급결제보고서/부록.pdf,475908,https://www.bok.or.kr/portal/bbs/P0000600/view.do?nttId=10090993&depth=200072&depth2=200072&sort=1&pageUnit=100&searchCnd=1&pageIndex=1&programType=newsData&menuNo=200072&oldMenuNo=200072
04-지급결제보고서,2024년도 지급결제보고서,2025-04-21,결제인프라안정팀,참고.pdf,https://www.bok.or.kr/portal/cmmn/file/fileDown.do?atchFileId=35e70d1d6f8742f5883ee70f3462e291&fileSn=2,04-지급결제보고서/2025-04-21_2024년도 지급결제보고서/참고.pdf,1931295,https://www.bok.or.kr/portal/bbs/P0000600/view.do?nttId=10090993&depth=200072&depth2=200072&sort=1&pageUnit=100&searchCnd=1&pageIndex=1&programType=newsData&menuNo=200072&oldMenuNo=200072
04-지급결제보고서,2024년도 지급결제보고서,2025-04-21,결제인프라안정팀,2024년도 지급결제보고서(2025년 4월).pdf,https://www.bok.or.kr/fileSrc/portal/1b669bf496924e59b47b0fffac00329c/1/f96eb6db70224422aae15c27c9807119.pdf,04-지급결제보고서/2025-04-21_2024년도 지급결제보고서/2024년도 지급결제보고서(2025년 4월).pdf,5367718,https://www.bok.or.kr/portal/bbs/P0000600/view.do?nttId=10090993&depth=200072&depth2=200072&sort=1&pageUnit=100&searchCnd=1&pageIndex=1&programType=newsData&menuNo=200072&oldMenuNo=200072
04-지급결제보고서,2024년도 지급결제보고서,2025-04-21,결제인프라안정팀,2024년도 지급결제보고서 그림 데이터(2025년 4월).xlsx,https://www.bok.or.kr/fileSrc/portal/1b669bf496924e59b47b0fffac00329c/2/d815f65c3dac4d7dbe41e83167882a84.xlsx,04-지급결제보고서/2025-04-21_2024년도 지급결제보고서/2024년도 지급결제보고서 그림 데이터(2025년 4월).xlsx,365685,https://www.bok.or.kr/portal/bbs/P0000600/view.do?nttId=10090993&depth=200072&depth2=200072&sort=1&pageUnit=100&searchCnd=1&pageIndex=1&programType=newsData&menuNo=200072&oldMenuNo=200072
04-지급결제보고서,2024년도 지급결제보고서,2025-04-21,결제인프라안정팀,개요.pdf,https://www.bok.or.kr/fileSrc/portal/1b669bf496924e59b47b0fffac00329c/3/ee3a19c08a1a4c5d8e626cbf0321fe66.pdf,04-지급결제보고서/2025-04-21_2024년도 지급결제보고서/개요.pdf,839547,https://www.bok.or.kr/portal/bbs/P0000600/view.do?nttId=10090993&depth=200072&depth2=200072&sort=1&pageUnit=100&searchCnd=1&pageIndex=1&programType=newsData&menuNo=200072&oldMenuNo=200072
04-지급결제보고서,2024년도 지급결제보고서,2025-04-21,결제인프라안정팀,I. 지급결제 동향 및 결제리스크 관리.pdf,https://www.bok.or.kr/fileSrc/portal/1b669bf496924e59b47b0fffac00329c/4/ecf71deec89044f8adafd6f66ecfa01f.pdf,04-지급결제보고서/2025-04-21_2024년도 지급결제보고서/I. 지급결제 동향 및 결제리스크 관리.pdf,484107,https://www.bok.or.kr/portal/bbs/P0000600/view.do?nttId=10090993&depth=200072&depth2=200072&sort=1&pageUnit=100&searchCnd=1&pageIndex=1&programType=newsData&menuNo=200072&oldMenuNo=200072
04-지급결제보고서,2024년도 지급결제보고서,2025-04-21,결제인프라안정팀,II. 지급결제제도 안전성과 편의성 제고.pdf,https://www.bok.or.kr/fileSrc/portal/1b669bf496924e59b47b0fffac00329c/5/21706e1cf2434785845cd9d29324062c.pdf,04-지급결제보고서/2025-04-21_2024년도 지급결제보고서/II. 지급결제제도 안전성과 편의성 제고.pdf,841374,https://www.bok.or.kr/portal/bbs/P0000600/view.do?nttId=10090993&depth=200072&depth2=200072&sort=1&pageUnit=100&searchCnd=1&pageIndex=1&programType=newsData&menuNo=200072&oldMenuNo=200072
04-지급결제보고서,2024년도 지급결제보고서,2025-04-21,결제인프라안정팀,III. 지급결제제도 감시와 혁신 노력.pdf,https://www.bok.or.kr/fileSrc/portal/1b669bf496924e59b47b0fffac00329c/6/98841928fdb141bb957a879fad87d345.pdf,04-지급결제보고서/2025-04-21_2024년도 지급결제보고서/III. 지급결제제도 감시와 혁신 노력.pdf,1269794,https://www.bok.or.kr/portal/bbs/P0000600/view.do?nttId=10090993&depth=200072&depth2=200072&sort=1&pageUnit=100&searchCnd=1&pageIndex=1&programType=newsData&menuNo=200072&oldMenuNo=200072
04-지급결제보고서,2024년도 지급결제보고서,2025-04-21,결제인프라안정팀,IV. 주요 현안 분석.pdf,https://www.bok.or.kr/fileSrc/portal/1b669bf496924e59b47b0fffac00329c/7/57cf9e9dbadb444da2ffd9365eddf5d3.pdf,04-지급결제보고서/2025-04-21_2024년도 지급결제보고서/IV. 주요 현안 분석.pdf,2498116,https://www.bok.or.kr/portal/bbs/P0000600/view.do?nttId=10090993&depth=200072&depth2=200072&sort=1&pageUnit=100&searchCnd=1&pageIndex=1&programType=newsData&menuNo=200072&oldMenuNo=200072
04-지급결제보고서,2024년도 지급결제보고서,2025-04-21,결제인프라안정팀,부록.pdf,https://www.bok.or.kr/fileSrc/portal/1b669bf496924e59b47b0fffac00329c/8/41a8336b33d74eb0abb64d76df4060aa.pdf,04-지급결제보고서/2025-04-21_2024년도 지급결제보고서/부록.pdf,475908,https://www.bok.or.kr/portal/bbs/P0000600/view.do?nttId=10090993&depth=200072&depth2=200072&sort=1&pageUnit=100&searchCnd=1&pageIndex=1&programType=newsData&menuNo=200072&oldMenuNo=200072
04-지급결제보고서,2024년도 지급결제보고서,2025-04-21,결제인프라안정팀,참고.pdf,https://www.bok.or.kr/fileSrc/portal/1b669bf496924e59b47b0fffac00329c/9/eb2283aee0a241019b86049aaaeb1caf.pdf,04-지급결제보고서/2025-04-21_2024년도 지급결제보고서/참고.pdf,1931295,https://www.bok.or.kr/portal/bbs/P0000600/view.do?nttId=10090993&depth=200072&depth2=200072&sort=1&pageUnit=100&searchCnd=1&pageIndex=1&programType=newsData&menuNo=200072&oldMenuNo=200072
04-지급결제보고서,2023년도 지급결제보고서,2024-04-15,결제안정팀,개요.pdf,https://www.bok.or.kr/portal/cmmn/file/fileDown.do?atchFileId=28a313aed72c2e02a568eea8dde9e3de&fileSn=1,04-지급결제보고서/2024-04-15_2023년도 지급결제보고서/개요.pdf,443329,https://www.bok.or.kr/portal/bbs/P0000600/view.do?nttId=10083566&depth=200072&depth2=200072&sort=1&pageUnit=100&searchCnd=1&pageIndex=1&programType=newsData&menuNo=200072&oldMenuNo=200072
04-지급결제보고서,2023년도 지급결제보고서,2024-04-15,결제안정팀,Ⅰ. 지급결제 동향 및 결제리스크 관리 (1).pdf,https://www.bok.or.kr/portal/cmmn/file/fileDown.do?atchFileId=e17a3e9a750b63d0a1722d25bbd52037&fileSn=2,04-지급결제보고서/2024-04-15_2023년도 지급결제보고서/Ⅰ. 지급결제 동향 및 결제리스크 관리 (1).pdf,556847,https://www.bok.or.kr/portal/bbs/P0000600/view.do?nttId=10083566&depth=200072&depth2=200072&sort=1&pageUnit=100&searchCnd=1&pageIndex=1&programType=newsData&menuNo=200072&oldMenuNo=200072
04-지급결제보고서,2023년도 지급결제보고서,2024-04-15,결제안정팀,Ⅱ. 지급결제제도 안전성 및 편의성 제고.pdf,https://www.bok.or.kr/portal/cmmn/file/fileDown.do?atchFileId=28a313aed72c2e02a568eea8dde9e3de&fileSn=3,04-지급결제보고서/2024-04-15_2023년도 지급결제보고서/Ⅱ. 지급결제제도 안전성 및 편의성 제고.pdf,4721673,https://www.bok.or.kr/portal/bbs/P0000600/view.do?nttId=10083566&depth=200072&depth2=200072&sort=1&pageUnit=100&searchCnd=1&pageIndex=1&programType=newsData&menuNo=200072&oldMenuNo=200072
04-지급결제보고서,2023년도 지급결제보고서,2024-04-15,결제안정팀,Ⅲ. 지급결제제도 감시 및 국내외 협력 강화.pdf,https://www.bok.or.kr/portal/cmmn/file/fileDown.do?atchFileId=28a313aed72c2e02a568eea8dde9e3de&fileSn=4,04-지급결제보고서/2024-04-15_2023년도 지급결제보고서/Ⅲ. 지급결제제도 감시 및 국내외 협력 강화.pdf,593491,https://www.bok.or.kr/portal/bbs/P0000600/view.do?nttId=10083566&depth=200072&depth2=200072&sort=1&pageUnit=100&searchCnd=1&pageIndex=1&programType=newsData&menuNo=200072&oldMenuNo=200072
04-지급결제보고서,2023년도 지급결제보고서,2024-04-15,결제안정팀,Ⅳ. 지급결제제도 혁신 및 인프라 확충.pdf,https://www.bok.or.kr/portal/cmmn/file/fileDown.do?atchFileId=28a313aed72c2e02a568eea8dde9e3de&fileSn=5,04-지급결제보고서/2024-04-15_2023년도 지급결제보고서/Ⅳ. 지급결제제도 혁신 및 인프라 확충.pdf,4574428,https://www.bok.or.kr/portal/bbs/P0000600/view.do?nttId=10083566&depth=200072&depth2=200072&sort=1&pageUnit=100&searchCnd=1&pageIndex=1&programType=newsData&menuNo=200072&oldMenuNo=200072
04-지급결제보고서,2023년도 지급결제보고서,2024-04-15,결제안정팀,보충설명 (1).pdf,https://www.bok.or.kr/portal/cmmn/file/fileDown.do?atchFileId=e17a3e9a750b63d0a1722d25bbd52037&fileSn=3,04-지급결제보고서/2024-04-15_2023년도 지급결제보고서/보충설명 (1).pdf,2791095,https://www.bok.or.kr/portal/bbs/P0000600/view.do?nttId=10083566&depth=200072&depth2=200072&sort=1&pageUnit=100&searchCnd=1&pageIndex=1&programType=newsData&menuNo=200072&oldMenuNo=200072
04-지급결제보고서,2023년도 지급결제보고서,2024-04-15,결제안정팀,부록 (1).pdf,https://www.bok.or.kr/portal/cmmn/file/fileDown.do?atchFileId=e17a3e9a750b63d0a1722d25bbd52037&fileSn=4,04-지급결제보고서/2024-04-15_2023년도 지급결제보고서/부록 (1).pdf,295601,https://www.bok.or.kr/portal/bbs/P0000600/view.do?nttId=10083566&depth=200072&depth2=200072&sort=1&pageUnit=100&searchCnd=1&pageIndex=1&programType=newsData&menuNo=200072&oldMenuNo=200072
04-지급결제보고서,2023년도 지급결제보고서,2024-04-15,결제안정팀,참고.pdf,https://www.bok.or.kr/portal/cmmn/file/fileDown.do?atchFileId=28a313aed72c2e02a568eea8dde9e3de&fileSn=8,04-지급결제보고서/2024-04-15_2023년도 지급결제보고서/참고.pdf,1241348,https://www.bok.or.kr/portal/bbs/P0000600/view.do?nttId=10083566&depth=200072&depth2=200072&sort=1&pageUnit=100&searchCnd=1&pageIndex=1&programType=newsData&menuNo=200072&oldMenuNo=200072
04-지급결제보고서,2023년도 지급결제보고서,2024-04-15,결제안정팀,2023년도 지급결제보고서(2024년 4월).pdf,https://www.bok.or.kr/fileSrc/portal/89cea1dd50bda520eb61a00105279bbd/1/202404190229148090.pdf,04-지급결제보고서/2024-04-15_2023년도 지급결제보고서/2023년도 지급결제보고서(2024년 4월).pdf,12658536,https://www.bok.or.kr/portal/bbs/P0000600/view.do?nttId=10083566&depth=200072&depth2=200072&sort=1&pageUnit=100&searchCnd=1&pageIndex=1&programType=newsData&menuNo=200072&oldMenuNo=200072
04-지급결제보고서,2023년도 지급결제보고서,2024-04-15,결제안정팀,2023년도 지급결제보고서 그림 데이터(2024년 4월).xlsx,https://www.bok.or.kr/fileSrc/portal/89cea1dd50bda520eb61a00105279bbd/2/202404190229149271.xlsx,04-지급결제보고서/2024-04-15_2023년도 지급결제보고서/2023년도 지급결제보고서 그림 데이터(2024년 4월).xlsx,320642,https://www.bok.or.kr/portal/bbs/P0000600/view.do?nttId=10083566&depth=200072&depth2=200072&sort=1&pageUnit=100&searchCnd=1&pageIndex=1&programType=newsData&menuNo=200072&oldMenuNo=200072
04-지급결제보고서,2023년도 지급결제보고서,2024-04-15,결제안정팀,개요.pdf,https://www.bok.or.kr/fileSrc/portal/89cea1dd50bda520eb61a00105279bbd/3/202404190229149282.pdf,04-지급결제보고서/2024-04-15_2023년도 지급결제보고서/개요.pdf,443329,https://www.bok.or.kr/portal/bbs/P0000600/view.do?nttId=10083566&depth=200072&depth2=200072&sort=1&pageUnit=100&searchCnd=1&pageIndex=1&programType=newsData&menuNo=200072&oldMenuNo=200072
04-지급결제보고서,2023년도 지급결제보고서,2024-04-15,결제안정팀,Ⅱ. 지급결제제도 안전성 및 편의성 제고.pdf,https://www.bok.or.kr/fileSrc/portal/89cea1dd50bda520eb61a00105279bbd/5/202404190229149334.pdf,04-지급결제보고서/2024-04-15_2023년도 지급결제보고서/Ⅱ. 지급결제제도 안전성 및 편의성 제고.pdf,4721673,https://www.bok.or.kr/portal/bbs/P0000600/view.do?nttId=10083566&depth=200072&depth2=200072&sort=1&pageUnit=100&searchCnd=1&pageIndex=1&programType=newsData&menuNo=200072&oldMenuNo=200072
04-지급결제보고서,2023년도 지급결제보고서,2024-04-15,결제안정팀,Ⅲ. 지급결제제도 감시 및 국내외 협력 강화.pdf,https://www.bok.or.kr/fileSrc/portal/89cea1dd50bda520eb61a00105279bbd/6/202404190229149555.pdf,04-지급결제보고서/2024-04-15_2023년도 지급결제보고서/Ⅲ. 지급결제제도 감시 및 국내외 협력 강화.pdf,593491,https://www.bok.or.kr/portal/bbs/P0000600/view.do?nttId=10083566&depth=200072&depth2=200072&sort=1&pageUnit=100&searchCnd=1&pageIndex=1&programType=newsData&menuNo=200072&oldMenuNo=200072
04-지급결제보고서,2023년도 지급결제보고서,2024-04-15,결제안정팀,Ⅳ. 지급결제제도 혁신 및 인프라 확충.pdf,https://www.bok.or.kr/fileSrc/portal/89cea1dd50bda520eb61a00105279bbd/7/202404190229149606.pdf,04-지급결제보고서/2024-04-15_2023년도 지급결제보고서/Ⅳ. 지급결제제도 혁신 및 인프라 확충.pdf,4574428,https://www.bok.or.kr/portal/bbs/P0000600/view.do?nttId=10083566&depth=200072&depth2=200072&sort=1&pageUnit=100&searchCnd=1&pageIndex=1&programType=newsData&menuNo=200072&oldMenuNo=200072
04-지급결제보고서,2023년도 지급결제보고서,2024-04-15,결제안정팀,참고.pdf,https://www.bok.or.kr/fileSrc/portal/89cea1dd50bda520eb61a00105279bbd/10/202404190229150019.pdf,04-지급결제보고서/2024-04-15_2023년도 지급결제보고서/참고.pdf,1241348,https://www.bok.or.kr/portal/bbs/P0000600/view.do?nttId=10083566&depth=200072&depth2=200072&sort=1&pageUnit=100&searchCnd=1&pageIndex=1&programType=newsData&menuNo=200072&oldMenuNo=200072
05-연차보고서,2025년도 연차보고서,2026-03-27,커뮤니케이션기획팀,2025년도(제76차) 연차보고서F.pdf,https://www.bok.or.kr/fileSrc/portal/bec25e08b72c48f0a5eea01fa711851c/1/c1eebf00ba8b4d7d8d9fc2a8003f4afc.pdf,05-연차보고서/2026-03-27_2025년도 연차보고서/2025년도(제76차) 연차보고서F.pdf,15022374,https://www.bok.or.kr/portal/bbs/P0000596/view.do?nttId=10097176&depth=200071&depth2=200071&sort=1&pageUnit=100&searchCnd=1&pageIndex=1&programType=newsData&menuNo=200071&oldMenuNo=200071
05-연차보고서,2024년도 연차보고서,2025-03-28,커뮤니케이션기획팀,2024년도 연차보고서.pdf,https://www.bok.or.kr/fileSrc/portal/799d2055a9ac4715aca727924eb991cb/1/891c497af8e446ef83427b8a20971103.pdf,05-연차보고서/2025-03-28_2024년도 연차보고서/2024년도 연차보고서.pdf,11549090,https://www.bok.or.kr/portal/bbs/P0000596/view.do?nttId=10090587&depth=200071&depth2=200071&sort=1&pageUnit=100&searchCnd=1&pageIndex=1&programType=newsData&menuNo=200071&oldMenuNo=200071
05-연차보고서,2023년도 연차보고서,2024-03-29,커뮤니케이션기획팀,(붙임2) 2023년도 연차보고서.pdf,https://www.bok.or.kr/fileSrc/portal/9124aacda7e348218a22099f0119531d/1/tempFile.pdf,05-연차보고서/2024-03-29_2023년도 연차보고서/(붙임2) 2023년도 연차보고서.pdf,24060821,https://www.bok.or.kr/portal/bbs/P0000596/view.do?nttId=10083282&depth=200071&depth2=200071&sort=1&pageUnit=100&searchCnd=1&pageIndex=1&programType=newsData&menuNo=200071&oldMenuNo=200071
